card_id,card_number,customer_id,account_id,card_type,card_network,credit_limit,available_credit,outstanding_balance,billing_day,payment_due_date,minimum_due,interest_rate,cash_limit,reward_points,cvv,issue_date,expiry_date,contactless_enabled,international_usage,card_status
1,4287163037373228,1825,15419,Classic,Visa,50000,45363.85,4636.15,21,2026-07-25,231.81,40.45,15000.0,20337,172,2023-07-03,07/29,Yes,Disabled,Active
2,4124594377461602,410,5525,Platinum,Mastercard,50000,47432.06,2567.94,6,2026-07-22,128.4,44.13,15000.0,2884,232,2022-07-03,07/31,Yes,Disabled,Expired
3,4303816626313518,4507,9772,Classic,RuPay,100000,96416.09,3583.91,15,2026-07-30,179.2,39.37,30000.0,17174,445,2023-07-03,07/29,Yes,Disabled,Active
4,4427175136082509,4013,3543,Platinum,Mastercard,50000,4965.99,45034.01,1,2026-07-08,2251.7,42.42,15000.0,13656,554,2023-07-03,07/28,Yes,Disabled,Active
5,4662618171111125,3658,6609,Classic,Visa,200000,80240.85,119759.15,14,2026-07-16,5987.96,32.89,60000.0,17961,608,2025-07-02,07/31,Yes,Enabled,Active
6,4105712292401028,2287,10247,Gold,Visa,500000,103264.72,396735.28,4,2026-07-10,19836.76,45.32,150000.0,1503,109,2025-07-02,07/29,Yes,Disabled,Blocked
7,4314486448117981,1680,19358,Classic,Mastercard,50000,15179.27,34820.73,19,2026-07-28,1741.04,37.89,15000.0,20031,488,2024-07-02,07/28,Yes,Disabled,Active
8,4840608577298566,8936,14184,Gold,Mastercard,500000,270537.16,229462.84,8,2026-07-22,11473.14,36.22,150000.0,22160,756,2023-07-03,07/29,Yes,Disabled,Closed
9,4888042902642484,1425,16334,Classic,Visa,50000,19438.56,30561.44,4,2026-07-22,1528.07,43.41,15000.0,582,205,2023-07-03,07/31,Yes,Disabled,Active
10,4856438883757340,9675,7267,Gold,Visa,200000,16997.46,183002.54,12,2026-07-27,9150.13,47.36,60000.0,9567,660,2022-07-03,07/30,Yes,Enabled,Active
11,4161934771498574,6913,19311,Gold,American Express,50000,15949.33,34050.67,5,2026-07-22,1702.53,30.08,15000.0,24124,149,2022-07-03,07/31,Yes,Disabled,Active
12,4713685399729941,521,13525,Gold,Mastercard,500000,415828.84,84171.16,24,2026-07-23,4208.56,35.38,150000.0,22986,660,2024-07-02,07/29,Yes,Disabled,Active
13,4695631345647828,489,419,Signature,Mastercard,50000,18062.25,31937.75,1,2026-07-19,1596.89,32.62,15000.0,21962,157,2025-07-02,07/30,Yes,Enabled,Active
14,4270818787527726,1536,12504,Gold,Visa,50000,10129.36,39870.64,26,2026-07-28,1993.53,35.63,15000.0,18092,155,2026-07-02,07/30,Yes,Disabled,Active
15,4735717149097102,3583,8659,Gold,Visa,100000,78572.89,21427.11,19,2026-07-15,1071.36,30.1,30000.0,15280,826,2025-07-02,07/28,Yes,Disabled,Active
16,4453732105450223,3812,11823,Gold,Visa,500000,207585.88,292414.12,25,2026-07-26,14620.71,39.55,150000.0,18393,943,2021-07-03,07/28,Yes,Disabled,Active
17,4083712705755426,8280,10497,Classic,Mastercard,100000,12732.31,87267.69,4,2026-07-12,4363.38,47.49,30000.0,17628,646,2026-07-02,07/28,Yes,Disabled,Active
18,4887480607001208,9864,8476,Classic,Visa,200000,41223.64,158776.36,15,2026-07-27,7938.82,37.28,60000.0,10367,117,2023-07-03,07/28,Yes,Disabled,Active
19,4091730743645137,435,17883,Gold,Visa,200000,88734.48,111265.52,21,2026-07-11,5563.28,35.37,60000.0,23898,763,2024-07-02,07/28,Yes,Disabled,Active
20,4937934651281178,9196,17985,Gold,Mastercard,50000,21658.89,28341.11,18,2026-07-09,1417.06,35.23,15000.0,2207,356,2026-07-02,07/29,Yes,Disabled,Active
21,4693463553340227,3258,14291,Classic,Visa,50000,18865.03,31134.97,12,2026-07-11,1556.75,42.23,15000.0,10864,998,2023-07-03,07/31,Yes,Disabled,Active
22,4288176788685720,8929,8540,Classic,Mastercard,50000,19336.3,30663.7,18,2026-07-22,1533.19,41.77,15000.0,4870,474,2023-07-03,07/29,Yes,Disabled,Active
23,4302996711558179,6874,1325,Classic,Visa,50000,26196.65,23803.35,16,2026-07-14,1190.17,31.13,15000.0,12105,339,2026-07-02,07/29,Yes,Disabled,Active
24,4619627553358029,3612,7304,Classic,Mastercard,500000,81262.81,418737.19,12,2026-07-18,20936.86,38.76,150000.0,15797,718,2026-07-02,07/29,Yes,Enabled,Active
25,4686431645642151,7360,16799,Classic,Visa,50000,42863.58,7136.42,19,2026-07-11,356.82,31.01,15000.0,8462,284,2022-07-03,07/31,Yes,Disabled,Active
26,4049818678162734,9655,19353,Classic,Visa,200000,74268.44,125731.56,13,2026-07-19,6286.58,32.38,60000.0,542,307,2022-07-03,07/31,Yes,Disabled,Active
27,4570695096448649,4558,15799,Platinum,Mastercard,500000,215088.45,284911.55,13,2026-07-18,14245.58,40.6,150000.0,24293,879,2021-07-03,07/28,Yes,Enabled,Active
28,4520705532841452,107,17568,Gold,Visa,500000,460186.65,39813.35,12,2026-07-26,1990.67,34.96,150000.0,22302,506,2025-07-02,07/31,Yes,Disabled,Active
29,4573181279157866,2616,1706,Signature,Visa,100000,54042.79,45957.21,21,2026-07-07,2297.86,44.48,30000.0,4762,582,2022-07-03,07/31,Yes,Enabled,Active
30,4462907140895175,6925,7592,Platinum,Mastercard,100000,31173.0,68827.0,22,2026-07-08,3441.35,36.48,30000.0,21463,100,2025-07-02,07/28,No,Disabled,Active
31,4700289392619524,5575,3489,Gold,Mastercard,100000,44322.38,55677.62,17,2026-07-16,2783.88,36.12,30000.0,3834,922,2022-07-03,07/30,Yes,Disabled,Active
32,4779445010696239,4553,16925,Gold,Mastercard,200000,16449.46,183550.54,23,2026-07-15,9177.53,34.47,60000.0,3047,508,2021-07-03,07/30,Yes,Disabled,Active
33,4969417822261196,2548,16144,Classic,Mastercard,100000,15039.96,84960.04,25,2026-07-24,4248.0,47.24,30000.0,15803,480,2022-07-03,07/30,Yes,Disabled,Active
34,4922507455361964,3528,276,Signature,Visa,500000,266867.46,233132.54,7,2026-07-19,11656.63,40.46,150000.0,10663,470,2022-07-03,07/30,Yes,Enabled,Active
35,4447344596878581,5515,4901,Classic,Mastercard,1000000,674058.36,325941.64,1,2026-07-12,16297.08,37.59,300000.0,4406,969,2021-07-03,07/30,Yes,Disabled,Active
36,4084643359201891,1675,18871,Gold,Mastercard,100000,62151.82,37848.18,18,2026-07-12,1892.41,47.63,30000.0,9326,463,2024-07-02,07/31,Yes,Disabled,Active
37,4869464903367638,1520,11901,Signature,Mastercard,100000,55943.55,44056.45,17,2026-07-21,2202.82,37.45,30000.0,6025,974,2026-07-02,07/29,Yes,Disabled,Blocked
38,4108503702168322,6225,4143,Classic,Visa,200000,184787.7,15212.3,27,2026-07-12,760.62,30.51,60000.0,21743,465,2024-07-02,07/31,Yes,Disabled,Active
39,4554784659420341,1585,346,Platinum,Visa,100000,87164.08,12835.92,27,2026-07-31,641.8,45.26,30000.0,11268,393,2023-07-03,07/28,Yes,Disabled,Active
40,4575184276820657,5882,8909,Platinum,Visa,50000,13621.21,36378.79,24,2026-07-24,1818.94,44.56,15000.0,13530,292,2026-07-02,07/29,Yes,Enabled,Active
41,4319092140002474,5636,12170,Gold,Mastercard,100000,33455.1,66544.9,26,2026-07-08,3327.24,35.94,30000.0,24594,249,2026-07-02,07/30,Yes,Enabled,Active
42,4817274704759463,9892,10587,Platinum,Visa,50000,10026.88,39973.12,24,2026-07-08,1998.66,43.41,15000.0,18008,633,2026-07-02,07/30,Yes,Enabled,Active
43,4240753295661724,4334,11090,Signature,RuPay,50000,18332.0,31668.0,25,2026-07-27,1583.4,31.08,15000.0,11649,760,2025-07-02,07/28,Yes,Enabled,Closed
44,4416318442611372,712,19618,Platinum,RuPay,200000,56227.47,143772.53,18,2026-07-12,7188.63,31.24,60000.0,5079,560,2024-07-02,07/30,Yes,Disabled,Active
45,4636309816712430,7528,2185,Platinum,Visa,100000,30302.51,69697.49,5,2026-07-12,3484.87,45.72,30000.0,6621,209,2023-07-03,07/29,Yes,Disabled,Active
46,4236092480805943,8786,1911,Gold,RuPay,200000,100093.94,99906.06,9,2026-07-23,4995.3,30.73,60000.0,2306,954,2024-07-02,07/28,No,Disabled,Active
47,4526174163468114,2046,11060,Classic,Mastercard,200000,98984.4,101015.6,18,2026-07-26,5050.78,37.97,60000.0,11544,422,2022-07-03,07/30,Yes,Disabled,Active
48,4535734900201809,6202,7040,Classic,RuPay,200000,138544.33,61455.67,1,2026-07-31,3072.78,44.79,60000.0,22600,942,2024-07-02,07/29,Yes,Disabled,Active
49,4235520344878060,1292,18884,Classic,Visa,50000,7742.8,42257.2,25,2026-07-08,2112.86,46.59,15000.0,10957,456,2023-07-03,07/31,No,Enabled,Active
50,4660535361699750,9045,14154,Platinum,Visa,200000,38599.15,161400.85,13,2026-07-11,8070.04,32.38,60000.0,2704,587,2022-07-03,07/28,Yes,Enabled,Active
51,4413559522465143,4804,6242,Platinum,Visa,100000,33702.3,66297.7,20,2026-07-27,3314.89,30.44,30000.0,9988,273,2024-07-02,07/31,Yes,Disabled,Active
52,4707261823834372,5926,17906,Classic,Mastercard,50000,17445.44,32554.56,9,2026-07-24,1627.73,38.69,15000.0,23918,244,2021-07-03,07/28,Yes,Disabled,Active
53,4624906693128395,9460,3264,Classic,RuPay,50000,47144.77,2855.23,16,2026-07-26,142.76,39.57,15000.0,6108,303,2022-07-03,07/31,Yes,Disabled,Active
54,4706339920239999,3151,7392,Gold,Visa,500000,355159.43,144840.57,13,2026-07-28,7242.03,32.47,150000.0,23917,491,2022-07-03,07/29,Yes,Disabled,Active
55,4165621689497651,1140,2223,Classic,Mastercard,50000,21244.98,28755.02,24,2026-07-10,1437.75,33.31,15000.0,4768,844,2026-07-02,07/30,Yes,Disabled,Active
56,4927117625226364,751,16461,Platinum,RuPay,100000,11291.99,88708.01,16,2026-07-29,4435.4,41.69,30000.0,6028,972,2023-07-03,07/31,Yes,Enabled,Active
57,4926221946688476,3734,12465,Platinum,Mastercard,100000,7962.57,92037.43,13,2026-07-26,4601.87,46.9,30000.0,18741,708,2022-07-03,07/28,Yes,Disabled,Active
58,4375560233844605,4742,4661,Gold,Mastercard,50000,2697.77,47302.23,21,2026-07-21,2365.11,31.63,15000.0,16405,215,2025-07-02,07/29,Yes,Disabled,Active
59,4803671707607796,1308,5240,Platinum,Visa,100000,14821.34,85178.66,13,2026-07-08,4258.93,43.83,30000.0,10983,679,2021-07-03,07/29,Yes,Enabled,Active
60,4921890704486426,3815,14869,Gold,Visa,50000,35367.05,14632.95,3,2026-07-26,731.65,40.8,15000.0,8018,660,2024-07-02,07/29,Yes,Enabled,Active
61,4829041666571459,1655,3052,Gold,Mastercard,50000,9443.11,40556.89,11,2026-07-18,2027.84,46.16,15000.0,2217,876,2023-07-03,07/28,Yes,Enabled,Active
62,4661769469926359,6228,11596,Gold,RuPay,50000,24965.0,25035.0,20,2026-07-25,1251.75,38.94,15000.0,23893,747,2023-07-03,07/31,Yes,Disabled,Active
63,4477264038266203,4555,18023,Classic,Visa,50000,40806.12,9193.88,1,2026-07-10,459.69,42.35,15000.0,11185,505,2021-07-03,07/28,Yes,Enabled,Active
64,4011488489055650,7429,18921,Gold,Mastercard,500000,272423.57,227576.43,26,2026-08-01,11378.82,36.36,150000.0,4892,387,2026-07-02,07/30,No,Disabled,Active
65,4877304424923177,5978,3035,Gold,Visa,100000,62991.2,37008.8,1,2026-08-01,1850.44,38.69,30000.0,16385,257,2025-07-02,07/30,No,Disabled,Active
66,4896174750965040,2665,17059,Platinum,Mastercard,200000,172773.94,27226.06,24,2026-07-16,1361.3,30.4,60000.0,24854,419,2021-07-03,07/29,Yes,Enabled,Active
67,4120652331722063,6066,14538,Classic,Visa,50000,29047.01,20952.99,1,2026-07-22,1047.65,46.26,15000.0,1653,208,2023-07-03,07/28,Yes,Disabled,Active
68,4433178097508603,5821,15251,Gold,Mastercard,500000,201001.42,298998.58,8,2026-07-11,14949.93,45.5,150000.0,20215,364,2024-07-02,07/31,Yes,Disabled,Active
69,4014823554715034,3433,19351,Gold,Visa,500000,345738.48,154261.52,20,2026-07-14,7713.08,39.86,150000.0,15806,493,2026-07-02,07/30,Yes,Disabled,Active
70,4616778153043456,4375,19544,Classic,Mastercard,1000000,461149.37,538850.63,13,2026-07-17,26942.53,38.9,300000.0,21632,162,2026-07-02,07/29,Yes,Disabled,Active
71,4153516359394930,1170,267,Classic,Mastercard,100000,99982.49,17.51,17,2026-07-19,0.88,45.26,30000.0,9639,163,2024-07-02,07/28,Yes,Disabled,Expired
72,4456744211583428,2804,4114,Classic,Visa,50000,36595.06,13404.94,3,2026-07-27,670.25,30.28,15000.0,23636,598,2021-07-03,07/31,No,Enabled,Active
73,4696448324047729,8752,18886,Platinum,Visa,200000,36570.98,163429.02,2,2026-07-25,8171.45,38.7,60000.0,12077,215,2022-07-03,07/31,No,Enabled,Active
74,4255626666556950,4011,14878,Platinum,Mastercard,100000,18361.69,81638.31,16,2026-07-25,4081.92,43.21,30000.0,13795,461,2024-07-02,07/30,Yes,Disabled,Active
75,4655627041072622,2678,3656,Classic,Mastercard,50000,12711.48,37288.52,19,2026-07-30,1864.43,32.72,15000.0,14635,478,2025-07-02,07/30,Yes,Enabled,Active
76,4958874367158028,7574,1722,Signature,Visa,100000,96856.4,3143.6,13,2026-07-22,157.18,35.42,30000.0,24449,870,2022-07-03,07/29,Yes,Disabled,Active
77,4946960969498320,6217,19143,Classic,Visa,50000,8661.81,41338.19,25,2026-07-28,2066.91,43.48,15000.0,24061,788,2022-07-03,07/29,Yes,Disabled,Closed
78,4045637206058251,4423,3932,Classic,Visa,50000,49497.55,502.45,20,2026-07-11,25.12,36.77,15000.0,21230,679,2025-07-02,07/28,Yes,Enabled,Active
79,4249731073309244,9126,6576,Platinum,Mastercard,500000,196579.26,303420.74,6,2026-07-27,15171.04,38.86,150000.0,4714,653,2023-07-03,07/29,Yes,Enabled,Active
80,4770460031330774,3599,13236,Classic,RuPay,50000,48344.11,1655.89,25,2026-08-01,82.79,44.14,15000.0,17698,331,2026-07-02,07/31,No,Disabled,Active
81,4646905904761031,5314,12783,Classic,RuPay,100000,11170.99,88829.01,21,2026-07-29,4441.45,36.47,30000.0,2780,747,2023-07-03,07/29,Yes,Enabled,Active
82,4535849007018646,917,17583,Classic,Visa,100000,53522.91,46477.09,19,2026-07-14,2323.85,46.65,30000.0,1208,853,2025-07-02,07/31,Yes,Disabled,Active
83,4103741581472848,3753,13174,Classic,Visa,50000,16688.4,33311.6,22,2026-07-25,1665.58,39.83,15000.0,10537,956,2025-07-02,07/28,Yes,Disabled,Active
84,4549008670401068,526,13639,Gold,Mastercard,50000,30280.17,19719.83,26,2026-07-31,985.99,38.57,15000.0,4158,311,2025-07-02,07/30,Yes,Disabled,Active
85,4496730215037527,5169,6820,Classic,Visa,100000,96425.98,3574.02,7,2026-07-10,178.7,44.34,30000.0,22454,964,2023-07-03,07/31,Yes,Disabled,Active
86,4387079174187531,6573,10673,Classic,Visa,100000,72918.87,27081.13,4,2026-07-17,1354.06,34.1,30000.0,7769,855,2023-07-03,07/29,Yes,Enabled,Active
87,4943176921601841,4387,11259,Classic,Visa,100000,15403.56,84596.44,10,2026-07-26,4229.82,32.82,30000.0,20905,726,2025-07-02,07/29,Yes,Disabled,Active
88,4277235851509047,1085,1102,Platinum,Visa,1000000,437998.17,562001.83,13,2026-07-22,28100.09,44.57,300000.0,22827,941,2026-07-02,07/31,Yes,Enabled,Active
89,4329061455941718,3457,15215,Classic,Mastercard,200000,122742.56,77257.44,1,2026-07-27,3862.87,31.27,60000.0,22634,440,2022-07-03,07/28,Yes,Disabled,Active
90,4663959303403675,9293,6709,Classic,Visa,100000,45353.21,54646.79,11,2026-07-14,2732.34,39.71,30000.0,21267,589,2021-07-03,07/29,Yes,Disabled,Active
91,4034584588436698,5156,6172,Classic,RuPay,500000,260806.16,239193.84,15,2026-07-09,11959.69,31.44,150000.0,5859,395,2026-07-02,07/28,Yes,Enabled,Active
92,4046944701088535,3484,10693,Signature,Mastercard,50000,40297.83,9702.17,22,2026-07-29,485.11,39.54,15000.0,17972,555,2023-07-03,07/30,Yes,Disabled,Active
93,4281296151179711,8180,10376,Classic,Mastercard,200000,156911.43,43088.57,15,2026-07-15,2154.43,36.65,60000.0,6722,675,2021-07-03,07/28,Yes,Disabled,Active
94,4109799195562897,6483,18800,Gold,Mastercard,100000,7330.76,92669.24,26,2026-07-25,4633.46,43.11,30000.0,14486,446,2021-07-03,07/28,Yes,Disabled,Active
95,4840065292054605,7518,6372,Classic,Mastercard,100000,70732.19,29267.81,20,2026-07-26,1463.39,39.21,30000.0,1836,782,2024-07-02,07/31,Yes,Disabled,Active
96,4980749828948150,2341,6809,Classic,Visa,100000,72958.22,27041.78,28,2026-07-23,1352.09,47.76,30000.0,2166,704,2023-07-03,07/28,Yes,Disabled,Active
97,4918248354727136,4340,15485,Gold,Visa,50000,28049.3,21950.7,22,2026-07-16,1097.54,37.51,15000.0,16118,804,2021-07-03,07/29,Yes,Disabled,Active
98,4442698370251463,2288,1734,Classic,Visa,1000000,431053.24,568946.76,14,2026-07-27,28447.34,46.42,300000.0,11664,149,2024-07-02,07/30,Yes,Disabled,Active
99,4758863660580534,4041,11152,Classic,RuPay,200000,165182.98,34817.02,6,2026-07-10,1740.85,33.92,60000.0,16494,326,2025-07-02,07/28,Yes,Disabled,Active
100,4614959137116632,9198,2576,Classic,Visa,50000,49174.48,825.52,25,2026-08-01,41.28,32.01,15000.0,616,893,2023-07-03,07/31,Yes,Enabled,Active
101,4206779291308993,8831,5262,Classic,RuPay,100000,94369.8,5630.2,25,2026-07-30,281.51,41.03,30000.0,16544,683,2026-07-02,07/28,Yes,Disabled,Active
102,4707998461618945,4305,13356,Classic,Visa,200000,16789.88,183210.12,11,2026-07-10,9160.51,38.39,60000.0,17030,239,2023-07-03,07/30,Yes,Disabled,Active
103,4639452810846194,9578,3447,Classic,Visa,50000,44503.18,5496.82,17,2026-07-28,274.84,42.18,15000.0,3906,246,2023-07-03,07/31,Yes,Disabled,Active
104,4128424477578936,7020,13253,Classic,American Express,500000,419856.47,80143.53,17,2026-07-15,4007.18,32.65,150000.0,14897,210,2026-07-02,07/30,Yes,Enabled,Blocked
105,4401633676544245,9561,17775,Platinum,Visa,50000,14954.58,35045.42,28,2026-07-24,1752.27,39.84,15000.0,1035,540,2026-07-02,07/31,Yes,Disabled,Active
106,4781433754554510,6544,8631,Gold,Mastercard,50000,41598.71,8401.29,13,2026-07-26,420.06,42.18,15000.0,9320,428,2026-07-02,07/28,Yes,Enabled,Active
107,4634940223068115,5931,1225,Platinum,Mastercard,200000,89046.27,110953.73,28,2026-07-20,5547.69,40.22,60000.0,13800,373,2026-07-02,07/31,Yes,Disabled,Active
108,4163573634487852,3594,1558,Platinum,Visa,100000,45608.83,54391.17,19,2026-07-19,2719.56,44.48,30000.0,20465,860,2026-07-02,07/28,Yes,Enabled,Active
109,4085263425658651,2267,16358,Classic,Visa,100000,59424.94,40575.06,27,2026-07-30,2028.75,46.89,30000.0,8779,753,2022-07-03,07/31,No,Disabled,Active
110,4778489682216221,8349,908,Classic,Visa,50000,28031.88,21968.12,27,2026-07-16,1098.41,38.35,15000.0,18344,546,2023-07-03,07/28,Yes,Enabled,Active
111,4607708320986838,8086,4606,Gold,Visa,200000,147223.32,52776.68,19,2026-07-30,2638.83,39.0,60000.0,3953,634,2021-07-03,07/30,Yes,Enabled,Active
112,4787921224805615,1490,15561,Platinum,Mastercard,200000,140452.04,59547.96,9,2026-08-01,2977.4,46.87,60000.0,11894,586,2021-07-03,07/30,Yes,Enabled,Expired
113,4967253938188393,772,8374,Gold,Visa,100000,20060.07,79939.93,27,2026-07-31,3997.0,34.24,30000.0,6893,980,2025-07-02,07/31,Yes,Disabled,Active
114,4894487888653687,1797,14853,Platinum,Mastercard,100000,96781.24,3218.76,25,2026-07-08,160.94,41.54,30000.0,6020,745,2023-07-03,07/29,Yes,Enabled,Active
115,4776154948115320,2505,12046,Classic,Visa,100000,89471.32,10528.68,13,2026-07-25,526.43,34.04,30000.0,752,671,2021-07-03,07/29,No,Disabled,Active
116,4420391749461718,2622,8723,Classic,Visa,200000,167936.37,32063.63,16,2026-07-19,1603.18,32.34,60000.0,6770,714,2025-07-02,07/30,Yes,Enabled,Active
117,4242560489323450,6917,18252,Signature,Visa,200000,194533.11,5466.89,11,2026-07-14,273.34,38.48,60000.0,11609,720,2021-07-03,07/28,Yes,Disabled,Active
118,4801143407423949,9772,9208,Classic,Mastercard,1000000,362301.08,637698.92,14,2026-07-16,31884.95,46.25,300000.0,8625,727,2024-07-02,07/30,Yes,Enabled,Active
119,4964101414184495,1041,15000,Gold,Mastercard,100000,9745.18,90254.82,28,2026-07-30,4512.74,45.6,30000.0,4051,457,2026-07-02,07/29,Yes,Enabled,Active
120,4559554076806635,6305,3476,Platinum,RuPay,100000,74084.8,25915.2,5,2026-07-07,1295.76,31.46,30000.0,23190,775,2023-07-03,07/31,Yes,Enabled,Active
121,4499971882775602,6253,7867,Gold,American Express,50000,47917.27,2082.73,28,2026-07-19,104.14,31.61,15000.0,6823,266,2023-07-03,07/31,Yes,Disabled,Active
122,4836168548454786,9764,14225,Classic,Mastercard,50000,26684.86,23315.14,3,2026-07-08,1165.76,39.24,15000.0,15188,792,2025-07-02,07/29,No,Disabled,Active
123,4839632455955447,7669,8303,Classic,Visa,50000,27759.59,22240.41,19,2026-07-09,1112.02,43.84,15000.0,533,216,2021-07-03,07/31,Yes,Enabled,Active
124,4546629811768150,8670,3824,Classic,Visa,50000,8354.12,41645.88,21,2026-07-22,2082.29,38.28,15000.0,13274,989,2021-07-03,07/31,Yes,Disabled,Active
125,4801186104128850,4120,15186,Gold,Visa,200000,17003.09,182996.91,14,2026-07-07,9149.85,32.1,60000.0,4994,856,2021-07-03,07/31,No,Disabled,Active
126,4800679875524456,9065,15988,Gold,Visa,100000,80872.85,19127.15,2,2026-07-23,956.36,30.34,30000.0,18887,423,2022-07-03,07/28,Yes,Disabled,Active
127,4441744556987487,189,12792,Gold,American Express,50000,20421.91,29578.09,27,2026-07-28,1478.9,41.75,15000.0,11804,915,2023-07-03,07/29,Yes,Enabled,Active
128,4614932008318800,1877,14111,Classic,Visa,200000,175471.65,24528.35,8,2026-07-10,1226.42,40.12,60000.0,15937,364,2024-07-02,07/30,Yes,Disabled,Active
129,4610979797681551,8798,3869,Platinum,RuPay,500000,94631.13,405368.87,12,2026-07-12,20268.44,43.11,150000.0,23205,552,2022-07-03,07/31,Yes,Enabled,Active
130,4447283503736174,4372,7478,Platinum,Visa,50000,43455.81,6544.19,14,2026-07-20,327.21,46.52,15000.0,15032,972,2022-07-03,07/30,No,Disabled,Active
131,4347430915997894,5574,18141,Classic,RuPay,200000,101703.75,98296.25,24,2026-07-30,4914.81,35.65,60000.0,11277,108,2024-07-02,07/29,Yes,Disabled,Active
132,4687413037719205,1828,17084,Gold,Visa,100000,25107.55,74892.45,21,2026-07-12,3744.62,30.42,30000.0,17692,706,2024-07-02,07/29,Yes,Disabled,Active
133,4251794503275796,4809,19515,Platinum,Visa,100000,30461.31,69538.69,10,2026-07-16,3476.93,42.0,30000.0,23424,686,2021-07-03,07/29,Yes,Disabled,Active
134,4307800844355532,7124,16346,Platinum,Mastercard,50000,22337.47,27662.53,15,2026-07-29,1383.13,46.76,15000.0,16041,849,2023-07-03,07/29,Yes,Enabled,Active
135,4124793964150139,2592,9938,Platinum,Visa,50000,16535.08,33464.92,1,2026-08-01,1673.25,32.57,15000.0,19320,531,2026-07-02,07/30,Yes,Enabled,Active
136,4845597476754448,7434,10657,Classic,Visa,100000,88378.85,11621.15,20,2026-07-28,581.06,41.22,30000.0,12688,338,2023-07-03,07/30,Yes,Disabled,Active
137,4757751516505148,54,3942,Platinum,Mastercard,200000,77275.86,122724.14,18,2026-07-12,6136.21,47.32,60000.0,9009,905,2025-07-02,07/29,Yes,Disabled,Active
138,4549310530952171,4316,13346,Classic,Mastercard,50000,24656.67,25343.33,2,2026-07-26,1267.17,47.3,15000.0,5946,127,2021-07-03,07/28,Yes,Enabled,Active
139,4802525592350069,8202,611,Platinum,Visa,500000,377481.21,122518.79,19,2026-07-28,6125.94,31.83,150000.0,18176,767,2025-07-02,07/30,Yes,Disabled,Active
140,4512995089661092,2928,8222,Classic,RuPay,100000,25626.25,74373.75,13,2026-07-18,3718.69,45.16,30000.0,6971,699,2022-07-03,07/30,Yes,Disabled,Active
141,4152469363274293,8318,15067,Classic,American Express,50000,31223.02,18776.98,11,2026-07-07,938.85,46.45,15000.0,4381,761,2026-07-02,07/31,Yes,Enabled,Active
142,4308658841936388,1744,277,Gold,Visa,100000,33833.46,66166.54,12,2026-07-13,3308.33,38.0,30000.0,7258,860,2026-07-02,07/30,Yes,Disabled,Active
143,4299047609612511,4890,18538,Platinum,Mastercard,200000,81205.05,118794.95,20,2026-07-25,5939.75,33.16,60000.0,19272,231,2021-07-03,07/28,Yes,Disabled,Active
144,4809666804668384,9860,3989,Classic,Mastercard,500000,153773.04,346226.96,15,2026-07-22,17311.35,36.51,150000.0,24871,144,2021-07-03,07/29,Yes,Disabled,Active
145,4889269913060407,3259,10955,Classic,RuPay,50000,31386.7,18613.3,8,2026-07-10,930.66,38.52,15000.0,11167,952,2026-07-02,07/30,Yes,Enabled,Active
146,4419938670806410,9886,1711,Classic,Visa,100000,58339.7,41660.3,13,2026-07-19,2083.02,31.72,30000.0,24640,520,2025-07-02,07/28,Yes,Disabled,Active
147,4605510758915346,6127,6093,Gold,Visa,100000,90378.6,9621.4,26,2026-07-08,481.07,31.09,30000.0,10212,698,2023-07-03,07/30,Yes,Disabled,Active
148,4305605884129736,2647,15316,Classic,Mastercard,50000,35337.97,14662.03,11,2026-07-25,733.1,40.19,15000.0,10998,730,2024-07-02,07/31,Yes,Enabled,Active
149,4664247883480035,8838,4667,Platinum,Visa,500000,264432.93,235567.07,7,2026-07-27,11778.35,40.54,150000.0,11793,144,2026-07-02,07/29,Yes,Enabled,Active
150,4108906371932869,8690,14213,Gold,RuPay,200000,135434.68,64565.32,3,2026-07-10,3228.27,32.6,60000.0,4285,913,2025-07-02,07/29,Yes,Disabled,Active
151,4758212621554777,10,2126,Platinum,Visa,100000,39566.42,60433.58,13,2026-07-31,3021.68,45.88,30000.0,24613,621,2024-07-02,07/31,Yes,Enabled,Active
152,4456762842243182,9814,2778,Signature,Visa,100000,54086.78,45913.22,3,2026-07-16,2295.66,38.0,30000.0,11520,335,2022-07-03,07/28,Yes,Disabled,Active
153,4331263085679000,5311,6564,Platinum,Visa,100000,61149.49,38850.51,22,2026-07-17,1942.53,34.5,30000.0,24419,935,2021-07-03,07/30,Yes,Disabled,Active
154,4272399870699827,8006,6878,Gold,Mastercard,500000,159811.95,340188.05,17,2026-07-25,17009.4,44.15,150000.0,24825,579,2021-07-03,07/31,Yes,Enabled,Active
155,4480183746324776,320,9819,Classic,Visa,100000,10516.67,89483.33,1,2026-07-25,4474.17,44.14,30000.0,4559,257,2024-07-02,07/31,No,Enabled,Active
156,4548015064109226,1833,2294,Classic,Mastercard,100000,82107.83,17892.17,12,2026-07-23,894.61,30.2,30000.0,10707,980,2023-07-03,07/31,Yes,Enabled,Active
157,4812474695562010,5948,13083,Signature,Mastercard,100000,93467.52,6532.48,8,2026-07-23,326.62,35.92,30000.0,18652,602,2023-07-03,07/31,Yes,Disabled,Active
158,4726812874915392,5039,5176,Gold,Visa,500000,283254.35,216745.65,21,2026-07-24,10837.28,35.25,150000.0,2187,814,2021-07-03,07/29,No,Disabled,Active
159,4574120066433102,3924,4473,Platinum,Visa,50000,32485.23,17514.77,24,2026-07-21,875.74,38.73,15000.0,2235,184,2022-07-03,07/29,Yes,Disabled,Active
160,4611716024178540,950,17134,Platinum,Mastercard,50000,42335.09,7664.91,23,2026-07-28,383.25,46.15,15000.0,12799,806,2024-07-02,07/31,Yes,Enabled,Active
161,4204931628781141,3947,10720,Classic,Visa,200000,23524.1,176475.9,21,2026-07-13,8823.8,41.24,60000.0,17750,504,2023-07-03,07/28,Yes,Enabled,Active
162,4226260847497795,9296,8256,Classic,American Express,50000,18935.34,31064.66,20,2026-07-17,1553.23,47.67,15000.0,22816,497,2021-07-03,07/29,Yes,Disabled,Active
163,4365362592683776,1291,1964,Gold,Visa,50000,9551.17,40448.83,16,2026-07-16,2022.44,33.64,15000.0,12312,309,2021-07-03,07/28,Yes,Disabled,Closed
164,4370748727320998,1404,7290,Classic,Mastercard,100000,16653.47,83346.53,13,2026-07-23,4167.33,35.79,30000.0,14495,744,2026-07-02,07/28,Yes,Enabled,Active
165,4058920737212246,7963,8909,Classic,RuPay,100000,86554.46,13445.54,16,2026-07-09,672.28,47.12,30000.0,11782,507,2023-07-03,07/29,Yes,Disabled,Active
166,4474093551332543,1134,15377,Signature,Visa,100000,85191.55,14808.45,7,2026-07-07,740.42,30.23,30000.0,16406,847,2021-07-03,07/30,Yes,Disabled,Blocked
167,4654093514297546,8728,1891,Gold,Mastercard,1000000,645512.35,354487.65,14,2026-07-30,17724.38,34.44,300000.0,15654,135,2024-07-02,07/28,Yes,Disabled,Active
168,4698076935951482,2061,9904,Classic,Mastercard,100000,35298.68,64701.32,18,2026-07-28,3235.07,45.96,30000.0,19204,415,2021-07-03,07/31,Yes,Disabled,Active
169,4822760140744241,2104,6108,Platinum,Mastercard,50000,22800.94,27199.06,7,2026-07-22,1359.95,33.28,15000.0,3612,561,2022-07-03,07/29,Yes,Enabled,Active
170,4466812323546107,7788,237,Platinum,Mastercard,200000,150723.14,49276.86,26,2026-07-08,2463.84,31.74,60000.0,17115,910,2026-07-02,07/31,Yes,Disabled,Active
171,4438989630331467,9008,4551,Classic,Visa,500000,275214.9,224785.1,4,2026-07-23,11239.26,35.03,150000.0,22913,869,2025-07-02,07/30,Yes,Disabled,Active
172,4693689762477399,2706,15602,Classic,American Express,100000,37278.3,62721.7,28,2026-07-29,3136.09,46.29,30000.0,24060,494,2024-07-02,07/29,Yes,Disabled,Active
173,4408994894521961,4343,958,Classic,Visa,200000,63833.53,136166.47,11,2026-07-19,6808.32,43.79,60000.0,7221,836,2024-07-02,07/31,No,Disabled,Active
174,4732590397767942,8646,8490,Gold,Visa,500000,199064.61,300935.39,3,2026-07-10,15046.77,31.6,150000.0,24267,706,2025-07-02,07/28,Yes,Enabled,Active
175,4513477916510838,6933,9727,Classic,RuPay,100000,29992.8,70007.2,16,2026-07-28,3500.36,38.2,30000.0,19708,390,2025-07-02,07/28,Yes,Disabled,Closed
176,4484739382787081,3471,15975,Gold,Mastercard,50000,2649.69,47350.31,10,2026-07-28,2367.52,46.42,15000.0,5216,122,2022-07-03,07/31,Yes,Disabled,Closed
177,4261831758874116,8836,9539,Gold,RuPay,200000,125698.01,74301.99,7,2026-07-13,3715.1,44.48,60000.0,6411,852,2021-07-03,07/28,Yes,Disabled,Active
178,4961034915341721,3296,12998,Classic,Mastercard,200000,36898.16,163101.84,23,2026-07-26,8155.09,47.18,60000.0,21390,863,2023-07-03,07/28,Yes,Disabled,Active
179,4104650552771464,5108,18725,Classic,Visa,50000,18973.21,31026.79,11,2026-07-09,1551.34,42.85,15000.0,17613,289,2023-07-03,07/28,Yes,Disabled,Active
180,4586726186043056,6538,2878,Platinum,Mastercard,100000,93926.49,6073.51,28,2026-07-31,303.68,30.63,30000.0,4086,618,2024-07-02,07/30,No,Enabled,Expired
181,4992514399656600,6119,4643,Classic,Visa,200000,152815.95,47184.05,27,2026-07-13,2359.2,47.23,60000.0,19731,665,2025-07-02,07/30,Yes,Disabled,Active
182,4149691262667565,7178,5376,Gold,Visa,100000,75235.93,24764.07,5,2026-07-17,1238.2,47.86,30000.0,14209,488,2026-07-02,07/29,Yes,Enabled,Active
183,4332820393191738,8480,16044,Gold,Visa,100000,93733.86,6266.14,12,2026-07-29,313.31,40.3,30000.0,9240,664,2024-07-02,07/28,Yes,Enabled,Blocked
184,4955841051137079,7398,8163,Gold,Mastercard,100000,67208.58,32791.42,14,2026-07-29,1639.57,38.24,30000.0,14383,462,2023-07-03,07/30,Yes,Disabled,Blocked
185,4894300791075489,1983,13894,Classic,Mastercard,500000,113338.96,386661.04,24,2026-07-11,19333.05,38.63,150000.0,16875,801,2021-07-03,07/28,Yes,Disabled,Active
186,4727988566968520,4062,4369,Gold,Mastercard,200000,64309.59,135690.41,2,2026-07-20,6784.52,38.92,60000.0,5586,482,2026-07-02,07/30,No,Enabled,Active
187,4227523968046436,3682,10766,Classic,Visa,200000,177605.57,22394.43,4,2026-07-07,1119.72,36.29,60000.0,23672,290,2023-07-03,07/30,Yes,Disabled,Active
188,4907243385296417,1050,191,Classic,Visa,100000,14641.55,85358.45,28,2026-07-29,4267.92,33.57,30000.0,6211,391,2026-07-02,07/29,Yes,Disabled,Active
189,4624577378598311,5540,694,Gold,Visa,50000,40547.88,9452.12,12,2026-07-23,472.61,30.25,15000.0,22427,342,2026-07-02,07/30,Yes,Disabled,Active
190,4467121276447176,345,6183,Classic,American Express,100000,73188.78,26811.22,19,2026-07-27,1340.56,41.42,30000.0,7516,223,2025-07-02,07/31,Yes,Disabled,Active
191,4043623456322343,9639,1559,Classic,Visa,100000,41435.6,58564.4,1,2026-07-08,2928.22,41.89,30000.0,10539,317,2024-07-02,07/31,Yes,Disabled,Active
192,4166713875622501,9076,19721,Classic,Visa,50000,26663.9,23336.1,19,2026-07-27,1166.81,44.71,15000.0,6321,821,2023-07-03,07/28,Yes,Disabled,Active
193,4701528899847904,3771,16511,Classic,Mastercard,200000,11967.52,188032.48,6,2026-07-26,9401.62,34.93,60000.0,4224,396,2026-07-02,07/28,Yes,Disabled,Active
194,4917374211268747,9642,17206,Platinum,Visa,100000,34954.04,65045.96,28,2026-07-14,3252.3,35.33,30000.0,8798,665,2026-07-02,07/29,Yes,Disabled,Active
195,4180992166939821,3609,9664,Classic,Visa,100000,10505.63,89494.37,2,2026-07-27,4474.72,44.69,30000.0,11648,324,2021-07-03,07/30,Yes,Disabled,Active
196,4173686582258712,118,14219,Platinum,Visa,1000000,260723.31,739276.69,16,2026-07-09,36963.83,38.93,300000.0,15053,289,2025-07-02,07/29,Yes,Disabled,Active
197,4861144647170031,1164,445,Platinum,Mastercard,50000,35267.39,14732.61,21,2026-07-08,736.63,32.38,15000.0,2739,374,2025-07-02,07/28,Yes,Enabled,Active
198,4017883425250051,965,13609,Platinum,Visa,100000,22265.74,77734.26,8,2026-07-07,3886.71,34.08,30000.0,12628,250,2024-07-02,07/30,Yes,Disabled,Active
199,4111936199861556,3751,4923,Classic,RuPay,500000,109177.19,390822.81,22,2026-07-16,19541.14,41.25,150000.0,9404,456,2026-07-02,07/30,No,Disabled,Active
200,4091633774059209,1105,5960,Classic,Mastercard,200000,64851.73,135148.27,12,2026-07-17,6757.41,38.9,60000.0,15770,810,2023-07-03,07/30,Yes,Disabled,Active
201,4452075782032834,515,4378,Gold,RuPay,100000,47812.77,52187.23,2,2026-07-18,2609.36,36.5,30000.0,4566,401,2023-07-03,07/29,Yes,Disabled,Active
202,4716176401545111,5414,8030,Classic,Visa,100000,79979.95,20020.05,19,2026-07-20,1001.0,32.69,30000.0,5977,581,2021-07-03,07/29,Yes,Disabled,Active
203,4621807508685895,1161,7449,Platinum,Visa,100000,67952.99,32047.01,6,2026-07-15,1602.35,47.52,30000.0,17088,486,2025-07-02,07/29,Yes,Enabled,Active
204,4064643034213732,8424,5334,Gold,Mastercard,200000,14562.4,185437.6,3,2026-07-13,9271.88,40.75,60000.0,24789,416,2025-07-02,07/29,Yes,Enabled,Active
205,4703903231779704,3900,16502,Gold,Visa,1000000,463443.03,536556.97,26,2026-07-31,26827.85,32.7,300000.0,19240,915,2023-07-03,07/31,Yes,Disabled,Active
206,4078867195769373,4563,11807,Platinum,Mastercard,50000,28002.45,21997.55,14,2026-07-08,1099.88,46.03,15000.0,22376,496,2025-07-02,07/29,No,Disabled,Blocked
207,4073878441205307,7954,15098,Classic,Visa,100000,5531.57,94468.43,16,2026-07-15,4723.42,43.74,30000.0,14484,765,2025-07-02,07/28,No,Disabled,Active
208,4645630448909076,3511,18377,Gold,Visa,50000,30570.92,19429.08,28,2026-07-10,971.45,35.23,15000.0,5184,683,2023-07-03,07/28,Yes,Disabled,Active
209,4811193440362714,8835,17862,Gold,Visa,50000,27746.79,22253.21,16,2026-07-11,1112.66,41.52,15000.0,10491,681,2026-07-02,07/31,Yes,Disabled,Active
210,4074211208442810,2168,14043,Classic,Visa,1000000,797250.21,202749.79,25,2026-07-16,10137.49,32.96,300000.0,11445,529,2023-07-03,07/31,Yes,Disabled,Expired
211,4858175168787089,9356,16366,Gold,RuPay,100000,13303.21,86696.79,4,2026-08-01,4334.84,47.46,30000.0,13316,369,2022-07-03,07/28,No,Disabled,Active
212,4071676221693333,9441,4088,Gold,Mastercard,100000,39302.94,60697.06,21,2026-07-21,3034.85,37.45,30000.0,11525,460,2022-07-03,07/31,Yes,Disabled,Active
213,4553864269898166,7745,13477,Classic,Visa,50000,29651.78,20348.22,24,2026-07-31,1017.41,41.23,15000.0,17849,202,2021-07-03,07/31,Yes,Disabled,Active
214,4518937496739752,3982,8668,Platinum,Visa,500000,399361.21,100638.79,26,2026-07-20,5031.94,42.12,150000.0,136,524,2026-07-02,07/28,Yes,Disabled,Active
215,4154536309493743,7750,5192,Classic,Visa,100000,29581.68,70418.32,4,2026-07-29,3520.92,44.42,30000.0,16523,221,2021-07-03,07/31,Yes,Disabled,Active
216,4046507903714632,6670,7267,Classic,Visa,100000,9873.47,90126.53,18,2026-07-14,4506.33,43.07,30000.0,12389,888,2024-07-02,07/28,Yes,Disabled,Active
217,4451280438340090,3120,13760,Classic,Visa,100000,44961.32,55038.68,11,2026-07-27,2751.93,46.35,30000.0,5279,284,2024-07-02,07/28,No,Disabled,Active
218,4395052165572380,1546,4541,Classic,Visa,500000,444326.61,55673.39,24,2026-07-29,2783.67,46.92,150000.0,8768,380,2023-07-03,07/29,No,Disabled,Active
219,4531168235737948,1589,13886,Gold,Mastercard,50000,14603.26,35396.74,9,2026-07-17,1769.84,41.21,15000.0,19899,492,2023-07-03,07/29,Yes,Disabled,Active
220,4552869301373063,7063,10304,Classic,Visa,50000,42055.67,7944.33,11,2026-07-29,397.22,30.2,15000.0,10776,318,2023-07-03,07/30,Yes,Disabled,Active
221,4268808473318494,5805,4067,Classic,Mastercard,100000,49910.08,50089.92,20,2026-07-17,2504.5,40.64,30000.0,7747,690,2026-07-02,07/30,Yes,Disabled,Active
222,4905530484333074,6940,1543,Classic,Visa,50000,28065.84,21934.16,23,2026-07-21,1096.71,38.88,15000.0,21007,224,2024-07-02,07/28,Yes,Enabled,Active
223,4411939998271903,6736,12438,Gold,Visa,50000,34664.2,15335.8,6,2026-07-11,766.79,40.5,15000.0,3928,229,2024-07-02,07/29,Yes,Disabled,Expired
224,4556937222058672,7652,2557,Classic,Visa,100000,57555.92,42444.08,16,2026-07-08,2122.2,33.82,30000.0,21970,321,2023-07-03,07/31,Yes,Enabled,Active
225,4734159239857121,888,10065,Platinum,American Express,100000,49873.76,50126.24,19,2026-07-27,2506.31,31.84,30000.0,15104,997,2026-07-02,07/28,Yes,Disabled,Active
226,4290415502067424,1613,19466,Gold,Visa,50000,18560.44,31439.56,20,2026-07-22,1571.98,39.34,15000.0,3577,797,2026-07-02,07/29,No,Enabled,Active
227,4126731782273257,994,3089,Classic,Visa,50000,37356.53,12643.47,23,2026-07-26,632.17,38.58,15000.0,10004,973,2021-07-03,07/29,Yes,Disabled,Active
228,4640981703408400,6597,9525,Signature,RuPay,50000,28377.22,21622.78,17,2026-07-23,1081.14,33.01,15000.0,4803,893,2026-07-02,07/28,Yes,Disabled,Active
229,4430378789516709,5560,7218,Classic,Mastercard,200000,11939.31,188060.69,5,2026-07-18,9403.03,38.96,60000.0,8007,691,2021-07-03,07/31,Yes,Disabled,Active
230,4868495268349305,1791,11249,Signature,RuPay,1000000,393202.93,606797.07,4,2026-07-20,30339.85,44.32,300000.0,18568,911,2024-07-02,07/30,Yes,Enabled,Active
231,4251402428140380,4074,4513,Gold,Visa,50000,17656.15,32343.85,10,2026-08-01,1617.19,45.46,15000.0,21801,887,2022-07-03,07/29,No,Disabled,Active
232,4209263398951488,3140,4561,Platinum,Mastercard,200000,117910.35,82089.65,7,2026-07-15,4104.48,32.44,60000.0,18162,304,2024-07-02,07/30,Yes,Disabled,Active
233,4414397444405947,3117,9909,Platinum,Mastercard,100000,64283.24,35716.76,19,2026-07-23,1785.84,36.72,30000.0,20345,656,2022-07-03,07/30,Yes,Disabled,Active
234,4580291585681557,8787,6720,Platinum,Mastercard,200000,112066.51,87933.49,18,2026-07-30,4396.67,47.41,60000.0,4469,328,2021-07-03,07/29,Yes,Disabled,Closed
235,4106102484014988,7351,17915,Gold,Visa,50000,26964.63,23035.37,20,2026-07-28,1151.77,37.9,15000.0,21566,731,2026-07-02,07/31,Yes,Enabled,Active
236,4624215323748121,2297,12761,Gold,Visa,200000,154270.44,45729.56,10,2026-07-08,2286.48,41.61,60000.0,21534,734,2023-07-03,07/28,No,Disabled,Active
237,4158295511654817,9990,9927,Classic,RuPay,500000,282283.67,217716.33,3,2026-07-27,10885.82,38.71,150000.0,15458,720,2021-07-03,07/29,Yes,Disabled,Active
238,4936408101947987,3007,7754,Classic,Visa,100000,87704.91,12295.09,6,2026-07-30,614.75,46.06,30000.0,24766,530,2026-07-02,07/28,Yes,Enabled,Active
239,4893639512422188,4564,6302,Gold,Visa,50000,13740.78,36259.22,1,2026-07-27,1812.96,47.28,15000.0,3152,308,2026-07-02,07/29,Yes,Disabled,Active
240,4796485436510430,7580,2561,Classic,Visa,100000,93163.31,6836.69,17,2026-07-16,341.83,31.82,30000.0,16341,336,2026-07-02,07/30,Yes,Disabled,Active
241,4812525636585996,4093,1058,Classic,Visa,200000,125818.98,74181.02,9,2026-07-13,3709.05,36.02,60000.0,1946,242,2025-07-02,07/30,No,Disabled,Active
242,4977099560592005,1236,11478,Platinum,Visa,50000,46536.68,3463.32,10,2026-08-01,173.17,45.3,15000.0,7463,121,2026-07-02,07/28,Yes,Disabled,Active
243,4507644148931402,7261,19288,Gold,Visa,500000,176077.92,323922.08,14,2026-07-30,16196.1,43.55,150000.0,17570,681,2026-07-02,07/28,Yes,Enabled,Active
244,4368913660927888,9017,14534,Classic,Mastercard,50000,29168.6,20831.4,12,2026-07-31,1041.57,39.93,15000.0,21418,350,2022-07-03,07/30,Yes,Disabled,Active
245,4409853517702479,1605,698,Signature,Mastercard,50000,30485.39,19514.61,2,2026-07-15,975.73,35.0,15000.0,12588,407,2026-07-02,07/28,Yes,Disabled,Active
246,4214035306899857,829,11173,Classic,Mastercard,500000,317284.96,182715.04,20,2026-07-20,9135.75,45.58,150000.0,23895,853,2026-07-02,07/28,Yes,Disabled,Active
247,4477294929262972,8857,18714,Gold,Visa,50000,2932.67,47067.33,20,2026-07-15,2353.37,36.51,15000.0,21601,356,2021-07-03,07/28,Yes,Disabled,Active
248,4449482092630172,242,16218,Gold,Visa,50000,41507.74,8492.26,21,2026-07-12,424.61,32.64,15000.0,20248,771,2026-07-02,07/29,Yes,Enabled,Active
249,4707226837630452,1529,10676,Classic,Mastercard,500000,224551.91,275448.09,27,2026-07-28,13772.4,37.49,150000.0,21033,536,2024-07-02,07/29,Yes,Disabled,Active
250,4920321512377779,3873,12414,Classic,RuPay,1000000,147477.39,852522.61,2,2026-07-28,42626.13,43.07,300000.0,12487,880,2021-07-03,07/28,No,Disabled,Closed
251,4751876653159379,2725,7566,Gold,Mastercard,100000,5207.77,94792.23,24,2026-07-10,4739.61,42.48,30000.0,14582,850,2023-07-03,07/30,Yes,Disabled,Active
252,4728992966673145,6659,4863,Classic,Mastercard,100000,54005.32,45994.68,21,2026-07-31,2299.73,33.57,30000.0,5895,997,2023-07-03,07/28,Yes,Disabled,Active
253,4880105534162238,7957,11032,Classic,Mastercard,200000,110726.55,89273.45,20,2026-07-10,4463.67,47.89,60000.0,1482,175,2021-07-03,07/30,No,Disabled,Active
254,4777585105643172,7887,3176,Platinum,Visa,200000,117218.87,82781.13,16,2026-07-17,4139.06,30.87,60000.0,16963,637,2022-07-03,07/31,Yes,Disabled,Active
255,4874283312421926,3503,3478,Platinum,RuPay,1000000,960162.29,39837.71,22,2026-07-15,1991.89,32.54,300000.0,6777,665,2022-07-03,07/29,Yes,Disabled,Blocked
256,4802957582178442,6571,4484,Classic,American Express,100000,24095.76,75904.24,24,2026-07-28,3795.21,32.1,30000.0,11590,922,2026-07-02,07/29,Yes,Disabled,Active
257,4773949738680601,961,12328,Gold,RuPay,50000,20045.36,29954.64,8,2026-07-28,1497.73,33.52,15000.0,15404,255,2023-07-03,07/29,Yes,Enabled,Active
258,4700521423564613,2698,7599,Platinum,RuPay,500000,48354.44,451645.56,22,2026-07-22,22582.28,38.82,150000.0,20644,501,2022-07-03,07/30,Yes,Enabled,Active
259,4442419633188866,6210,950,Platinum,Visa,1000000,148022.52,851977.48,17,2026-07-13,42598.87,46.02,300000.0,13402,162,2022-07-03,07/30,Yes,Disabled,Active
260,4273834512696360,36,692,Platinum,RuPay,100000,62125.45,37874.55,3,2026-07-31,1893.73,42.69,30000.0,11557,885,2022-07-03,07/28,Yes,Disabled,Active
261,4828932790091341,6397,9879,Gold,Visa,50000,42542.84,7457.16,21,2026-07-31,372.86,42.39,15000.0,1106,378,2021-07-03,07/28,Yes,Disabled,Active
262,4057707590538874,4346,768,Platinum,Visa,200000,33441.89,166558.11,15,2026-07-13,8327.91,31.79,60000.0,21497,690,2023-07-03,07/31,Yes,Enabled,Expired
263,4520433512932356,7455,10894,Platinum,Visa,100000,54081.8,45918.2,21,2026-07-09,2295.91,31.72,30000.0,5546,312,2023-07-03,07/29,Yes,Disabled,Active
264,4044780658225449,4674,7725,Platinum,Visa,100000,20233.25,79766.75,23,2026-07-22,3988.34,39.26,30000.0,24237,850,2026-07-02,07/28,Yes,Enabled,Active
265,4181846518401978,6931,8884,Classic,Mastercard,50000,25302.9,24697.1,20,2026-07-18,1234.86,40.15,15000.0,5437,244,2024-07-02,07/29,Yes,Disabled,Active
266,4379917431490710,9106,15028,Classic,Visa,100000,55149.55,44850.45,2,2026-07-26,2242.52,38.44,30000.0,5126,168,2024-07-02,07/29,Yes,Enabled,Active
267,4737956251215156,7974,12549,Classic,Visa,50000,6703.24,43296.76,25,2026-07-25,2164.84,40.89,15000.0,24158,992,2022-07-03,07/31,Yes,Enabled,Active
268,4140091844372377,2537,11633,Gold,Visa,50000,5846.51,44153.49,17,2026-07-17,2207.67,39.55,15000.0,19837,962,2025-07-02,07/29,No,Disabled,Active
269,4765430346725993,3112,5866,Gold,RuPay,200000,93507.69,106492.31,1,2026-07-13,5324.62,37.96,60000.0,17236,299,2026-07-02,07/30,Yes,Disabled,Active
270,4663972050746417,4862,17878,Classic,RuPay,100000,98765.52,1234.48,2,2026-07-18,61.72,30.52,30000.0,23373,256,2021-07-03,07/29,Yes,Enabled,Active
271,4005916088379595,3567,13212,Gold,Visa,200000,189350.88,10649.12,22,2026-07-28,532.46,31.11,60000.0,6322,944,2022-07-03,07/29,Yes,Enabled,Active
272,4178023356541071,959,19371,Gold,Mastercard,50000,40562.54,9437.46,1,2026-07-31,471.87,33.05,15000.0,342,322,2021-07-03,07/30,Yes,Disabled,Blocked
273,4877332254821924,9490,3029,Platinum,Mastercard,50000,17657.7,32342.3,19,2026-07-18,1617.12,36.28,15000.0,21031,635,2023-07-03,07/29,Yes,Disabled,Active
274,4387265870724016,8884,6109,Gold,Mastercard,100000,79987.03,20012.97,15,2026-07-25,1000.65,35.81,30000.0,18473,486,2021-07-03,07/28,Yes,Enabled,Active
275,4391315746567427,999,19692,Gold,Visa,500000,424593.51,75406.49,22,2026-07-19,3770.32,35.4,150000.0,7677,881,2022-07-03,07/28,Yes,Disabled,Blocked
276,4989919713993784,5139,5418,Gold,Mastercard,100000,97287.26,2712.74,22,2026-07-11,135.64,33.61,30000.0,5638,408,2024-07-02,07/28,Yes,Disabled,Active
277,4701053243429339,937,13104,Gold,Mastercard,200000,170713.79,29286.21,10,2026-07-28,1464.31,43.15,60000.0,13913,711,2023-07-03,07/28,Yes,Disabled,Expired
278,4235053024030311,822,10194,Classic,Visa,50000,7934.56,42065.44,27,2026-07-22,2103.27,30.63,15000.0,13819,283,2025-07-02,07/31,Yes,Disabled,Active
279,4880353449473266,9572,14755,Classic,Mastercard,50000,17411.88,32588.12,25,2026-07-22,1629.41,42.82,15000.0,17531,473,2026-07-02,07/29,No,Disabled,Active
280,4951874021438623,7812,9705,Classic,Mastercard,200000,171426.43,28573.57,1,2026-07-24,1428.68,34.81,60000.0,9608,465,2023-07-03,07/28,Yes,Enabled,Active
281,4315114834699985,8239,1332,Gold,Visa,50000,15234.55,34765.45,12,2026-07-08,1738.27,32.64,15000.0,23717,753,2026-07-02,07/31,Yes,Disabled,Active
282,4177709975965760,8702,18788,Classic,Mastercard,100000,71311.33,28688.67,25,2026-07-20,1434.43,34.95,30000.0,22572,896,2025-07-02,07/30,Yes,Enabled,Active
283,4276247602726764,2580,13788,Classic,Mastercard,50000,36466.66,13533.34,11,2026-07-24,676.67,37.0,15000.0,18273,112,2024-07-02,07/30,Yes,Disabled,Active
284,4134650490753744,932,5109,Gold,Mastercard,500000,262987.04,237012.96,6,2026-07-26,11850.65,36.33,150000.0,14140,525,2026-07-02,07/30,Yes,Disabled,Active
285,4802951177447453,8321,11901,Gold,Mastercard,500000,437443.74,62556.26,22,2026-07-28,3127.81,47.28,150000.0,24961,751,2024-07-02,07/31,Yes,Disabled,Active
286,4840876605441026,1313,16495,Classic,American Express,50000,6083.86,43916.14,20,2026-07-25,2195.81,43.18,15000.0,748,432,2022-07-03,07/29,Yes,Disabled,Active
287,4735194724711005,3045,15047,Gold,Visa,1000000,978416.46,21583.54,20,2026-07-21,1079.18,47.81,300000.0,5795,572,2022-07-03,07/28,Yes,Disabled,Active
288,4076454379857697,1123,14370,Gold,Mastercard,500000,383689.86,116310.14,24,2026-07-08,5815.51,35.27,150000.0,13054,948,2021-07-03,07/28,Yes,Disabled,Active
289,4128711439720608,1114,16108,Classic,Mastercard,100000,59284.09,40715.91,25,2026-07-15,2035.8,36.16,30000.0,22583,555,2024-07-02,07/31,Yes,Disabled,Active
290,4233291644276123,3854,7469,Classic,Visa,200000,171875.44,28124.56,7,2026-07-25,1406.23,35.45,60000.0,19144,112,2024-07-02,07/30,Yes,Disabled,Closed
291,4318338415180933,6616,7351,Classic,Visa,100000,41246.3,58753.7,20,2026-07-31,2937.68,43.12,30000.0,3918,765,2025-07-02,07/30,Yes,Disabled,Active
292,4787306952985074,1965,17136,Platinum,Visa,50000,14552.81,35447.19,9,2026-08-01,1772.36,43.31,15000.0,22600,766,2025-07-02,07/29,Yes,Disabled,Active
293,4180950255457361,9334,3815,Classic,Visa,100000,47562.31,52437.69,16,2026-07-13,2621.88,31.8,30000.0,19312,320,2022-07-03,07/31,Yes,Enabled,Active
294,4656792426342625,4034,11179,Classic,Visa,500000,158008.81,341991.19,18,2026-07-23,17099.56,35.56,150000.0,14419,214,2025-07-02,07/31,Yes,Disabled,Active
295,4608368112337469,9486,6891,Platinum,Mastercard,100000,83014.46,16985.54,5,2026-07-17,849.28,32.81,30000.0,12983,904,2025-07-02,07/29,Yes,Enabled,Blocked
296,4729483133744347,652,13241,Platinum,Visa,1000000,379183.9,620816.1,14,2026-07-18,31040.81,41.62,300000.0,4585,567,2024-07-02,07/28,Yes,Enabled,Active
297,4435776420179599,1344,12782,Classic,Mastercard,50000,10453.79,39546.21,23,2026-07-22,1977.31,34.5,15000.0,19880,700,2023-07-03,07/28,Yes,Disabled,Active
298,4173741121025725,6869,9550,Classic,Mastercard,100000,12257.42,87742.58,5,2026-07-31,4387.13,43.86,30000.0,22913,828,2021-07-03,07/30,No,Disabled,Active
299,4231926916487809,9563,12239,Classic,Visa,200000,159185.56,40814.44,14,2026-07-08,2040.72,47.28,60000.0,10717,909,2022-07-03,07/31,Yes,Disabled,Active
300,4115854610684891,9261,10828,Gold,Visa,50000,45623.18,4376.82,21,2026-07-25,218.84,36.12,15000.0,17292,899,2021-07-03,07/31,Yes,Disabled,Active
301,4318575628987511,8566,10109,Classic,Visa,100000,62954.99,37045.01,1,2026-07-24,1852.25,40.83,30000.0,1292,898,2025-07-02,07/30,No,Disabled,Active
302,4429231848347734,5184,13081,Classic,Visa,50000,40081.66,9918.34,25,2026-07-19,495.92,40.62,15000.0,4084,195,2025-07-02,07/28,Yes,Enabled,Blocked
303,4420545903491330,4273,9854,Signature,Visa,200000,131905.83,68094.17,23,2026-07-09,3404.71,41.71,60000.0,12769,996,2023-07-03,07/28,No,Enabled,Active
304,4511670886341199,3347,5952,Classic,Visa,50000,43315.05,6684.95,4,2026-08-01,334.25,32.92,15000.0,16303,308,2024-07-02,07/31,Yes,Disabled,Active
305,4808903551080914,5148,13602,Classic,RuPay,50000,12794.73,37205.27,18,2026-07-21,1860.26,32.42,15000.0,19767,928,2021-07-03,07/28,Yes,Disabled,Active
306,4674781219200481,3911,7413,Classic,Visa,50000,18822.22,31177.78,24,2026-07-28,1558.89,35.42,15000.0,23280,573,2021-07-03,07/30,Yes,Enabled,Active
307,4093011107135436,4352,18914,Platinum,Visa,200000,89919.97,110080.03,7,2026-07-21,5504.0,41.18,60000.0,17887,550,2026-07-02,07/30,Yes,Disabled,Active
308,4874087274050981,6485,9690,Classic,Visa,1000000,822996.57,177003.43,12,2026-07-16,8850.17,38.15,300000.0,18130,184,2022-07-03,07/29,Yes,Disabled,Closed
309,4073618583295311,2145,7415,Classic,RuPay,50000,10099.39,39900.61,25,2026-07-29,1995.03,32.74,15000.0,19977,534,2025-07-02,07/30,Yes,Disabled,Active
310,4437207627507141,4916,7946,Classic,Visa,100000,50433.89,49566.11,6,2026-07-27,2478.31,37.54,30000.0,19379,298,2025-07-02,07/30,Yes,Disabled,Active
311,4914670131646217,7492,14889,Gold,Visa,500000,441351.07,58648.93,25,2026-07-30,2932.45,36.14,150000.0,8916,141,2023-07-03,07/30,Yes,Disabled,Active
312,4721965386894682,5181,9040,Platinum,RuPay,500000,171567.46,328432.54,21,2026-07-23,16421.63,35.92,150000.0,21855,956,2024-07-02,07/30,Yes,Enabled,Active
313,4617758359365795,1189,3850,Gold,American Express,50000,26488.64,23511.36,8,2026-07-18,1175.57,40.44,15000.0,23242,718,2023-07-03,07/31,Yes,Enabled,Active
314,4038749216324048,153,11751,Platinum,RuPay,100000,56229.42,43770.58,12,2026-07-18,2188.53,47.52,30000.0,8149,383,2023-07-03,07/28,Yes,Disabled,Active
315,4867771403589339,7509,2964,Gold,Mastercard,200000,169487.5,30512.5,11,2026-07-26,1525.62,38.95,60000.0,6101,874,2023-07-03,07/29,Yes,Disabled,Active
316,4931597575361058,9225,13260,Platinum,RuPay,200000,29801.76,170198.24,5,2026-07-29,8509.91,36.12,60000.0,11593,506,2025-07-02,07/31,Yes,Disabled,Active
317,4094056248922620,1639,7985,Gold,American Express,500000,360391.68,139608.32,28,2026-07-26,6980.42,38.7,150000.0,14383,524,2022-07-03,07/29,Yes,Disabled,Active
318,4779823993391892,1201,17639,Signature,Mastercard,100000,15582.61,84417.39,4,2026-08-01,4220.87,47.74,30000.0,23211,587,2022-07-03,07/30,Yes,Disabled,Active
319,4822844509046847,8809,2090,Signature,Mastercard,50000,16648.14,33351.86,3,2026-07-30,1667.59,34.97,15000.0,8257,845,2026-07-02,07/31,Yes,Disabled,Active
320,4632754795890757,3493,2327,Classic,Mastercard,100000,37128.92,62871.08,17,2026-07-20,3143.55,43.15,30000.0,24004,299,2025-07-02,07/29,Yes,Enabled,Active
321,4476834813142022,8289,11509,Classic,American Express,200000,136959.88,63040.12,21,2026-07-09,3152.01,36.11,60000.0,24635,196,2022-07-03,07/30,Yes,Disabled,Closed
322,4950309589161238,9739,5069,Classic,Mastercard,50000,32275.52,17724.48,19,2026-07-12,886.22,46.05,15000.0,23146,966,2025-07-02,07/29,Yes,Disabled,Active
323,4199165101163468,2171,14678,Platinum,RuPay,500000,78089.07,421910.93,22,2026-07-24,21095.55,31.18,150000.0,8068,474,2025-07-02,07/29,No,Disabled,Active
324,4486758069575762,5719,4440,Signature,Visa,50000,47215.35,2784.65,7,2026-07-16,139.23,47.0,15000.0,13969,513,2023-07-03,07/31,Yes,Enabled,Active
325,4977650935956750,1128,9927,Classic,Visa,100000,42081.99,57918.01,12,2026-07-24,2895.9,30.94,30000.0,22418,994,2023-07-03,07/29,Yes,Disabled,Active
326,4237456039129693,4003,5802,Classic,American Express,50000,28281.4,21718.6,27,2026-07-14,1085.93,36.69,15000.0,13171,145,2025-07-02,07/29,Yes,Disabled,Active
327,4939694083817206,6055,1370,Gold,Mastercard,500000,176812.03,323187.97,15,2026-07-11,16159.4,41.93,150000.0,7306,172,2021-07-03,07/28,Yes,Disabled,Active
328,4269352511889541,4670,1170,Platinum,Mastercard,50000,34449.52,15550.48,4,2026-07-10,777.52,34.12,15000.0,12716,288,2026-07-02,07/28,Yes,Disabled,Active
329,4971235939932631,2585,9562,Classic,Mastercard,50000,21642.43,28357.57,8,2026-07-12,1417.88,41.29,15000.0,11006,773,2021-07-03,07/31,Yes,Disabled,Active
330,4531050773096000,7180,12699,Classic,Mastercard,100000,72658.38,27341.62,4,2026-07-14,1367.08,43.72,30000.0,1153,677,2022-07-03,07/28,Yes,Disabled,Active
331,4392429648482279,8901,12729,Gold,American Express,100000,63324.8,36675.2,6,2026-07-18,1833.76,43.32,30000.0,14147,924,2024-07-02,07/29,Yes,Disabled,Active
332,4624844943615275,4957,11909,Classic,RuPay,500000,30942.55,469057.45,18,2026-07-31,23452.87,44.26,150000.0,12281,759,2024-07-02,07/29,Yes,Disabled,Active
333,4841386949025196,8667,5108,Signature,Mastercard,100000,14055.77,85944.23,19,2026-08-01,4297.21,44.42,30000.0,4937,521,2024-07-02,07/31,Yes,Disabled,Active
334,4560000983093793,129,2164,Platinum,Visa,100000,42015.99,57984.01,11,2026-07-25,2899.2,46.28,30000.0,14634,586,2024-07-02,07/29,Yes,Enabled,Active
335,4561549699614713,9087,12432,Classic,Mastercard,500000,427791.98,72208.02,25,2026-07-07,3610.4,40.55,150000.0,11874,551,2022-07-03,07/29,Yes,Enabled,Active
336,4031669199162773,4906,16212,Classic,Visa,200000,134672.52,65327.48,19,2026-07-20,3266.37,47.85,60000.0,11967,971,2024-07-02,07/29,Yes,Disabled,Active
337,4672932966308905,1698,9920,Classic,Visa,50000,34868.04,15131.96,16,2026-07-19,756.6,36.99,15000.0,22783,788,2024-07-02,07/31,Yes,Disabled,Active
338,4975429906351881,2201,2439,Classic,Visa,200000,122632.94,77367.06,3,2026-07-11,3868.35,40.29,60000.0,7764,897,2026-07-02,07/28,Yes,Enabled,Active
339,4684871171700907,9958,7638,Classic,Visa,500000,206706.18,293293.82,23,2026-07-09,14664.69,36.96,150000.0,20494,642,2025-07-02,07/31,Yes,Disabled,Active
340,4584509285117187,1892,7462,Gold,Visa,200000,110850.01,89149.99,21,2026-07-25,4457.5,35.34,60000.0,13509,618,2021-07-03,07/30,Yes,Enabled,Active
341,4621049074684963,1754,11845,Platinum,Mastercard,50000,49668.3,331.7,20,2026-07-28,16.59,47.27,15000.0,18651,368,2021-07-03,07/30,Yes,Disabled,Active
342,4915034498948417,9875,13750,Classic,RuPay,100000,27475.81,72524.19,28,2026-07-11,3626.21,44.19,30000.0,12499,991,2021-07-03,07/29,Yes,Enabled,Active
343,4103130339524749,2547,5238,Gold,Mastercard,200000,167171.81,32828.19,22,2026-07-08,1641.41,36.36,60000.0,3473,168,2024-07-02,07/31,Yes,Enabled,Active
344,4963366553361540,4463,12125,Gold,Visa,100000,79441.63,20558.37,7,2026-07-17,1027.92,42.39,30000.0,10241,749,2023-07-03,07/30,Yes,Disabled,Active
345,4692528440507604,4617,19746,Classic,RuPay,50000,43961.19,6038.81,24,2026-07-15,301.94,31.2,15000.0,12765,896,2025-07-02,07/30,Yes,Disabled,Active
346,4365794382819620,3451,6388,Classic,Mastercard,100000,78783.33,21216.67,17,2026-07-16,1060.83,34.47,30000.0,12321,533,2021-07-03,07/28,Yes,Enabled,Active
347,4379431439416253,5618,556,Classic,Visa,50000,19410.56,30589.44,28,2026-07-17,1529.47,39.95,15000.0,12085,245,2024-07-02,07/31,Yes,Disabled,Active
348,4025580710015927,3336,11701,Platinum,Visa,100000,68972.01,31027.99,14,2026-07-17,1551.4,43.52,30000.0,16136,510,2022-07-03,07/28,Yes,Disabled,Active
349,4419226508202218,4326,16404,Platinum,Visa,50000,10914.82,39085.18,13,2026-07-31,1954.26,41.42,15000.0,12969,119,2022-07-03,07/30,Yes,Disabled,Active
350,4250753812597255,8281,5239,Gold,RuPay,100000,96187.65,3812.35,25,2026-07-26,190.62,34.61,30000.0,6415,434,2024-07-02,07/31,Yes,Enabled,Active
351,4410878257868830,8005,7531,Gold,Mastercard,100000,38116.18,61883.82,27,2026-07-15,3094.19,33.9,30000.0,780,417,2026-07-02,07/29,Yes,Disabled,Active
352,4961452982688689,4115,1,Classic,Visa,500000,315428.43,184571.57,13,2026-07-30,9228.58,40.23,150000.0,5226,199,2026-07-02,07/30,Yes,Enabled,Active
353,4078329882976094,833,471,Classic,Visa,500000,463852.74,36147.26,24,2026-07-14,1807.36,38.19,150000.0,18998,811,2022-07-03,07/30,Yes,Disabled,Active
354,4604849500722480,1513,8912,Classic,American Express,200000,170873.98,29126.02,7,2026-07-14,1456.3,42.41,60000.0,63,765,2026-07-02,07/31,Yes,Disabled,Active
355,4038539753645397,9779,4838,Classic,RuPay,200000,58920.07,141079.93,25,2026-07-22,7054.0,42.16,60000.0,13363,468,2023-07-03,07/28,Yes,Disabled,Active
356,4810586558171826,4534,2679,Platinum,RuPay,100000,55677.26,44322.74,4,2026-07-23,2216.14,39.79,30000.0,17025,206,2022-07-03,07/28,Yes,Disabled,Blocked
357,4438395823471648,723,6172,Platinum,Mastercard,200000,70037.97,129962.03,26,2026-07-23,6498.1,44.4,60000.0,16226,247,2026-07-02,07/30,Yes,Disabled,Active
358,4001170294346332,59,14042,Platinum,Mastercard,100000,90824.21,9175.79,16,2026-07-27,458.79,41.07,30000.0,1372,795,2023-07-03,07/28,Yes,Disabled,Active
359,4745896939702028,5465,3081,Platinum,Mastercard,100000,24205.98,75794.02,24,2026-07-17,3789.7,34.34,30000.0,15377,135,2024-07-02,07/30,Yes,Disabled,Active
360,4560501258572151,2144,14803,Gold,Visa,100000,90979.39,9020.61,6,2026-07-08,451.03,35.23,30000.0,10859,536,2026-07-02,07/29,No,Enabled,Active
361,4613328547891119,4292,19832,Gold,Mastercard,50000,31603.08,18396.92,15,2026-07-22,919.85,36.6,15000.0,22902,540,2026-07-02,07/30,Yes,Enabled,Active
362,4029349981156493,2648,8619,Classic,Mastercard,50000,23529.13,26470.87,26,2026-07-28,1323.54,33.34,15000.0,13541,218,2022-07-03,07/28,Yes,Enabled,Active
363,4716508198814403,7240,17741,Classic,RuPay,200000,197873.21,2126.79,3,2026-07-11,106.34,42.01,60000.0,16707,248,2026-07-02,07/31,Yes,Disabled,Active
364,4322048706936871,9039,16697,Platinum,RuPay,50000,14212.85,35787.15,21,2026-07-31,1789.36,41.44,15000.0,7908,713,2022-07-03,07/30,Yes,Enabled,Active
365,4770226938698447,7008,19319,Gold,Mastercard,100000,46639.77,53360.23,22,2026-07-26,2668.01,40.79,30000.0,18808,240,2023-07-03,07/30,Yes,Disabled,Active
366,4222539953385424,9190,6172,Classic,Mastercard,100000,40020.24,59979.76,26,2026-07-11,2998.99,44.44,30000.0,22555,402,2025-07-02,07/30,Yes,Disabled,Active
367,4722563883379432,159,2361,Classic,Visa,100000,50589.3,49410.7,13,2026-07-24,2470.53,47.71,30000.0,107,168,2025-07-02,07/30,No,Disabled,Closed
368,4104954311380825,9845,8796,Gold,Visa,100000,73676.29,26323.71,4,2026-07-30,1316.19,42.36,30000.0,6713,140,2021-07-03,07/28,Yes,Disabled,Active
369,4652581532882690,1233,8839,Classic,RuPay,50000,29584.37,20415.63,4,2026-07-10,1020.78,34.43,15000.0,13316,326,2025-07-02,07/31,Yes,Disabled,Active
370,4488428441887072,2443,16107,Gold,Visa,50000,49849.5,150.5,17,2026-07-17,7.53,35.8,15000.0,16352,619,2022-07-03,07/31,Yes,Disabled,Active
371,4372342226409264,8939,717,Gold,Visa,200000,85818.83,114181.17,12,2026-07-18,5709.06,36.86,60000.0,16087,546,2021-07-03,07/31,No,Enabled,Active
372,4418658893709060,591,2598,Signature,Mastercard,50000,32586.75,17413.25,9,2026-07-21,870.66,32.68,15000.0,4641,979,2023-07-03,07/30,Yes,Enabled,Active
373,4657887244109607,6050,8817,Platinum,RuPay,50000,46828.0,3172.0,6,2026-07-24,158.6,32.23,15000.0,15156,666,2024-07-02,07/29,Yes,Disabled,Active
374,4505010118852211,9544,8134,Platinum,Visa,50000,9368.15,40631.85,20,2026-07-31,2031.59,30.76,15000.0,12367,239,2026-07-02,07/30,Yes,Disabled,Active
375,4599367775454825,9053,12043,Classic,RuPay,100000,48560.45,51439.55,4,2026-07-26,2571.98,46.27,30000.0,12536,484,2024-07-02,07/30,Yes,Disabled,Active
376,4457173199237321,2427,1683,Platinum,Visa,50000,13184.08,36815.92,5,2026-07-27,1840.8,46.61,15000.0,9680,483,2026-07-02,07/30,Yes,Disabled,Active
377,4549843191917202,7042,17076,Classic,Visa,100000,43167.54,56832.46,15,2026-07-19,2841.62,36.01,30000.0,20084,571,2024-07-02,07/30,Yes,Enabled,Active
378,4707750993647219,2089,3054,Gold,Mastercard,50000,29176.1,20823.9,9,2026-07-19,1041.2,33.96,15000.0,1442,410,2026-07-02,07/29,Yes,Disabled,Active
379,4290082404994048,686,12194,Gold,RuPay,200000,171187.17,28812.83,9,2026-07-25,1440.64,40.05,60000.0,24317,438,2021-07-03,07/30,Yes,Disabled,Active
380,4728429399058285,5051,7175,Platinum,RuPay,100000,35152.86,64847.14,8,2026-07-21,3242.36,46.29,30000.0,3230,814,2022-07-03,07/30,Yes,Disabled,Active
381,4967904449333499,5975,12988,Gold,Mastercard,50000,38481.53,11518.47,13,2026-07-20,575.92,45.29,15000.0,9386,349,2022-07-03,07/29,Yes,Disabled,Active
382,4714897610402869,654,11707,Classic,Mastercard,500000,452186.58,47813.42,3,2026-07-08,2390.67,32.97,150000.0,10150,438,2026-07-02,07/28,No,Enabled,Active
383,4884228061481754,5863,7334,Platinum,Mastercard,50000,6178.82,43821.18,2,2026-07-19,2191.06,45.34,15000.0,21791,266,2021-07-03,07/31,Yes,Disabled,Active
384,4829332110511410,3442,10903,Classic,Mastercard,50000,16481.27,33518.73,19,2026-07-14,1675.94,42.94,15000.0,14265,519,2026-07-02,07/30,No,Enabled,Active
385,4008214637313943,4089,18566,Classic,RuPay,50000,42564.78,7435.22,6,2026-07-07,371.76,45.65,15000.0,5379,356,2023-07-03,07/28,Yes,Disabled,Active
386,4997476783048523,1685,16548,Gold,Visa,500000,385988.9,114011.1,13,2026-07-23,5700.56,47.89,150000.0,20069,726,2025-07-02,07/31,Yes,Disabled,Active
387,4942059084485982,5795,8674,Classic,Visa,1000000,438573.61,561426.39,21,2026-07-08,28071.32,44.7,300000.0,21903,693,2024-07-02,07/31,Yes,Disabled,Active
388,4498285459763609,9174,6994,Classic,Mastercard,1000000,573212.56,426787.44,18,2026-07-16,21339.37,44.03,300000.0,7695,498,2022-07-03,07/30,Yes,Disabled,Active
389,4409712214737296,9749,2248,Classic,Visa,100000,68766.39,31233.61,5,2026-07-10,1561.68,45.35,30000.0,109,345,2026-07-02,07/30,No,Enabled,Active
390,4416207331979697,2533,2079,Platinum,Visa,50000,13615.01,36384.99,11,2026-07-12,1819.25,39.4,15000.0,22594,647,2025-07-02,07/31,No,Disabled,Active
391,4158216770926947,3879,12691,Platinum,Visa,50000,31509.29,18490.71,12,2026-07-13,924.54,46.2,15000.0,1192,563,2025-07-02,07/28,Yes,Enabled,Active
392,4034105754557187,2663,10390,Gold,Visa,100000,67821.07,32178.93,18,2026-07-20,1608.95,35.28,30000.0,3492,156,2024-07-02,07/29,Yes,Disabled,Closed
393,4934740210155119,2901,10938,Signature,Visa,50000,9637.49,40362.51,4,2026-07-12,2018.13,40.38,15000.0,19078,919,2026-07-02,07/29,Yes,Disabled,Active
394,4798596149380371,6756,3091,Classic,RuPay,200000,26535.09,173464.91,19,2026-07-07,8673.25,31.92,60000.0,15629,143,2023-07-03,07/30,Yes,Enabled,Active
395,4319718471786246,407,8956,Classic,Mastercard,500000,74863.35,425136.65,24,2026-07-31,21256.83,45.15,150000.0,16143,660,2025-07-02,07/28,Yes,Disabled,Active
396,4945268726015765,2939,19013,Classic,Visa,200000,144385.8,55614.2,22,2026-07-14,2780.71,32.38,60000.0,1317,336,2025-07-02,07/28,Yes,Disabled,Active
397,4678012177834664,5443,6605,Gold,RuPay,50000,4428.51,45571.49,5,2026-07-13,2278.57,37.01,15000.0,6160,990,2021-07-03,07/29,Yes,Disabled,Active
398,4787521221747043,6746,7351,Classic,Visa,50000,29418.56,20581.44,23,2026-07-15,1029.07,45.11,15000.0,12799,376,2025-07-02,07/31,Yes,Disabled,Active
399,4959175626770582,4066,9268,Classic,Visa,50000,26919.63,23080.37,8,2026-07-31,1154.02,47.24,15000.0,18217,976,2022-07-03,07/29,Yes,Disabled,Active
400,4550113728566953,9871,12450,Gold,Mastercard,1000000,688992.16,311007.84,7,2026-07-14,15550.39,35.84,300000.0,11014,465,2023-07-03,07/29,Yes,Disabled,Active
401,4828249069417202,2609,19252,Classic,Visa,100000,34475.72,65524.28,9,2026-07-27,3276.21,40.6,30000.0,14740,314,2026-07-02,07/30,No,Disabled,Active
402,4924217794978152,1772,18864,Gold,Visa,50000,21579.64,28420.36,14,2026-07-29,1421.02,36.28,15000.0,11694,871,2023-07-03,07/29,Yes,Enabled,Active
403,4177121462119268,6268,9818,Classic,RuPay,50000,36925.25,13074.75,14,2026-07-11,653.74,42.38,15000.0,5212,585,2023-07-03,07/28,Yes,Enabled,Active
404,4104461778595953,635,14846,Classic,Visa,200000,120132.24,79867.76,20,2026-07-24,3993.39,41.89,60000.0,7064,559,2023-07-03,07/29,Yes,Disabled,Active
405,4704359816927914,7712,19028,Gold,Mastercard,50000,39828.01,10171.99,27,2026-07-11,508.6,30.95,15000.0,5891,651,2025-07-02,07/29,Yes,Enabled,Active
406,4050258048176014,3645,13833,Gold,Mastercard,100000,92953.57,7046.43,18,2026-07-09,352.32,43.28,30000.0,10546,571,2025-07-02,07/30,No,Disabled,Active
407,4080378501907537,3270,19821,Gold,Visa,50000,48702.21,1297.79,5,2026-07-18,64.89,35.63,15000.0,22025,217,2022-07-03,07/30,Yes,Enabled,Active
408,4449017573454006,7542,8049,Gold,Visa,200000,85933.82,114066.18,21,2026-07-17,5703.31,31.6,60000.0,23720,628,2024-07-02,07/29,Yes,Disabled,Active
409,4363873076024856,5729,557,Classic,Mastercard,50000,37203.06,12796.94,25,2026-07-27,639.85,47.16,15000.0,17230,289,2025-07-02,07/28,Yes,Disabled,Active
410,4897279654821716,5001,13098,Gold,Visa,500000,379912.82,120087.18,5,2026-07-28,6004.36,31.18,150000.0,22827,509,2022-07-03,07/30,Yes,Disabled,Active
411,4087178419240396,3729,5134,Classic,Visa,200000,141575.65,58424.35,25,2026-07-18,2921.22,43.64,60000.0,1386,291,2023-07-03,07/29,Yes,Disabled,Active
412,4764378595902126,3653,16999,Platinum,Visa,50000,40895.58,9104.42,9,2026-07-17,455.22,43.06,15000.0,4399,576,2022-07-03,07/28,Yes,Disabled,Active
413,4229815581788074,388,15285,Classic,Mastercard,100000,5653.03,94346.97,26,2026-07-10,4717.35,39.8,30000.0,19872,303,2025-07-02,07/28,Yes,Enabled,Active
414,4887996573345458,3165,275,Classic,Visa,100000,69313.08,30686.92,6,2026-07-13,1534.35,44.77,30000.0,963,700,2026-07-02,07/30,Yes,Enabled,Active
415,4347229174062371,6529,1899,Classic,Visa,100000,12188.98,87811.02,20,2026-07-09,4390.55,44.55,30000.0,17234,754,2022-07-03,07/30,Yes,Enabled,Active
416,4191812612230207,5379,9633,Classic,Visa,100000,67419.72,32580.28,18,2026-07-20,1629.01,46.93,30000.0,1404,949,2024-07-02,07/28,Yes,Disabled,Active
417,4061170019523808,4565,894,Platinum,Visa,100000,58639.73,41360.27,22,2026-07-21,2068.01,31.31,30000.0,24417,317,2026-07-02,07/29,Yes,Enabled,Active
418,4416476125270280,1138,17296,Gold,American Express,50000,29584.81,20415.19,25,2026-07-13,1020.76,36.17,15000.0,7779,588,2021-07-03,07/29,Yes,Enabled,Active
419,4360859502597428,4574,13201,Classic,Mastercard,100000,88206.97,11793.03,23,2026-07-25,589.65,41.23,30000.0,20511,530,2022-07-03,07/31,Yes,Disabled,Active
420,4678051756515278,5754,18661,Gold,Mastercard,100000,27848.01,72151.99,28,2026-07-13,3607.6,47.16,30000.0,6238,210,2025-07-02,07/29,Yes,Enabled,Expired
421,4469431790473975,8347,7222,Platinum,Visa,100000,46814.37,53185.63,22,2026-07-26,2659.28,46.34,30000.0,21305,349,2022-07-03,07/29,Yes,Disabled,Active
422,4346995408747516,6549,3064,Classic,Mastercard,200000,145906.73,54093.27,13,2026-07-25,2704.66,36.81,60000.0,13334,745,2026-07-02,07/29,Yes,Disabled,Active
423,4155972125273560,9955,966,Classic,RuPay,200000,69722.5,130277.5,6,2026-07-22,6513.88,43.54,60000.0,32,106,2021-07-03,07/31,Yes,Disabled,Active
424,4320168809306060,5426,10532,Signature,Visa,1000000,889055.25,110944.75,14,2026-07-31,5547.24,33.19,300000.0,20628,634,2025-07-02,07/31,Yes,Disabled,Active
425,4845309877411077,453,16125,Classic,Mastercard,100000,39437.23,60562.77,27,2026-07-22,3028.14,46.61,30000.0,1562,264,2022-07-03,07/28,Yes,Enabled,Active
426,4122993713915008,1890,5383,Classic,Mastercard,100000,49314.08,50685.92,3,2026-07-26,2534.3,32.94,30000.0,12446,215,2025-07-02,07/31,Yes,Disabled,Active
427,4312062209831359,4280,3098,Gold,Visa,50000,26451.97,23548.03,10,2026-07-08,1177.4,34.26,15000.0,6713,798,2024-07-02,07/28,Yes,Disabled,Active
428,4590868858115915,2926,16100,Gold,Mastercard,500000,148064.68,351935.32,22,2026-07-26,17596.77,37.88,150000.0,24834,536,2025-07-02,07/29,Yes,Disabled,Active
429,4279075746947492,9513,13274,Classic,Mastercard,200000,139496.09,60503.91,26,2026-07-11,3025.2,45.48,60000.0,506,473,2026-07-02,07/31,Yes,Enabled,Active
430,4196603996410690,4350,18699,Classic,Visa,50000,20114.19,29885.81,19,2026-07-19,1494.29,47.44,15000.0,24738,708,2026-07-02,07/30,Yes,Disabled,Active
431,4198796284772962,627,19845,Signature,Visa,200000,35065.25,164934.75,24,2026-07-26,8246.74,39.22,60000.0,20627,167,2021-07-03,07/28,Yes,Disabled,Active
432,4643184317606279,1777,2081,Platinum,Mastercard,100000,23025.36,76974.64,22,2026-07-21,3848.73,38.91,30000.0,17439,604,2023-07-03,07/29,Yes,Disabled,Active
433,4151906353162020,7120,11809,Platinum,Mastercard,100000,19676.43,80323.57,13,2026-07-19,4016.18,43.1,30000.0,10874,802,2023-07-03,07/28,Yes,Enabled,Active
434,4329351382661552,5664,12825,Classic,RuPay,100000,26053.99,73946.01,8,2026-07-13,3697.3,39.83,30000.0,18762,205,2024-07-02,07/31,Yes,Enabled,Active
435,4949315458257329,5140,16531,Classic,Visa,50000,24680.59,25319.41,23,2026-07-19,1265.97,36.65,15000.0,840,761,2023-07-03,07/30,No,Disabled,Active
436,4682161655914405,7150,10932,Gold,Mastercard,50000,34779.03,15220.97,9,2026-08-01,761.05,30.68,15000.0,11934,315,2023-07-03,07/30,Yes,Enabled,Active
437,4162479074306918,8380,3576,Classic,Visa,200000,161563.53,38436.47,25,2026-08-01,1921.82,31.57,60000.0,11595,281,2023-07-03,07/31,Yes,Disabled,Active
438,4714218583113884,1895,1913,Classic,American Express,100000,55075.67,44924.33,28,2026-07-31,2246.22,40.5,30000.0,13615,911,2023-07-03,07/31,Yes,Disabled,Active
439,4826743878253610,6312,14029,Signature,American Express,200000,103060.41,96939.59,1,2026-07-11,4846.98,46.79,60000.0,205,140,2026-07-02,07/29,Yes,Disabled,Active
440,4188878003026511,9447,9938,Signature,Visa,100000,77951.49,22048.51,17,2026-07-23,1102.43,41.1,30000.0,12642,700,2022-07-03,07/31,Yes,Disabled,Active
441,4772471897929028,3115,17805,Platinum,RuPay,500000,299040.64,200959.36,4,2026-07-30,10047.97,32.41,150000.0,2061,229,2025-07-02,07/29,Yes,Disabled,Active
442,4854425357476113,4174,15213,Gold,Visa,100000,94396.47,5603.53,24,2026-07-18,280.18,40.12,30000.0,8704,595,2025-07-02,07/31,Yes,Disabled,Active
443,4873621087961424,728,7120,Platinum,RuPay,50000,45713.88,4286.12,21,2026-07-25,214.31,47.4,15000.0,959,433,2025-07-02,07/29,Yes,Disabled,Active
444,4143803518339785,7145,10493,Classic,Mastercard,50000,30432.84,19567.16,10,2026-07-15,978.36,37.52,15000.0,16026,842,2021-07-03,07/31,Yes,Disabled,Active
445,4522876714884110,28,1817,Platinum,Visa,200000,144929.87,55070.13,22,2026-07-26,2753.51,38.43,60000.0,17268,609,2021-07-03,07/28,Yes,Disabled,Active
446,4510691377010074,8519,15257,Platinum,Mastercard,50000,4816.29,45183.71,17,2026-07-25,2259.19,37.89,15000.0,22400,315,2021-07-03,07/30,Yes,Disabled,Active
447,4978009230573438,8822,6883,Platinum,RuPay,100000,12191.26,87808.74,19,2026-07-09,4390.44,30.41,30000.0,4889,758,2022-07-03,07/29,Yes,Disabled,Active
448,4467161044250910,3229,4946,Classic,Mastercard,50000,48858.58,1141.42,4,2026-07-13,57.07,32.83,15000.0,22504,817,2023-07-03,07/31,Yes,Disabled,Active
449,4141117476979167,5968,1214,Classic,Visa,100000,29128.0,70872.0,7,2026-07-20,3543.6,36.85,30000.0,6828,649,2026-07-02,07/29,Yes,Disabled,Active
450,4212766130691218,7067,19380,Platinum,Visa,200000,180310.38,19689.62,28,2026-07-18,984.48,47.9,60000.0,11467,838,2023-07-03,07/28,Yes,Disabled,Active
451,4375872411955371,1147,887,Gold,Visa,500000,160055.17,339944.83,3,2026-07-30,16997.24,44.01,150000.0,840,244,2023-07-03,07/28,Yes,Disabled,Active
452,4507948021269328,5410,249,Classic,Visa,50000,26494.29,23505.71,23,2026-07-16,1175.29,30.58,15000.0,1921,227,2026-07-02,07/30,No,Disabled,Active
453,4830469341241824,5144,3623,Classic,Visa,500000,196076.63,303923.37,2,2026-07-31,15196.17,32.13,150000.0,16848,225,2026-07-02,07/29,Yes,Disabled,Active
454,4701555864107974,2042,6406,Classic,Mastercard,100000,90464.17,9535.83,14,2026-07-21,476.79,31.83,30000.0,1765,573,2021-07-03,07/29,Yes,Disabled,Active
455,4414110438647542,4921,18392,Signature,Visa,50000,3926.46,46073.54,7,2026-07-28,2303.68,44.47,15000.0,6565,721,2023-07-03,07/29,Yes,Disabled,Active
456,4805586409443357,8309,3817,Classic,Visa,50000,29219.94,20780.06,19,2026-07-22,1039.0,42.0,15000.0,4073,358,2026-07-02,07/28,Yes,Enabled,Active
457,4567653673126056,5068,19594,Platinum,RuPay,200000,95113.42,104886.58,13,2026-08-01,5244.33,40.91,60000.0,16148,754,2025-07-02,07/28,Yes,Disabled,Active
458,4243022042213179,6692,19366,Gold,Mastercard,200000,127377.96,72622.04,19,2026-07-25,3631.1,46.42,60000.0,20006,556,2026-07-02,07/28,Yes,Disabled,Active
459,4045851001608609,5345,17884,Gold,RuPay,100000,6135.71,93864.29,26,2026-07-09,4693.21,34.23,30000.0,22424,818,2022-07-03,07/31,No,Disabled,Active
460,4552608053251198,6593,17104,Platinum,Mastercard,100000,97870.75,2129.25,8,2026-07-25,106.46,47.69,30000.0,16608,482,2023-07-03,07/28,Yes,Enabled,Active
461,4681152476954821,4845,13877,Classic,Mastercard,100000,60215.18,39784.82,17,2026-07-11,1989.24,38.34,30000.0,24646,501,2022-07-03,07/31,Yes,Enabled,Active
462,4774308612865331,9084,15082,Classic,Mastercard,100000,32228.71,67771.29,28,2026-08-01,3388.56,41.86,30000.0,21010,507,2025-07-02,07/30,Yes,Disabled,Active
463,4322604300511937,2086,13325,Gold,Visa,200000,146222.4,53777.6,18,2026-07-11,2688.88,30.01,60000.0,18804,908,2025-07-02,07/30,Yes,Disabled,Active
464,4249745460228577,3144,11723,Classic,Mastercard,100000,16368.24,83631.76,20,2026-07-27,4181.59,44.67,30000.0,6703,831,2023-07-03,07/28,Yes,Disabled,Active
465,4935477939742646,6889,6333,Classic,Mastercard,50000,41137.43,8862.57,9,2026-07-07,443.13,44.18,15000.0,13644,511,2026-07-02,07/31,Yes,Disabled,Active
466,4257659784500259,6212,7422,Classic,RuPay,200000,53244.02,146755.98,20,2026-07-12,7337.8,46.54,60000.0,20532,485,2024-07-02,07/31,Yes,Disabled,Active
467,4649338032361676,2852,1920,Classic,RuPay,50000,3675.35,46324.65,25,2026-07-22,2316.23,47.9,15000.0,8073,813,2023-07-03,07/28,Yes,Enabled,Active
468,4578234715230405,9325,18757,Platinum,Visa,200000,188245.25,11754.75,5,2026-07-16,587.74,39.55,60000.0,19017,356,2025-07-02,07/28,Yes,Disabled,Active
469,4544072073437385,4931,10110,Gold,Mastercard,500000,126879.36,373120.64,8,2026-07-13,18656.03,44.06,150000.0,19942,129,2023-07-03,07/29,Yes,Disabled,Active
470,4673216639094811,6654,5933,Classic,American Express,100000,63780.26,36219.74,26,2026-07-21,1810.99,37.71,30000.0,15675,810,2021-07-03,07/31,Yes,Enabled,Active
471,4290988276909515,8978,12979,Classic,Mastercard,50000,48681.93,1318.07,16,2026-07-24,65.9,32.3,15000.0,2593,277,2022-07-03,07/30,Yes,Disabled,Active
472,4421807905274235,7,12645,Signature,RuPay,200000,115238.08,84761.92,18,2026-07-08,4238.1,38.3,60000.0,11480,938,2021-07-03,07/29,Yes,Enabled,Active
473,4758379064336311,4979,2514,Gold,Visa,50000,44138.22,5861.78,7,2026-07-11,293.09,46.82,15000.0,14662,392,2022-07-03,07/31,Yes,Disabled,Active
474,4722674085310476,4701,1992,Platinum,RuPay,50000,29176.55,20823.45,3,2026-07-26,1041.17,44.11,15000.0,8091,946,2026-07-02,07/30,Yes,Disabled,Active
475,4751628808877573,3444,15538,Classic,Mastercard,100000,24681.51,75318.49,17,2026-07-09,3765.92,45.17,30000.0,11316,276,2024-07-02,07/30,Yes,Disabled,Active
476,4886464716697361,7044,17585,Gold,Mastercard,50000,47459.36,2540.64,17,2026-07-23,127.03,41.9,15000.0,17657,852,2023-07-03,07/31,No,Disabled,Active
477,4394781862288959,9503,8279,Gold,Visa,500000,136941.27,363058.73,5,2026-07-13,18152.94,44.97,150000.0,21256,331,2022-07-03,07/31,Yes,Enabled,Active
478,4643895955059118,5280,489,Signature,Visa,50000,3650.17,46349.83,6,2026-07-07,2317.49,30.29,15000.0,22664,634,2023-07-03,07/31,Yes,Enabled,Active
479,4584300237292596,7619,2787,Gold,Mastercard,100000,40018.99,59981.01,25,2026-07-08,2999.05,44.15,30000.0,9055,531,2022-07-03,07/29,Yes,Disabled,Active
480,4017084138995400,7239,1510,Platinum,Visa,100000,20954.54,79045.46,22,2026-07-19,3952.27,37.6,30000.0,3015,175,2026-07-02,07/31,No,Enabled,Active
481,4228516957450774,7245,17965,Signature,Visa,50000,10065.64,39934.36,18,2026-07-11,1996.72,36.8,15000.0,23776,681,2022-07-03,07/31,Yes,Disabled,Active
482,4561566700843858,3502,766,Gold,Mastercard,100000,48706.12,51293.88,8,2026-07-11,2564.69,30.4,30000.0,2850,235,2023-07-03,07/30,Yes,Disabled,Active
483,4308795997359142,8376,2957,Classic,Mastercard,100000,17095.23,82904.77,5,2026-07-22,4145.24,35.34,30000.0,19730,289,2026-07-02,07/28,Yes,Disabled,Active
484,4412164500798739,7753,3449,Gold,RuPay,50000,45634.65,4365.35,12,2026-07-28,218.27,35.29,15000.0,15928,953,2026-07-02,07/30,Yes,Disabled,Active
485,4405906273201828,2781,5821,Platinum,Mastercard,100000,87998.79,12001.21,18,2026-07-26,600.06,35.91,30000.0,23629,906,2024-07-02,07/28,Yes,Disabled,Active
486,4240909597007967,1390,1934,Classic,Visa,500000,254562.68,245437.32,19,2026-07-18,12271.87,47.55,150000.0,20002,282,2023-07-03,07/28,No,Disabled,Active
487,4398481048560498,4650,2839,Classic,RuPay,100000,28984.5,71015.5,19,2026-08-01,3550.78,35.62,30000.0,23310,435,2021-07-03,07/30,Yes,Disabled,Active
488,4283524180679923,8446,17643,Gold,Visa,100000,60745.59,39254.41,25,2026-07-30,1962.72,43.92,30000.0,1163,364,2024-07-02,07/28,Yes,Disabled,Active
489,4828732783940894,5492,14067,Classic,Visa,100000,34962.78,65037.22,19,2026-07-24,3251.86,33.94,30000.0,23519,357,2024-07-02,07/29,Yes,Disabled,Active
490,4684103442036333,1531,6750,Platinum,Mastercard,50000,6245.98,43754.02,24,2026-07-07,2187.7,40.69,15000.0,17722,441,2024-07-02,07/28,Yes,Disabled,Active
491,4299453661874361,3849,780,Classic,Visa,50000,2969.64,47030.36,20,2026-07-18,2351.52,46.55,15000.0,10326,937,2024-07-02,07/28,Yes,Disabled,Active
492,4793908760338993,5086,19275,Platinum,Visa,200000,165374.23,34625.77,21,2026-07-26,1731.29,36.12,60000.0,14354,389,2026-07-02,07/31,Yes,Disabled,Active
493,4376696809262372,3681,18972,Classic,Visa,50000,21739.38,28260.62,9,2026-07-18,1413.03,32.27,15000.0,1029,999,2025-07-02,07/31,Yes,Disabled,Expired
494,4602686153796303,3263,1090,Classic,Visa,50000,46579.59,3420.41,16,2026-07-25,171.02,46.93,15000.0,427,759,2026-07-02,07/31,Yes,Disabled,Active
495,4427895618218369,2415,7374,Classic,Visa,100000,92999.66,7000.34,13,2026-07-22,350.02,38.25,30000.0,24863,968,2025-07-02,07/30,Yes,Enabled,Active
496,4328115101971738,401,2286,Classic,Visa,200000,186153.08,13846.92,26,2026-07-08,692.35,40.28,60000.0,21074,531,2021-07-03,07/28,Yes,Enabled,Active
497,4219032192699479,758,18235,Gold,Mastercard,100000,13215.17,86784.83,18,2026-07-21,4339.24,35.82,30000.0,18533,981,2025-07-02,07/28,Yes,Disabled,Active
498,4848106431298619,4012,3754,Classic,Visa,50000,31226.04,18773.96,12,2026-07-12,938.7,34.06,15000.0,24639,663,2026-07-02,07/29,Yes,Disabled,Active
499,4095154030114535,7785,19286,Gold,RuPay,100000,42240.53,57759.47,19,2026-07-30,2887.97,38.35,30000.0,15415,271,2021-07-03,07/28,Yes,Disabled,Active
500,4476809619415388,1194,3145,Platinum,American Express,200000,53105.95,146894.05,5,2026-07-12,7344.7,43.0,60000.0,15622,266,2026-07-02,07/28,Yes,Enabled,Active
501,4190029679870995,7462,6432,Signature,Mastercard,50000,5985.49,44014.51,22,2026-07-11,2200.73,43.24,15000.0,24077,113,2025-07-02,07/28,Yes,Disabled,Active
502,4143961318754843,6791,95,Platinum,Mastercard,200000,171639.14,28360.86,27,2026-07-08,1418.04,36.2,60000.0,19492,336,2023-07-03,07/31,Yes,Disabled,Active
503,4669068902809592,9432,956,Platinum,Visa,100000,78696.73,21303.27,27,2026-07-30,1065.16,39.74,30000.0,9040,168,2022-07-03,07/31,Yes,Enabled,Active
504,4004894939802315,3186,12902,Classic,Visa,500000,54029.16,445970.84,2,2026-07-16,22298.54,40.46,150000.0,8347,407,2021-07-03,07/28,Yes,Disabled,Expired
505,4240634111812124,6292,4504,Classic,RuPay,200000,85114.76,114885.24,24,2026-07-17,5744.26,46.94,60000.0,18179,812,2024-07-02,07/30,Yes,Enabled,Active
506,4795606467976532,8100,18341,Classic,Visa,100000,15802.99,84197.01,8,2026-07-11,4209.85,42.96,30000.0,9231,571,2025-07-02,07/30,Yes,Disabled,Active
507,4060736409287366,6548,16364,Platinum,Visa,50000,4911.33,45088.67,15,2026-07-19,2254.43,40.56,15000.0,23611,916,2024-07-02,07/30,No,Disabled,Active
508,4395590220335959,3998,10039,Platinum,Mastercard,100000,55142.13,44857.87,27,2026-07-17,2242.89,33.34,30000.0,13077,710,2025-07-02,07/30,Yes,Disabled,Active
509,4908227511180625,2418,6404,Classic,Visa,50000,28782.5,21217.5,6,2026-07-20,1060.88,44.7,15000.0,9863,895,2024-07-02,07/30,Yes,Disabled,Active
510,4199067453190749,91,18252,Gold,Visa,100000,37510.38,62489.62,6,2026-07-13,3124.48,36.53,30000.0,21559,386,2021-07-03,07/29,Yes,Disabled,Active
511,4604616805788244,1747,18918,Gold,Visa,50000,9903.28,40096.72,22,2026-07-17,2004.84,37.32,15000.0,6389,579,2026-07-02,07/28,Yes,Enabled,Active
512,4145093590946701,6966,15176,Classic,Mastercard,500000,201082.6,298917.4,7,2026-07-10,14945.87,37.66,150000.0,19798,408,2025-07-02,07/28,Yes,Enabled,Active
513,4101337539065642,3586,4189,Gold,Mastercard,200000,68115.73,131884.27,20,2026-07-18,6594.21,44.89,60000.0,21603,799,2025-07-02,07/29,Yes,Enabled,Active
514,4861286872314030,2882,13013,Gold,Visa,200000,156900.51,43099.49,2,2026-07-24,2154.97,47.57,60000.0,1492,623,2025-07-02,07/31,Yes,Disabled,Active
515,4304106992966108,8487,14246,Platinum,RuPay,100000,84952.48,15047.52,25,2026-07-15,752.38,39.61,30000.0,8463,898,2023-07-03,07/31,Yes,Disabled,Active
516,4991170162156718,7612,6034,Signature,Visa,50000,3465.29,46534.71,12,2026-07-19,2326.74,31.03,15000.0,5997,940,2022-07-03,07/30,Yes,Disabled,Active
517,4470652641243897,823,18406,Platinum,Visa,50000,7388.28,42611.72,1,2026-07-28,2130.59,31.29,15000.0,12627,278,2023-07-03,07/28,Yes,Enabled,Active
518,4332432016009207,9133,11214,Gold,Visa,100000,31590.96,68409.04,9,2026-07-07,3420.45,40.25,30000.0,21971,193,2022-07-03,07/31,Yes,Enabled,Active
519,4401241066070395,4083,14091,Classic,RuPay,100000,66013.49,33986.51,20,2026-07-19,1699.33,38.33,30000.0,18564,762,2023-07-03,07/31,Yes,Disabled,Active
520,4279143743556642,1989,6816,Platinum,RuPay,50000,29747.78,20252.22,22,2026-07-25,1012.61,46.2,15000.0,22881,809,2024-07-02,07/29,Yes,Enabled,Active
521,4676110108743954,7479,9310,Signature,Mastercard,50000,41052.14,8947.86,23,2026-07-08,447.39,30.02,15000.0,13790,674,2023-07-03,07/31,Yes,Disabled,Active
522,4439428492302321,2185,19296,Classic,Mastercard,100000,71714.33,28285.67,9,2026-07-25,1414.28,37.68,30000.0,6110,575,2023-07-03,07/28,Yes,Disabled,Active
523,4265713114229869,7613,18337,Classic,RuPay,50000,16942.59,33057.41,25,2026-07-17,1652.87,41.01,15000.0,11425,388,2023-07-03,07/31,Yes,Disabled,Active
524,4277731562689252,8703,18839,Classic,RuPay,500000,52504.55,447495.45,14,2026-07-15,22374.77,30.31,150000.0,24873,792,2021-07-03,07/29,Yes,Enabled,Active
525,4996575822108516,9158,3774,Gold,RuPay,100000,42483.32,57516.68,25,2026-07-08,2875.83,38.62,30000.0,9874,972,2022-07-03,07/30,Yes,Disabled,Active
526,4812024391658173,5199,4469,Gold,Mastercard,100000,55101.32,44898.68,7,2026-07-30,2244.93,45.55,30000.0,10922,979,2023-07-03,07/30,Yes,Disabled,Active
527,4954896923223302,7252,17762,Platinum,Mastercard,100000,40339.58,59660.42,2,2026-07-13,2983.02,35.34,30000.0,6015,295,2023-07-03,07/29,No,Disabled,Active
528,4221367476675059,8271,10283,Classic,Mastercard,50000,35273.7,14726.3,5,2026-07-25,736.32,45.49,15000.0,12498,871,2022-07-03,07/28,Yes,Disabled,Active
529,4029380278918623,6992,5937,Platinum,Visa,200000,107413.85,92586.15,11,2026-07-30,4629.31,45.7,60000.0,24863,263,2025-07-02,07/29,Yes,Disabled,Active
530,4492822240664490,8977,13988,Classic,Visa,50000,43526.12,6473.88,16,2026-07-26,323.69,40.98,15000.0,24605,933,2024-07-02,07/29,Yes,Enabled,Active
531,4125781029705497,7306,537,Platinum,Visa,100000,94675.25,5324.75,23,2026-07-12,266.24,47.24,30000.0,21689,916,2025-07-02,07/30,Yes,Disabled,Active
532,4657984648468912,2608,12659,Platinum,Visa,500000,303546.11,196453.89,18,2026-07-14,9822.69,39.66,150000.0,14441,257,2021-07-03,07/31,Yes,Disabled,Active
533,4856372257946470,7778,6105,Gold,Visa,50000,42611.29,7388.71,3,2026-07-09,369.44,47.63,15000.0,3906,643,2023-07-03,07/28,Yes,Disabled,Active
534,4688408206211966,7374,5840,Gold,Mastercard,100000,12769.75,87230.25,24,2026-07-31,4361.51,31.97,30000.0,3343,276,2025-07-02,07/29,No,Disabled,Active
535,4081116628399705,4247,6407,Classic,Visa,50000,23516.08,26483.92,10,2026-07-16,1324.2,35.44,15000.0,606,412,2022-07-03,07/31,Yes,Disabled,Active
536,4863536816469362,4051,19587,Classic,Mastercard,50000,49011.55,988.45,14,2026-07-14,49.42,34.82,15000.0,14822,609,2023-07-03,07/30,Yes,Enabled,Active
537,4308165912099721,4544,10412,Platinum,Visa,50000,30127.86,19872.14,22,2026-07-29,993.61,40.47,15000.0,7621,546,2025-07-02,07/31,Yes,Disabled,Active
538,4714066063172580,8541,18806,Classic,Mastercard,50000,20434.91,29565.09,28,2026-07-14,1478.25,42.68,15000.0,5145,165,2021-07-03,07/28,Yes,Enabled,Blocked
539,4591314444815525,7940,12762,Gold,Visa,50000,46377.2,3622.8,10,2026-07-31,181.14,32.4,15000.0,22076,100,2026-07-02,07/31,Yes,Disabled,Active
540,4857962877141216,3920,14291,Gold,RuPay,100000,39363.31,60636.69,6,2026-07-09,3031.83,33.48,30000.0,560,412,2021-07-03,07/28,Yes,Enabled,Active
541,4458771461755655,4500,5272,Classic,Mastercard,50000,3802.44,46197.56,7,2026-07-10,2309.88,43.24,15000.0,652,158,2025-07-02,07/31,Yes,Enabled,Active
542,4975138063125279,7207,18126,Classic,Mastercard,50000,49898.78,101.22,14,2026-08-01,5.06,41.09,15000.0,21626,897,2022-07-03,07/28,Yes,Disabled,Active
543,4228928637924903,1270,3738,Classic,RuPay,50000,28274.04,21725.96,18,2026-08-01,1086.3,43.5,15000.0,13188,281,2023-07-03,07/31,Yes,Disabled,Active
544,4151971687284685,4682,10662,Classic,Mastercard,200000,199844.11,155.89,25,2026-07-30,7.79,46.94,60000.0,648,515,2023-07-03,07/31,Yes,Disabled,Active
545,4085162764444519,3842,13730,Gold,Mastercard,100000,64827.76,35172.24,18,2026-07-27,1758.61,34.45,30000.0,22700,406,2024-07-02,07/31,Yes,Disabled,Closed
546,4393318503265813,4452,19738,Classic,Visa,200000,171371.69,28628.31,14,2026-07-27,1431.42,41.46,60000.0,14560,855,2024-07-02,07/29,Yes,Disabled,Active
547,4493753007464568,5503,9314,Gold,Visa,100000,86441.66,13558.34,3,2026-07-23,677.92,33.48,30000.0,19931,921,2022-07-03,07/30,Yes,Disabled,Active
548,4358137523716883,5239,5601,Classic,Visa,100000,10346.23,89653.77,2,2026-07-12,4482.69,37.17,30000.0,15030,140,2023-07-03,07/31,Yes,Disabled,Active
549,4257085160465254,8850,3473,Gold,Mastercard,200000,165963.12,34036.88,14,2026-07-14,1701.84,30.26,60000.0,14649,907,2024-07-02,07/28,Yes,Enabled,Active
550,4585609325714589,1321,14156,Classic,Visa,200000,55643.26,144356.74,2,2026-07-23,7217.84,43.7,60000.0,23626,119,2021-07-03,07/28,Yes,Enabled,Active
551,4236022926932349,2268,13136,Gold,RuPay,200000,194066.3,5933.7,12,2026-07-12,296.69,35.42,60000.0,1265,486,2025-07-02,07/29,Yes,Disabled,Active
552,4419163266404435,2472,10672,Classic,Visa,100000,54619.75,45380.25,8,2026-07-26,2269.01,37.87,30000.0,5594,198,2025-07-02,07/29,Yes,Disabled,Active
553,4178502110897271,3789,15182,Classic,Mastercard,50000,34181.7,15818.3,14,2026-07-31,790.91,34.87,15000.0,21054,658,2021-07-03,07/29,Yes,Disabled,Active
554,4618181154640956,6276,11904,Classic,Visa,50000,34575.61,15424.39,3,2026-07-15,771.22,38.07,15000.0,10068,375,2023-07-03,07/29,Yes,Disabled,Active
555,4771743385129234,2504,17509,Gold,Visa,50000,29177.88,20822.12,7,2026-07-10,1041.11,39.54,15000.0,13804,185,2026-07-02,07/29,Yes,Disabled,Active
556,4451907440843014,3506,10019,Classic,Visa,1000000,594232.19,405767.81,27,2026-07-28,20288.39,33.83,300000.0,10729,846,2025-07-02,07/31,Yes,Disabled,Active
557,4612304795399281,1053,19812,Classic,Mastercard,100000,17969.69,82030.31,13,2026-07-27,4101.52,44.29,30000.0,8584,449,2026-07-02,07/28,Yes,Enabled,Active
558,4529717545912297,6798,9750,Gold,Mastercard,100000,54429.4,45570.6,27,2026-07-28,2278.53,41.07,30000.0,15001,696,2024-07-02,07/31,Yes,Disabled,Active
559,4571515107456660,6679,4511,Gold,Visa,200000,106847.12,93152.88,18,2026-07-13,4657.64,41.51,60000.0,14806,183,2023-07-03,07/28,No,Disabled,Active
560,4029471991120534,5422,17576,Classic,Visa,500000,375221.24,124778.76,3,2026-07-25,6238.94,34.42,150000.0,16111,954,2022-07-03,07/28,Yes,Disabled,Active
561,4688588453189527,8891,2931,Platinum,Mastercard,500000,489234.64,10765.36,22,2026-07-17,538.27,43.4,150000.0,17644,868,2026-07-02,07/31,No,Enabled,Active
562,4715702815418324,7634,18808,Classic,Visa,50000,43989.51,6010.49,17,2026-07-17,300.52,44.87,15000.0,3311,976,2022-07-03,07/28,Yes,Disabled,Active
563,4036743490655522,6813,1978,Classic,Mastercard,50000,16054.9,33945.1,21,2026-07-17,1697.26,39.8,15000.0,24617,961,2023-07-03,07/28,Yes,Disabled,Active
564,4824138123601524,1021,14973,Platinum,Visa,50000,19093.58,30906.42,6,2026-07-24,1545.32,40.7,15000.0,21304,487,2023-07-03,07/28,Yes,Enabled,Active
565,4860866938386280,3389,12233,Classic,American Express,50000,11656.2,38343.8,2,2026-07-13,1917.19,42.05,15000.0,17919,101,2025-07-02,07/31,No,Enabled,Active
566,4516645557955042,6884,19885,Platinum,Mastercard,100000,59889.04,40110.96,23,2026-07-07,2005.55,40.25,30000.0,5673,617,2022-07-03,07/30,No,Disabled,Active
567,4828374812164551,6382,3463,Classic,Mastercard,500000,141660.57,358339.43,27,2026-07-15,17916.97,43.96,150000.0,1150,307,2024-07-02,07/29,Yes,Disabled,Active
568,4635722402200993,321,16799,Gold,RuPay,100000,80473.09,19526.91,28,2026-07-20,976.35,47.45,30000.0,6104,658,2025-07-02,07/31,Yes,Enabled,Active
569,4188673407006682,6233,18515,Gold,Visa,50000,37556.61,12443.39,9,2026-07-18,622.17,47.96,15000.0,7870,960,2022-07-03,07/28,Yes,Disabled,Active
570,4754574798521042,7815,4724,Classic,Visa,50000,19871.14,30128.86,1,2026-07-15,1506.44,44.98,15000.0,22737,761,2021-07-03,07/29,Yes,Enabled,Active
571,4503005460970373,97,13570,Classic,Mastercard,100000,96632.63,3367.37,3,2026-07-25,168.37,36.49,30000.0,13410,656,2022-07-03,07/28,Yes,Disabled,Active
572,4379046070411530,5764,16690,Classic,Mastercard,50000,45450.46,4549.54,3,2026-07-27,227.48,37.02,15000.0,4670,290,2026-07-02,07/28,Yes,Enabled,Active
573,4145590843491238,4893,4318,Classic,Visa,200000,146927.73,53072.27,5,2026-07-09,2653.61,41.66,60000.0,504,247,2024-07-02,07/29,Yes,Disabled,Active
574,4753874162163094,6390,2586,Platinum,Mastercard,50000,15203.0,34797.0,20,2026-07-16,1739.85,42.96,15000.0,789,793,2025-07-02,07/30,No,Disabled,Active
575,4151959085472654,6866,15695,Classic,Mastercard,100000,89365.06,10634.94,26,2026-07-23,531.75,42.14,30000.0,4158,319,2023-07-03,07/31,No,Disabled,Active
576,4746991028140477,8819,6607,Classic,Visa,50000,28331.14,21668.86,24,2026-07-27,1083.44,32.3,15000.0,6467,904,2024-07-02,07/29,Yes,Enabled,Active
577,4155341819176783,8948,10776,Gold,Visa,100000,9694.53,90305.47,7,2026-07-31,4515.27,33.92,30000.0,1997,121,2026-07-02,07/31,Yes,Enabled,Active
578,4055791170983768,3614,4551,Classic,Mastercard,100000,77269.09,22730.91,7,2026-07-21,1136.55,43.36,30000.0,19070,789,2022-07-03,07/31,Yes,Disabled,Active
579,4999854220989562,8000,3891,Classic,RuPay,100000,30359.75,69640.25,24,2026-07-14,3482.01,47.16,30000.0,2702,198,2022-07-03,07/28,Yes,Disabled,Active
580,4793912803324039,3596,19898,Gold,Mastercard,100000,75381.9,24618.1,10,2026-07-25,1230.9,46.03,30000.0,8956,983,2023-07-03,07/31,Yes,Disabled,Active
581,4017961124920930,4472,11360,Gold,Mastercard,100000,74635.33,25364.67,3,2026-07-22,1268.23,34.72,30000.0,10641,239,2023-07-03,07/29,Yes,Disabled,Expired
582,4340069517114016,7141,10728,Platinum,Visa,100000,84821.9,15178.1,1,2026-07-16,758.91,41.98,30000.0,13027,217,2026-07-02,07/28,Yes,Enabled,Active
583,4554077191794316,9748,8667,Classic,RuPay,100000,97764.5,2235.5,23,2026-07-18,111.78,30.21,30000.0,24098,539,2023-07-03,07/30,Yes,Disabled,Active
584,4793114982806304,476,6717,Classic,American Express,500000,141888.28,358111.72,10,2026-07-22,17905.59,45.22,150000.0,8502,340,2024-07-02,07/31,Yes,Disabled,Active
585,4686140348997982,6372,2510,Classic,American Express,50000,34902.11,15097.89,20,2026-07-21,754.89,45.91,15000.0,13394,972,2022-07-03,07/31,Yes,Disabled,Active
586,4102049835991322,5508,1758,Classic,Visa,50000,27813.63,22186.37,14,2026-07-30,1109.32,43.57,15000.0,17946,256,2026-07-02,07/29,Yes,Disabled,Active
587,4351962287174155,6625,15192,Classic,Visa,50000,14932.9,35067.1,28,2026-07-28,1753.36,37.72,15000.0,10050,330,2024-07-02,07/30,Yes,Disabled,Active
588,4859480889118362,2705,6111,Classic,Visa,200000,99635.33,100364.67,1,2026-07-10,5018.23,42.75,60000.0,1669,418,2022-07-03,07/31,Yes,Disabled,Active
589,4392061486900292,7658,15560,Platinum,RuPay,50000,15325.91,34674.09,8,2026-07-10,1733.7,43.5,15000.0,16265,865,2026-07-02,07/31,Yes,Disabled,Active
590,4819379972529458,2092,309,Platinum,Mastercard,200000,31921.04,168078.96,3,2026-07-13,8403.95,47.25,60000.0,11164,328,2024-07-02,07/29,Yes,Enabled,Active
591,4501477491061691,9928,6646,Platinum,Mastercard,100000,35780.41,64219.59,25,2026-07-25,3210.98,41.41,30000.0,12589,357,2023-07-03,07/31,Yes,Disabled,Active
592,4519120757490128,442,6363,Platinum,Mastercard,200000,192339.51,7660.49,5,2026-07-13,383.02,45.77,60000.0,6102,266,2026-07-02,07/31,Yes,Disabled,Active
593,4434346061599699,6456,2931,Classic,Visa,200000,127338.93,72661.07,24,2026-07-10,3633.05,45.1,60000.0,9771,943,2025-07-02,07/31,Yes,Disabled,Active
594,4852722715215200,9247,9878,Platinum,RuPay,50000,47795.02,2204.98,24,2026-07-20,110.25,40.81,15000.0,2444,933,2026-07-02,07/30,Yes,Enabled,Active
595,4779647286330001,445,9049,Gold,RuPay,500000,320897.93,179102.07,14,2026-07-15,8955.1,43.84,150000.0,5094,602,2022-07-03,07/31,Yes,Enabled,Active
596,4817993023553239,1376,1495,Platinum,Mastercard,100000,69509.6,30490.4,26,2026-07-26,1524.52,38.31,30000.0,7441,851,2023-07-03,07/28,Yes,Disabled,Active
597,4441340284387497,7023,15767,Platinum,Mastercard,200000,11752.7,188247.3,2,2026-07-13,9412.36,31.76,60000.0,10421,414,2025-07-02,07/28,Yes,Disabled,Active
598,4763112764145894,2224,14045,Platinum,Visa,50000,35668.58,14331.42,1,2026-07-21,716.57,41.75,15000.0,12361,799,2025-07-02,07/29,Yes,Enabled,Active
599,4944162578646029,7565,17149,Gold,American Express,50000,33932.78,16067.22,19,2026-07-28,803.36,34.21,15000.0,1885,810,2024-07-02,07/30,Yes,Enabled,Active
600,4745793842016347,2978,16391,Platinum,Mastercard,50000,25070.75,24929.25,15,2026-07-22,1246.46,42.79,15000.0,11280,360,2025-07-02,07/31,Yes,Disabled,Active
601,4848717171641043,824,16060,Classic,Visa,50000,12890.33,37109.67,4,2026-07-22,1855.48,31.92,15000.0,5386,158,2024-07-02,07/29,Yes,Disabled,Active
602,4239890581879970,4263,8721,Gold,Visa,50000,23756.86,26243.14,13,2026-07-15,1312.16,38.92,15000.0,2537,162,2023-07-03,07/28,Yes,Disabled,Active
603,4094786921181932,9535,3708,Platinum,RuPay,200000,24897.68,175102.32,15,2026-07-12,8755.12,40.14,60000.0,14535,543,2025-07-02,07/28,Yes,Disabled,Active
604,4137851672417181,5364,18763,Classic,Visa,100000,11685.33,88314.67,13,2026-07-14,4415.73,36.27,30000.0,1564,405,2022-07-03,07/31,Yes,Disabled,Active
605,4416324663408484,3468,16226,Platinum,American Express,100000,38641.24,61358.76,25,2026-07-20,3067.94,45.24,30000.0,711,273,2026-07-02,07/28,Yes,Disabled,Active
606,4103828625951192,7450,5680,Classic,Visa,200000,167366.1,32633.9,6,2026-07-14,1631.7,36.44,60000.0,1334,257,2024-07-02,07/30,Yes,Disabled,Active
607,4378245556217118,5356,12915,Classic,RuPay,500000,392535.01,107464.99,19,2026-07-20,5373.25,32.38,150000.0,17609,127,2024-07-02,07/29,Yes,Disabled,Active
608,4077396691241433,5530,5245,Platinum,Visa,200000,182811.49,17188.51,1,2026-07-19,859.43,33.28,60000.0,8788,756,2026-07-02,07/29,No,Disabled,Closed
609,4024249823659219,9398,833,Classic,RuPay,50000,43709.14,6290.86,14,2026-07-10,314.54,38.07,15000.0,7489,127,2026-07-02,07/29,Yes,Disabled,Active
610,4113230027162608,4559,15897,Classic,RuPay,50000,43472.14,6527.86,15,2026-07-27,326.39,32.51,15000.0,15274,719,2025-07-02,07/30,Yes,Enabled,Active
611,4866751190740435,6907,6848,Classic,RuPay,1000000,523367.54,476632.46,25,2026-07-12,23831.62,40.6,300000.0,18290,540,2024-07-02,07/28,Yes,Disabled,Active
612,4928357758593471,4134,5633,Gold,Visa,50000,15970.45,34029.55,17,2026-07-15,1701.48,37.16,15000.0,4106,774,2022-07-03,07/29,Yes,Disabled,Active
613,4735180117661821,1342,13474,Classic,Visa,100000,69706.2,30293.8,25,2026-07-15,1514.69,45.85,30000.0,21172,113,2026-07-02,07/29,Yes,Enabled,Active
614,4766384132838931,7706,2188,Gold,Mastercard,50000,22763.61,27236.39,10,2026-07-27,1361.82,30.71,15000.0,23500,337,2022-07-03,07/28,Yes,Disabled,Active
615,4118092864054632,318,3634,Gold,RuPay,50000,13756.76,36243.24,24,2026-07-20,1812.16,44.96,15000.0,1798,585,2023-07-03,07/29,Yes,Enabled,Active
616,4212086862814096,9852,9278,Gold,Mastercard,500000,495096.4,4903.6,14,2026-07-16,245.18,32.47,150000.0,6555,832,2026-07-02,07/31,Yes,Disabled,Active
617,4485449082226024,854,2277,Classic,Mastercard,500000,406601.99,93398.01,28,2026-07-17,4669.9,31.8,150000.0,18038,551,2026-07-02,07/28,Yes,Disabled,Active
618,4822370423775325,5734,354,Classic,Visa,50000,35760.46,14239.54,28,2026-07-16,711.98,43.91,15000.0,12115,863,2025-07-02,07/31,Yes,Enabled,Active
619,4572690353849132,3674,10528,Classic,Mastercard,50000,17309.82,32690.18,20,2026-07-07,1634.51,45.03,15000.0,1065,695,2025-07-02,07/31,Yes,Enabled,Active
620,4724952433546882,1125,13570,Gold,RuPay,50000,9794.58,40205.42,5,2026-07-28,2010.27,45.78,15000.0,24740,339,2023-07-03,07/28,Yes,Enabled,Active
621,4591465173048509,660,11906,Gold,Visa,100000,22434.74,77565.26,14,2026-07-08,3878.26,36.07,30000.0,1196,333,2021-07-03,07/29,Yes,Disabled,Active
622,4428479517484520,509,530,Gold,Mastercard,50000,48715.14,1284.86,15,2026-07-23,64.24,41.65,15000.0,14119,436,2025-07-02,07/30,Yes,Disabled,Active
623,4386685437393063,4052,4524,Classic,Visa,100000,80501.61,19498.39,4,2026-07-29,974.92,38.2,30000.0,8597,763,2022-07-03,07/31,Yes,Disabled,Active
624,4310075980185756,3267,18568,Classic,RuPay,100000,31287.59,68712.41,6,2026-07-22,3435.62,32.16,30000.0,5043,528,2021-07-03,07/30,No,Disabled,Active
625,4958324207566907,334,10710,Gold,Visa,50000,45704.24,4295.76,21,2026-07-26,214.79,42.46,15000.0,3701,389,2024-07-02,07/31,Yes,Disabled,Active
626,4139592557620186,2497,2469,Gold,Mastercard,50000,33851.02,16148.98,18,2026-07-10,807.45,37.46,15000.0,16449,980,2026-07-02,07/31,Yes,Disabled,Active
627,4587916279696009,3909,1520,Platinum,Visa,50000,44589.86,5410.14,2,2026-07-26,270.51,47.59,15000.0,13509,745,2024-07-02,07/28,Yes,Enabled,Active
628,4884456418225708,2069,14997,Gold,Visa,100000,97012.68,2987.32,17,2026-07-28,149.37,40.43,30000.0,11104,678,2025-07-02,07/31,Yes,Enabled,Active
629,4783174155821071,7759,13805,Gold,Visa,50000,5489.69,44510.31,9,2026-07-15,2225.52,34.85,15000.0,10684,922,2022-07-03,07/31,Yes,Enabled,Active
630,4800789118255912,1875,11936,Platinum,Visa,1000000,353556.53,646443.47,6,2026-07-24,32322.17,46.37,300000.0,18673,562,2023-07-03,07/28,Yes,Disabled,Active
631,4317603645054396,9241,7965,Classic,RuPay,50000,6381.19,43618.81,27,2026-07-29,2180.94,34.9,15000.0,16712,659,2025-07-02,07/28,Yes,Disabled,Active
632,4749920447945155,3572,15880,Classic,American Express,100000,50811.78,49188.22,28,2026-07-28,2459.41,46.29,30000.0,4420,866,2026-07-02,07/30,Yes,Disabled,Active
633,4339954136586857,7620,17963,Classic,Visa,1000000,464508.23,535491.77,11,2026-07-31,26774.59,39.95,300000.0,15645,985,2023-07-03,07/31,Yes,Disabled,Active
634,4250988802517094,4199,962,Classic,Visa,500000,293931.54,206068.46,3,2026-07-16,10303.42,35.35,150000.0,21376,774,2021-07-03,07/31,No,Enabled,Active
635,4768875212841651,6044,19381,Platinum,Mastercard,200000,187205.63,12794.37,14,2026-07-27,639.72,35.89,60000.0,21999,492,2024-07-02,07/29,Yes,Disabled,Active
636,4715280994919561,2750,18625,Gold,RuPay,50000,49460.56,539.44,27,2026-07-31,26.97,39.81,15000.0,1112,764,2024-07-02,07/31,Yes,Disabled,Active
637,4441559179678029,9873,16081,Platinum,Visa,200000,153259.07,46740.93,23,2026-07-12,2337.05,35.72,60000.0,2377,772,2025-07-02,07/31,Yes,Disabled,Active
638,4609320569136850,2684,6498,Gold,Mastercard,50000,26430.47,23569.53,7,2026-07-13,1178.48,38.27,15000.0,6221,405,2021-07-03,07/29,Yes,Disabled,Active
639,4740758730908407,5097,2337,Gold,Mastercard,200000,145543.88,54456.12,21,2026-07-08,2722.81,47.59,60000.0,22546,670,2024-07-02,07/28,Yes,Enabled,Active
640,4312607535070842,9599,12859,Classic,Mastercard,500000,218282.49,281717.51,8,2026-07-26,14085.88,42.0,150000.0,13053,148,2021-07-03,07/31,Yes,Enabled,Active
641,4733599297105653,421,5254,Platinum,Mastercard,100000,15235.23,84764.77,24,2026-07-30,4238.24,30.72,30000.0,16834,480,2022-07-03,07/31,Yes,Enabled,Expired
642,4031609246873429,5112,19822,Gold,American Express,200000,74586.42,125413.58,10,2026-07-15,6270.68,45.3,60000.0,16486,619,2026-07-02,07/31,Yes,Disabled,Expired
643,4197565768220698,6150,12406,Classic,Visa,100000,5721.98,94278.02,11,2026-07-24,4713.9,34.96,30000.0,11092,674,2026-07-02,07/30,Yes,Disabled,Active
644,4246913640427279,6499,1859,Classic,RuPay,50000,21785.02,28214.98,22,2026-07-28,1410.75,43.91,15000.0,20990,301,2026-07-02,07/31,Yes,Enabled,Active
645,4547891427593913,3250,17519,Gold,Visa,200000,91263.96,108736.04,5,2026-07-18,5436.8,38.75,60000.0,18203,559,2026-07-02,07/29,No,Disabled,Active
646,4328315664865020,1246,3876,Classic,American Express,500000,475378.95,24621.05,2,2026-08-01,1231.05,43.33,150000.0,20941,129,2025-07-02,07/30,Yes,Disabled,Active
647,4345216130741938,3979,16155,Gold,RuPay,200000,54195.41,145804.59,22,2026-07-17,7290.23,34.64,60000.0,8957,745,2022-07-03,07/29,Yes,Enabled,Active
648,4205615365282391,1670,5501,Platinum,Mastercard,100000,34118.85,65881.15,22,2026-07-18,3294.06,32.69,30000.0,16165,731,2023-07-03,07/28,Yes,Disabled,Active
649,4834428149017050,4942,12271,Platinum,American Express,1000000,612030.64,387969.36,22,2026-07-07,19398.47,31.22,300000.0,7549,795,2021-07-03,07/28,Yes,Disabled,Active
650,4313253503272639,1984,15321,Gold,Mastercard,50000,24988.43,25011.57,11,2026-07-30,1250.58,38.28,15000.0,18765,852,2026-07-02,07/31,Yes,Disabled,Active
651,4312874653934799,9273,15672,Classic,RuPay,200000,89660.07,110339.93,26,2026-07-30,5517.0,31.6,60000.0,8695,350,2026-07-02,07/28,Yes,Enabled,Active
652,4866471582089378,673,15080,Classic,Visa,100000,77019.93,22980.07,28,2026-07-25,1149.0,41.75,30000.0,8463,269,2023-07-03,07/31,No,Disabled,Active
653,4116006041712194,5689,2314,Classic,Mastercard,50000,24591.42,25408.58,17,2026-07-11,1270.43,46.01,15000.0,297,918,2021-07-03,07/31,Yes,Disabled,Active
654,4394466291087921,8729,14173,Classic,American Express,200000,68891.72,131108.28,24,2026-07-31,6555.41,32.71,60000.0,4203,604,2023-07-03,07/31,Yes,Enabled,Active
655,4942494232733671,7019,9427,Signature,Visa,500000,259539.79,240460.21,27,2026-07-08,12023.01,41.53,150000.0,23201,404,2021-07-03,07/28,Yes,Disabled,Active
656,4314150980071596,6072,13224,Platinum,RuPay,100000,58738.76,41261.24,26,2026-07-15,2063.06,47.03,30000.0,23885,172,2024-07-02,07/31,Yes,Disabled,Active
657,4576787850574563,1130,10276,Classic,Visa,50000,25170.87,24829.13,10,2026-07-26,1241.46,42.64,15000.0,21687,312,2025-07-02,07/31,Yes,Disabled,Active
658,4811759566932920,8290,2400,Gold,Visa,50000,39434.49,10565.51,15,2026-07-20,528.28,43.34,15000.0,5352,240,2025-07-02,07/30,No,Disabled,Active
659,4454875914660692,5591,12712,Classic,Mastercard,500000,423232.68,76767.32,13,2026-07-29,3838.37,31.39,150000.0,23962,304,2021-07-03,07/30,Yes,Disabled,Active
660,4820656657162069,208,5052,Gold,Visa,200000,90758.66,109241.34,26,2026-07-10,5462.07,30.91,60000.0,17793,160,2022-07-03,07/29,Yes,Disabled,Active
661,4764249937340924,6883,188,Platinum,Visa,50000,34674.05,15325.95,13,2026-07-23,766.3,38.04,15000.0,17072,905,2023-07-03,07/29,Yes,Enabled,Active
662,4123056908824545,8032,7648,Classic,RuPay,100000,75741.37,24258.63,27,2026-07-22,1212.93,45.61,30000.0,23926,165,2023-07-03,07/28,No,Disabled,Active
663,4954173065068726,1730,398,Classic,Mastercard,100000,23060.42,76939.58,14,2026-07-27,3846.98,31.19,30000.0,19903,587,2022-07-03,07/31,Yes,Disabled,Active
664,4951365294377499,7103,465,Classic,Mastercard,500000,435908.5,64091.5,16,2026-07-27,3204.58,41.5,150000.0,7299,686,2024-07-02,07/28,Yes,Disabled,Active
665,4072188893591568,5935,15357,Signature,Visa,100000,86666.2,13333.8,10,2026-07-11,666.69,30.74,30000.0,3157,677,2021-07-03,07/31,Yes,Disabled,Active
666,4135429510578368,7533,16853,Signature,RuPay,100000,42082.07,57917.93,9,2026-07-10,2895.9,40.27,30000.0,5215,350,2021-07-03,07/29,Yes,Disabled,Active
667,4624825091048299,2507,2833,Classic,Visa,100000,31355.7,68644.3,26,2026-07-23,3432.22,46.62,30000.0,2959,579,2022-07-03,07/29,Yes,Enabled,Active
668,4650411724455982,7136,18783,Classic,Visa,100000,67710.85,32289.15,23,2026-08-01,1614.46,43.73,30000.0,14038,423,2024-07-02,07/31,Yes,Disabled,Active
669,4264435088568740,2886,19110,Classic,Visa,100000,57570.33,42429.67,16,2026-07-26,2121.48,31.05,30000.0,19039,409,2024-07-02,07/31,Yes,Disabled,Active
670,4589631561976630,8549,17919,Classic,Visa,50000,25692.99,24307.01,19,2026-07-27,1215.35,44.2,15000.0,17137,759,2023-07-03,07/28,Yes,Enabled,Active
671,4379014141536227,4426,14309,Platinum,Mastercard,100000,53596.84,46403.16,20,2026-07-21,2320.16,46.58,30000.0,7949,830,2024-07-02,07/28,Yes,Disabled,Active
672,4293604211882330,8818,10430,Gold,Visa,100000,50736.38,49263.62,2,2026-07-18,2463.18,32.29,30000.0,3067,637,2023-07-03,07/29,Yes,Disabled,Active
673,4293340911263049,7922,3731,Gold,Visa,50000,32536.89,17463.11,25,2026-07-19,873.16,44.74,15000.0,17492,716,2026-07-02,07/28,Yes,Disabled,Active
674,4163724244807277,7617,14001,Platinum,American Express,100000,48915.95,51084.05,27,2026-07-07,2554.2,31.2,30000.0,7141,237,2022-07-03,07/30,Yes,Disabled,Active
675,4449671413577183,7137,12069,Gold,RuPay,50000,44346.3,5653.7,22,2026-07-16,282.69,41.57,15000.0,7430,332,2025-07-02,07/30,Yes,Disabled,Active
676,4557042234211755,4398,2698,Gold,RuPay,50000,33519.42,16480.58,16,2026-07-15,824.03,43.33,15000.0,19980,217,2023-07-03,07/28,Yes,Disabled,Blocked
677,4456980722460582,5281,15954,Gold,RuPay,500000,463461.78,36538.22,10,2026-07-07,1826.91,43.25,150000.0,4209,705,2021-07-03,07/29,Yes,Enabled,Active
678,4848390757151345,4023,12372,Platinum,American Express,50000,40439.09,9560.91,14,2026-07-20,478.05,47.15,15000.0,49,242,2024-07-02,07/31,No,Enabled,Active
679,4169250824424370,1420,14823,Platinum,Mastercard,500000,436147.04,63852.96,11,2026-07-11,3192.65,41.44,150000.0,9046,933,2023-07-03,07/28,Yes,Enabled,Active
680,4333818813412573,4570,12498,Classic,RuPay,50000,9228.53,40771.47,21,2026-07-17,2038.57,36.41,15000.0,24835,261,2021-07-03,07/29,Yes,Disabled,Active
681,4099950183798722,7386,8383,Gold,RuPay,50000,45597.63,4402.37,13,2026-07-22,220.12,32.53,15000.0,17479,648,2025-07-02,07/28,Yes,Disabled,Blocked
682,4763451316554821,3996,265,Classic,Visa,50000,6055.31,43944.69,19,2026-07-17,2197.23,35.14,15000.0,14444,607,2021-07-03,07/31,Yes,Disabled,Active
683,4064235392451184,7614,17974,Classic,Visa,100000,64472.29,35527.71,15,2026-07-10,1776.39,30.82,30000.0,22000,515,2021-07-03,07/30,Yes,Enabled,Active
684,4814519732714011,9742,16457,Gold,Visa,200000,122756.23,77243.77,11,2026-07-27,3862.19,42.44,60000.0,10981,812,2026-07-02,07/30,No,Enabled,Active
685,4441035108428518,5512,9106,Classic,Visa,50000,36259.39,13740.61,11,2026-07-14,687.03,45.64,15000.0,19238,233,2025-07-02,07/29,Yes,Disabled,Active
686,4007232121139717,471,8329,Gold,Visa,50000,18495.39,31504.61,28,2026-07-20,1575.23,42.23,15000.0,10920,229,2025-07-02,07/30,Yes,Disabled,Active
687,4154110892764982,8099,18772,Platinum,Mastercard,50000,28970.87,21029.13,21,2026-07-18,1051.46,33.19,15000.0,15463,950,2025-07-02,07/30,Yes,Disabled,Active
688,4338273178564327,5326,12107,Signature,Visa,50000,31776.7,18223.3,13,2026-07-25,911.16,42.56,15000.0,5218,395,2023-07-03,07/30,No,Disabled,Active
689,4664785871297391,2980,3384,Gold,Visa,200000,135767.87,64232.13,3,2026-07-12,3211.61,41.54,60000.0,21130,814,2023-07-03,07/29,Yes,Disabled,Active
690,4554607352466777,7989,2529,Classic,Visa,50000,5341.16,44658.84,12,2026-07-14,2232.94,42.13,15000.0,16387,185,2026-07-02,07/31,Yes,Disabled,Active
691,4843418005445751,3476,9015,Classic,Mastercard,100000,97223.44,2776.56,4,2026-07-11,138.83,47.63,30000.0,9354,507,2025-07-02,07/30,Yes,Disabled,Active
692,4963734911198580,5814,12957,Gold,RuPay,100000,20358.78,79641.22,9,2026-07-23,3982.06,45.24,30000.0,2618,783,2026-07-02,07/29,Yes,Disabled,Active
693,4464823609137047,4233,18602,Gold,Mastercard,50000,28142.18,21857.82,24,2026-07-25,1092.89,30.61,15000.0,24718,183,2025-07-02,07/29,Yes,Disabled,Active
694,4892728560004609,5577,17840,Gold,Visa,500000,300850.52,199149.48,13,2026-07-07,9957.47,47.56,150000.0,18951,770,2021-07-03,07/28,Yes,Enabled,Active
695,4158894509862197,4582,8449,Platinum,Mastercard,500000,423263.94,76736.06,24,2026-07-17,3836.8,35.44,150000.0,8556,259,2026-07-02,07/29,Yes,Enabled,Active
696,4890930707042175,4527,10140,Classic,RuPay,100000,6484.86,93515.14,27,2026-07-07,4675.76,47.93,30000.0,9943,575,2021-07-03,07/28,Yes,Disabled,Active
697,4846399092483381,9107,2352,Classic,Visa,200000,145027.65,54972.35,26,2026-07-09,2748.62,30.68,60000.0,20878,611,2024-07-02,07/28,Yes,Disabled,Active
698,4120703346910583,167,10590,Gold,Visa,1000000,839146.7,160853.3,21,2026-07-22,8042.66,43.31,300000.0,2459,102,2025-07-02,07/30,Yes,Disabled,Active
699,4659332592035674,8465,11399,Gold,RuPay,200000,89087.6,110912.4,13,2026-07-13,5545.62,36.58,60000.0,16543,403,2025-07-02,07/29,Yes,Disabled,Active
700,4403000299129369,3131,5900,Gold,Visa,100000,87339.44,12660.56,26,2026-07-29,633.03,39.22,30000.0,3362,997,2026-07-02,07/28,No,Disabled,Active
701,4974504171861111,1403,5080,Classic,Visa,100000,94395.52,5604.48,18,2026-07-15,280.22,38.48,30000.0,5096,638,2025-07-02,07/30,No,Disabled,Active
702,4548281126893374,3955,4772,Gold,Visa,50000,45617.2,4382.8,21,2026-07-23,219.14,40.66,15000.0,250,910,2023-07-03,07/30,Yes,Disabled,Active
703,4750900812892037,9612,16730,Classic,Mastercard,1000000,471301.68,528698.32,4,2026-07-27,26434.92,34.73,300000.0,15385,669,2023-07-03,07/31,Yes,Disabled,Active
704,4560239570945112,9650,14570,Gold,Visa,50000,45962.38,4037.62,8,2026-07-30,201.88,37.24,15000.0,18864,114,2024-07-02,07/30,Yes,Disabled,Active
705,4752578646631650,9097,2185,Classic,Mastercard,200000,87452.27,112547.73,13,2026-07-17,5627.39,37.57,60000.0,7883,339,2023-07-03,07/30,Yes,Disabled,Active
706,4260551202436682,3938,9873,Classic,Mastercard,50000,28902.43,21097.57,27,2026-07-22,1054.88,45.47,15000.0,5909,430,2026-07-02,07/30,Yes,Enabled,Active
707,4724113286334850,7801,5706,Gold,RuPay,50000,39901.89,10098.11,19,2026-08-01,504.91,36.82,15000.0,5313,384,2025-07-02,07/30,Yes,Enabled,Active
708,4621206913008639,8042,19664,Platinum,Visa,50000,43141.05,6858.95,6,2026-07-10,342.95,38.74,15000.0,5143,714,2025-07-02,07/29,Yes,Enabled,Active
709,4658328839879121,7343,1480,Classic,Visa,500000,416004.11,83995.89,25,2026-07-18,4199.79,30.14,150000.0,4955,146,2023-07-03,07/28,Yes,Enabled,Active
710,4446061530183724,283,16847,Gold,Mastercard,100000,79893.59,20106.41,12,2026-07-26,1005.32,35.56,30000.0,23825,560,2022-07-03,07/29,Yes,Enabled,Active
711,4296495032784712,1525,11559,Classic,Visa,200000,14290.96,185709.04,20,2026-07-29,9285.45,46.42,60000.0,2630,786,2023-07-03,07/31,Yes,Disabled,Active
712,4841710735407010,4821,3732,Gold,Visa,50000,41602.23,8397.77,21,2026-07-24,419.89,42.24,15000.0,14476,124,2023-07-03,07/31,Yes,Enabled,Active
713,4318367632408610,3631,8023,Classic,Mastercard,50000,17512.12,32487.88,11,2026-07-31,1624.39,46.35,15000.0,18671,870,2022-07-03,07/29,Yes,Disabled,Active
714,4683297524584309,6626,6892,Gold,RuPay,50000,29225.7,20774.3,5,2026-07-08,1038.71,31.7,15000.0,9004,783,2026-07-02,07/31,Yes,Enabled,Active
715,4883849339948637,3987,15377,Platinum,American Express,50000,29523.58,20476.42,9,2026-07-23,1023.82,37.94,15000.0,9617,702,2023-07-03,07/29,Yes,Disabled,Active
716,4410415353180414,5017,13694,Classic,Mastercard,200000,42212.41,157787.59,6,2026-07-26,7889.38,47.0,60000.0,24238,427,2021-07-03,07/28,Yes,Disabled,Active
717,4114730118496866,6047,9401,Classic,RuPay,200000,148834.73,51165.27,16,2026-07-30,2558.26,40.21,60000.0,4487,482,2026-07-02,07/30,Yes,Enabled,Active
718,4258997168696209,7754,15999,Classic,Visa,50000,20979.2,29020.8,24,2026-07-21,1451.04,30.21,15000.0,6459,516,2021-07-03,07/29,Yes,Disabled,Active
719,4017188875523295,9069,6705,Classic,American Express,200000,118995.68,81004.32,7,2026-07-20,4050.22,45.28,60000.0,22141,690,2023-07-03,07/28,No,Disabled,Active
720,4702036624915345,8699,1704,Gold,Visa,200000,85002.12,114997.88,7,2026-07-11,5749.89,34.71,60000.0,12110,881,2026-07-02,07/29,Yes,Disabled,Expired
721,4213878650975772,5633,2233,Platinum,Visa,500000,463213.49,36786.51,2,2026-07-15,1839.33,34.36,150000.0,11421,515,2023-07-03,07/30,Yes,Enabled,Active
722,4644300614934485,6972,1183,Classic,Visa,100000,37819.63,62180.37,20,2026-07-08,3109.02,32.79,30000.0,15158,909,2021-07-03,07/28,Yes,Disabled,Active
723,4415395405833756,9018,5238,Gold,Visa,100000,80600.44,19399.56,16,2026-07-08,969.98,42.95,30000.0,920,440,2022-07-03,07/29,Yes,Enabled,Active
724,4752995571141474,5420,18336,Classic,Visa,50000,33480.57,16519.43,22,2026-07-17,825.97,39.71,15000.0,8771,535,2023-07-03,07/31,Yes,Enabled,Active
725,4318174562037038,5765,12145,Platinum,RuPay,200000,198772.59,1227.41,14,2026-07-10,61.37,47.43,60000.0,144,923,2022-07-03,07/31,Yes,Disabled,Active
726,4704857144477172,7435,10455,Classic,Visa,500000,61167.59,438832.41,24,2026-07-22,21941.62,41.74,150000.0,12777,303,2026-07-02,07/28,Yes,Disabled,Active
727,4122260748690697,4439,13999,Platinum,RuPay,50000,43276.09,6723.91,22,2026-07-25,336.2,40.49,15000.0,15556,210,2023-07-03,07/30,Yes,Disabled,Active
728,4673817063182166,5024,11945,Classic,Visa,100000,56750.4,43249.6,15,2026-07-26,2162.48,33.61,30000.0,22759,286,2025-07-02,07/28,Yes,Disabled,Active
729,4642014619370079,4119,13732,Classic,Visa,100000,98737.91,1262.09,17,2026-07-08,63.1,32.42,30000.0,11424,673,2022-07-03,07/29,Yes,Disabled,Active
730,4235738615402285,3778,13539,Platinum,American Express,100000,17965.88,82034.12,13,2026-07-16,4101.71,42.22,30000.0,7866,931,2025-07-02,07/28,Yes,Enabled,Closed
731,4415352899410867,1977,4629,Gold,Visa,100000,86822.64,13177.36,13,2026-07-28,658.87,30.89,30000.0,9967,782,2021-07-03,07/31,Yes,Disabled,Active
732,4184678612889378,3156,6579,Classic,RuPay,100000,67897.56,32102.44,3,2026-07-08,1605.12,31.02,30000.0,1235,703,2026-07-02,07/29,Yes,Disabled,Active
733,4505926238616629,5170,7230,Platinum,Mastercard,50000,5325.66,44674.34,14,2026-07-20,2233.72,31.59,15000.0,13680,503,2025-07-02,07/28,Yes,Disabled,Active
734,4397346240370890,1959,11432,Gold,Mastercard,50000,19828.5,30171.5,7,2026-07-28,1508.58,44.04,15000.0,8012,108,2022-07-03,07/31,Yes,Enabled,Active
735,4513664486718460,8780,16229,Classic,Mastercard,100000,7020.46,92979.54,28,2026-07-11,4648.98,41.85,30000.0,17782,929,2025-07-02,07/31,No,Disabled,Active
736,4687191144560616,3034,2806,Classic,RuPay,200000,132068.34,67931.66,27,2026-07-17,3396.58,33.04,60000.0,18032,756,2022-07-03,07/28,Yes,Disabled,Active
737,4344498308937000,3139,9533,Classic,Visa,50000,24565.62,25434.38,15,2026-07-10,1271.72,46.05,15000.0,12698,437,2023-07-03,07/29,Yes,Disabled,Active
738,4305019508307127,3546,5930,Platinum,Mastercard,1000000,180176.38,819823.62,15,2026-07-24,40991.18,45.03,300000.0,16098,457,2021-07-03,07/31,No,Disabled,Active
739,4183063641706611,7934,7441,Classic,RuPay,200000,87966.39,112033.61,14,2026-07-26,5601.68,33.79,60000.0,3901,749,2022-07-03,07/28,Yes,Disabled,Active
740,4121371753476963,4531,3016,Classic,RuPay,1000000,393008.28,606991.72,25,2026-07-15,30349.59,35.49,300000.0,21736,711,2024-07-02,07/31,Yes,Disabled,Active
741,4262327268964956,8596,8771,Gold,Mastercard,200000,96877.47,103122.53,26,2026-07-16,5156.13,40.11,60000.0,7492,777,2024-07-02,07/31,Yes,Disabled,Active
742,4520643499218485,4637,8252,Platinum,Visa,50000,3514.72,46485.28,28,2026-07-30,2324.26,37.75,15000.0,19564,807,2024-07-02,07/28,Yes,Disabled,Active
743,4012470429775649,1648,16058,Signature,RuPay,50000,47170.26,2829.74,28,2026-07-25,141.49,35.67,15000.0,20805,907,2024-07-02,07/28,Yes,Disabled,Active
744,4366623690220957,3181,7620,Classic,RuPay,50000,23443.01,26556.99,25,2026-07-22,1327.85,41.17,15000.0,24852,438,2025-07-02,07/28,Yes,Disabled,Active
745,4284142583161032,4854,6306,Gold,Mastercard,50000,18801.03,31198.97,22,2026-07-18,1559.95,36.27,15000.0,11213,182,2024-07-02,07/31,No,Disabled,Active
746,4069337240711841,3728,14493,Classic,Visa,100000,44462.97,55537.03,4,2026-07-11,2776.85,45.23,30000.0,21882,425,2023-07-03,07/30,No,Disabled,Active
747,4170219630605082,5913,7697,Classic,RuPay,200000,55400.4,144599.6,20,2026-07-17,7229.98,47.1,60000.0,14281,862,2023-07-03,07/28,Yes,Enabled,Active
748,4897428992785593,2940,11278,Classic,RuPay,100000,43933.56,56066.44,3,2026-07-28,2803.32,35.25,30000.0,4989,158,2025-07-02,07/30,Yes,Enabled,Active
749,4722133316135761,4953,2788,Gold,Mastercard,50000,17722.71,32277.29,23,2026-07-13,1613.86,41.64,15000.0,8150,546,2022-07-03,07/30,Yes,Disabled,Active
750,4546101599637304,232,5300,Gold,Mastercard,200000,37406.79,162593.21,27,2026-07-20,8129.66,32.54,60000.0,20132,185,2021-07-03,07/28,Yes,Disabled,Active
751,4387464473564428,9410,2654,Gold,Visa,50000,45347.36,4652.64,7,2026-07-08,232.63,34.58,15000.0,10413,152,2026-07-02,07/29,Yes,Disabled,Active
752,4687330554327267,2074,6741,Gold,Visa,200000,153633.2,46366.8,22,2026-07-29,2318.34,38.27,60000.0,11402,404,2021-07-03,07/28,Yes,Disabled,Active
753,4886408322051026,4495,5540,Classic,Visa,100000,52026.08,47973.92,8,2026-07-12,2398.7,30.57,30000.0,18028,857,2025-07-02,07/28,Yes,Disabled,Active
754,4825609423075344,746,1513,Classic,Visa,200000,78936.77,121063.23,12,2026-07-11,6053.16,31.45,60000.0,22896,834,2026-07-02,07/28,No,Disabled,Active
755,4776831450177673,894,8505,Classic,RuPay,100000,74445.55,25554.45,14,2026-07-26,1277.72,38.51,30000.0,20212,504,2024-07-02,07/30,Yes,Enabled,Active
756,4786657823177375,9067,828,Classic,Visa,100000,92566.5,7433.5,16,2026-07-13,371.68,38.26,30000.0,6409,657,2022-07-03,07/31,Yes,Disabled,Active
757,4796937814709184,4787,3171,Gold,Mastercard,200000,158691.07,41308.93,6,2026-07-27,2065.45,42.08,60000.0,12274,290,2024-07-02,07/29,Yes,Disabled,Active
758,4483393540359022,9373,19771,Classic,RuPay,100000,15718.36,84281.64,8,2026-07-19,4214.08,43.12,30000.0,22613,963,2026-07-02,07/30,Yes,Enabled,Blocked
759,4164032090765041,8043,5141,Platinum,Visa,200000,65680.09,134319.91,4,2026-07-23,6716.0,33.47,60000.0,2867,649,2026-07-02,07/31,Yes,Disabled,Blocked
760,4657852585463914,1681,3617,Gold,Visa,200000,38883.36,161116.64,28,2026-07-20,8055.83,44.23,60000.0,13680,464,2022-07-03,07/28,Yes,Disabled,Active
761,4466974292059338,201,13580,Classic,Visa,500000,40247.22,459752.78,20,2026-07-16,22987.64,40.96,150000.0,7140,599,2022-07-03,07/28,Yes,Disabled,Active
762,4805961284441613,4659,6373,Gold,Visa,500000,162499.51,337500.49,4,2026-08-01,16875.02,45.08,150000.0,2519,581,2022-07-03,07/30,Yes,Enabled,Active
763,4413253269825571,7691,15789,Classic,RuPay,50000,21402.56,28597.44,24,2026-07-13,1429.87,40.87,15000.0,5050,248,2024-07-02,07/30,Yes,Disabled,Active
764,4807992441989740,7844,17761,Classic,Visa,100000,29722.17,70277.83,19,2026-07-26,3513.89,34.7,30000.0,8460,200,2025-07-02,07/30,Yes,Enabled,Active
765,4743639056385469,7217,1053,Classic,Mastercard,200000,85409.53,114590.47,24,2026-07-26,5729.52,40.9,60000.0,5761,819,2026-07-02,07/31,Yes,Disabled,Active
766,4408261406167971,5583,4346,Classic,Mastercard,200000,55517.41,144482.59,21,2026-07-12,7224.13,43.23,60000.0,8859,196,2021-07-03,07/29,Yes,Enabled,Active
767,4308072175819062,3021,12054,Classic,Visa,50000,15157.82,34842.18,20,2026-07-16,1742.11,37.91,15000.0,11502,818,2026-07-02,07/28,Yes,Disabled,Active
768,4651415784381896,842,1829,Classic,Mastercard,1000000,604297.99,395702.01,27,2026-07-12,19785.1,36.94,300000.0,2493,783,2026-07-02,07/28,Yes,Disabled,Active
769,4161474695752502,4137,2144,Gold,Mastercard,50000,14405.93,35594.07,18,2026-08-01,1779.7,43.58,15000.0,19950,793,2026-07-02,07/29,Yes,Disabled,Active
770,4417218652223973,7828,8337,Classic,Mastercard,100000,85864.35,14135.65,17,2026-07-20,706.78,43.97,30000.0,11861,931,2024-07-02,07/29,Yes,Disabled,Active
771,4342808175956329,1870,15716,Gold,RuPay,500000,51260.62,448739.38,28,2026-07-07,22436.97,34.48,150000.0,13989,926,2022-07-03,07/31,Yes,Enabled,Active
772,4215205525922276,1071,12364,Classic,Mastercard,200000,110638.42,89361.58,14,2026-07-20,4468.08,38.1,60000.0,17658,725,2022-07-03,07/30,Yes,Disabled,Active
773,4885024007729791,6566,12852,Classic,Mastercard,200000,37524.01,162475.99,12,2026-07-20,8123.8,37.78,60000.0,10675,100,2021-07-03,07/30,Yes,Disabled,Active
774,4257122966450993,8057,546,Gold,Mastercard,50000,45443.71,4556.29,26,2026-07-20,227.81,37.35,15000.0,23180,690,2025-07-02,07/31,Yes,Enabled,Active
775,4508513430108858,1214,16073,Classic,Visa,200000,149784.23,50215.77,6,2026-07-31,2510.79,36.78,60000.0,9858,626,2026-07-02,07/31,Yes,Enabled,Active
776,4503330800745608,879,6829,Classic,Visa,100000,27919.61,72080.39,10,2026-07-27,3604.02,46.57,30000.0,12087,250,2021-07-03,07/31,Yes,Disabled,Active
777,4197232625577256,2486,4933,Classic,Visa,50000,39728.84,10271.16,12,2026-07-21,513.56,42.23,15000.0,2909,588,2021-07-03,07/28,Yes,Enabled,Active
778,4446839430699682,2445,16247,Classic,American Express,100000,73405.66,26594.34,28,2026-07-18,1329.72,41.04,30000.0,22417,393,2021-07-03,07/29,No,Disabled,Active
779,4778897445221944,9222,2639,Classic,Visa,50000,33178.27,16821.73,15,2026-07-18,841.09,33.59,15000.0,2892,177,2024-07-02,07/31,Yes,Disabled,Active
780,4752043717735936,9528,11976,Classic,Visa,100000,94472.06,5527.94,6,2026-07-13,276.4,45.57,30000.0,4264,521,2023-07-03,07/28,Yes,Disabled,Active
781,4097078573406557,1396,10301,Classic,American Express,50000,4496.05,45503.95,3,2026-07-24,2275.2,31.83,15000.0,10429,614,2025-07-02,07/31,Yes,Enabled,Active
782,4957440774688516,4067,12219,Classic,Mastercard,50000,35445.4,14554.6,12,2026-07-19,727.73,36.18,15000.0,19673,700,2024-07-02,07/28,Yes,Disabled,Active
783,4751420242511232,1941,2892,Classic,Mastercard,50000,38948.15,11051.85,13,2026-07-08,552.59,35.55,15000.0,10077,561,2025-07-02,07/29,Yes,Disabled,Active
784,4488032197692568,9144,2690,Classic,Mastercard,200000,104934.88,95065.12,24,2026-07-28,4753.26,42.59,60000.0,13313,523,2024-07-02,07/31,Yes,Enabled,Active
785,4115199750265566,6819,16023,Gold,Mastercard,50000,32592.73,17407.27,11,2026-07-17,870.36,45.78,15000.0,20312,159,2022-07-03,07/30,Yes,Disabled,Expired
786,4335883362285375,3698,17949,Gold,RuPay,500000,38715.34,461284.66,25,2026-07-08,23064.23,43.18,150000.0,6425,645,2026-07-02,07/30,Yes,Enabled,Active
787,4168572705915192,8562,2856,Classic,Visa,100000,22439.13,77560.87,13,2026-07-09,3878.04,33.54,30000.0,2747,440,2021-07-03,07/30,Yes,Disabled,Blocked
788,4304078684637348,9498,14161,Classic,Visa,50000,48147.91,1852.09,26,2026-07-16,92.6,35.86,15000.0,9947,222,2022-07-03,07/29,Yes,Enabled,Active
789,4146998099793608,7382,17251,Classic,Mastercard,100000,14040.25,85959.75,6,2026-07-28,4297.99,34.5,30000.0,24250,226,2023-07-03,07/29,Yes,Disabled,Active
790,4946367901259003,7254,7550,Gold,Visa,200000,79764.26,120235.74,26,2026-07-27,6011.79,41.4,60000.0,20760,460,2023-07-03,07/29,Yes,Disabled,Active
791,4969234185913217,4872,1465,Classic,Visa,200000,169998.88,30001.12,17,2026-08-01,1500.06,41.57,60000.0,23150,250,2021-07-03,07/31,Yes,Disabled,Active
792,4243344866370869,7026,19151,Platinum,Mastercard,50000,12413.49,37586.51,14,2026-07-19,1879.33,47.33,15000.0,8506,309,2026-07-02,07/28,No,Disabled,Active
793,4455734996226068,5004,4524,Gold,RuPay,100000,87218.96,12781.04,1,2026-07-09,639.05,47.86,30000.0,23819,988,2025-07-02,07/31,Yes,Enabled,Active
794,4050521729593217,987,9498,Platinum,Visa,50000,14221.28,35778.72,19,2026-07-29,1788.94,43.56,15000.0,8507,570,2022-07-03,07/28,No,Enabled,Active
795,4942057174825585,1626,13562,Platinum,RuPay,100000,44090.22,55909.78,11,2026-07-19,2795.49,42.4,30000.0,4890,707,2025-07-02,07/30,Yes,Disabled,Active
796,4150751308547684,3405,13419,Gold,Mastercard,50000,7919.46,42080.54,17,2026-07-07,2104.03,40.99,15000.0,13081,385,2024-07-02,07/29,Yes,Enabled,Active
797,4032933736974542,3458,2110,Classic,Mastercard,50000,22695.03,27304.97,10,2026-07-23,1365.25,36.94,15000.0,5127,538,2023-07-03,07/30,Yes,Disabled,Active
798,4324703631454908,4336,18538,Classic,American Express,200000,82424.46,117575.54,12,2026-07-30,5878.78,39.08,60000.0,6019,162,2026-07-02,07/31,Yes,Disabled,Active
799,4191577276440674,1331,1616,Gold,American Express,200000,90634.63,109365.37,26,2026-07-27,5468.27,45.74,60000.0,1100,381,2026-07-02,07/29,Yes,Disabled,Active
800,4738394932835808,2574,15878,Classic,RuPay,200000,136607.66,63392.34,24,2026-07-19,3169.62,41.39,60000.0,4514,607,2025-07-02,07/28,Yes,Disabled,Active
801,4051594791571083,3930,10518,Gold,Mastercard,200000,49271.42,150728.58,28,2026-08-01,7536.43,41.68,60000.0,21507,322,2022-07-03,07/29,Yes,Disabled,Active
802,4112934523468880,2848,18435,Classic,Mastercard,500000,239214.29,260785.71,4,2026-07-26,13039.29,39.09,150000.0,14944,594,2024-07-02,07/30,Yes,Disabled,Active
803,4121961775664443,9044,10461,Gold,Mastercard,50000,12310.39,37689.61,2,2026-07-22,1884.48,30.34,15000.0,10687,410,2021-07-03,07/30,Yes,Disabled,Active
804,4443459782684962,1230,3689,Classic,Visa,50000,3260.45,46739.55,12,2026-07-25,2336.98,38.35,15000.0,4095,152,2021-07-03,07/28,Yes,Disabled,Active
805,4626866419454136,2565,15985,Platinum,Visa,100000,18413.22,81586.78,13,2026-07-24,4079.34,35.92,30000.0,21256,483,2023-07-03,07/29,Yes,Disabled,Active
806,4586593734904079,44,8602,Classic,Mastercard,50000,32580.87,17419.13,4,2026-07-31,870.96,33.48,15000.0,5493,344,2025-07-02,07/30,Yes,Disabled,Active
807,4472964882257595,6694,7103,Signature,Mastercard,50000,11673.97,38326.03,10,2026-07-18,1916.3,42.85,15000.0,13186,137,2026-07-02,07/31,Yes,Disabled,Active
808,4087403565445936,9212,13038,Gold,RuPay,50000,28144.43,21855.57,5,2026-07-10,1092.78,43.49,15000.0,11965,692,2025-07-02,07/31,Yes,Disabled,Active
809,4363544415202887,7700,240,Signature,Visa,50000,29649.28,20350.72,7,2026-07-08,1017.54,40.86,15000.0,10154,268,2023-07-03,07/30,No,Enabled,Active
810,4754806507880047,4772,11935,Gold,Mastercard,200000,157246.97,42753.03,14,2026-07-18,2137.65,40.09,60000.0,5025,499,2026-07-02,07/29,No,Disabled,Blocked
811,4897715739186971,535,8646,Gold,Mastercard,200000,154915.93,45084.07,6,2026-07-17,2254.2,45.6,60000.0,12373,184,2026-07-02,07/31,Yes,Disabled,Active
812,4397426332382910,3793,17444,Gold,Mastercard,50000,34175.53,15824.47,25,2026-07-29,791.22,36.17,15000.0,7006,491,2023-07-03,07/29,Yes,Enabled,Active
813,4562875758892619,4721,8554,Gold,Mastercard,50000,23750.7,26249.3,8,2026-07-13,1312.47,34.37,15000.0,8747,161,2026-07-02,07/28,Yes,Enabled,Active
814,4832905964157373,4633,15833,Gold,Visa,100000,81418.47,18581.53,16,2026-07-29,929.08,45.09,30000.0,20857,526,2025-07-02,07/28,Yes,Enabled,Active
815,4258228186724250,7439,1213,Classic,Visa,200000,124997.15,75002.85,22,2026-07-31,3750.14,34.15,60000.0,22338,120,2023-07-03,07/30,Yes,Disabled,Expired
816,4218975610850355,1167,15223,Gold,American Express,200000,57369.12,142630.88,15,2026-07-15,7131.54,33.15,60000.0,10882,352,2026-07-02,07/29,Yes,Disabled,Active
817,4014775532089273,3825,7563,Classic,Mastercard,500000,47514.74,452485.26,27,2026-07-16,22624.26,33.46,150000.0,20367,754,2026-07-02,07/28,Yes,Disabled,Active
818,4932630100809203,4335,16818,Classic,American Express,50000,45988.1,4011.9,19,2026-07-29,200.6,38.68,15000.0,18946,112,2025-07-02,07/30,Yes,Disabled,Active
819,4613598319600352,3242,18196,Platinum,Mastercard,100000,53170.3,46829.7,7,2026-07-14,2341.49,38.07,30000.0,18304,365,2026-07-02,07/31,Yes,Disabled,Active
820,4239675766207702,9489,8658,Classic,Mastercard,200000,37035.36,162964.64,14,2026-07-30,8148.23,44.92,60000.0,23766,562,2024-07-02,07/31,Yes,Enabled,Active
821,4885797210303244,1881,19126,Gold,RuPay,50000,49984.69,15.31,12,2026-07-25,0.77,42.93,15000.0,9794,922,2023-07-03,07/31,Yes,Enabled,Active
822,4836331541625290,8923,6660,Classic,Mastercard,1000000,452676.18,547323.82,20,2026-07-23,27366.19,34.64,300000.0,22455,489,2022-07-03,07/30,Yes,Enabled,Active
823,4868059746888430,3684,6722,Classic,Mastercard,200000,61506.36,138493.64,27,2026-07-20,6924.68,32.6,60000.0,7301,608,2023-07-03,07/29,Yes,Disabled,Active
824,4423151605992119,2442,7926,Classic,Visa,50000,12697.08,37302.92,5,2026-07-13,1865.15,41.1,15000.0,7529,358,2024-07-02,07/31,Yes,Disabled,Active
825,4597606614831313,4353,15808,Platinum,Mastercard,50000,9712.22,40287.78,2,2026-07-08,2014.39,44.14,15000.0,8680,359,2022-07-03,07/30,Yes,Disabled,Blocked
826,4777239950247313,2331,979,Gold,Mastercard,50000,44468.72,5531.28,28,2026-07-20,276.56,39.91,15000.0,20890,557,2022-07-03,07/31,Yes,Enabled,Active
827,4890867344255185,9930,15861,Classic,Visa,100000,87644.17,12355.83,17,2026-07-22,617.79,33.65,30000.0,22926,178,2024-07-02,07/29,Yes,Disabled,Active
828,4633427554000536,978,4918,Gold,RuPay,50000,11171.88,38828.12,5,2026-07-28,1941.41,32.87,15000.0,23046,771,2026-07-02,07/28,Yes,Disabled,Active
829,4418082483773464,2719,9037,Classic,Visa,500000,468258.96,31741.04,2,2026-07-14,1587.05,45.62,150000.0,13049,156,2023-07-03,07/30,Yes,Disabled,Active
830,4549625647839114,5040,8779,Signature,Mastercard,50000,49363.65,636.35,18,2026-07-17,31.82,39.0,15000.0,3267,735,2021-07-03,07/31,Yes,Disabled,Active
831,4960101155712158,4729,8804,Signature,Mastercard,100000,52846.61,47153.39,28,2026-07-13,2357.67,43.57,30000.0,19185,448,2022-07-03,07/29,Yes,Enabled,Active
832,4808860699484617,7196,10151,Platinum,RuPay,500000,68436.72,431563.28,10,2026-07-24,21578.16,44.59,150000.0,7806,696,2023-07-03,07/29,Yes,Disabled,Active
833,4359744767417261,2038,11227,Classic,RuPay,500000,387076.06,112923.94,20,2026-07-21,5646.2,39.34,150000.0,5399,718,2023-07-03,07/30,Yes,Disabled,Active
834,4868657296614896,7680,1634,Platinum,Mastercard,200000,141596.81,58403.19,1,2026-07-26,2920.16,31.18,60000.0,22904,462,2023-07-03,07/29,Yes,Enabled,Active
835,4812104507728996,4983,4860,Signature,Mastercard,100000,34020.33,65979.67,4,2026-07-29,3298.98,32.05,30000.0,15077,288,2025-07-02,07/31,Yes,Enabled,Active
836,4000297235743152,6595,10586,Signature,Mastercard,500000,299975.52,200024.48,22,2026-07-20,10001.22,46.41,150000.0,15771,906,2023-07-03,07/28,No,Enabled,Active
837,4137230260090340,4461,10216,Platinum,Visa,200000,168428.82,31571.18,15,2026-07-23,1578.56,38.8,60000.0,24167,822,2024-07-02,07/30,Yes,Disabled,Active
838,4657774389219640,8200,10469,Classic,RuPay,50000,19538.36,30461.64,24,2026-07-31,1523.08,42.09,15000.0,6003,910,2021-07-03,07/30,Yes,Disabled,Active
839,4802042286094112,8848,15587,Platinum,RuPay,50000,40588.92,9411.08,1,2026-07-27,470.55,40.26,15000.0,12265,295,2021-07-03,07/31,Yes,Enabled,Active
840,4210073354892901,8091,9803,Classic,RuPay,50000,46550.41,3449.59,13,2026-07-16,172.48,31.28,15000.0,19455,735,2025-07-02,07/30,Yes,Disabled,Active
841,4455887893773999,7173,15416,Classic,Visa,50000,11962.74,38037.26,23,2026-07-22,1901.86,45.45,15000.0,10291,466,2023-07-03,07/28,Yes,Disabled,Active
842,4940714806539430,1318,26,Gold,Mastercard,50000,25540.77,24459.23,3,2026-07-17,1222.96,30.75,15000.0,5041,156,2024-07-02,07/31,Yes,Disabled,Active
843,4129090700974002,9619,4876,Classic,Mastercard,100000,56244.98,43755.02,17,2026-07-23,2187.75,39.02,30000.0,3216,650,2022-07-03,07/29,Yes,Disabled,Active
844,4545770834596639,7079,18246,Classic,Mastercard,200000,126683.99,73316.01,6,2026-07-19,3665.8,38.62,60000.0,17170,135,2026-07-02,07/31,No,Disabled,Active
845,4692112405770504,9324,14531,Gold,American Express,50000,19679.87,30320.13,17,2026-07-31,1516.01,40.77,15000.0,20604,683,2024-07-02,07/28,Yes,Disabled,Active
846,4245935438341430,4103,19911,Platinum,Mastercard,100000,60892.67,39107.33,27,2026-07-19,1955.37,33.73,30000.0,9950,354,2026-07-02,07/28,No,Disabled,Active
847,4383372447023645,424,5272,Classic,RuPay,500000,492277.68,7722.32,4,2026-07-18,386.12,35.1,150000.0,15744,789,2025-07-02,07/28,Yes,Enabled,Active
848,4300350976552844,1497,17054,Platinum,Mastercard,50000,32189.95,17810.05,5,2026-07-16,890.5,36.8,15000.0,12836,319,2026-07-02,07/29,Yes,Disabled,Active
849,4523662067195632,9802,12698,Classic,Visa,50000,18115.6,31884.4,20,2026-07-22,1594.22,42.48,15000.0,11771,202,2022-07-03,07/31,Yes,Disabled,Active
850,4102903489136578,340,3352,Classic,RuPay,50000,30799.53,19200.47,28,2026-07-27,960.02,32.99,15000.0,16608,112,2024-07-02,07/28,Yes,Disabled,Active
851,4152260574346888,4416,9236,Classic,Visa,200000,38537.86,161462.14,5,2026-07-07,8073.11,32.61,60000.0,8504,810,2022-07-03,07/29,Yes,Disabled,Active
852,4430988901668976,9380,8145,Gold,Mastercard,200000,153579.89,46420.11,14,2026-07-07,2321.01,36.9,60000.0,803,370,2023-07-03,07/28,Yes,Disabled,Active
853,4678365874572920,2871,3056,Platinum,Visa,200000,45229.29,154770.71,3,2026-07-23,7738.54,31.87,60000.0,18427,748,2026-07-02,07/30,Yes,Disabled,Active
854,4186345452093165,7709,17255,Classic,Visa,200000,156023.38,43976.62,1,2026-07-13,2198.83,31.88,60000.0,11589,881,2023-07-03,07/30,Yes,Enabled,Active
855,4207029426694626,8503,7496,Gold,Visa,100000,37167.73,62832.27,20,2026-07-16,3141.61,31.6,30000.0,20646,514,2024-07-02,07/28,Yes,Disabled,Active
856,4975393080966271,7246,7401,Classic,Visa,100000,23138.85,76861.15,13,2026-07-16,3843.06,30.38,30000.0,9204,551,2024-07-02,07/31,Yes,Disabled,Active
857,4555482800870049,9974,7272,Platinum,Mastercard,200000,79131.56,120868.44,11,2026-07-25,6043.42,46.33,60000.0,19513,302,2025-07-02,07/28,Yes,Enabled,Active
858,4400610209384226,2974,17007,Gold,Visa,50000,44935.69,5064.31,19,2026-07-30,253.22,37.33,15000.0,22981,450,2024-07-02,07/29,Yes,Disabled,Active
859,4398736516923174,7142,14955,Gold,Visa,200000,44476.73,155523.27,15,2026-07-13,7776.16,47.31,60000.0,9943,881,2023-07-03,07/29,Yes,Disabled,Active
860,4535892686340799,9227,8962,Gold,Mastercard,500000,406863.84,93136.16,26,2026-07-10,4656.81,46.1,150000.0,15781,723,2023-07-03,07/31,No,Disabled,Active
861,4841811065693232,1495,19417,Platinum,Mastercard,100000,90379.53,9620.47,20,2026-07-21,481.02,30.28,30000.0,9698,778,2021-07-03,07/30,Yes,Enabled,Active
862,4480539513680093,7701,1757,Gold,Visa,100000,77452.98,22547.02,22,2026-07-09,1127.35,44.11,30000.0,3640,783,2021-07-03,07/28,Yes,Disabled,Active
863,4227651020756186,5701,12304,Classic,RuPay,50000,22192.56,27807.44,20,2026-07-08,1390.37,43.75,15000.0,22498,825,2022-07-03,07/31,Yes,Enabled,Active
864,4169466493346109,6691,17923,Classic,Visa,50000,37474.44,12525.56,5,2026-07-07,626.28,37.39,15000.0,24597,183,2022-07-03,07/31,Yes,Enabled,Active
865,4814764253654428,5461,4829,Gold,Visa,100000,40399.05,59600.95,19,2026-07-28,2980.05,31.22,30000.0,18729,851,2025-07-02,07/29,No,Enabled,Active
866,4891825663893942,5261,9873,Platinum,Mastercard,50000,7873.62,42126.38,9,2026-07-31,2106.32,47.31,15000.0,24477,744,2023-07-03,07/31,Yes,Disabled,Active
867,4026534037566796,1714,5469,Classic,Mastercard,50000,12800.2,37199.8,17,2026-07-22,1859.99,46.72,15000.0,1708,275,2024-07-02,07/28,Yes,Enabled,Active
868,4117372150713659,2635,15349,Gold,Mastercard,1000000,93969.73,906030.27,24,2026-07-21,45301.51,47.46,300000.0,18718,300,2022-07-03,07/30,No,Disabled,Active
869,4172006994251394,5404,14126,Gold,Visa,50000,23194.56,26805.44,6,2026-07-18,1340.27,47.07,15000.0,9557,847,2025-07-02,07/29,Yes,Disabled,Active
870,4965126149811865,6745,6643,Classic,Visa,100000,9157.14,90842.86,21,2026-07-21,4542.14,34.13,30000.0,13984,461,2024-07-02,07/30,Yes,Enabled,Active
871,4252647467230673,8118,2995,Classic,Mastercard,50000,28663.52,21336.48,1,2026-07-07,1066.82,47.23,15000.0,2646,133,2022-07-03,07/28,Yes,Disabled,Active
872,4202041316271218,4723,9000,Platinum,Visa,200000,175523.95,24476.05,15,2026-07-17,1223.8,44.52,60000.0,18819,217,2023-07-03,07/29,Yes,Disabled,Active
873,4187684602039000,6562,12812,Classic,Visa,50000,30261.71,19738.29,15,2026-07-07,986.91,30.55,15000.0,17910,394,2024-07-02,07/30,Yes,Enabled,Active
874,4981010330686947,9013,6395,Classic,Visa,50000,30657.2,19342.8,27,2026-07-12,967.14,42.75,15000.0,12205,263,2021-07-03,07/29,Yes,Enabled,Active
875,4596629798391381,602,11932,Gold,Visa,100000,95440.55,4559.45,4,2026-07-09,227.97,32.08,30000.0,10800,894,2025-07-02,07/30,Yes,Disabled,Active
876,4100450229857074,7452,17812,Gold,Visa,100000,33108.19,66891.81,26,2026-07-16,3344.59,44.88,30000.0,4300,282,2022-07-03,07/29,Yes,Disabled,Blocked
877,4807343468114550,1443,10009,Classic,Mastercard,200000,74457.33,125542.67,15,2026-07-20,6277.13,47.49,60000.0,14488,995,2024-07-02,07/30,Yes,Disabled,Active
878,4895907869172753,5154,255,Signature,RuPay,100000,47798.23,52201.77,7,2026-07-15,2610.09,38.25,30000.0,22307,866,2026-07-02,07/29,Yes,Disabled,Active
879,4943112866585469,4136,12909,Classic,RuPay,100000,31455.8,68544.2,26,2026-07-14,3427.21,33.8,30000.0,22176,597,2021-07-03,07/30,Yes,Enabled,Active
880,4551722532780025,5297,19084,Platinum,American Express,100000,10378.44,89621.56,28,2026-08-01,4481.08,46.97,30000.0,21413,943,2024-07-02,07/30,Yes,Disabled,Active
881,4804914373624356,1900,1016,Classic,RuPay,50000,12001.38,37998.62,24,2026-07-15,1899.93,34.49,15000.0,18996,767,2022-07-03,07/29,No,Disabled,Blocked
882,4467938479449535,6623,7147,Gold,American Express,100000,18089.27,81910.73,22,2026-07-08,4095.54,38.8,30000.0,22722,315,2026-07-02,07/31,Yes,Enabled,Active
883,4961660525117309,8432,13396,Classic,Mastercard,100000,9056.35,90943.65,20,2026-07-17,4547.18,32.34,30000.0,18164,441,2021-07-03,07/28,Yes,Enabled,Active
884,4314363161501124,19,9569,Gold,Visa,1000000,116788.19,883211.81,20,2026-07-17,44160.59,45.95,300000.0,19174,348,2021-07-03,07/30,Yes,Disabled,Active
885,4012192932437159,8890,19565,Classic,Visa,1000000,132415.35,867584.65,21,2026-07-11,43379.23,38.6,300000.0,23999,873,2026-07-02,07/31,Yes,Disabled,Active
886,4966632462023833,7570,4132,Classic,American Express,500000,419791.53,80208.47,7,2026-07-29,4010.42,35.99,150000.0,216,611,2023-07-03,07/31,Yes,Disabled,Active
887,4481706401725798,6771,13897,Gold,RuPay,500000,397215.94,102784.06,19,2026-07-07,5139.2,33.31,150000.0,22467,288,2025-07-02,07/28,Yes,Disabled,Active
888,4069079610523044,889,5361,Platinum,RuPay,50000,45051.29,4948.71,13,2026-07-12,247.44,43.11,15000.0,18062,764,2025-07-02,07/29,Yes,Disabled,Active
889,4197618241900585,3074,15182,Gold,Visa,100000,20287.44,79712.56,9,2026-07-12,3985.63,38.17,30000.0,1774,423,2024-07-02,07/30,Yes,Disabled,Active
890,4011687009450244,8495,16492,Platinum,Mastercard,200000,30773.82,169226.18,5,2026-07-30,8461.31,45.86,60000.0,16091,518,2026-07-02,07/31,Yes,Disabled,Active
891,4628332564550066,5928,13651,Classic,Visa,500000,48366.27,451633.73,15,2026-07-21,22581.69,43.96,150000.0,1732,544,2026-07-02,07/29,No,Disabled,Active
892,4305598606310380,8168,16907,Classic,RuPay,1000000,854504.48,145495.52,2,2026-07-17,7274.78,36.97,300000.0,23502,507,2022-07-03,07/28,Yes,Enabled,Active
893,4953045887916236,7243,2727,Signature,RuPay,100000,64090.11,35909.89,26,2026-07-07,1795.49,31.53,30000.0,19789,187,2022-07-03,07/30,Yes,Disabled,Active
894,4764830419422295,846,14505,Gold,Mastercard,200000,110456.59,89543.41,15,2026-07-29,4477.17,32.73,60000.0,9623,522,2026-07-02,07/28,Yes,Enabled,Active
895,4484701316517676,9653,1074,Classic,Visa,200000,24220.76,175779.24,22,2026-07-12,8788.96,41.16,60000.0,15422,473,2022-07-03,07/31,Yes,Disabled,Active
896,4845743811667260,4376,2733,Gold,Visa,200000,21956.63,178043.37,4,2026-07-18,8902.17,44.01,60000.0,6920,551,2024-07-02,07/28,No,Disabled,Active
897,4476244777645797,8999,158,Classic,RuPay,50000,7341.61,42658.39,11,2026-07-17,2132.92,38.94,15000.0,2896,927,2023-07-03,07/30,Yes,Enabled,Active
898,4026528342032355,2147,14311,Gold,Visa,50000,15629.6,34370.4,9,2026-07-18,1718.52,43.77,15000.0,10398,248,2023-07-03,07/28,Yes,Enabled,Active
899,4605445593212845,4720,6870,Classic,Visa,50000,16696.11,33303.89,22,2026-07-21,1665.19,43.02,15000.0,6506,766,2024-07-02,07/28,Yes,Enabled,Active
900,4696133515899516,7179,2105,Classic,RuPay,200000,120467.69,79532.31,26,2026-07-16,3976.62,38.47,60000.0,22383,361,2022-07-03,07/30,Yes,Disabled,Active
901,4452471201302868,7942,13888,Signature,Visa,100000,11129.84,88870.16,27,2026-07-20,4443.51,41.15,30000.0,16496,630,2021-07-03,07/31,Yes,Disabled,Active
902,4242021697562996,1990,19729,Classic,Visa,100000,72146.56,27853.44,23,2026-07-21,1392.67,35.99,30000.0,2097,815,2022-07-03,07/29,Yes,Disabled,Active
903,4922647318948119,473,2035,Classic,American Express,50000,42723.42,7276.58,26,2026-07-21,363.83,30.51,15000.0,13726,443,2022-07-03,07/30,Yes,Disabled,Expired
904,4492089186745612,3921,11540,Gold,Visa,50000,48331.65,1668.35,28,2026-07-09,83.42,44.4,15000.0,3445,233,2021-07-03,07/28,Yes,Disabled,Active
905,4703062655333809,2595,5415,Gold,Mastercard,200000,94055.87,105944.13,18,2026-07-28,5297.21,39.4,60000.0,11094,242,2026-07-02,07/29,No,Disabled,Active
906,4863967151652830,5092,2597,Platinum,Mastercard,100000,96057.16,3942.84,27,2026-07-28,197.14,33.02,30000.0,20214,653,2022-07-03,07/31,Yes,Disabled,Active
907,4895914843456345,9025,12410,Classic,American Express,50000,42431.25,7568.75,24,2026-07-14,378.44,32.69,15000.0,16574,594,2023-07-03,07/29,Yes,Disabled,Active
908,4226387974341688,225,14842,Gold,Mastercard,200000,122727.02,77272.98,23,2026-07-31,3863.65,30.66,60000.0,8345,438,2025-07-02,07/30,Yes,Disabled,Active
909,4761588907707132,9049,13453,Gold,Mastercard,50000,44023.21,5976.79,24,2026-08-01,298.84,42.61,15000.0,7305,692,2023-07-03,07/31,Yes,Enabled,Active
910,4074728458936295,6685,8669,Platinum,Mastercard,100000,46997.83,53002.17,14,2026-07-22,2650.11,43.43,30000.0,6790,291,2021-07-03,07/29,Yes,Enabled,Active
911,4460641623862124,1528,788,Classic,Mastercard,50000,21391.34,28608.66,20,2026-07-17,1430.43,33.71,15000.0,2789,231,2021-07-03,07/28,Yes,Disabled,Active
912,4507123508590693,9849,7159,Gold,Visa,50000,44426.91,5573.09,9,2026-08-01,278.65,33.56,15000.0,13228,569,2026-07-02,07/29,Yes,Disabled,Active
913,4366365834563383,1859,7865,Classic,Mastercard,200000,186533.23,13466.77,13,2026-07-11,673.34,40.14,60000.0,20694,184,2023-07-03,07/28,Yes,Disabled,Active
914,4696188199876570,7561,10268,Gold,Visa,200000,29461.59,170538.41,3,2026-07-26,8526.92,41.32,60000.0,6061,194,2024-07-02,07/30,Yes,Disabled,Active
915,4643622571917627,1925,3001,Platinum,Mastercard,50000,40285.8,9714.2,24,2026-07-16,485.71,45.8,15000.0,9362,109,2021-07-03,07/29,Yes,Disabled,Active
916,4507050763550094,2523,8287,Platinum,Visa,50000,10313.92,39686.08,26,2026-07-27,1984.3,34.26,15000.0,5041,432,2024-07-02,07/31,Yes,Disabled,Active
917,4399253027668441,8166,7839,Classic,Visa,1000000,257357.94,742642.06,5,2026-07-10,37132.1,43.82,300000.0,4939,126,2025-07-02,07/28,Yes,Disabled,Active
918,4851565675633181,4782,18866,Classic,RuPay,1000000,962538.19,37461.81,2,2026-07-23,1873.09,32.77,300000.0,21977,322,2025-07-02,07/30,Yes,Disabled,Active
919,4786499760406690,8338,3774,Classic,RuPay,50000,28992.24,21007.76,26,2026-07-31,1050.39,38.62,15000.0,1171,428,2026-07-02,07/28,Yes,Enabled,Active
920,4754908430747176,4480,4982,Classic,Visa,200000,12640.48,187359.52,27,2026-07-19,9367.98,43.61,60000.0,6847,220,2023-07-03,07/28,Yes,Disabled,Blocked
921,4877387999753703,6808,15128,Gold,Visa,100000,92701.21,7298.79,12,2026-07-26,364.94,40.94,30000.0,13192,711,2023-07-03,07/31,Yes,Enabled,Active
922,4047387580651128,7906,13312,Gold,Visa,1000000,764572.34,235427.66,18,2026-07-31,11771.38,38.84,300000.0,9349,812,2022-07-03,07/29,Yes,Disabled,Active
923,4418356653238278,7737,13790,Platinum,Mastercard,50000,15220.1,34779.9,7,2026-07-16,1739.0,39.35,15000.0,5409,896,2025-07-02,07/31,Yes,Disabled,Active
924,4819506445482447,3994,3220,Platinum,Visa,200000,162864.11,37135.89,16,2026-07-31,1856.79,31.59,60000.0,1264,509,2025-07-02,07/28,Yes,Disabled,Active
925,4335172045777805,7484,3876,Classic,Visa,100000,62034.59,37965.41,13,2026-07-07,1898.27,45.48,30000.0,12289,177,2026-07-02,07/29,Yes,Disabled,Active
926,4991393799994020,9032,9505,Classic,RuPay,50000,16309.33,33690.67,22,2026-07-15,1684.53,41.37,15000.0,10314,387,2024-07-02,07/30,Yes,Disabled,Active
927,4649179935966677,2370,6805,Classic,Visa,50000,49670.1,329.9,17,2026-07-14,16.5,39.63,15000.0,21565,904,2026-07-02,07/30,Yes,Disabled,Active
928,4754935046287025,6285,8254,Classic,Mastercard,200000,163201.05,36798.95,7,2026-07-30,1839.95,47.3,60000.0,15184,134,2026-07-02,07/31,Yes,Disabled,Active
929,4185327431076863,3123,14259,Platinum,Visa,200000,90483.69,109516.31,11,2026-07-12,5475.82,39.01,60000.0,392,214,2023-07-03,07/28,Yes,Disabled,Active
930,4752687584954098,8328,1738,Classic,Visa,100000,37084.92,62915.08,1,2026-07-21,3145.75,40.01,30000.0,3389,228,2021-07-03,07/30,Yes,Disabled,Active
931,4299550926888331,2237,17755,Classic,Visa,50000,14924.29,35075.71,7,2026-07-22,1753.79,33.04,15000.0,17526,929,2023-07-03,07/30,Yes,Disabled,Active
932,4183694835870594,1144,1230,Classic,Mastercard,100000,37343.25,62656.75,17,2026-08-01,3132.84,40.7,30000.0,2391,838,2026-07-02,07/31,Yes,Enabled,Closed
933,4270155053373927,9305,16915,Classic,RuPay,50000,35716.9,14283.1,28,2026-07-27,714.16,43.78,15000.0,23279,289,2025-07-02,07/31,No,Disabled,Expired
934,4405863191775097,6799,13310,Gold,Mastercard,100000,20315.68,79684.32,19,2026-07-08,3984.22,41.06,30000.0,21818,515,2023-07-03,07/28,Yes,Disabled,Active
935,4594448597006707,5569,19456,Classic,RuPay,200000,95630.38,104369.62,1,2026-07-21,5218.48,30.84,60000.0,8059,599,2022-07-03,07/28,Yes,Disabled,Active
936,4851487098255664,8319,9977,Classic,Mastercard,500000,165101.85,334898.15,28,2026-07-20,16744.91,46.81,150000.0,5767,730,2023-07-03,07/30,Yes,Disabled,Active
937,4443605119243881,4378,10940,Classic,Mastercard,500000,114264.8,385735.2,25,2026-07-11,19286.76,31.1,150000.0,14334,283,2023-07-03,07/29,Yes,Enabled,Active
938,4934267097870334,43,11234,Classic,Visa,200000,28234.57,171765.43,5,2026-07-15,8588.27,38.37,60000.0,24400,590,2024-07-02,07/28,Yes,Disabled,Active
939,4078839491429153,4635,13116,Signature,Visa,200000,90796.38,109203.62,25,2026-07-23,5460.18,34.16,60000.0,4581,905,2025-07-02,07/31,Yes,Enabled,Active
940,4787705512907012,4892,6444,Platinum,Mastercard,50000,48321.11,1678.89,21,2026-07-27,83.94,39.67,15000.0,16863,315,2022-07-03,07/30,Yes,Disabled,Expired
941,4604458639644658,8023,12654,Platinum,Visa,50000,19330.69,30669.31,28,2026-07-29,1533.47,36.42,15000.0,9910,845,2021-07-03,07/29,Yes,Disabled,Active
942,4402181994562955,2435,18749,Gold,Visa,200000,111922.19,88077.81,20,2026-07-21,4403.89,41.04,60000.0,19896,579,2021-07-03,07/29,Yes,Enabled,Active
943,4784330603349646,7317,1207,Gold,Visa,50000,45506.35,4493.65,15,2026-07-14,224.68,47.83,15000.0,16194,527,2023-07-03,07/28,Yes,Disabled,Active
944,4368051141137262,8825,18769,Gold,Mastercard,100000,76571.75,23428.25,14,2026-07-14,1171.41,40.74,30000.0,8426,729,2024-07-02,07/30,Yes,Disabled,Active
945,4761452070679933,7936,5497,Classic,Visa,200000,145660.64,54339.36,13,2026-07-28,2716.97,44.31,60000.0,6713,837,2021-07-03,07/29,Yes,Disabled,Active
946,4943750054777281,5655,10144,Classic,Visa,100000,74549.34,25450.66,25,2026-07-21,1272.53,43.92,30000.0,18272,684,2021-07-03,07/29,Yes,Disabled,Active
947,4408654929766503,5447,16084,Gold,RuPay,100000,73457.65,26542.35,23,2026-07-15,1327.12,37.53,30000.0,18830,955,2024-07-02,07/30,No,Disabled,Active
948,4877935563395473,9043,14725,Platinum,Visa,1000000,487416.21,512583.79,19,2026-07-23,25629.19,46.6,300000.0,17686,614,2025-07-02,07/31,Yes,Disabled,Active
949,4201310868336622,8904,7609,Classic,Visa,100000,61688.71,38311.29,17,2026-07-19,1915.56,40.71,30000.0,5793,214,2025-07-02,07/28,Yes,Disabled,Active
950,4033630282444756,6181,2685,Gold,Visa,100000,93967.72,6032.28,6,2026-07-12,301.61,32.08,30000.0,11076,145,2025-07-02,07/31,Yes,Disabled,Active
951,4056081522157608,7461,16896,Platinum,Visa,100000,52242.7,47757.3,24,2026-07-07,2387.87,43.8,30000.0,849,271,2022-07-03,07/30,Yes,Disabled,Active
952,4088805953985671,5273,13146,Platinum,Mastercard,50000,2902.89,47097.11,24,2026-07-18,2354.86,30.65,15000.0,11673,444,2026-07-02,07/28,Yes,Disabled,Active
953,4046000395218957,3091,11982,Gold,Visa,200000,90486.22,109513.78,23,2026-07-10,5475.69,40.8,60000.0,2743,257,2022-07-03,07/29,Yes,Enabled,Active
954,4088800928094531,3913,14712,Signature,Visa,50000,33231.82,16768.18,1,2026-07-19,838.41,37.19,15000.0,2237,807,2025-07-02,07/31,Yes,Disabled,Active
955,4589440150658616,6275,7538,Signature,RuPay,100000,12899.25,87100.75,20,2026-07-26,4355.04,46.67,30000.0,6411,160,2025-07-02,07/30,Yes,Disabled,Active
956,4411266567988876,3827,18702,Classic,Mastercard,100000,31538.89,68461.11,28,2026-07-24,3423.06,30.87,30000.0,9443,467,2026-07-02,07/30,Yes,Enabled,Active
957,4177987278887641,6731,1250,Classic,RuPay,200000,49404.76,150595.24,18,2026-07-14,7529.76,34.92,60000.0,18478,433,2024-07-02,07/30,Yes,Disabled,Active
958,4395419235265850,716,8451,Platinum,Visa,50000,17695.04,32304.96,9,2026-07-09,1615.25,35.49,15000.0,21795,733,2021-07-03,07/28,Yes,Disabled,Active
959,4317547688109945,5214,13136,Classic,Visa,1000000,579090.53,420909.47,10,2026-07-28,21045.47,42.82,300000.0,16998,427,2022-07-03,07/28,Yes,Disabled,Active
960,4073754735298567,9786,13536,Signature,Mastercard,50000,11684.69,38315.31,2,2026-07-10,1915.77,37.13,15000.0,12401,261,2023-07-03,07/31,Yes,Enabled,Active
961,4109329337803883,6247,12796,Gold,RuPay,500000,109616.58,390383.42,15,2026-07-12,19519.17,31.94,150000.0,1853,447,2025-07-02,07/28,Yes,Disabled,Active
962,4129068262171689,6326,18962,Classic,Visa,50000,13541.75,36458.25,9,2026-07-30,1822.91,34.07,15000.0,3571,911,2024-07-02,07/28,Yes,Enabled,Active
963,4681848556370191,2493,3039,Classic,Visa,500000,269398.18,230601.82,20,2026-07-25,11530.09,45.58,150000.0,24439,629,2026-07-02,07/28,Yes,Disabled,Active
964,4934774235429312,8116,9848,Classic,Mastercard,100000,85692.64,14307.36,18,2026-07-11,715.37,33.52,30000.0,24811,605,2021-07-03,07/29,Yes,Enabled,Active
965,4896753923555402,607,13000,Classic,Mastercard,100000,80753.09,19246.91,13,2026-07-19,962.35,42.75,30000.0,17441,231,2022-07-03,07/31,Yes,Disabled,Active
966,4630829561773064,9243,9685,Classic,Mastercard,100000,31318.9,68681.1,3,2026-07-15,3434.06,44.23,30000.0,8628,325,2026-07-02,07/28,Yes,Disabled,Active
967,4593422078018288,8230,19027,Platinum,RuPay,50000,43239.01,6760.99,6,2026-07-26,338.05,37.78,15000.0,20160,578,2026-07-02,07/28,Yes,Enabled,Active
968,4537787675095079,5440,4288,Classic,Visa,100000,78502.77,21497.23,19,2026-07-25,1074.86,32.76,30000.0,19890,361,2025-07-02,07/31,Yes,Disabled,Active
969,4921126208046978,1645,17216,Platinum,Visa,100000,72595.73,27404.27,13,2026-07-24,1370.21,38.34,30000.0,15067,582,2021-07-03,07/31,Yes,Disabled,Active
970,4306491851816518,7214,6965,Signature,RuPay,100000,18335.31,81664.69,17,2026-07-20,4083.23,45.57,30000.0,17602,268,2023-07-03,07/30,Yes,Enabled,Active
971,4027694179490232,1634,5955,Classic,Visa,200000,86247.62,113752.38,21,2026-07-15,5687.62,33.7,60000.0,11142,633,2021-07-03,07/30,Yes,Disabled,Active
972,4731218746473797,8618,8272,Signature,Mastercard,1000000,375067.36,624932.64,17,2026-07-10,31246.63,31.5,300000.0,13460,844,2024-07-02,07/30,No,Disabled,Active
973,4202511749351344,7487,15995,Gold,Visa,200000,65147.47,134852.53,7,2026-07-18,6742.63,44.19,60000.0,13931,173,2025-07-02,07/30,Yes,Enabled,Active
974,4596717816088180,252,2458,Platinum,Visa,100000,79094.41,20905.59,20,2026-07-10,1045.28,36.02,30000.0,17225,100,2024-07-02,07/30,Yes,Enabled,Expired
975,4960853838887089,2362,19753,Classic,Mastercard,100000,85153.03,14846.97,3,2026-07-17,742.35,47.66,30000.0,15768,329,2022-07-03,07/28,Yes,Disabled,Active
976,4953011136053598,6718,11898,Gold,Mastercard,100000,78039.19,21960.81,16,2026-07-10,1098.04,41.96,30000.0,24671,761,2024-07-02,07/30,No,Disabled,Active
977,4136096287809435,2530,17565,Classic,RuPay,200000,107110.39,92889.61,22,2026-07-24,4644.48,37.56,60000.0,2059,135,2022-07-03,07/30,Yes,Disabled,Blocked
978,4895899942412486,1226,11491,Gold,Mastercard,100000,6300.54,93699.46,26,2026-08-01,4684.97,34.75,30000.0,10970,630,2023-07-03,07/31,Yes,Enabled,Active
979,4367242306272460,7693,8943,Classic,Mastercard,50000,28975.61,21024.39,24,2026-07-23,1051.22,41.0,15000.0,10316,999,2025-07-02,07/30,Yes,Enabled,Active
980,4095351595162637,9828,1406,Platinum,Mastercard,200000,146865.03,53134.97,9,2026-08-01,2656.75,44.05,60000.0,15555,326,2023-07-03,07/29,Yes,Disabled,Active
981,4192018845845289,5547,15312,Classic,Visa,100000,31437.48,68562.52,14,2026-07-15,3428.13,42.45,30000.0,12913,984,2023-07-03,07/28,Yes,Disabled,Blocked
982,4623109580806445,6513,19541,Platinum,Visa,500000,406631.14,93368.86,13,2026-07-16,4668.44,47.58,150000.0,8597,706,2023-07-03,07/31,Yes,Disabled,Active
983,4028462952399676,1316,13432,Classic,Visa,1000000,180110.02,819889.98,25,2026-07-21,40994.5,30.52,300000.0,13221,981,2022-07-03,07/31,Yes,Disabled,Active
984,4611183021143652,5384,3358,Gold,Mastercard,50000,9808.42,40191.58,7,2026-07-14,2009.58,38.97,15000.0,16401,556,2026-07-02,07/30,No,Disabled,Expired
985,4846104004256475,8743,6432,Classic,RuPay,100000,93716.87,6283.13,8,2026-07-15,314.16,39.32,30000.0,11510,573,2025-07-02,07/31,No,Disabled,Active
986,4645618582639294,6227,17016,Platinum,Visa,200000,35084.43,164915.57,20,2026-07-23,8245.78,44.92,60000.0,8555,373,2026-07-02,07/30,No,Disabled,Active
987,4630734607186865,5189,13180,Classic,Visa,1000000,76868.13,923131.87,8,2026-07-07,46156.59,47.27,300000.0,5411,351,2024-07-02,07/31,Yes,Disabled,Expired
988,4827014901962590,7995,9576,Gold,Visa,50000,21631.0,28369.0,3,2026-07-28,1418.45,47.05,15000.0,4588,816,2026-07-02,07/31,No,Enabled,Active
989,4029935725486855,8865,4928,Platinum,Visa,50000,8461.9,41538.1,23,2026-07-17,2076.91,41.49,15000.0,10728,342,2022-07-03,07/28,Yes,Enabled,Active
990,4842139513667760,589,11091,Platinum,Mastercard,50000,17771.66,32228.34,8,2026-07-08,1611.42,46.86,15000.0,4061,688,2023-07-03,07/30,Yes,Enabled,Active
991,4875278875124223,1122,14537,Classic,RuPay,100000,35855.32,64144.68,14,2026-07-26,3207.23,46.75,30000.0,11359,902,2024-07-02,07/29,Yes,Disabled,Active
992,4647374443838124,3847,9453,Gold,Mastercard,500000,258799.94,241200.06,26,2026-08-01,12060.0,34.47,150000.0,19534,581,2022-07-03,07/28,Yes,Enabled,Active
993,4536489814157641,4709,11929,Signature,Mastercard,50000,32701.07,17298.93,11,2026-07-07,864.95,46.74,15000.0,14758,541,2023-07-03,07/30,Yes,Disabled,Active
994,4114389896219603,9255,11946,Platinum,Visa,50000,42643.93,7356.07,8,2026-08-01,367.8,35.22,15000.0,11653,737,2024-07-02,07/30,No,Disabled,Blocked
995,4239668455730970,1481,16474,Signature,Visa,100000,46966.86,53033.14,23,2026-07-08,2651.66,35.29,30000.0,2603,585,2026-07-02,07/30,No,Disabled,Active
996,4423309620605955,7111,11478,Gold,Mastercard,200000,182236.95,17763.05,1,2026-07-09,888.15,30.6,60000.0,12183,909,2022-07-03,07/29,Yes,Enabled,Active
997,4061622525106254,9775,5557,Classic,RuPay,50000,47923.75,2076.25,3,2026-07-24,103.81,39.58,15000.0,6922,640,2024-07-02,07/30,No,Disabled,Active
998,4288875261174418,1647,10059,Classic,Visa,200000,53144.28,146855.72,1,2026-07-15,7342.79,38.34,60000.0,18310,298,2021-07-03,07/29,Yes,Disabled,Active
999,4565482535639369,7270,18647,Gold,Mastercard,50000,21790.55,28209.45,11,2026-07-14,1410.47,31.65,15000.0,10716,438,2023-07-03,07/31,Yes,Enabled,Active
1000,4778982934959191,2726,4559,Classic,Mastercard,50000,42751.68,7248.32,26,2026-07-11,362.42,34.37,15000.0,21296,745,2021-07-03,07/29,Yes,Disabled,Active
1001,4452960543853502,4907,10804,Classic,Visa,500000,392385.7,107614.3,13,2026-07-28,5380.72,44.4,150000.0,10667,791,2023-07-03,07/31,Yes,Disabled,Active
1002,4508381376226242,475,15300,Gold,Visa,100000,23891.52,76108.48,14,2026-07-10,3805.42,34.6,30000.0,14234,463,2025-07-02,07/30,Yes,Enabled,Active
1003,4440303609390331,754,7334,Gold,Visa,50000,3417.44,46582.56,28,2026-07-24,2329.13,35.75,15000.0,17806,189,2021-07-03,07/30,No,Disabled,Active
1004,4849145771204975,5315,2537,Platinum,Mastercard,200000,104866.19,95133.81,16,2026-07-08,4756.69,30.69,60000.0,4951,229,2022-07-03,07/28,Yes,Disabled,Active
1005,4846084736012398,920,1467,Classic,Visa,200000,41642.86,158357.14,28,2026-07-07,7917.86,41.3,60000.0,15700,849,2021-07-03,07/30,Yes,Enabled,Active
1006,4145282424912012,4807,2851,Platinum,Visa,100000,85451.44,14548.56,14,2026-07-20,727.43,36.33,30000.0,1416,279,2025-07-02,07/29,Yes,Disabled,Expired
1007,4233498648717109,5874,14308,Platinum,Mastercard,50000,48946.89,1053.11,2,2026-07-20,52.66,40.42,15000.0,10459,573,2026-07-02,07/28,No,Enabled,Active
1008,4212718790822530,6142,13717,Gold,Visa,200000,113808.4,86191.6,27,2026-07-08,4309.58,46.13,60000.0,19060,403,2025-07-02,07/29,Yes,Disabled,Active
1009,4453931073860750,7057,10357,Gold,Visa,50000,41609.72,8390.28,20,2026-07-14,419.51,33.43,15000.0,12823,893,2024-07-02,07/29,Yes,Disabled,Active
1010,4617055249290604,2386,8833,Platinum,Visa,50000,27105.29,22894.71,4,2026-07-12,1144.74,36.14,15000.0,22939,994,2022-07-03,07/29,Yes,Disabled,Active
1011,4544853134064797,4001,7831,Gold,Visa,500000,62797.78,437202.22,23,2026-07-09,21860.11,47.66,150000.0,22466,455,2021-07-03,07/30,Yes,Disabled,Active
1012,4642824572237829,9477,11631,Classic,RuPay,100000,47921.36,52078.64,24,2026-07-17,2603.93,40.28,30000.0,12078,578,2026-07-02,07/31,Yes,Disabled,Active
1013,4056467458479867,6752,2126,Classic,Visa,50000,37604.41,12395.59,14,2026-07-23,619.78,45.49,15000.0,654,857,2026-07-02,07/28,No,Disabled,Active
1014,4580560894410986,2951,17167,Gold,Mastercard,100000,99693.36,306.64,27,2026-07-22,15.33,45.32,30000.0,1630,186,2024-07-02,07/31,Yes,Disabled,Active
1015,4675449469365151,2786,1210,Classic,Visa,1000000,900077.84,99922.16,27,2026-07-10,4996.11,47.48,300000.0,12071,510,2025-07-02,07/31,Yes,Disabled,Active
1016,4347874431117249,2869,16356,Classic,Mastercard,100000,66587.95,33412.05,8,2026-07-18,1670.6,45.54,30000.0,20126,737,2021-07-03,07/30,Yes,Disabled,Active
1017,4711002684518104,1294,19179,Gold,Mastercard,100000,42581.01,57418.99,7,2026-07-18,2870.95,34.3,30000.0,1231,317,2021-07-03,07/28,Yes,Disabled,Active
1018,4577328160525441,9598,6105,Gold,Mastercard,50000,19533.78,30466.22,13,2026-07-25,1523.31,45.38,15000.0,19308,301,2024-07-02,07/30,Yes,Enabled,Expired
1019,4444902668486034,3946,16219,Classic,Mastercard,200000,173885.47,26114.53,25,2026-07-25,1305.73,31.42,60000.0,9851,308,2026-07-02,07/29,Yes,Enabled,Active
1020,4064058402073736,8154,13688,Platinum,Visa,50000,38237.33,11762.67,20,2026-07-15,588.13,33.55,15000.0,18894,202,2023-07-03,07/31,Yes,Disabled,Expired
1021,4372962807014746,2345,11430,Classic,Visa,200000,97949.65,102050.35,19,2026-07-11,5102.52,32.07,60000.0,45,209,2022-07-03,07/28,Yes,Disabled,Active
1022,4218624923561348,3805,9817,Gold,Mastercard,100000,10883.8,89116.2,13,2026-07-08,4455.81,41.57,30000.0,13501,393,2021-07-03,07/29,Yes,Disabled,Blocked
1023,4011277661224872,7556,9670,Signature,Visa,500000,365179.64,134820.36,13,2026-07-19,6741.02,46.44,150000.0,20454,448,2024-07-02,07/31,Yes,Disabled,Active
1024,4590571112701916,4162,15978,Platinum,Visa,50000,12408.04,37591.96,3,2026-07-19,1879.6,39.26,15000.0,19902,445,2023-07-03,07/30,Yes,Enabled,Active
1025,4643813980968546,7530,12230,Classic,Mastercard,500000,371839.02,128160.98,18,2026-07-12,6408.05,40.18,150000.0,23065,437,2025-07-02,07/30,Yes,Enabled,Active
1026,4259211008963511,4184,5519,Classic,Visa,500000,194515.61,305484.39,5,2026-07-07,15274.22,46.3,150000.0,5317,940,2021-07-03,07/28,Yes,Disabled,Active
1027,4749554656117164,154,10714,Gold,RuPay,50000,7146.86,42853.14,4,2026-07-20,2142.66,35.62,15000.0,8949,810,2021-07-03,07/28,No,Disabled,Active
1028,4800311487821270,7623,4109,Gold,Visa,50000,44600.24,5399.76,24,2026-07-30,269.99,46.58,15000.0,12928,278,2023-07-03,07/31,Yes,Disabled,Closed
1029,4998154043319199,4713,19335,Classic,Mastercard,50000,2737.93,47262.07,16,2026-07-27,2363.1,42.71,15000.0,13979,825,2023-07-03,07/31,Yes,Disabled,Active
1030,4043780220780685,8956,16157,Platinum,American Express,500000,262876.8,237123.2,5,2026-07-16,11856.16,44.37,150000.0,4507,452,2024-07-02,07/29,Yes,Enabled,Active
1031,4654879725626819,2589,18893,Gold,Visa,200000,73378.97,126621.03,13,2026-07-27,6331.05,33.45,60000.0,21974,741,2025-07-02,07/31,Yes,Disabled,Active
1032,4183972565004510,1211,6265,Classic,Visa,500000,149642.97,350357.03,10,2026-07-29,17517.85,38.42,150000.0,1868,454,2026-07-02,07/31,No,Disabled,Active
1033,4995667374574729,7238,10662,Gold,RuPay,100000,99417.65,582.35,12,2026-07-09,29.12,41.0,30000.0,8428,665,2024-07-02,07/30,Yes,Enabled,Active
1034,4810302526179054,5662,11228,Classic,Visa,100000,68018.54,31981.46,8,2026-08-01,1599.07,46.77,30000.0,7516,511,2024-07-02,07/28,No,Disabled,Active
1035,4912478749078816,4902,17859,Platinum,Visa,50000,38725.83,11274.17,17,2026-07-09,563.71,37.94,15000.0,17246,935,2022-07-03,07/29,Yes,Disabled,Active
1036,4180179474803829,6952,3446,Classic,RuPay,200000,38194.26,161805.74,18,2026-07-23,8090.29,37.25,60000.0,7888,155,2023-07-03,07/30,Yes,Disabled,Active
1037,4550729769153700,4098,1493,Platinum,Visa,200000,194917.3,5082.7,9,2026-07-20,254.13,31.13,60000.0,20788,663,2023-07-03,07/31,Yes,Disabled,Active
1038,4882101342231400,7485,682,Gold,Visa,50000,23026.08,26973.92,13,2026-07-07,1348.7,31.18,15000.0,20611,399,2026-07-02,07/29,Yes,Disabled,Active
1039,4779612948610377,4950,19658,Classic,RuPay,200000,91467.31,108532.69,18,2026-07-25,5426.63,39.98,60000.0,23439,667,2023-07-03,07/31,Yes,Disabled,Active
1040,4612555667052212,3264,11193,Gold,Mastercard,500000,396574.65,103425.35,14,2026-07-23,5171.27,44.55,150000.0,2768,760,2021-07-03,07/31,Yes,Enabled,Active
1041,4967706734331575,6303,10660,Gold,Visa,100000,34868.86,65131.14,13,2026-07-30,3256.56,32.52,30000.0,11852,385,2024-07-02,07/29,Yes,Disabled,Active
1042,4458809790346163,7917,11412,Classic,Mastercard,200000,139921.98,60078.02,25,2026-07-14,3003.9,42.13,60000.0,8748,389,2026-07-02,07/31,Yes,Disabled,Active
1043,4559586819197416,1748,9085,Gold,Visa,200000,113353.82,86646.18,25,2026-07-26,4332.31,35.59,60000.0,24897,169,2026-07-02,07/29,Yes,Enabled,Active
1044,4908995404914739,3887,16305,Classic,Visa,200000,97891.18,102108.82,9,2026-07-25,5105.44,39.88,60000.0,15401,184,2026-07-02,07/28,No,Disabled,Active
1045,4766274186756486,6249,1961,Classic,Mastercard,50000,38496.09,11503.91,21,2026-07-31,575.2,31.03,15000.0,7457,625,2026-07-02,07/31,Yes,Disabled,Active
1046,4814251910492289,9961,12418,Classic,RuPay,500000,227627.57,272372.43,4,2026-07-23,13618.62,44.17,150000.0,5441,574,2024-07-02,07/28,Yes,Disabled,Active
1047,4183362977333862,4848,2394,Gold,RuPay,50000,7082.4,42917.6,9,2026-07-10,2145.88,41.47,15000.0,3720,706,2026-07-02,07/29,Yes,Enabled,Active
1048,4731062649697322,4838,4460,Classic,Visa,200000,76573.11,123426.89,14,2026-07-10,6171.34,32.23,60000.0,13413,211,2021-07-03,07/30,Yes,Disabled,Active
1049,4758327939416352,360,19023,Classic,RuPay,50000,15108.48,34891.52,22,2026-07-16,1744.58,47.41,15000.0,5995,918,2025-07-02,07/29,Yes,Disabled,Active
1050,4976815394046068,9693,14781,Gold,RuPay,200000,102876.54,97123.46,12,2026-07-15,4856.17,44.19,60000.0,9656,234,2024-07-02,07/29,Yes,Disabled,Active
1051,4525048005893517,4498,14991,Platinum,Visa,100000,72898.95,27101.05,12,2026-08-01,1355.05,33.74,30000.0,15159,707,2025-07-02,07/30,No,Disabled,Active
1052,4080138314045988,133,4632,Classic,RuPay,100000,44633.09,55366.91,24,2026-07-15,2768.35,38.44,30000.0,14429,677,2025-07-02,07/31,No,Disabled,Active
1053,4130108797265922,804,5065,Classic,Mastercard,200000,65734.3,134265.7,19,2026-07-18,6713.29,32.8,60000.0,7955,537,2026-07-02,07/31,Yes,Enabled,Active
1054,4687345141172761,8139,3489,Classic,Mastercard,50000,5993.34,44006.66,5,2026-07-11,2200.33,46.77,15000.0,9170,124,2025-07-02,07/29,Yes,Enabled,Active
1055,4487720736013599,4690,11476,Classic,Visa,500000,273996.42,226003.58,5,2026-07-29,11300.18,45.65,150000.0,4301,644,2021-07-03,07/29,Yes,Disabled,Active
1056,4957178471632926,9808,14969,Classic,Visa,100000,44172.06,55827.94,26,2026-07-11,2791.4,42.88,30000.0,17040,321,2022-07-03,07/31,Yes,Disabled,Active
1057,4347016295957993,5773,16277,Classic,Visa,1000000,886290.99,113709.01,12,2026-07-22,5685.45,34.48,300000.0,863,464,2025-07-02,07/28,Yes,Disabled,Active
1058,4906848911419975,3589,1694,Platinum,RuPay,100000,97119.49,2880.51,25,2026-07-12,144.03,42.32,30000.0,14872,785,2024-07-02,07/28,Yes,Disabled,Active
1059,4064891572156340,3116,7687,Classic,Visa,50000,47207.37,2792.63,27,2026-07-17,139.63,44.59,15000.0,20441,628,2021-07-03,07/31,No,Enabled,Active
1060,4095040694097120,4107,14540,Classic,Mastercard,200000,194384.34,5615.66,18,2026-07-20,280.78,38.89,60000.0,11454,628,2021-07-03,07/31,Yes,Disabled,Active
1061,4032849366114351,2241,4402,Gold,Visa,1000000,441684.06,558315.94,26,2026-07-14,27915.8,41.72,300000.0,8860,883,2021-07-03,07/30,No,Disabled,Active
1062,4369625248973205,1592,18342,Gold,Mastercard,500000,430537.63,69462.37,23,2026-07-20,3473.12,40.15,150000.0,24109,953,2021-07-03,07/30,Yes,Disabled,Active
1063,4846920425582401,646,18842,Classic,Visa,1000000,918259.06,81740.94,27,2026-07-10,4087.05,37.76,300000.0,8715,464,2021-07-03,07/29,No,Enabled,Active
1064,4006238837146578,5062,7228,Classic,Mastercard,500000,240373.63,259626.37,24,2026-07-12,12981.32,38.45,150000.0,6826,450,2023-07-03,07/28,Yes,Disabled,Active
1065,4053683531333057,7223,28,Platinum,RuPay,50000,46562.64,3437.36,11,2026-07-22,171.87,44.6,15000.0,6974,517,2021-07-03,07/28,Yes,Enabled,Active
1066,4263153756694749,547,16330,Platinum,RuPay,500000,465241.97,34758.03,14,2026-07-08,1737.9,30.45,150000.0,8924,486,2026-07-02,07/30,Yes,Enabled,Active
1067,4084391507892941,9936,2600,Gold,RuPay,1000000,255262.63,744737.37,16,2026-07-29,37236.87,38.82,300000.0,9864,952,2026-07-02,07/30,Yes,Disabled,Active
1068,4540158627651225,2154,2693,Classic,Mastercard,100000,50265.31,49734.69,5,2026-07-13,2486.73,42.85,30000.0,18882,990,2022-07-03,07/29,Yes,Disabled,Active
1069,4960792749438274,1477,12448,Classic,Visa,100000,21890.92,78109.08,10,2026-07-17,3905.45,37.52,30000.0,19303,957,2025-07-02,07/28,Yes,Disabled,Active
1070,4989733444290306,4836,11208,Classic,RuPay,50000,29091.87,20908.13,5,2026-07-25,1045.41,37.84,15000.0,10798,428,2025-07-02,07/28,Yes,Enabled,Active
1071,4541371006308184,5353,7608,Classic,Mastercard,100000,52964.75,47035.25,14,2026-08-01,2351.76,42.34,30000.0,1137,163,2023-07-03,07/31,Yes,Disabled,Expired
1072,4820069828811820,9080,11589,Classic,Visa,50000,48222.41,1777.59,18,2026-07-17,88.88,36.18,15000.0,16323,427,2024-07-02,07/29,Yes,Disabled,Active
1073,4693753998157023,2878,13023,Classic,American Express,50000,46446.06,3553.94,20,2026-07-20,177.7,47.52,15000.0,8108,772,2025-07-02,07/30,Yes,Disabled,Active
1074,4193016518718934,3290,5509,Gold,Mastercard,50000,27961.17,22038.83,13,2026-08-01,1101.94,45.94,15000.0,17585,390,2025-07-02,07/31,Yes,Disabled,Active
1075,4588080698860768,2166,4169,Classic,RuPay,1000000,565304.41,434695.59,7,2026-07-24,21734.78,47.19,300000.0,14883,262,2026-07-02,07/29,Yes,Disabled,Active
1076,4371392610346226,9385,1196,Classic,Mastercard,50000,48030.38,1969.62,10,2026-07-13,98.48,43.17,15000.0,12558,231,2024-07-02,07/29,Yes,Enabled,Active
1077,4955268085190209,5995,19669,Classic,Visa,50000,19447.76,30552.24,28,2026-07-14,1527.61,46.95,15000.0,16891,155,2022-07-03,07/31,Yes,Enabled,Active
1078,4640523691846432,8698,13037,Classic,Visa,500000,403949.45,96050.55,5,2026-07-21,4802.53,36.43,150000.0,7380,445,2024-07-02,07/30,Yes,Enabled,Active
1079,4182277124010062,8222,8346,Classic,RuPay,50000,6815.97,43184.03,8,2026-07-27,2159.2,34.49,15000.0,1656,547,2025-07-02,07/31,Yes,Disabled,Expired
1080,4241780188296193,4466,7944,Classic,Mastercard,100000,68596.57,31403.43,26,2026-07-18,1570.17,35.67,30000.0,21887,189,2024-07-02,07/29,Yes,Disabled,Active
1081,4936650781222287,2696,18463,Classic,RuPay,200000,13225.41,186774.59,14,2026-07-25,9338.73,31.67,60000.0,4828,260,2021-07-03,07/28,Yes,Disabled,Active
1082,4534069993409172,4211,468,Classic,Visa,500000,45120.77,454879.23,2,2026-07-08,22743.96,41.98,150000.0,6937,749,2025-07-02,07/30,Yes,Disabled,Active
1083,4451169622421236,7895,13537,Classic,RuPay,100000,57635.28,42364.72,17,2026-07-16,2118.24,46.89,30000.0,2131,442,2024-07-02,07/31,Yes,Disabled,Active
1084,4093784537594707,8931,7493,Signature,Mastercard,100000,70209.69,29790.31,15,2026-07-30,1489.52,35.67,30000.0,5974,683,2023-07-03,07/30,Yes,Disabled,Active
1085,4373453741442293,5550,1882,Platinum,Visa,100000,82518.9,17481.1,28,2026-07-22,874.05,30.83,30000.0,2538,325,2023-07-03,07/29,Yes,Disabled,Active
1086,4186616076933124,1887,14173,Gold,Mastercard,100000,80969.97,19030.03,22,2026-07-25,951.5,44.58,30000.0,6492,717,2026-07-02,07/31,Yes,Enabled,Closed
1087,4609533933546096,7674,6894,Gold,Mastercard,50000,26305.7,23694.3,17,2026-07-12,1184.71,45.82,15000.0,24359,464,2021-07-03,07/28,Yes,Disabled,Active
1088,4735829148463845,1234,19849,Gold,Mastercard,200000,118837.01,81162.99,16,2026-07-08,4058.15,43.1,60000.0,8863,578,2025-07-02,07/29,Yes,Disabled,Active
1089,4301957003518375,2307,17098,Classic,American Express,50000,8304.42,41695.58,20,2026-07-12,2084.78,34.89,15000.0,8211,718,2024-07-02,07/28,Yes,Disabled,Active
1090,4547406289268551,3697,18983,Classic,Mastercard,200000,27275.27,172724.73,9,2026-07-22,8636.24,37.57,60000.0,2232,923,2025-07-02,07/29,Yes,Disabled,Expired
1091,4078170253062010,6512,6385,Gold,Visa,50000,3937.75,46062.25,27,2026-07-19,2303.11,41.47,15000.0,22470,322,2021-07-03,07/28,Yes,Enabled,Active
1092,4154181308264635,5993,451,Classic,Visa,50000,26960.88,23039.12,1,2026-07-29,1151.96,31.89,15000.0,19065,754,2021-07-03,07/28,No,Disabled,Active
1093,4985228943024414,1480,1920,Platinum,RuPay,1000000,798062.91,201937.09,23,2026-07-24,10096.85,38.14,300000.0,4370,594,2025-07-02,07/29,No,Disabled,Active
1094,4585727612160367,6465,5832,Gold,Visa,100000,37605.07,62394.93,3,2026-07-24,3119.75,34.2,30000.0,22388,853,2024-07-02,07/29,Yes,Disabled,Active
1095,4204325928407041,229,14189,Classic,American Express,200000,191843.1,8156.9,15,2026-08-01,407.85,44.93,60000.0,17596,521,2021-07-03,07/29,No,Enabled,Active
1096,4742016248928263,4333,6468,Platinum,Visa,50000,25907.95,24092.05,17,2026-07-15,1204.6,44.03,15000.0,1987,780,2024-07-02,07/28,Yes,Disabled,Active
1097,4440754600620422,8792,1322,Gold,Visa,50000,34804.27,15195.73,17,2026-07-14,759.79,35.79,15000.0,23523,107,2026-07-02,07/31,No,Disabled,Active
1098,4110852017010885,2025,2392,Platinum,RuPay,100000,57944.37,42055.63,20,2026-07-08,2102.78,36.55,30000.0,5857,410,2026-07-02,07/31,Yes,Enabled,Active
1099,4874623844541619,9125,8344,Signature,RuPay,200000,148098.63,51901.37,15,2026-07-30,2595.07,41.88,60000.0,827,415,2021-07-03,07/30,Yes,Enabled,Active
1100,4907883474495323,6039,950,Gold,Visa,1000000,504845.18,495154.82,2,2026-07-25,24757.74,32.76,300000.0,3098,560,2023-07-03,07/30,Yes,Disabled,Active
1101,4865299351418709,4296,19270,Classic,Mastercard,500000,139768.37,360231.63,6,2026-07-24,18011.58,34.82,150000.0,18482,668,2023-07-03,07/29,Yes,Disabled,Active
1102,4927786190825616,6243,17319,Gold,Visa,100000,83717.26,16282.74,13,2026-07-16,814.14,39.61,30000.0,8734,238,2021-07-03,07/31,Yes,Disabled,Active
1103,4765564712988889,6087,5179,Classic,Visa,200000,48747.77,151252.23,4,2026-07-20,7562.61,37.63,60000.0,8055,376,2026-07-02,07/28,Yes,Disabled,Active
1104,4918218512302371,1776,10043,Platinum,Visa,100000,81356.71,18643.29,28,2026-07-16,932.16,46.81,30000.0,2754,179,2026-07-02,07/31,Yes,Disabled,Active
1105,4186528735806192,3831,16093,Gold,Mastercard,1000000,684172.66,315827.34,6,2026-07-15,15791.37,41.89,300000.0,9446,282,2022-07-03,07/31,Yes,Disabled,Active
1106,4836838031390584,7725,18640,Gold,Visa,50000,6897.79,43102.21,22,2026-07-14,2155.11,30.88,15000.0,15254,932,2022-07-03,07/29,Yes,Disabled,Closed
1107,4429756993796960,411,13787,Classic,Mastercard,50000,26099.32,23900.68,19,2026-07-19,1195.03,32.06,15000.0,867,486,2022-07-03,07/31,Yes,Disabled,Active
1108,4754963007430110,5375,6260,Platinum,Visa,50000,11427.59,38572.41,2,2026-07-07,1928.62,46.38,15000.0,24954,153,2025-07-02,07/31,Yes,Disabled,Active
1109,4961158275104336,3627,14833,Platinum,Mastercard,100000,5472.12,94527.88,9,2026-07-12,4726.39,30.58,30000.0,2020,762,2026-07-02,07/30,Yes,Disabled,Active
1110,4428909517877543,1036,15419,Classic,Mastercard,100000,39044.33,60955.67,7,2026-07-31,3047.78,46.16,30000.0,23013,883,2022-07-03,07/29,Yes,Enabled,Active
1111,4682403605675378,7607,7533,Platinum,Mastercard,100000,55423.26,44576.74,8,2026-07-17,2228.84,47.52,30000.0,14209,859,2026-07-02,07/29,Yes,Disabled,Active
1112,4062349048700236,4952,12442,Classic,Visa,100000,8436.13,91563.87,21,2026-07-16,4578.19,46.47,30000.0,17248,123,2025-07-02,07/30,Yes,Enabled,Active
1113,4421227793874637,6690,15033,Classic,RuPay,1000000,423783.48,576216.52,16,2026-07-15,28810.83,40.08,300000.0,24559,918,2021-07-03,07/30,Yes,Disabled,Active
1114,4784780687885612,1912,14029,Platinum,Visa,50000,5199.54,44800.46,6,2026-07-13,2240.02,44.16,15000.0,13022,608,2024-07-02,07/28,Yes,Disabled,Active
1115,4573792474385096,2291,19932,Classic,RuPay,50000,48192.75,1807.25,13,2026-07-29,90.36,34.46,15000.0,5276,729,2024-07-02,07/31,Yes,Enabled,Active
1116,4132240551113368,743,7161,Gold,Mastercard,50000,37121.82,12878.18,2,2026-07-16,643.91,31.84,15000.0,20085,167,2023-07-03,07/28,Yes,Disabled,Active
1117,4608206268010612,610,18132,Gold,Mastercard,50000,3192.75,46807.25,24,2026-07-12,2340.36,42.31,15000.0,2189,132,2022-07-03,07/29,No,Disabled,Expired
1118,4424743338285686,4987,6621,Gold,Visa,500000,263131.4,236868.6,24,2026-07-30,11843.43,32.0,150000.0,1655,243,2023-07-03,07/29,Yes,Disabled,Active
1119,4126826936370030,8072,4543,Platinum,RuPay,50000,20632.23,29367.77,14,2026-07-07,1468.39,36.94,15000.0,9222,834,2026-07-02,07/30,Yes,Enabled,Active
1120,4199952964884050,1903,18573,Classic,Visa,50000,25915.36,24084.64,16,2026-07-12,1204.23,36.21,15000.0,21846,134,2025-07-02,07/29,Yes,Disabled,Active
1121,4155576068598306,1593,10939,Platinum,Mastercard,100000,56874.69,43125.31,3,2026-07-30,2156.27,42.72,30000.0,19135,382,2024-07-02,07/31,Yes,Enabled,Active
1122,4500331885432875,9009,15399,Classic,Mastercard,50000,34732.09,15267.91,20,2026-07-28,763.4,36.24,15000.0,1476,227,2021-07-03,07/30,Yes,Disabled,Active
1123,4163015073047842,8808,13873,Classic,Visa,100000,28424.7,71575.3,8,2026-07-10,3578.77,37.44,30000.0,7260,779,2024-07-02,07/28,Yes,Disabled,Active
1124,4331367762153659,2223,11635,Platinum,Mastercard,200000,183317.46,16682.54,14,2026-07-19,834.13,39.38,60000.0,16649,171,2024-07-02,07/30,Yes,Enabled,Active
1125,4455302922638361,6368,2352,Classic,Visa,200000,71304.83,128695.17,19,2026-07-17,6434.76,37.48,60000.0,6156,291,2025-07-02,07/30,No,Disabled,Active
1126,4196458857855558,7433,19875,Classic,American Express,100000,42335.81,57664.19,24,2026-07-13,2883.21,31.53,30000.0,13921,329,2026-07-02,07/30,Yes,Disabled,Active
1127,4178741014497139,6079,19856,Platinum,Visa,50000,22891.58,27108.42,27,2026-07-23,1355.42,45.52,15000.0,7986,577,2021-07-03,07/28,Yes,Disabled,Active
1128,4101427436275802,8851,276,Platinum,RuPay,200000,199158.11,841.89,23,2026-07-08,42.09,33.91,60000.0,24395,263,2023-07-03,07/29,Yes,Disabled,Active
1129,4637362341570290,6867,14067,Classic,RuPay,100000,32602.41,67397.59,22,2026-07-29,3369.88,42.96,30000.0,10797,617,2021-07-03,07/31,No,Disabled,Active
1130,4016174709643376,2532,15734,Gold,Visa,50000,19151.7,30848.3,3,2026-07-27,1542.41,34.43,15000.0,13570,969,2024-07-02,07/30,Yes,Enabled,Expired
1131,4629842617612384,9443,10815,Classic,Visa,100000,95321.41,4678.59,27,2026-07-10,233.93,40.48,30000.0,11216,148,2021-07-03,07/29,Yes,Disabled,Active
1132,4831867651792510,1623,2420,Classic,Visa,50000,12489.9,37510.1,9,2026-07-25,1875.51,38.4,15000.0,16274,523,2024-07-02,07/28,Yes,Disabled,Active
1133,4599783866758895,8018,18413,Classic,RuPay,100000,60676.56,39323.44,19,2026-07-31,1966.17,35.34,30000.0,21984,972,2021-07-03,07/30,Yes,Disabled,Active
1134,4725833799750334,6687,14536,Classic,Mastercard,200000,122236.95,77763.05,5,2026-07-13,3888.15,40.16,60000.0,21337,859,2024-07-02,07/29,Yes,Enabled,Active
1135,4035320559401999,4584,7035,Gold,Mastercard,200000,183477.54,16522.46,18,2026-07-10,826.12,46.98,60000.0,5175,111,2022-07-03,07/31,Yes,Disabled,Expired
1136,4422283441604842,537,6351,Classic,Mastercard,100000,10295.48,89704.52,16,2026-07-22,4485.23,30.61,30000.0,8540,500,2023-07-03,07/29,Yes,Enabled,Active
1137,4398649703941839,6071,4477,Gold,American Express,100000,43917.36,56082.64,26,2026-07-12,2804.13,37.6,30000.0,13748,230,2024-07-02,07/30,No,Disabled,Active
1138,4387386470050802,3560,16596,Gold,RuPay,200000,92925.38,107074.62,9,2026-07-19,5353.73,37.94,60000.0,24847,826,2025-07-02,07/30,Yes,Enabled,Active
1139,4952253545120295,7265,8295,Gold,Mastercard,200000,155924.35,44075.65,23,2026-07-12,2203.78,36.45,60000.0,2220,206,2026-07-02,07/28,Yes,Disabled,Active
1140,4501567572725444,7286,14097,Classic,Visa,200000,90213.54,109786.46,21,2026-07-19,5489.32,44.97,60000.0,23852,636,2022-07-03,07/30,Yes,Disabled,Active
1141,4269552660012652,3869,14671,Classic,Mastercard,200000,42024.85,157975.15,6,2026-07-19,7898.76,43.54,60000.0,7941,622,2025-07-02,07/28,Yes,Disabled,Active
1142,4818504484597856,5943,1094,Classic,RuPay,50000,34529.06,15470.94,2,2026-07-11,773.55,39.55,15000.0,14546,427,2023-07-03,07/30,Yes,Disabled,Active
1143,4434456256137414,1628,18881,Classic,RuPay,50000,17720.16,32279.84,16,2026-07-15,1613.99,42.56,15000.0,3104,811,2021-07-03,07/30,Yes,Disabled,Active
1144,4288593769501597,6019,3376,Signature,RuPay,100000,31678.28,68321.72,11,2026-07-30,3416.09,37.79,30000.0,8180,906,2025-07-02,07/30,Yes,Disabled,Active
1145,4048906279824714,5877,16684,Gold,American Express,100000,5647.25,94352.75,2,2026-07-14,4717.64,46.59,30000.0,9804,864,2021-07-03,07/30,Yes,Disabled,Active
1146,4681743383459115,993,6637,Classic,RuPay,200000,90164.08,109835.92,9,2026-07-28,5491.8,43.3,60000.0,4762,575,2026-07-02,07/31,Yes,Disabled,Active
1147,4939924899606394,6524,14546,Gold,Mastercard,200000,64101.26,135898.74,23,2026-07-12,6794.94,37.44,60000.0,3145,684,2025-07-02,07/28,Yes,Enabled,Active
1148,4997170993362793,4521,11198,Platinum,Visa,1000000,914237.42,85762.58,3,2026-07-24,4288.13,41.03,300000.0,10429,651,2022-07-03,07/29,Yes,Disabled,Active
1149,4911433634853447,3110,19144,Classic,Mastercard,50000,30888.99,19111.01,21,2026-07-11,955.55,31.66,15000.0,4841,898,2021-07-03,07/30,Yes,Disabled,Active
1150,4924068910134576,2002,12946,Classic,Mastercard,100000,49056.55,50943.45,22,2026-07-13,2547.17,37.07,30000.0,2557,506,2025-07-02,07/29,Yes,Disabled,Active
1151,4850974658762008,7451,7850,Classic,Visa,50000,42509.37,7490.63,21,2026-07-29,374.53,34.01,15000.0,22276,135,2025-07-02,07/28,Yes,Disabled,Active
1152,4995330753699183,1502,3411,Classic,Mastercard,100000,26982.67,73017.33,17,2026-07-16,3650.87,39.49,30000.0,2614,137,2023-07-03,07/31,Yes,Disabled,Active
1153,4401261869781300,9310,12743,Classic,Mastercard,50000,31500.36,18499.64,18,2026-07-24,924.98,35.18,15000.0,15421,994,2025-07-02,07/29,No,Disabled,Active
1154,4251228486041502,350,837,Classic,American Express,50000,17543.5,32456.5,21,2026-07-30,1622.83,30.55,15000.0,13947,544,2023-07-03,07/28,Yes,Disabled,Active
1155,4047370575175181,9755,17986,Gold,Visa,200000,52521.39,147478.61,26,2026-07-27,7373.93,33.26,60000.0,16679,700,2021-07-03,07/30,Yes,Disabled,Active
1156,4443030791762622,9807,5531,Platinum,Visa,100000,88581.17,11418.83,24,2026-07-31,570.94,33.03,30000.0,8211,714,2023-07-03,07/29,Yes,Enabled,Active
1157,4996263252853519,3991,17130,Platinum,Visa,1000000,719096.58,280903.42,9,2026-07-10,14045.17,35.17,300000.0,13482,771,2025-07-02,07/29,Yes,Enabled,Active
1158,4268630359410022,2064,18757,Platinum,Mastercard,50000,3706.63,46293.37,19,2026-07-10,2314.67,42.45,15000.0,15455,227,2023-07-03,07/30,Yes,Enabled,Active
1159,4529364222330137,3363,9575,Gold,RuPay,50000,31261.98,18738.02,26,2026-07-22,936.9,34.74,15000.0,4849,106,2022-07-03,07/28,Yes,Enabled,Active
1160,4876523571037393,9381,14109,Classic,Visa,50000,19628.13,30371.87,10,2026-07-24,1518.59,46.84,15000.0,7111,782,2021-07-03,07/28,Yes,Disabled,Active
1161,4522326857226923,3395,13014,Platinum,Visa,100000,85800.38,14199.62,21,2026-07-24,709.98,47.67,30000.0,6167,285,2022-07-03,07/31,Yes,Enabled,Active
1162,4474372844256545,3539,19765,Platinum,Visa,50000,37936.95,12063.05,27,2026-08-01,603.15,37.01,15000.0,11022,688,2023-07-03,07/31,Yes,Disabled,Active
1163,4049497008087484,3818,9107,Gold,RuPay,50000,40472.9,9527.1,2,2026-07-22,476.36,45.4,15000.0,5293,924,2026-07-02,07/31,Yes,Disabled,Active
1164,4351430053994911,9757,10738,Gold,RuPay,100000,12296.27,87703.73,23,2026-07-12,4385.19,39.89,30000.0,2184,666,2025-07-02,07/28,Yes,Disabled,Active
1165,4629564627397817,9492,2023,Classic,Mastercard,100000,49267.34,50732.66,9,2026-07-13,2536.63,38.2,30000.0,13642,308,2026-07-02,07/30,Yes,Disabled,Active
1166,4827823072730281,47,13855,Platinum,Visa,100000,88290.55,11709.45,25,2026-07-08,585.47,38.0,30000.0,19898,597,2025-07-02,07/31,Yes,Enabled,Active
1167,4342297571818941,4543,13470,Gold,Visa,100000,14654.32,85345.68,27,2026-07-17,4267.28,47.85,30000.0,14593,850,2024-07-02,07/31,Yes,Disabled,Blocked
1168,4998397165764137,2371,67,Gold,Mastercard,1000000,768781.82,231218.18,4,2026-07-22,11560.91,35.21,300000.0,7353,817,2026-07-02,07/30,Yes,Disabled,Active
1169,4206841701149744,2130,6980,Classic,Mastercard,1000000,944071.22,55928.78,11,2026-07-07,2796.44,37.39,300000.0,24938,402,2025-07-02,07/31,Yes,Disabled,Active
1170,4194391807393920,8941,16721,Gold,Visa,200000,159974.75,40025.25,14,2026-07-15,2001.26,45.94,60000.0,4132,443,2023-07-03,07/28,Yes,Disabled,Active
1171,4640617708302784,2859,3067,Gold,RuPay,500000,425151.78,74848.22,5,2026-08-01,3742.41,43.87,150000.0,1816,935,2021-07-03,07/31,Yes,Disabled,Expired
1172,4626664522197946,1802,11984,Classic,Mastercard,50000,49797.91,202.09,3,2026-07-14,10.1,47.57,15000.0,17016,132,2024-07-02,07/31,Yes,Enabled,Active
1173,4952334300769091,423,12239,Platinum,Visa,200000,37121.04,162878.96,13,2026-07-24,8143.95,38.87,60000.0,8746,396,2026-07-02,07/29,Yes,Disabled,Active
1174,4569331330316008,2160,19248,Gold,RuPay,100000,19167.77,80832.23,15,2026-07-29,4041.61,47.14,30000.0,2475,986,2022-07-03,07/29,Yes,Disabled,Active
1175,4828836664619402,244,12344,Classic,Visa,50000,10332.23,39667.77,5,2026-07-29,1983.39,44.48,15000.0,14140,888,2024-07-02,07/29,Yes,Enabled,Active
1176,4060915154650869,5870,8228,Platinum,Visa,200000,28439.95,171560.05,25,2026-08-01,8578.0,47.07,60000.0,18147,782,2021-07-03,07/28,Yes,Disabled,Active
1177,4750586089552128,3899,11139,Classic,American Express,100000,12034.49,87965.51,18,2026-07-30,4398.28,32.02,30000.0,23649,149,2024-07-02,07/31,No,Disabled,Active
1178,4850112044301619,5305,9523,Gold,RuPay,100000,31537.47,68462.53,15,2026-07-20,3423.13,43.96,30000.0,4724,617,2026-07-02,07/29,Yes,Disabled,Active
1179,4082558563010502,259,8511,Platinum,Mastercard,100000,81936.13,18063.87,12,2026-07-20,903.19,47.44,30000.0,11598,607,2021-07-03,07/28,Yes,Disabled,Active
1180,4096839572120387,2855,18467,Classic,RuPay,500000,256661.9,243338.1,7,2026-08-01,12166.91,45.98,150000.0,4164,967,2025-07-02,07/28,Yes,Enabled,Active
1181,4301028387433503,4348,16516,Platinum,Visa,200000,13404.14,186595.86,8,2026-07-16,9329.79,45.92,60000.0,1184,630,2025-07-02,07/30,Yes,Disabled,Active
1182,4355506361658941,859,7865,Gold,Visa,50000,19644.34,30355.66,8,2026-07-09,1517.78,44.51,15000.0,15401,448,2025-07-02,07/30,Yes,Enabled,Active
1183,4645791998150409,2077,13779,Signature,Visa,200000,10103.67,189896.33,10,2026-07-18,9494.82,45.62,60000.0,580,236,2021-07-03,07/31,Yes,Disabled,Active
1184,4086660297158798,6898,1637,Classic,RuPay,50000,32674.17,17325.83,14,2026-07-27,866.29,38.75,15000.0,24401,363,2023-07-03,07/31,Yes,Enabled,Active
1185,4255245376477761,8620,9258,Platinum,Visa,500000,462250.3,37749.7,11,2026-07-13,1887.48,40.65,150000.0,20183,232,2025-07-02,07/30,Yes,Disabled,Active
1186,4360965810954071,1863,7547,Gold,Mastercard,100000,82761.48,17238.52,13,2026-07-29,861.93,43.79,30000.0,16029,655,2022-07-03,07/30,Yes,Disabled,Active
1187,4665535544859861,1042,11153,Classic,Visa,200000,145781.22,54218.78,21,2026-07-27,2710.94,30.98,60000.0,10395,417,2023-07-03,07/28,Yes,Disabled,Active
1188,4965757547702562,7803,10749,Classic,American Express,100000,9725.77,90274.23,19,2026-07-11,4513.71,42.68,30000.0,2118,217,2021-07-03,07/30,Yes,Enabled,Blocked
1189,4224441958375644,7345,2815,Classic,Mastercard,50000,20057.68,29942.32,18,2026-07-27,1497.12,41.37,15000.0,4428,120,2026-07-02,07/28,Yes,Enabled,Active
1190,4533333257064679,5932,460,Gold,Mastercard,50000,11192.63,38807.37,1,2026-07-07,1940.37,42.84,15000.0,20681,461,2022-07-03,07/31,No,Enabled,Active
1191,4875336681091147,8409,2096,Gold,Visa,100000,36028.19,63971.81,7,2026-07-15,3198.59,33.7,30000.0,7700,435,2025-07-02,07/31,Yes,Disabled,Active
1192,4717754060755244,1787,5975,Platinum,RuPay,100000,79795.79,20204.21,1,2026-08-01,1010.21,37.43,30000.0,21638,690,2022-07-03,07/28,Yes,Enabled,Active
1193,4464787471734629,7406,1653,Gold,Visa,500000,34810.02,465189.98,12,2026-07-31,23259.5,33.55,150000.0,18770,480,2021-07-03,07/29,Yes,Disabled,Active
1194,4745004525882779,8255,2359,Classic,Visa,200000,127845.93,72154.07,13,2026-07-09,3607.7,34.69,60000.0,22861,754,2022-07-03,07/29,Yes,Disabled,Active
1195,4936257506384903,3630,12782,Platinum,Visa,200000,124976.55,75023.45,4,2026-08-01,3751.17,47.83,60000.0,11753,795,2026-07-02,07/31,Yes,Disabled,Active
1196,4688507387864662,711,13619,Gold,Visa,200000,17580.29,182419.71,6,2026-07-22,9120.99,46.59,60000.0,5347,883,2022-07-03,07/30,Yes,Disabled,Active
1197,4557496937937184,8544,1627,Classic,Mastercard,100000,94187.03,5812.97,19,2026-07-14,290.65,33.9,30000.0,22787,945,2026-07-02,07/29,No,Disabled,Active
1198,4045504016027605,9352,13556,Classic,Mastercard,100000,75127.1,24872.9,16,2026-07-20,1243.65,42.0,30000.0,11946,444,2022-07-03,07/29,Yes,Disabled,Active
1199,4688171177622954,7505,16314,Gold,Visa,50000,24027.21,25972.79,24,2026-07-13,1298.64,36.31,15000.0,19615,764,2023-07-03,07/30,Yes,Enabled,Active
1200,4230682791536505,511,10358,Classic,Visa,50000,14967.82,35032.18,10,2026-07-18,1751.61,43.5,15000.0,24483,793,2024-07-02,07/28,Yes,Disabled,Active
1201,4645824025754136,997,12736,Gold,Mastercard,50000,7037.21,42962.79,8,2026-07-14,2148.14,34.21,15000.0,14555,553,2024-07-02,07/31,No,Enabled,Active
1202,4948560022562909,7848,3779,Platinum,Mastercard,500000,429748.91,70251.09,1,2026-07-17,3512.55,46.35,150000.0,127,358,2023-07-03,07/29,Yes,Enabled,Active
1203,4035494057315429,6581,7598,Classic,Visa,500000,232255.52,267744.48,12,2026-07-13,13387.22,41.05,150000.0,21153,641,2022-07-03,07/30,Yes,Disabled,Active
1204,4842762297904833,6985,8224,Platinum,Mastercard,100000,35402.77,64597.23,16,2026-07-15,3229.86,34.27,30000.0,20978,261,2026-07-02,07/29,Yes,Enabled,Active
1205,4869784356827807,1769,1958,Classic,Visa,100000,14265.85,85734.15,1,2026-07-17,4286.71,35.16,30000.0,24229,216,2023-07-03,07/29,Yes,Disabled,Active
1206,4292168116280942,8033,12186,Gold,RuPay,50000,23054.43,26945.57,7,2026-07-29,1347.28,36.63,15000.0,15476,421,2022-07-03,07/28,Yes,Disabled,Active
1207,4955734657794925,7268,15364,Gold,Mastercard,50000,16563.52,33436.48,19,2026-07-27,1671.82,44.63,15000.0,23748,353,2023-07-03,07/31,Yes,Disabled,Active
1208,4308062307616997,1205,892,Classic,Mastercard,1000000,521917.43,478082.57,1,2026-07-21,23904.13,41.02,300000.0,23287,286,2021-07-03,07/29,Yes,Enabled,Active
1209,4667414358994265,1324,19344,Classic,Mastercard,50000,31673.97,18326.03,28,2026-07-24,916.3,38.29,15000.0,1123,618,2021-07-03,07/30,Yes,Disabled,Active
1210,4136442637793784,5278,13613,Classic,Visa,50000,23845.53,26154.47,3,2026-07-31,1307.72,32.31,15000.0,3498,425,2023-07-03,07/29,Yes,Disabled,Active
1211,4348512953212841,2431,1159,Gold,RuPay,50000,8910.0,41090.0,17,2026-07-18,2054.5,39.55,15000.0,1092,517,2022-07-03,07/30,Yes,Disabled,Expired
1212,4141334943954297,1077,9523,Gold,Visa,100000,11326.18,88673.82,1,2026-07-17,4433.69,46.98,30000.0,24812,754,2021-07-03,07/31,Yes,Disabled,Active
1213,4876750533424234,2068,4882,Classic,Visa,50000,48142.79,1857.21,1,2026-07-11,92.86,35.19,15000.0,3740,116,2024-07-02,07/28,Yes,Disabled,Active
1214,4406461333422746,4506,1476,Classic,Visa,500000,356086.82,143913.18,28,2026-07-16,7195.66,36.04,150000.0,9858,134,2021-07-03,07/29,Yes,Disabled,Active
1215,4637636786506735,5328,13221,Classic,Visa,500000,204088.99,295911.01,5,2026-07-12,14795.55,35.48,150000.0,10656,889,2022-07-03,07/28,Yes,Disabled,Active
1216,4862686847600035,6241,17983,Platinum,Visa,50000,12838.48,37161.52,23,2026-07-30,1858.08,39.9,15000.0,24923,656,2021-07-03,07/31,Yes,Enabled,Active
1217,4705924059899918,8693,7531,Classic,RuPay,50000,17347.32,32652.68,18,2026-07-16,1632.63,36.84,15000.0,3558,795,2025-07-02,07/28,Yes,Enabled,Active
1218,4321341453717834,4832,19149,Signature,RuPay,50000,30579.44,19420.56,16,2026-07-15,971.03,36.55,15000.0,18198,161,2021-07-03,07/31,Yes,Disabled,Active
1219,4902390874838211,9865,8561,Gold,Visa,50000,33999.55,16000.45,12,2026-07-28,800.02,41.87,15000.0,24243,748,2025-07-02,07/31,Yes,Enabled,Closed
1220,4712740544015123,8283,10659,Platinum,Mastercard,50000,18656.67,31343.33,10,2026-07-12,1567.17,44.7,15000.0,21958,526,2026-07-02,07/31,Yes,Disabled,Active
1221,4741323301841059,7049,11800,Classic,Visa,50000,13762.27,36237.73,27,2026-07-07,1811.89,40.36,15000.0,11520,379,2025-07-02,07/30,Yes,Disabled,Active
1222,4096510103206625,1625,3452,Gold,Mastercard,100000,14251.52,85748.48,8,2026-07-11,4287.42,37.32,30000.0,5189,562,2025-07-02,07/29,Yes,Disabled,Active
1223,4835516239642692,9371,19894,Classic,Mastercard,500000,295966.32,204033.68,26,2026-07-09,10201.68,33.62,150000.0,16023,454,2021-07-03,07/31,Yes,Disabled,Active
1224,4890626862113972,3523,3517,Classic,Mastercard,500000,305786.98,194213.02,20,2026-07-07,9710.65,36.15,150000.0,9909,142,2025-07-02,07/29,Yes,Enabled,Active
1225,4514502101558768,7047,6356,Gold,Visa,1000000,105673.09,894326.91,12,2026-07-15,44716.35,43.95,300000.0,21893,346,2022-07-03,07/31,Yes,Enabled,Active
1226,4803458230394911,7399,16203,Classic,Mastercard,50000,45887.14,4112.86,20,2026-07-11,205.64,32.6,15000.0,11039,207,2021-07-03,07/29,Yes,Disabled,Expired
1227,4040503465901650,3744,15651,Classic,Mastercard,50000,12376.46,37623.54,6,2026-07-20,1881.18,39.56,15000.0,13710,483,2026-07-02,07/29,Yes,Enabled,Active
1228,4242906497510819,6780,11184,Classic,RuPay,500000,180031.79,319968.21,24,2026-07-28,15998.41,37.04,150000.0,13035,915,2026-07-02,07/31,Yes,Enabled,Active
1229,4845551245891721,5554,14861,Platinum,Mastercard,50000,36442.72,13557.28,6,2026-07-31,677.86,35.9,15000.0,1218,214,2024-07-02,07/29,Yes,Disabled,Active
1230,4654364046819724,7431,19617,Classic,RuPay,100000,16083.18,83916.82,8,2026-07-22,4195.84,45.16,30000.0,11779,753,2021-07-03,07/30,Yes,Enabled,Active
1231,4077960141602355,6533,9266,Classic,Visa,100000,48732.06,51267.94,8,2026-07-10,2563.4,44.51,30000.0,12280,789,2023-07-03,07/31,Yes,Enabled,Active
1232,4192184983629713,6816,7430,Gold,Visa,100000,91389.66,8610.34,13,2026-07-10,430.52,35.27,30000.0,18013,259,2025-07-02,07/28,Yes,Disabled,Active
1233,4470766355708844,1558,7627,Classic,Mastercard,50000,12287.36,37712.64,6,2026-08-01,1885.63,37.51,15000.0,7400,473,2022-07-03,07/30,Yes,Disabled,Active
1234,4078973904702118,5121,14428,Gold,Visa,50000,44802.2,5197.8,3,2026-07-28,259.89,35.42,15000.0,1436,476,2023-07-03,07/28,Yes,Enabled,Active
1235,4847719349699574,6993,18149,Platinum,RuPay,100000,35184.39,64815.61,4,2026-07-22,3240.78,47.47,30000.0,10395,986,2026-07-02,07/28,Yes,Enabled,Active
1236,4989406207882596,8767,13183,Gold,Mastercard,50000,16668.36,33331.64,10,2026-07-17,1666.58,41.78,15000.0,17784,460,2023-07-03,07/28,Yes,Enabled,Active
1237,4800160112209664,4177,971,Gold,RuPay,1000000,913776.53,86223.47,11,2026-07-22,4311.17,40.57,300000.0,11719,958,2023-07-03,07/30,Yes,Enabled,Active
1238,4387778598042263,6133,2285,Gold,RuPay,200000,76507.64,123492.36,9,2026-07-22,6174.62,35.71,60000.0,9556,774,2023-07-03,07/31,Yes,Disabled,Active
1239,4492774542898076,2501,7801,Classic,Visa,50000,4764.24,45235.76,23,2026-07-20,2261.79,37.04,15000.0,4812,166,2023-07-03,07/30,Yes,Disabled,Active
1240,4270038162991266,7771,7934,Platinum,Mastercard,50000,5038.31,44961.69,25,2026-07-28,2248.08,30.21,15000.0,16264,656,2022-07-03,07/28,Yes,Disabled,Active
1241,4057201669648222,1100,19947,Gold,Mastercard,200000,138966.35,61033.65,14,2026-07-31,3051.68,40.85,60000.0,1128,196,2021-07-03,07/31,Yes,Disabled,Active
1242,4848097209133546,9140,11747,Gold,Visa,100000,77065.13,22934.87,1,2026-07-17,1146.74,43.04,30000.0,21535,462,2026-07-02,07/30,Yes,Disabled,Active
1243,4309766109058067,1399,12493,Classic,Visa,100000,57543.3,42456.7,16,2026-07-23,2122.84,41.63,30000.0,20034,126,2022-07-03,07/28,Yes,Disabled,Active
1244,4456818120341068,9090,17010,Platinum,RuPay,50000,4398.73,45601.27,25,2026-07-20,2280.06,32.22,15000.0,5729,805,2023-07-03,07/28,No,Enabled,Active
1245,4126242918702058,7076,8550,Gold,Visa,200000,105607.04,94392.96,21,2026-07-23,4719.65,38.2,60000.0,20237,825,2022-07-03,07/30,Yes,Enabled,Active
1246,4839980736754872,1583,9680,Gold,Mastercard,50000,23087.69,26912.31,6,2026-07-22,1345.62,33.8,15000.0,19168,456,2023-07-03,07/29,Yes,Disabled,Active
1247,4503180600337084,6106,18900,Classic,Visa,1000000,254368.35,745631.65,17,2026-07-31,37281.58,44.63,300000.0,23313,849,2026-07-02,07/29,Yes,Disabled,Active
1248,4427884977358205,2132,11576,Classic,Mastercard,50000,41918.95,8081.05,15,2026-07-23,404.05,33.69,15000.0,20249,273,2026-07-02,07/29,No,Enabled,Active
1249,4009543604525572,983,103,Classic,Visa,200000,164697.29,35302.71,21,2026-07-15,1765.14,47.72,60000.0,14341,858,2025-07-02,07/28,Yes,Disabled,Active
1250,4333449099395895,5401,3314,Classic,Mastercard,200000,90776.05,109223.95,25,2026-07-23,5461.2,30.49,60000.0,18199,930,2025-07-02,07/29,Yes,Disabled,Active
1251,4497957203718827,2003,14623,Classic,Mastercard,50000,6741.88,43258.12,13,2026-07-20,2162.91,37.49,15000.0,16168,162,2021-07-03,07/31,Yes,Disabled,Active
1252,4699532547820469,9901,276,Gold,Mastercard,100000,6242.94,93757.06,7,2026-07-22,4687.85,40.3,30000.0,21369,316,2026-07-02,07/31,Yes,Disabled,Active
1253,4314838461424189,5794,1987,Signature,Mastercard,50000,49308.04,691.96,11,2026-07-11,34.6,40.36,15000.0,19854,124,2024-07-02,07/29,Yes,Disabled,Active
1254,4997035668393955,6930,13580,Platinum,Mastercard,100000,87708.37,12291.63,26,2026-07-30,614.58,34.73,30000.0,10545,545,2024-07-02,07/31,No,Disabled,Active
1255,4219296999964725,843,5712,Classic,Visa,200000,43369.38,156630.62,24,2026-07-19,7831.53,41.63,60000.0,10353,715,2021-07-03,07/29,Yes,Disabled,Active
1256,4836060027935000,8972,9628,Classic,Visa,500000,89554.77,410445.23,10,2026-07-29,20522.26,37.42,150000.0,11756,357,2022-07-03,07/31,Yes,Disabled,Active
1257,4309568314095667,5120,2923,Classic,American Express,1000000,230757.74,769242.26,4,2026-07-12,38462.11,42.02,300000.0,3498,911,2023-07-03,07/30,Yes,Disabled,Active
1258,4023089040429477,5762,12691,Classic,RuPay,200000,130054.24,69945.76,27,2026-07-31,3497.29,45.0,60000.0,3326,740,2026-07-02,07/29,Yes,Enabled,Active
1259,4390592527667239,9664,17769,Classic,Visa,100000,61809.95,38190.05,17,2026-07-31,1909.5,31.21,30000.0,2884,976,2025-07-02,07/31,Yes,Enabled,Active
1260,4577479089259900,8314,10143,Platinum,Visa,200000,54189.48,145810.52,28,2026-07-31,7290.53,45.55,60000.0,8358,514,2025-07-02,07/29,Yes,Enabled,Active
1261,4974664884253211,3486,3265,Classic,RuPay,200000,106077.02,93922.98,15,2026-07-10,4696.15,37.62,60000.0,17636,685,2023-07-03,07/30,Yes,Disabled,Active
1262,4656818156248490,2536,11634,Classic,Visa,200000,123947.21,76052.79,28,2026-07-21,3802.64,35.73,60000.0,3826,126,2021-07-03,07/30,Yes,Disabled,Active
1263,4840324999234890,7901,11967,Gold,American Express,200000,60599.79,139400.21,24,2026-07-07,6970.01,42.55,60000.0,11795,477,2024-07-02,07/30,Yes,Enabled,Active
1264,4433922995377638,3675,13435,Gold,Visa,100000,40816.29,59183.71,27,2026-07-17,2959.19,42.42,30000.0,6020,103,2021-07-03,07/30,Yes,Disabled,Active
1265,4471661335507529,1774,5164,Classic,Mastercard,50000,49531.44,468.56,21,2026-07-20,23.43,44.7,15000.0,748,340,2023-07-03,07/31,Yes,Disabled,Active
1266,4356798260963134,5737,15304,Gold,Mastercard,50000,27927.52,22072.48,9,2026-07-11,1103.62,35.01,15000.0,3479,530,2024-07-02,07/28,Yes,Disabled,Blocked
1267,4683103044061060,6023,2075,Platinum,Visa,100000,68301.08,31698.92,25,2026-07-30,1584.95,35.54,30000.0,24148,693,2026-07-02,07/29,Yes,Disabled,Active
1268,4772250353616184,1883,8613,Gold,Visa,50000,3106.77,46893.23,3,2026-07-10,2344.66,39.76,15000.0,18130,573,2022-07-03,07/28,Yes,Disabled,Active
1269,4885999634451598,9584,18273,Classic,Mastercard,50000,46099.82,3900.18,24,2026-07-22,195.01,36.43,15000.0,22149,863,2024-07-02,07/29,Yes,Enabled,Active
1270,4637091476042010,3706,10814,Gold,Visa,200000,154148.95,45851.05,6,2026-07-20,2292.55,37.98,60000.0,19868,249,2024-07-02,07/30,Yes,Disabled,Active
1271,4475256525889454,7031,16314,Gold,Mastercard,100000,62515.38,37484.62,13,2026-07-26,1874.23,31.5,30000.0,9652,118,2023-07-03,07/31,Yes,Disabled,Active
1272,4382740512270851,431,9170,Platinum,Visa,100000,41059.26,58940.74,23,2026-07-14,2947.04,38.22,30000.0,5899,532,2024-07-02,07/31,Yes,Enabled,Active
1273,4539601333890200,4382,2150,Classic,American Express,50000,33013.78,16986.22,23,2026-07-21,849.31,34.95,15000.0,6244,194,2023-07-03,07/30,Yes,Enabled,Active
1274,4998442586080695,9104,13558,Classic,Visa,50000,41217.95,8782.05,27,2026-08-01,439.1,47.63,15000.0,20204,973,2025-07-02,07/29,No,Disabled,Active
1275,4326441689237880,2956,18256,Classic,Mastercard,1000000,604867.98,395132.02,1,2026-08-01,19756.6,30.59,300000.0,9923,447,2026-07-02,07/28,Yes,Disabled,Active
1276,4989609461887944,4478,14321,Classic,Visa,200000,91286.83,108713.17,28,2026-07-17,5435.66,34.62,60000.0,16463,962,2024-07-02,07/31,Yes,Disabled,Active
1277,4205275777321544,5063,3795,Classic,Visa,50000,41475.54,8524.46,18,2026-08-01,426.22,31.75,15000.0,1819,477,2022-07-03,07/28,No,Disabled,Active
1278,4547398270297697,5568,13252,Gold,Mastercard,500000,331792.54,168207.46,21,2026-07-07,8410.37,39.54,150000.0,1985,816,2024-07-02,07/28,Yes,Disabled,Active
1279,4842690107611909,5752,17662,Signature,Visa,200000,74994.04,125005.96,21,2026-07-07,6250.3,30.79,60000.0,17526,179,2024-07-02,07/29,Yes,Disabled,Active
1280,4441028730406839,101,17593,Gold,RuPay,500000,216915.01,283084.99,1,2026-07-21,14154.25,46.43,150000.0,18140,356,2025-07-02,07/30,No,Disabled,Active
1281,4744661852512951,2973,11875,Gold,Visa,100000,59350.05,40649.95,6,2026-07-30,2032.5,36.54,30000.0,15901,647,2025-07-02,07/29,Yes,Disabled,Active
1282,4616058866758950,2348,5413,Platinum,Visa,50000,17314.47,32685.53,13,2026-08-01,1634.28,32.32,15000.0,17436,321,2023-07-03,07/28,Yes,Disabled,Active
1283,4788106742333811,6567,14357,Gold,RuPay,50000,26682.76,23317.24,25,2026-07-09,1165.86,37.84,15000.0,13544,255,2022-07-03,07/31,Yes,Disabled,Active
1284,4807285110132059,1141,643,Classic,Visa,100000,17020.15,82979.85,9,2026-07-07,4148.99,41.03,30000.0,18322,919,2023-07-03,07/29,Yes,Disabled,Active
1285,4962100035599278,2325,18467,Platinum,Visa,100000,90794.42,9205.58,1,2026-07-31,460.28,30.1,30000.0,14109,163,2025-07-02,07/30,Yes,Disabled,Active
1286,4402864602896978,503,1891,Signature,Visa,100000,33850.29,66149.71,1,2026-07-11,3307.49,38.79,30000.0,17359,690,2026-07-02,07/29,Yes,Disabled,Active
1287,4097816934225751,1504,10075,Platinum,Visa,1000000,995836.1,4163.9,6,2026-07-23,208.19,32.96,300000.0,10666,902,2026-07-02,07/31,Yes,Disabled,Active
1288,4088132085477032,8692,3945,Gold,RuPay,100000,86696.64,13303.36,21,2026-07-15,665.17,31.58,30000.0,803,467,2021-07-03,07/28,Yes,Enabled,Active
1289,4602904682747175,3525,19134,Gold,Visa,200000,43285.15,156714.85,8,2026-07-23,7835.74,38.38,60000.0,20045,307,2026-07-02,07/29,Yes,Enabled,Active
1290,4184188228613902,6164,14099,Classic,Visa,50000,3508.89,46491.11,10,2026-07-13,2324.56,37.75,15000.0,6801,537,2024-07-02,07/29,Yes,Disabled,Active
1291,4295105312779145,6879,15694,Signature,RuPay,50000,3970.05,46029.95,25,2026-07-14,2301.5,34.32,15000.0,22078,877,2026-07-02,07/29,Yes,Enabled,Active
1292,4571501076420375,8875,14272,Gold,RuPay,50000,11385.51,38614.49,14,2026-07-23,1930.72,35.46,15000.0,1314,931,2023-07-03,07/29,Yes,Disabled,Active
1293,4440291055928040,5586,19032,Classic,Mastercard,100000,51907.25,48092.75,10,2026-07-21,2404.64,39.0,30000.0,20673,803,2023-07-03,07/30,Yes,Disabled,Active
1294,4869845916049307,2579,13073,Gold,RuPay,50000,23236.44,26763.56,17,2026-07-28,1338.18,46.35,15000.0,2074,996,2025-07-02,07/31,Yes,Disabled,Active
1295,4394765126646015,6063,17406,Classic,Visa,100000,48291.66,51708.34,18,2026-07-30,2585.42,30.08,30000.0,17893,970,2024-07-02,07/30,Yes,Disabled,Active
1296,4292293369631265,5106,969,Platinum,Visa,100000,10308.32,89691.68,14,2026-07-30,4484.58,43.09,30000.0,9753,157,2024-07-02,07/31,Yes,Disabled,Active
1297,4741977841785090,8997,10487,Classic,Mastercard,100000,31144.09,68855.91,21,2026-07-10,3442.8,34.23,30000.0,24051,550,2025-07-02,07/28,Yes,Enabled,Expired
1298,4146921191283844,1392,1050,Classic,Mastercard,200000,72955.51,127044.49,27,2026-07-07,6352.22,46.59,60000.0,14435,633,2024-07-02,07/31,Yes,Enabled,Active
1299,4156534633813741,862,5855,Signature,Mastercard,100000,72041.26,27958.74,2,2026-07-21,1397.94,32.92,30000.0,23547,530,2023-07-03,07/30,Yes,Disabled,Active
1300,4179565968866316,2550,8287,Classic,Visa,1000000,753204.91,246795.09,17,2026-07-30,12339.75,37.58,300000.0,18448,522,2023-07-03,07/28,Yes,Disabled,Active
1301,4349785446030084,9718,9351,Gold,RuPay,50000,23654.53,26345.47,21,2026-07-08,1317.27,40.54,15000.0,14219,177,2024-07-02,07/28,Yes,Disabled,Active
1302,4683992045246878,816,5121,Classic,RuPay,100000,59179.49,40820.51,1,2026-07-27,2041.03,35.67,30000.0,23399,233,2024-07-02,07/31,Yes,Disabled,Active
1303,4937380466498806,1337,8285,Classic,Visa,200000,162323.94,37676.06,5,2026-07-18,1883.8,30.6,60000.0,735,516,2024-07-02,07/29,Yes,Disabled,Active
1304,4674146389286204,4459,5144,Platinum,Mastercard,200000,153412.12,46587.88,23,2026-07-25,2329.39,45.79,60000.0,6299,834,2022-07-03,07/31,Yes,Disabled,Active
1305,4120339978128092,7260,7570,Platinum,Visa,100000,69939.39,30060.61,22,2026-07-14,1503.03,41.29,30000.0,4387,717,2023-07-03,07/31,Yes,Enabled,Active
1306,4536599678098916,6948,12890,Signature,Mastercard,50000,13153.96,36846.04,20,2026-07-22,1842.3,32.71,15000.0,24207,924,2022-07-03,07/29,Yes,Enabled,Active
1307,4600552155232154,7958,16579,Platinum,Visa,50000,28592.59,21407.41,20,2026-07-22,1070.37,47.45,15000.0,1648,987,2025-07-02,07/30,Yes,Enabled,Active
1308,4385229831172927,9108,15316,Gold,Mastercard,100000,46443.4,53556.6,17,2026-07-31,2677.83,30.36,30000.0,21374,321,2026-07-02,07/29,Yes,Disabled,Active
1309,4623049715010360,6786,16741,Gold,Visa,50000,28634.5,21365.5,9,2026-07-15,1068.28,43.83,15000.0,18141,617,2022-07-03,07/29,Yes,Disabled,Active
1310,4036041614978824,4476,14845,Classic,Visa,100000,64857.44,35142.56,25,2026-07-22,1757.13,40.91,30000.0,1722,361,2021-07-03,07/31,Yes,Disabled,Closed
1311,4946191548388321,3532,19210,Classic,Mastercard,200000,78250.12,121749.88,8,2026-07-23,6087.49,46.46,60000.0,14823,835,2022-07-03,07/29,Yes,Disabled,Active
1312,4337342857406712,8395,14614,Platinum,Mastercard,100000,90442.16,9557.84,25,2026-07-14,477.89,31.28,30000.0,21795,318,2021-07-03,07/30,Yes,Disabled,Active
1313,4836188715365886,1865,15207,Gold,Visa,50000,10487.31,39512.69,1,2026-07-18,1975.63,32.17,15000.0,4103,433,2025-07-02,07/28,Yes,Disabled,Active
1314,4883515696794677,5656,5866,Platinum,Visa,100000,99734.34,265.66,17,2026-07-28,13.28,41.0,30000.0,10395,299,2026-07-02,07/28,Yes,Disabled,Active
1315,4803673626875563,9525,18832,Gold,American Express,200000,160782.88,39217.12,25,2026-07-31,1960.86,41.73,60000.0,5760,748,2024-07-02,07/29,Yes,Enabled,Active
1316,4468496436068109,1817,1001,Platinum,RuPay,500000,106377.61,393622.39,3,2026-07-27,19681.12,39.56,150000.0,14841,233,2026-07-02,07/31,Yes,Enabled,Active
1317,4044430037297016,4641,11213,Signature,Mastercard,200000,121292.35,78707.65,23,2026-07-16,3935.38,38.31,60000.0,13738,964,2021-07-03,07/31,Yes,Disabled,Active
1318,4373430772078471,7973,15901,Gold,Mastercard,50000,19463.0,30537.0,28,2026-07-20,1526.85,45.08,15000.0,12294,953,2024-07-02,07/29,Yes,Disabled,Active
1319,4825045681298330,8634,3656,Classic,RuPay,200000,197588.39,2411.61,2,2026-07-20,120.58,37.17,60000.0,13018,718,2026-07-02,07/29,Yes,Disabled,Active
1320,4658466152456652,5054,13769,Classic,RuPay,100000,74426.55,25573.45,28,2026-07-11,1278.67,32.69,30000.0,16753,324,2026-07-02,07/31,Yes,Disabled,Active
1321,4174697541991607,745,1172,Platinum,Mastercard,200000,97559.87,102440.13,15,2026-07-09,5122.01,46.19,60000.0,8432,599,2024-07-02,07/30,Yes,Disabled,Active
1322,4870837500159749,3613,3901,Classic,Mastercard,200000,21188.72,178811.28,15,2026-07-09,8940.56,37.56,60000.0,10684,157,2022-07-03,07/30,Yes,Enabled,Active
1323,4429028801773502,6476,14422,Platinum,Mastercard,50000,44972.94,5027.06,10,2026-07-20,251.35,43.21,15000.0,9221,712,2024-07-02,07/28,Yes,Disabled,Active
1324,4215897966485059,898,1638,Classic,Mastercard,50000,21269.72,28730.28,27,2026-07-23,1436.51,31.31,15000.0,9551,415,2026-07-02,07/31,Yes,Disabled,Active
1325,4161084507731906,126,15717,Gold,Mastercard,50000,27346.9,22653.1,22,2026-07-25,1132.65,47.55,15000.0,10561,818,2023-07-03,07/29,Yes,Enabled,Active
1326,4544561133946129,3350,11346,Gold,RuPay,50000,32638.74,17361.26,7,2026-07-12,868.06,47.92,15000.0,2466,713,2022-07-03,07/28,Yes,Enabled,Active
1327,4894764558152633,4939,6505,Platinum,Mastercard,100000,79836.08,20163.92,9,2026-07-24,1008.2,44.18,30000.0,2995,346,2022-07-03,07/28,Yes,Disabled,Active
1328,4639258982923524,3461,3848,Platinum,Mastercard,100000,42808.06,57191.94,6,2026-07-17,2859.6,32.69,30000.0,23506,325,2025-07-02,07/30,Yes,Disabled,Active
1329,4783454830783359,2249,9989,Gold,Mastercard,50000,33401.83,16598.17,6,2026-07-26,829.91,46.06,15000.0,1365,587,2021-07-03,07/29,Yes,Enabled,Active
1330,4870476354200316,4187,13700,Gold,Visa,100000,28892.7,71107.3,7,2026-07-29,3555.37,41.96,30000.0,13394,571,2024-07-02,07/28,Yes,Disabled,Active
1331,4787889497856470,4743,14405,Classic,American Express,100000,57322.49,42677.51,19,2026-07-24,2133.88,38.51,30000.0,17203,131,2021-07-03,07/30,Yes,Enabled,Active
1332,4767983847874722,5376,3729,Platinum,Visa,100000,5354.23,94645.77,11,2026-07-19,4732.29,32.78,30000.0,5538,256,2026-07-02,07/29,Yes,Disabled,Active
1333,4571545839456620,1966,12594,Classic,Mastercard,200000,48003.41,151996.59,17,2026-07-13,7599.83,39.34,60000.0,4979,731,2025-07-02,07/28,Yes,Disabled,Active
1334,4434772663566416,127,19048,Gold,Visa,200000,197205.16,2794.84,10,2026-07-09,139.74,32.52,60000.0,10456,272,2022-07-03,07/28,Yes,Disabled,Active
1335,4008005197074069,8150,16568,Classic,Visa,200000,101391.56,98608.44,26,2026-07-31,4930.42,34.9,60000.0,15989,237,2026-07-02,07/29,Yes,Disabled,Active
1336,4872970903522795,7056,15998,Classic,Visa,100000,52900.66,47099.34,25,2026-07-19,2354.97,39.23,30000.0,8566,280,2026-07-02,07/28,Yes,Disabled,Active
1337,4109811364321214,2879,3714,Classic,Visa,100000,29047.01,70952.99,25,2026-07-07,3547.65,35.55,30000.0,23044,350,2025-07-02,07/31,Yes,Disabled,Active
1338,4140231480815290,2117,2276,Gold,Mastercard,500000,246795.37,253204.63,22,2026-07-12,12660.23,43.64,150000.0,2111,330,2023-07-03,07/29,Yes,Disabled,Active
1339,4058805087338249,6230,16232,Classic,Visa,50000,28682.82,21317.18,16,2026-07-12,1065.86,30.65,15000.0,24346,389,2024-07-02,07/28,Yes,Disabled,Active
1340,4682931411908531,8945,8004,Classic,Visa,100000,19963.78,80036.22,12,2026-07-28,4001.81,31.34,30000.0,23895,446,2026-07-02,07/29,Yes,Enabled,Active
1341,4597203625642523,8197,16957,Platinum,American Express,100000,94764.53,5235.47,12,2026-07-22,261.77,35.0,30000.0,7251,719,2026-07-02,07/30,Yes,Enabled,Active
1342,4640742130805793,5803,11822,Classic,Mastercard,200000,143295.56,56704.44,22,2026-07-30,2835.22,42.93,60000.0,9517,497,2021-07-03,07/30,Yes,Enabled,Active
1343,4203365640587091,1181,18953,Classic,RuPay,200000,26177.1,173822.9,13,2026-07-21,8691.15,38.52,60000.0,11610,921,2026-07-02,07/30,Yes,Disabled,Active
1344,4621644885749082,6506,18210,Platinum,American Express,200000,72008.52,127991.48,3,2026-07-07,6399.57,44.91,60000.0,12565,901,2021-07-03,07/30,Yes,Disabled,Active
1345,4984654228330501,694,606,Classic,American Express,50000,36155.17,13844.83,24,2026-07-25,692.24,36.3,15000.0,15416,300,2024-07-02,07/31,No,Enabled,Active
1346,4607051361764110,7148,9687,Classic,Visa,200000,87234.42,112765.58,2,2026-08-01,5638.28,37.7,60000.0,5485,277,2024-07-02,07/29,Yes,Disabled,Active
1347,4411052036029635,308,18169,Gold,Visa,200000,164240.56,35759.44,4,2026-07-21,1787.97,33.38,60000.0,6690,316,2022-07-03,07/31,Yes,Disabled,Active
1348,4156941879224942,9335,18187,Signature,RuPay,500000,137457.87,362542.13,13,2026-07-12,18127.11,35.96,150000.0,1564,668,2024-07-02,07/30,Yes,Disabled,Active
1349,4995140585113382,1276,17325,Classic,Mastercard,1000000,104496.79,895503.21,5,2026-07-17,44775.16,42.3,300000.0,4618,111,2025-07-02,07/29,No,Disabled,Active
1350,4598580352690819,5130,16024,Gold,Visa,200000,135903.97,64096.03,1,2026-07-30,3204.8,42.07,60000.0,7372,931,2026-07-02,07/29,Yes,Disabled,Active
1351,4416081004146929,7034,10045,Gold,Visa,200000,78904.14,121095.86,23,2026-07-15,6054.79,30.44,60000.0,14303,705,2026-07-02,07/30,Yes,Disabled,Active
1352,4793844396514141,6627,8667,Classic,RuPay,50000,19432.97,30567.03,16,2026-07-31,1528.35,30.77,15000.0,22163,982,2021-07-03,07/28,Yes,Disabled,Active
1353,4190218362974856,6844,14138,Platinum,Visa,100000,69491.25,30508.75,12,2026-08-01,1525.44,42.98,30000.0,2842,697,2026-07-02,07/31,Yes,Enabled,Active
1354,4264509522184145,4744,13568,Classic,Visa,500000,296814.01,203185.99,4,2026-07-30,10159.3,47.98,150000.0,15114,490,2025-07-02,07/28,Yes,Enabled,Active
1355,4329974399003554,1888,7583,Gold,Mastercard,500000,143696.73,356303.27,24,2026-07-07,17815.16,30.25,150000.0,21204,635,2022-07-03,07/30,Yes,Enabled,Active
1356,4913459872060912,6637,13178,Gold,RuPay,100000,65238.71,34761.29,6,2026-07-24,1738.06,39.48,30000.0,5586,542,2026-07-02,07/31,Yes,Disabled,Active
1357,4880565197527036,342,108,Classic,Mastercard,500000,241073.84,258926.16,21,2026-07-23,12946.31,44.17,150000.0,7531,383,2022-07-03,07/28,Yes,Disabled,Active
1358,4595089416687103,5322,6801,Gold,Mastercard,50000,41216.23,8783.77,6,2026-07-18,439.19,42.39,15000.0,17528,355,2026-07-02,07/29,Yes,Disabled,Active
1359,4077405394462506,2816,8133,Gold,Mastercard,50000,38670.21,11329.79,14,2026-07-22,566.49,39.67,15000.0,5689,643,2022-07-03,07/29,Yes,Disabled,Active
1360,4997897765252384,7539,16928,Gold,Mastercard,100000,13957.8,86042.2,8,2026-07-31,4302.11,33.14,30000.0,14374,271,2021-07-03,07/30,Yes,Disabled,Active
1361,4871983505300701,5929,29,Platinum,Visa,50000,29488.79,20511.21,15,2026-07-10,1025.56,47.85,15000.0,5192,138,2022-07-03,07/29,Yes,Enabled,Active
1362,4859409814904766,1444,10874,Classic,Mastercard,50000,34337.99,15662.01,23,2026-07-14,783.1,37.34,15000.0,18645,980,2022-07-03,07/28,Yes,Disabled,Active
1363,4284764837953347,7156,17190,Classic,Visa,200000,87203.93,112796.07,5,2026-07-29,5639.8,40.97,60000.0,11114,617,2025-07-02,07/31,Yes,Disabled,Active
1364,4389169012038401,1735,15709,Classic,RuPay,100000,33703.6,66296.4,6,2026-07-26,3314.82,35.99,30000.0,19258,668,2022-07-03,07/28,No,Disabled,Active
1365,4750858934016895,9286,12299,Classic,Visa,1000000,583749.49,416250.51,28,2026-07-10,20812.53,30.27,300000.0,13539,895,2026-07-02,07/31,No,Enabled,Active
1366,4201314323084434,7139,17087,Gold,Visa,200000,104536.72,95463.28,21,2026-07-11,4773.16,39.99,60000.0,352,801,2021-07-03,07/31,Yes,Disabled,Active
1367,4327781500431888,6561,11236,Classic,Visa,100000,17212.39,82787.61,3,2026-07-21,4139.38,36.81,30000.0,683,923,2021-07-03,07/29,Yes,Disabled,Active
1368,4226836448330529,8585,13695,Gold,Visa,100000,43962.24,56037.76,7,2026-07-14,2801.89,45.68,30000.0,17909,261,2021-07-03,07/30,Yes,Disabled,Active
1369,4798143522042343,1289,4526,Gold,RuPay,100000,31036.2,68963.8,13,2026-07-10,3448.19,46.34,30000.0,7901,987,2023-07-03,07/28,Yes,Enabled,Active
1370,4629017283865943,8951,12694,Gold,Mastercard,100000,16478.48,83521.52,28,2026-07-31,4176.08,40.03,30000.0,4296,355,2026-07-02,07/31,Yes,Disabled,Active
1371,4061722443435621,5084,4346,Classic,Visa,500000,36776.97,463223.03,20,2026-07-19,23161.15,38.63,150000.0,15332,181,2022-07-03,07/31,Yes,Disabled,Active
1372,4636956692953542,5563,3968,Classic,Visa,1000000,231395.29,768604.71,13,2026-07-19,38430.24,38.76,300000.0,17888,633,2023-07-03,07/31,Yes,Enabled,Active
1373,4925257820224101,9288,9836,Platinum,Visa,100000,77965.21,22034.79,24,2026-07-11,1101.74,38.65,30000.0,13499,165,2026-07-02,07/30,Yes,Disabled,Active
1374,4982127259903556,5457,610,Gold,Mastercard,100000,14041.08,85958.92,21,2026-07-18,4297.95,39.63,30000.0,15738,570,2026-07-02,07/31,Yes,Enabled,Active
1375,4693989947788097,2755,2198,Platinum,Mastercard,200000,159056.41,40943.59,6,2026-07-20,2047.18,37.31,60000.0,14406,852,2022-07-03,07/31,Yes,Disabled,Active
1376,4101743853643854,1252,10250,Platinum,Visa,200000,125457.59,74542.41,10,2026-07-15,3727.12,47.35,60000.0,8141,936,2024-07-02,07/30,Yes,Enabled,Active
1377,4001522559758383,8364,9465,Gold,Mastercard,100000,95402.32,4597.68,13,2026-07-23,229.88,37.67,30000.0,13722,713,2026-07-02,07/28,No,Disabled,Active
1378,4802996366144861,1869,14715,Classic,RuPay,50000,12682.37,37317.63,24,2026-07-25,1865.88,43.37,15000.0,6466,923,2025-07-02,07/29,Yes,Disabled,Active
1379,4523334861587372,8356,456,Classic,Visa,100000,14071.9,85928.1,18,2026-07-16,4296.41,31.13,30000.0,21318,999,2023-07-03,07/29,Yes,Disabled,Active
1380,4383408827294126,3177,2495,Signature,RuPay,50000,37857.49,12142.51,27,2026-07-31,607.13,39.23,15000.0,5665,822,2022-07-03,07/28,Yes,Disabled,Active
1381,4216948588649077,5725,16607,Platinum,Visa,1000000,677332.05,322667.95,23,2026-07-21,16133.4,44.31,300000.0,2391,350,2021-07-03,07/30,Yes,Disabled,Active
1382,4388127632700666,5753,3561,Classic,Visa,50000,8701.45,41298.55,26,2026-07-30,2064.93,36.28,15000.0,19394,565,2025-07-02,07/31,Yes,Enabled,Active
1383,4277281036097725,2420,1568,Classic,American Express,50000,24580.62,25419.38,18,2026-07-22,1270.97,34.37,15000.0,11215,800,2025-07-02,07/28,Yes,Enabled,Active
1384,4713033779731563,3872,11309,Platinum,Mastercard,200000,79834.46,120165.54,15,2026-07-24,6008.28,42.45,60000.0,7518,708,2025-07-02,07/30,Yes,Enabled,Active
1385,4755189083185650,9615,2333,Gold,Mastercard,50000,24373.92,25626.08,18,2026-07-20,1281.3,44.65,15000.0,20681,758,2022-07-03,07/30,Yes,Disabled,Active
1386,4813760210564580,2400,18998,Classic,Mastercard,50000,28582.85,21417.15,2,2026-07-28,1070.86,32.38,15000.0,15913,449,2021-07-03,07/29,Yes,Disabled,Active
1387,4203254460278704,4194,3318,Signature,Mastercard,500000,78832.27,421167.73,3,2026-07-24,21058.39,41.75,150000.0,24543,788,2026-07-02,07/28,Yes,Enabled,Active
1388,4903821497362006,3233,7205,Gold,Visa,100000,13570.69,86429.31,15,2026-07-17,4321.47,37.57,30000.0,4429,817,2021-07-03,07/28,Yes,Enabled,Active
1389,4070820150840787,2843,8776,Classic,Visa,500000,143221.38,356778.62,2,2026-07-24,17838.93,36.8,150000.0,9724,251,2022-07-03,07/29,Yes,Disabled,Active
1390,4221370464456011,9855,1965,Platinum,Mastercard,500000,357168.75,142831.25,26,2026-07-26,7141.56,30.46,150000.0,21649,363,2023-07-03,07/28,Yes,Disabled,Active
1391,4667537402734767,1235,9159,Classic,Mastercard,200000,54194.79,145805.21,20,2026-07-09,7290.26,45.0,60000.0,679,937,2022-07-03,07/29,Yes,Disabled,Active
1392,4200322228178019,2903,15356,Classic,Visa,100000,18955.01,81044.99,9,2026-07-21,4052.25,36.25,30000.0,23229,894,2022-07-03,07/31,Yes,Disabled,Active
1393,4181921850813220,8096,1735,Classic,Mastercard,100000,49744.66,50255.34,24,2026-07-15,2512.77,39.96,30000.0,20881,753,2026-07-02,07/31,Yes,Enabled,Active
1394,4809679104750509,7602,14873,Classic,American Express,100000,98033.69,1966.31,14,2026-07-14,98.32,46.43,30000.0,4217,187,2024-07-02,07/29,No,Disabled,Active
1395,4034629814288451,7355,15290,Gold,Visa,100000,93094.31,6905.69,6,2026-07-17,345.28,33.1,30000.0,15052,554,2023-07-03,07/31,Yes,Disabled,Active
1396,4907966702783604,5296,2513,Classic,Visa,200000,128953.85,71046.15,25,2026-07-10,3552.31,41.18,60000.0,12451,845,2021-07-03,07/29,Yes,Enabled,Active
1397,4473967662852399,5180,18995,Gold,Mastercard,500000,428300.07,71699.93,25,2026-07-07,3585.0,37.82,150000.0,17941,852,2022-07-03,07/28,Yes,Disabled,Active
1398,4095305228224095,2474,14514,Platinum,Mastercard,50000,10653.88,39346.12,25,2026-07-14,1967.31,35.12,15000.0,4750,401,2021-07-03,07/30,Yes,Disabled,Active
1399,4262362323469181,7206,5531,Gold,Mastercard,50000,24502.92,25497.08,19,2026-07-08,1274.85,40.02,15000.0,11417,371,2022-07-03,07/29,Yes,Disabled,Active
1400,4517893422148294,1119,11177,Classic,Mastercard,50000,9076.32,40923.68,28,2026-07-31,2046.18,32.32,15000.0,13137,965,2022-07-03,07/31,Yes,Disabled,Active
1401,4013662247800846,7683,17254,Gold,American Express,100000,83092.0,16908.0,16,2026-07-20,845.4,37.55,30000.0,17520,570,2022-07-03,07/30,Yes,Disabled,Active
1402,4716568121885186,9145,11947,Gold,RuPay,50000,29303.88,20696.12,10,2026-07-10,1034.81,38.77,15000.0,22943,949,2024-07-02,07/30,Yes,Disabled,Active
1403,4627856868569325,4962,269,Classic,Mastercard,100000,45023.48,54976.52,5,2026-07-21,2748.83,38.55,30000.0,4438,553,2023-07-03,07/28,No,Disabled,Active
1404,4804259056088571,4501,1466,Gold,RuPay,50000,10689.79,39310.21,9,2026-07-10,1965.51,40.89,15000.0,12748,433,2022-07-03,07/30,Yes,Disabled,Active
1405,4659592831495356,921,3937,Platinum,RuPay,100000,69414.54,30585.46,25,2026-07-24,1529.27,39.21,30000.0,226,815,2025-07-02,07/28,Yes,Disabled,Active
1406,4767660714080751,5767,5450,Platinum,Visa,50000,3826.4,46173.6,23,2026-07-25,2308.68,38.41,15000.0,21218,500,2025-07-02,07/28,Yes,Enabled,Active
1407,4007841686381525,8313,7790,Signature,Visa,200000,14647.58,185352.42,6,2026-07-29,9267.62,45.88,60000.0,6561,672,2022-07-03,07/31,Yes,Enabled,Active
1408,4722353815242568,1216,2676,Classic,Mastercard,100000,94963.44,5036.56,1,2026-07-18,251.83,35.78,30000.0,18189,599,2024-07-02,07/29,Yes,Disabled,Active
1409,4798892456104756,9509,3142,Gold,Visa,50000,15820.19,34179.81,28,2026-07-15,1708.99,46.6,15000.0,2650,929,2026-07-02,07/28,Yes,Enabled,Active
1410,4228511953789410,7566,1829,Gold,Mastercard,200000,142838.2,57161.8,22,2026-07-07,2858.09,36.4,60000.0,677,182,2022-07-03,07/31,Yes,Enabled,Active
1411,4191386365754501,7405,18420,Classic,Visa,200000,138857.95,61142.05,25,2026-07-13,3057.1,36.84,60000.0,4992,379,2021-07-03,07/29,Yes,Disabled,Active
1412,4935084167098441,617,9414,Classic,Mastercard,200000,71107.05,128892.95,16,2026-07-16,6444.65,38.25,60000.0,7956,155,2021-07-03,07/29,Yes,Enabled,Active
1413,4606424665881610,933,18471,Platinum,Mastercard,50000,20646.3,29353.7,12,2026-07-21,1467.69,34.49,15000.0,14179,668,2021-07-03,07/29,No,Disabled,Active
1414,4155983743955639,6042,15499,Classic,Visa,1000000,658076.32,341923.68,2,2026-07-08,17096.18,30.97,300000.0,11252,460,2024-07-02,07/31,Yes,Disabled,Active
1415,4569242163372106,4704,10973,Classic,Mastercard,50000,20469.05,29530.95,28,2026-07-09,1476.55,39.41,15000.0,19350,503,2021-07-03,07/28,Yes,Disabled,Active
1416,4215118626688700,1258,3538,Classic,Mastercard,100000,41400.16,58599.84,13,2026-07-21,2929.99,42.55,30000.0,15098,401,2025-07-02,07/31,Yes,Enabled,Active
1417,4102652269346557,8908,13695,Classic,Visa,50000,21826.45,28173.55,21,2026-07-30,1408.68,31.63,15000.0,17250,781,2023-07-03,07/31,Yes,Disabled,Active
1418,4743794507810903,8308,16060,Classic,Visa,200000,97463.29,102536.71,5,2026-07-27,5126.84,47.91,60000.0,17416,870,2024-07-02,07/30,Yes,Disabled,Expired
1419,4801524281563917,6300,8575,Classic,Visa,100000,45543.56,54456.44,23,2026-07-12,2722.82,33.63,30000.0,12116,809,2022-07-03,07/28,No,Enabled,Active
1420,4316221755417102,7582,1092,Classic,Visa,200000,185263.46,14736.54,24,2026-07-09,736.83,30.8,60000.0,12462,102,2021-07-03,07/31,Yes,Disabled,Active
1421,4697927304186483,9349,3102,Classic,Visa,50000,17713.13,32286.87,24,2026-07-09,1614.34,34.84,15000.0,20965,844,2025-07-02,07/30,Yes,Enabled,Active
1422,4077333678936110,7369,10472,Gold,RuPay,50000,31886.98,18113.02,12,2026-08-01,905.65,44.64,15000.0,7771,146,2023-07-03,07/28,No,Disabled,Active
1423,4648125035992394,3085,16683,Gold,Visa,50000,32635.38,17364.62,18,2026-07-09,868.23,39.46,15000.0,5041,669,2024-07-02,07/29,Yes,Disabled,Active
1424,4874988906716060,5268,8254,Classic,Mastercard,200000,89828.74,110171.26,12,2026-07-07,5508.56,31.85,60000.0,10309,115,2024-07-02,07/31,Yes,Disabled,Active
1425,4763984771220202,7793,2100,Gold,Mastercard,100000,27293.75,72706.25,28,2026-07-08,3635.31,44.88,30000.0,18471,580,2026-07-02,07/29,Yes,Enabled,Active
1426,4378913111489107,8215,9423,Classic,RuPay,200000,48575.73,151424.27,10,2026-07-11,7571.21,32.62,60000.0,24190,708,2025-07-02,07/29,Yes,Enabled,Active
1427,4015656220540937,9449,19798,Classic,Visa,50000,16633.2,33366.8,13,2026-07-10,1668.34,41.45,15000.0,15882,520,2025-07-02,07/30,Yes,Disabled,Active
1428,4859884920250453,1014,7782,Classic,Visa,200000,48029.32,151970.68,5,2026-07-22,7598.53,47.07,60000.0,3997,838,2024-07-02,07/31,Yes,Disabled,Active
1429,4452865781713912,9193,5446,Platinum,Mastercard,100000,11410.55,88589.45,6,2026-07-12,4429.47,47.85,30000.0,17369,974,2025-07-02,07/29,Yes,Disabled,Active
1430,4260167829886921,1696,11089,Gold,RuPay,500000,345420.02,154579.98,6,2026-07-25,7729.0,47.77,150000.0,8245,930,2024-07-02,07/31,Yes,Enabled,Active
1431,4963296616419858,5627,7678,Gold,Visa,100000,79050.97,20949.03,17,2026-07-21,1047.45,39.15,30000.0,19087,473,2022-07-03,07/28,Yes,Disabled,Active
1432,4734506184276045,1382,2296,Gold,Mastercard,50000,13783.89,36216.11,20,2026-07-16,1810.81,39.05,15000.0,9764,503,2021-07-03,07/31,Yes,Disabled,Active
1433,4236806318499018,8267,12091,Classic,RuPay,50000,20560.85,29439.15,21,2026-07-28,1471.96,42.72,15000.0,20509,205,2026-07-02,07/28,Yes,Disabled,Active
1434,4164857989753028,2828,5588,Signature,RuPay,100000,37932.35,62067.65,27,2026-07-31,3103.38,35.85,30000.0,6507,832,2025-07-02,07/28,Yes,Enabled,Active
1435,4228698920182700,642,13477,Gold,Mastercard,50000,3529.93,46470.07,21,2026-07-07,2323.5,41.14,15000.0,24155,473,2025-07-02,07/28,Yes,Enabled,Closed
1436,4525046325680974,4060,2600,Classic,Mastercard,50000,9154.29,40845.71,24,2026-07-09,2042.29,43.2,15000.0,3576,238,2024-07-02,07/30,Yes,Enabled,Active
1437,4747602009746678,9160,18679,Classic,Visa,100000,10467.76,89532.24,1,2026-07-16,4476.61,40.23,30000.0,6815,116,2021-07-03,07/31,Yes,Disabled,Active
1438,4290830075504748,7200,3794,Gold,Visa,50000,28225.03,21774.97,9,2026-07-23,1088.75,34.1,15000.0,2358,440,2023-07-03,07/28,Yes,Enabled,Active
1439,4075191071782762,2601,1172,Gold,Visa,500000,274788.73,225211.27,21,2026-07-20,11260.56,47.34,150000.0,341,746,2024-07-02,07/31,Yes,Disabled,Active
1440,4810175937195477,5963,14042,Classic,Mastercard,200000,193153.67,6846.33,5,2026-07-17,342.32,43.78,60000.0,7544,932,2025-07-02,07/31,Yes,Disabled,Active
1441,4785078705618847,6109,19243,Gold,Visa,100000,37785.63,62214.37,23,2026-08-01,3110.72,41.57,30000.0,16919,633,2023-07-03,07/30,Yes,Disabled,Active
1442,4217814645768885,9062,2721,Platinum,Visa,500000,204254.36,295745.64,3,2026-07-31,14787.28,33.08,150000.0,20989,847,2025-07-02,07/31,Yes,Enabled,Active
1443,4234045820623782,6348,3182,Gold,American Express,100000,55279.11,44720.89,15,2026-07-25,2236.04,33.21,30000.0,18413,284,2021-07-03,07/29,Yes,Disabled,Active
1444,4895976384858941,6698,2866,Classic,RuPay,100000,84422.32,15577.68,1,2026-07-24,778.88,34.88,30000.0,22066,345,2022-07-03,07/28,Yes,Enabled,Active
1445,4247482859034947,5544,11154,Platinum,Visa,500000,273169.99,226830.01,17,2026-07-27,11341.5,30.48,150000.0,1209,447,2026-07-02,07/28,Yes,Enabled,Active
1446,4783934275778243,858,12184,Gold,Visa,50000,47722.09,2277.91,6,2026-07-26,113.9,41.44,15000.0,19148,724,2026-07-02,07/31,Yes,Disabled,Active
1447,4654562804590144,5483,12169,Platinum,Visa,100000,29512.34,70487.66,23,2026-07-28,3524.38,44.22,30000.0,9144,292,2023-07-03,07/30,Yes,Enabled,Active
1448,4611372501524543,1080,12965,Gold,Mastercard,50000,28825.68,21174.32,12,2026-07-13,1058.72,43.9,15000.0,10649,176,2024-07-02,07/29,Yes,Disabled,Expired
1449,4010577258121858,5402,8425,Classic,RuPay,50000,21573.3,28426.7,27,2026-07-31,1421.34,37.29,15000.0,19571,801,2022-07-03,07/28,Yes,Disabled,Active
1450,4400822527268309,1549,4631,Classic,Visa,100000,24301.43,75698.57,6,2026-07-21,3784.93,42.42,30000.0,14546,235,2023-07-03,07/28,Yes,Enabled,Active
1451,4085373310535898,6334,18879,Gold,RuPay,500000,482138.52,17861.48,28,2026-07-13,893.07,42.04,150000.0,14738,381,2024-07-02,07/29,Yes,Disabled,Active
1452,4473278679360903,4656,11124,Gold,Visa,50000,24297.96,25702.04,24,2026-07-21,1285.1,40.85,15000.0,14509,501,2025-07-02,07/28,Yes,Enabled,Active
1453,4914938276378174,4129,13214,Classic,Mastercard,200000,196952.86,3047.14,27,2026-07-23,152.36,46.76,60000.0,13398,145,2026-07-02,07/28,Yes,Disabled,Active
1454,4137831553796323,2464,7621,Gold,RuPay,100000,40940.16,59059.84,18,2026-07-19,2952.99,33.49,30000.0,6504,864,2024-07-02,07/31,No,Disabled,Active
1455,4630643267206244,5462,19692,Classic,Mastercard,50000,44309.33,5690.67,4,2026-07-26,284.53,30.76,15000.0,9551,822,2022-07-03,07/31,Yes,Disabled,Active
1456,4299231566220275,1336,3541,Gold,Visa,50000,16237.62,33762.38,16,2026-07-31,1688.12,46.31,15000.0,10078,248,2024-07-02,07/28,Yes,Disabled,Active
1457,4366844430717496,2318,12576,Classic,Mastercard,200000,191293.49,8706.51,21,2026-07-14,435.33,37.06,60000.0,14822,313,2025-07-02,07/31,Yes,Enabled,Active
1458,4042647657716645,5732,2464,Platinum,Visa,50000,2733.1,47266.9,6,2026-07-29,2363.35,38.09,15000.0,11851,862,2023-07-03,07/31,Yes,Disabled,Active
1459,4675380853679696,5083,13980,Classic,RuPay,500000,314267.83,185732.17,15,2026-07-23,9286.61,34.49,150000.0,18247,585,2023-07-03,07/31,Yes,Enabled,Active
1460,4211287574387912,6422,12335,Platinum,Mastercard,50000,2622.21,47377.79,13,2026-07-12,2368.89,38.18,15000.0,24957,357,2024-07-02,07/30,Yes,Disabled,Active
1461,4246332910543843,2113,16526,Signature,RuPay,1000000,281813.34,718186.66,23,2026-07-13,35909.33,40.99,300000.0,23197,974,2026-07-02,07/28,No,Disabled,Active
1462,4422591848362662,1389,808,Classic,Visa,200000,33978.31,166021.69,19,2026-07-26,8301.08,42.41,60000.0,15274,834,2025-07-02,07/30,Yes,Disabled,Active
1463,4785065376756541,5073,8354,Platinum,RuPay,50000,42597.72,7402.28,6,2026-07-22,370.11,32.98,15000.0,14391,924,2023-07-03,07/28,Yes,Disabled,Active
1464,4818172982540062,6172,2470,Classic,Mastercard,100000,10428.48,89571.52,27,2026-07-10,4478.58,37.16,30000.0,13611,987,2021-07-03,07/28,Yes,Disabled,Active
1465,4574917514961468,5382,18090,Gold,Visa,100000,31183.86,68816.14,2,2026-07-28,3440.81,38.21,30000.0,12858,962,2023-07-03,07/28,Yes,Disabled,Active
1466,4319950971724229,2094,15674,Gold,RuPay,100000,86610.41,13389.59,27,2026-07-31,669.48,31.73,30000.0,2145,454,2024-07-02,07/29,Yes,Disabled,Active
1467,4794046968108922,1532,6438,Classic,Visa,200000,136683.02,63316.98,10,2026-07-12,3165.85,36.28,60000.0,265,975,2025-07-02,07/30,Yes,Disabled,Active
1468,4019647525687742,6938,15732,Gold,Visa,200000,166781.53,33218.47,14,2026-07-24,1660.92,41.84,60000.0,4127,478,2022-07-03,07/29,Yes,Enabled,Active
1469,4887865894448367,8332,18991,Classic,Mastercard,500000,343368.2,156631.8,4,2026-07-07,7831.59,41.91,150000.0,6356,869,2025-07-02,07/31,Yes,Disabled,Active
1470,4019268708222760,8640,19729,Gold,Mastercard,100000,64184.32,35815.68,18,2026-07-12,1790.78,31.08,30000.0,18973,855,2025-07-02,07/31,Yes,Enabled,Active
1471,4617989187963329,299,2577,Gold,Visa,50000,25698.93,24301.07,25,2026-07-08,1215.05,43.02,15000.0,12722,625,2026-07-02,07/29,Yes,Disabled,Active
1472,4685072892203217,5941,3530,Gold,Visa,50000,3810.02,46189.98,12,2026-07-15,2309.5,40.34,15000.0,20298,746,2021-07-03,07/29,Yes,Disabled,Active
1473,4987082244950835,5061,17762,Classic,Mastercard,200000,179525.01,20474.99,26,2026-07-19,1023.75,30.45,60000.0,18678,127,2026-07-02,07/31,Yes,Enabled,Active
1474,4946263812620849,2954,12178,Gold,Visa,50000,3348.04,46651.96,7,2026-08-01,2332.6,41.35,15000.0,949,467,2025-07-02,07/29,Yes,Disabled,Active
1475,4575985835045739,3510,3188,Signature,Mastercard,50000,35357.44,14642.56,19,2026-07-30,732.13,33.79,15000.0,23510,389,2026-07-02,07/30,Yes,Disabled,Active
1476,4062100570374666,5599,11806,Classic,Visa,200000,18852.03,181147.97,17,2026-07-17,9057.4,42.18,60000.0,12410,643,2021-07-03,07/28,Yes,Disabled,Active
1477,4565177835179042,7968,15450,Signature,Visa,50000,49334.52,665.48,3,2026-07-11,33.27,30.93,15000.0,18080,909,2022-07-03,07/31,Yes,Disabled,Active
1478,4458205612375283,3146,16197,Classic,RuPay,50000,47076.38,2923.62,1,2026-07-08,146.18,47.43,15000.0,16865,939,2024-07-02,07/30,Yes,Enabled,Active
1479,4290723386333029,3712,18481,Classic,Mastercard,1000000,871594.02,128405.98,2,2026-07-09,6420.3,46.41,300000.0,1918,726,2025-07-02,07/29,Yes,Enabled,Active
1480,4839170437940184,2254,18468,Classic,Visa,100000,59024.63,40975.37,3,2026-07-29,2048.77,45.22,30000.0,1977,101,2026-07-02,07/28,Yes,Enabled,Expired
1481,4396342277933233,2539,5567,Gold,Visa,50000,30061.11,19938.89,17,2026-07-07,996.94,43.5,15000.0,8645,778,2022-07-03,07/28,Yes,Enabled,Active
1482,4360799164219407,1265,16072,Gold,Visa,500000,228584.44,271415.56,10,2026-07-10,13570.78,47.16,150000.0,12212,696,2026-07-02,07/30,Yes,Disabled,Active
1483,4303393626101517,4847,15714,Classic,RuPay,200000,57580.25,142419.75,22,2026-07-12,7120.99,40.2,60000.0,1956,779,2025-07-02,07/28,Yes,Disabled,Active
1484,4167133479229813,1658,1985,Classic,Visa,100000,83628.04,16371.96,5,2026-07-15,818.6,45.3,30000.0,7196,116,2026-07-02,07/28,Yes,Enabled,Active
1485,4446693667890647,9857,18461,Classic,Mastercard,200000,164866.4,35133.6,20,2026-07-27,1756.68,38.51,60000.0,19126,853,2022-07-03,07/31,Yes,Disabled,Active
1486,4204426477155949,619,9263,Classic,Mastercard,100000,25921.31,74078.69,2,2026-07-28,3703.93,47.08,30000.0,11671,750,2025-07-02,07/29,Yes,Enabled,Active
1487,4021697271703249,5518,2438,Platinum,Visa,200000,108118.88,91881.12,13,2026-07-30,4594.06,45.53,60000.0,21773,582,2024-07-02,07/30,No,Disabled,Active
1488,4858714915943394,2148,5957,Signature,Visa,100000,89359.49,10640.51,5,2026-07-13,532.03,37.26,30000.0,5824,841,2024-07-02,07/30,Yes,Disabled,Closed
1489,4484530636609856,6173,9146,Platinum,Visa,200000,59254.18,140745.82,5,2026-07-30,7037.29,38.77,60000.0,8534,892,2022-07-03,07/30,Yes,Disabled,Active
1490,4925394154577624,2528,9445,Classic,Mastercard,100000,80535.51,19464.49,15,2026-07-23,973.22,43.34,30000.0,12284,817,2025-07-02,07/31,Yes,Disabled,Active
1491,4853481236836560,2659,15083,Gold,Mastercard,100000,90277.23,9722.77,24,2026-07-08,486.14,38.57,30000.0,14482,757,2026-07-02,07/30,Yes,Disabled,Expired
1492,4191495116341037,2963,5328,Gold,Visa,50000,49063.87,936.13,27,2026-07-10,46.81,38.97,15000.0,9460,749,2022-07-03,07/30,Yes,Enabled,Active
1493,4241770120250137,2713,3502,Platinum,Mastercard,50000,42604.32,7395.68,17,2026-07-21,369.78,37.55,15000.0,20411,521,2023-07-03,07/29,Yes,Disabled,Active
1494,4538670743359179,7171,17728,Classic,Mastercard,50000,42362.24,7637.76,9,2026-07-28,381.89,36.32,15000.0,7124,506,2024-07-02,07/30,Yes,Disabled,Active
1495,4534007190368364,9626,5860,Classic,RuPay,50000,7788.35,42211.65,14,2026-07-07,2110.58,36.07,15000.0,14103,462,2025-07-02,07/28,No,Disabled,Active
1496,4020694152953514,6732,9603,Gold,Visa,500000,414739.77,85260.23,24,2026-07-19,4263.01,30.59,150000.0,15930,892,2023-07-03,07/31,Yes,Disabled,Blocked
1497,4102619122912402,5969,17180,Gold,RuPay,500000,137584.57,362415.43,13,2026-07-27,18120.77,34.36,150000.0,6131,370,2024-07-02,07/31,Yes,Disabled,Active
1498,4173615154182376,3892,1141,Classic,Visa,50000,5588.53,44411.47,22,2026-07-19,2220.57,31.31,15000.0,4876,725,2023-07-03,07/30,Yes,Enabled,Active
1499,4816483248198926,7278,10666,Gold,American Express,200000,149615.07,50384.93,26,2026-07-19,2519.25,30.17,60000.0,17606,878,2024-07-02,07/28,Yes,Disabled,Active
1500,4864018513761905,4669,4575,Classic,Mastercard,50000,31336.36,18663.64,5,2026-07-26,933.18,32.56,15000.0,11408,352,2022-07-03,07/30,Yes,Disabled,Active
1501,4461689885824452,7356,9262,Classic,Visa,100000,11755.96,88244.04,7,2026-07-30,4412.2,44.65,30000.0,6373,583,2022-07-03,07/29,Yes,Disabled,Active
1502,4535505420119024,3834,517,Classic,Visa,100000,82661.82,17338.18,28,2026-07-07,866.91,41.14,30000.0,18360,136,2025-07-02,07/29,Yes,Enabled,Active
1503,4845566976831871,3919,8074,Classic,Mastercard,50000,11787.38,38212.62,25,2026-07-14,1910.63,46.92,15000.0,23952,687,2022-07-03,07/29,Yes,Disabled,Active
1504,4986194055575500,5071,6812,Classic,Visa,50000,6463.61,43536.39,24,2026-07-12,2176.82,37.88,15000.0,8804,896,2024-07-02,07/30,Yes,Enabled,Active
1505,4177181331006571,7685,14503,Classic,Visa,50000,31488.85,18511.15,4,2026-07-09,925.56,42.68,15000.0,12931,446,2021-07-03,07/28,Yes,Disabled,Active
1506,4825479983153390,3179,3064,Platinum,Mastercard,1000000,208418.5,791581.5,7,2026-07-11,39579.08,41.85,300000.0,14859,258,2025-07-02,07/28,Yes,Enabled,Active
1507,4794683903886369,6027,19021,Platinum,Visa,100000,11989.52,88010.48,20,2026-07-19,4400.52,47.97,30000.0,13515,699,2023-07-03,07/31,Yes,Enabled,Active
1508,4731240282168114,7219,15381,Gold,Mastercard,50000,35448.48,14551.52,23,2026-07-15,727.58,32.66,15000.0,4755,201,2025-07-02,07/30,Yes,Disabled,Active
1509,4568602413019573,9402,16585,Classic,Mastercard,200000,40133.63,159866.37,8,2026-07-12,7993.32,38.53,60000.0,799,405,2024-07-02,07/29,Yes,Disabled,Expired
1510,4622696998391340,9656,11748,Classic,RuPay,50000,29741.74,20258.26,28,2026-07-13,1012.91,34.38,15000.0,20936,748,2022-07-03,07/29,Yes,Enabled,Active
1511,4135569276153464,6257,3277,Gold,Mastercard,100000,8427.63,91572.37,22,2026-07-27,4578.62,39.26,30000.0,2794,537,2021-07-03,07/29,Yes,Enabled,Active
1512,4402547468018324,8240,651,Classic,Mastercard,50000,35634.22,14365.78,22,2026-08-01,718.29,42.5,15000.0,7763,491,2023-07-03,07/28,Yes,Disabled,Active
1513,4981457306649498,6860,8941,Platinum,Visa,100000,28475.34,71524.66,14,2026-07-12,3576.23,41.03,30000.0,2135,730,2026-07-02,07/31,Yes,Disabled,Active
1514,4329071863843728,2656,14237,Platinum,Visa,100000,29378.09,70621.91,23,2026-07-14,3531.1,39.75,30000.0,24024,378,2026-07-02,07/29,Yes,Disabled,Active
1515,4865019763472335,3272,17133,Classic,Visa,100000,73272.55,26727.45,4,2026-07-13,1336.37,32.67,30000.0,20305,537,2023-07-03,07/29,Yes,Disabled,Active
1516,4616842397613692,9450,13337,Gold,Visa,100000,33568.39,66431.61,13,2026-07-12,3321.58,39.05,30000.0,3176,178,2023-07-03,07/28,No,Disabled,Active
1517,4312306537124705,4097,15130,Platinum,Mastercard,1000000,674632.04,325367.96,17,2026-07-17,16268.4,35.85,300000.0,20574,383,2026-07-02,07/31,Yes,Disabled,Active
1518,4511027904819594,855,1082,Classic,Visa,50000,39581.4,10418.6,25,2026-07-18,520.93,32.86,15000.0,21945,808,2023-07-03,07/31,No,Disabled,Active
1519,4880498563600738,7874,3227,Classic,Mastercard,50000,28060.53,21939.47,10,2026-07-07,1096.97,38.78,15000.0,7486,387,2023-07-03,07/28,Yes,Enabled,Active
1520,4515806605307326,6082,14607,Gold,Visa,200000,105185.33,94814.67,19,2026-07-08,4740.73,42.75,60000.0,12128,429,2025-07-02,07/29,Yes,Enabled,Active
1521,4473921318286537,9370,13579,Gold,Visa,50000,4391.77,45608.23,19,2026-07-08,2280.41,33.73,15000.0,9534,674,2025-07-02,07/28,Yes,Enabled,Active
1522,4728252658299676,8453,6372,Classic,Visa,50000,12254.21,37745.79,23,2026-07-28,1887.29,41.73,15000.0,24606,825,2021-07-03,07/28,No,Disabled,Active
1523,4808186865909465,2043,2784,Platinum,Mastercard,100000,48030.43,51969.57,27,2026-07-07,2598.48,39.79,30000.0,1990,257,2025-07-02,07/29,Yes,Disabled,Active
1524,4874823369663941,4671,12803,Classic,Visa,500000,134081.4,365918.6,19,2026-07-29,18295.93,37.06,150000.0,10032,926,2026-07-02,07/29,Yes,Disabled,Expired
1525,4303660167186629,1375,2938,Gold,Visa,50000,39289.79,10710.21,28,2026-07-29,535.51,38.65,15000.0,7214,318,2022-07-03,07/29,Yes,Disabled,Active
1526,4012355193331061,2627,11933,Gold,Mastercard,50000,13851.67,36148.33,10,2026-07-31,1807.42,35.55,15000.0,10159,603,2022-07-03,07/29,Yes,Enabled,Active
1527,4901116460328592,4470,2440,Gold,Visa,200000,43510.48,156489.52,7,2026-07-12,7824.48,30.11,60000.0,8988,208,2021-07-03,07/28,Yes,Disabled,Active
1528,4845849814464679,7362,6933,Platinum,Visa,50000,3104.82,46895.18,1,2026-08-01,2344.76,33.25,15000.0,11434,205,2023-07-03,07/31,Yes,Disabled,Active
1529,4402357569993095,8411,10688,Gold,RuPay,50000,6960.19,43039.81,2,2026-07-25,2151.99,46.13,15000.0,18573,411,2024-07-02,07/28,Yes,Disabled,Active
1530,4457834255994583,9506,16275,Classic,Mastercard,200000,118757.19,81242.81,1,2026-07-17,4062.14,32.12,60000.0,13331,982,2024-07-02,07/28,Yes,Disabled,Active
1531,4050688443129438,7168,17874,Classic,Visa,100000,73395.18,26604.82,25,2026-07-16,1330.24,42.4,30000.0,13344,959,2026-07-02,07/31,Yes,Disabled,Active
1532,4114076061117205,1503,9231,Gold,Visa,50000,32364.17,17635.83,27,2026-07-19,881.79,47.62,15000.0,4404,604,2023-07-03,07/29,Yes,Disabled,Active
1533,4406153385752683,3638,9611,Gold,Mastercard,50000,27958.31,22041.69,21,2026-07-26,1102.08,42.29,15000.0,24652,168,2023-07-03,07/30,Yes,Disabled,Active
1534,4546095054352008,7392,13870,Classic,Visa,100000,32330.81,67669.19,14,2026-07-07,3383.46,40.16,30000.0,19993,835,2026-07-02,07/28,Yes,Enabled,Active
1535,4864620763526262,5728,2917,Classic,Visa,200000,85018.68,114981.32,10,2026-07-12,5749.07,30.3,60000.0,16676,401,2026-07-02,07/29,Yes,Disabled,Active
1536,4430319102344084,437,18982,Gold,American Express,50000,48288.08,1711.92,22,2026-07-07,85.6,47.77,15000.0,22340,511,2026-07-02,07/31,Yes,Enabled,Active
1537,4753697539476588,8870,13627,Gold,Mastercard,200000,167351.25,32648.75,22,2026-07-10,1632.44,44.77,60000.0,12735,676,2021-07-03,07/30,Yes,Disabled,Active
1538,4012860683575372,873,8550,Classic,Mastercard,100000,83080.45,16919.55,7,2026-07-24,845.98,36.23,30000.0,20800,776,2023-07-03,07/29,Yes,Disabled,Active
1539,4254740507670724,6496,10676,Gold,RuPay,200000,148971.41,51028.59,6,2026-07-13,2551.43,33.64,60000.0,8714,340,2025-07-02,07/30,Yes,Disabled,Active
1540,4446274868719105,8225,4644,Classic,Visa,100000,27947.52,72052.48,2,2026-07-16,3602.62,35.07,30000.0,9625,774,2021-07-03,07/29,Yes,Enabled,Active
1541,4854802189507651,9854,9011,Classic,Mastercard,200000,52122.43,147877.57,16,2026-07-08,7393.88,42.72,60000.0,17667,919,2021-07-03,07/29,Yes,Disabled,Active
1542,4280365380223141,3863,5317,Classic,Visa,100000,73801.82,26198.18,21,2026-07-17,1309.91,45.42,30000.0,20093,805,2023-07-03,07/31,Yes,Disabled,Active
1543,4640111086476621,6327,18843,Gold,Visa,50000,31694.67,18305.33,25,2026-07-29,915.27,34.41,15000.0,23715,440,2026-07-02,07/28,Yes,Enabled,Active
1544,4850158555536725,1338,4614,Signature,Visa,100000,12688.45,87311.55,15,2026-07-11,4365.58,41.86,30000.0,1804,395,2023-07-03,07/30,Yes,Disabled,Active
1545,4559838336330233,6143,16765,Classic,Mastercard,50000,10259.91,39740.09,18,2026-07-28,1987.0,44.35,15000.0,9764,488,2024-07-02,07/28,Yes,Disabled,Active
1546,4512524693564497,3679,14461,Gold,Mastercard,50000,3392.93,46607.07,12,2026-07-15,2330.35,45.05,15000.0,5348,363,2026-07-02,07/29,No,Disabled,Closed
1547,4271419890204249,462,1703,Gold,RuPay,50000,40330.79,9669.21,8,2026-07-12,483.46,34.23,15000.0,19796,670,2021-07-03,07/31,No,Enabled,Blocked
1548,4916365714295297,5222,3280,Gold,Mastercard,50000,2868.96,47131.04,18,2026-07-23,2356.55,36.24,15000.0,16626,677,2021-07-03,07/28,Yes,Disabled,Active
1549,4485270229783131,1624,18476,Gold,Mastercard,100000,74324.47,25675.53,23,2026-07-10,1283.78,43.84,30000.0,14575,230,2021-07-03,07/28,Yes,Disabled,Active
1550,4216788607723222,5494,16901,Classic,Mastercard,200000,159015.05,40984.95,22,2026-07-22,2049.25,43.77,60000.0,5593,413,2024-07-02,07/31,Yes,Disabled,Active
1551,4914894601855817,2393,9208,Classic,Visa,500000,443555.09,56444.91,20,2026-07-18,2822.25,33.18,150000.0,1222,551,2023-07-03,07/28,Yes,Disabled,Active
1552,4451480150297431,2255,4144,Gold,Visa,50000,5635.63,44364.37,13,2026-07-11,2218.22,36.11,15000.0,15445,476,2026-07-02,07/28,No,Enabled,Active
1553,4359465846775830,628,12728,Gold,Visa,100000,48942.86,51057.14,2,2026-07-12,2552.86,31.93,30000.0,19406,924,2026-07-02,07/29,Yes,Enabled,Active
1554,4169727011433427,9527,5716,Classic,Mastercard,1000000,686306.91,313693.09,6,2026-07-11,15684.65,40.36,300000.0,10682,388,2023-07-03,07/30,No,Disabled,Active
1555,4623582337828219,7741,14320,Classic,Visa,100000,78858.77,21141.23,28,2026-07-19,1057.06,43.42,30000.0,4118,271,2023-07-03,07/31,Yes,Disabled,Active
1556,4797276372936532,2274,2724,Classic,Mastercard,100000,73638.02,26361.98,21,2026-07-19,1318.1,30.72,30000.0,21194,293,2024-07-02,07/31,No,Enabled,Active
1557,4286107693820072,7686,15248,Platinum,Mastercard,50000,33471.08,16528.92,26,2026-07-08,826.45,42.67,15000.0,13627,957,2022-07-03,07/28,Yes,Disabled,Active
1558,4592225365772321,7350,19036,Classic,Mastercard,200000,129846.6,70153.4,2,2026-07-30,3507.67,43.84,60000.0,9936,318,2023-07-03,07/29,Yes,Disabled,Active
1559,4388488941305308,87,14388,Gold,Mastercard,100000,52999.12,47000.88,25,2026-07-26,2350.04,34.71,30000.0,3549,210,2022-07-03,07/29,Yes,Disabled,Active
1560,4554141877678610,1299,18334,Gold,RuPay,100000,93252.36,6747.64,12,2026-07-21,337.38,31.0,30000.0,6681,934,2025-07-02,07/28,Yes,Enabled,Active
1561,4829647860043937,312,7279,Classic,Visa,200000,196174.84,3825.16,24,2026-07-31,191.26,43.92,60000.0,17180,705,2024-07-02,07/28,Yes,Enabled,Active
1562,4704544047226987,8614,14662,Classic,Visa,50000,48391.52,1608.48,6,2026-07-22,80.42,35.57,15000.0,1550,186,2026-07-02,07/28,No,Disabled,Active
1563,4540236738530978,3534,1344,Classic,Visa,200000,110576.75,89423.25,2,2026-07-07,4471.16,31.8,60000.0,4904,868,2025-07-02,07/29,Yes,Enabled,Active
1564,4007190950312503,2450,15179,Platinum,Visa,200000,33945.46,166054.54,17,2026-07-22,8302.73,45.18,60000.0,1299,958,2026-07-02,07/30,Yes,Enabled,Active
1565,4111137999534108,6935,648,Classic,RuPay,500000,28636.07,471363.93,5,2026-07-17,23568.2,34.56,150000.0,9877,905,2022-07-03,07/31,Yes,Enabled,Active
1566,4059137606969082,1822,8253,Platinum,Mastercard,50000,14905.99,35094.01,5,2026-07-20,1754.7,33.87,15000.0,12281,283,2025-07-02,07/28,Yes,Disabled,Active
1567,4911466601548743,9188,5480,Platinum,Visa,100000,10412.73,89587.27,24,2026-07-22,4479.36,39.98,30000.0,16351,299,2022-07-03,07/28,Yes,Disabled,Active
1568,4334813697893609,3894,1362,Gold,Visa,100000,97027.48,2972.52,23,2026-07-22,148.63,32.21,30000.0,13599,404,2022-07-03,07/30,Yes,Disabled,Expired
1569,4934928611155619,4935,15213,Gold,Mastercard,100000,19373.13,80626.87,5,2026-08-01,4031.34,43.98,30000.0,15349,885,2023-07-03,07/31,No,Enabled,Active
1570,4772436617711333,1997,18464,Platinum,Visa,100000,87831.45,12168.55,7,2026-07-24,608.43,47.82,30000.0,5642,320,2025-07-02,07/29,Yes,Disabled,Active
1571,4117574343666998,783,17930,Gold,Visa,50000,31589.13,18410.87,7,2026-07-14,920.54,44.57,15000.0,15293,754,2023-07-03,07/28,Yes,Enabled,Active
1572,4309371310225158,3907,13272,Classic,Visa,100000,7772.52,92227.48,19,2026-07-31,4611.37,31.16,30000.0,6618,714,2023-07-03,07/30,Yes,Disabled,Active
1573,4830950052204276,8710,11007,Classic,Visa,100000,25371.14,74628.86,10,2026-07-11,3731.44,38.04,30000.0,13535,743,2025-07-02,07/28,Yes,Disabled,Active
1574,4476130038588922,7490,6094,Classic,Visa,50000,42164.34,7835.66,10,2026-07-11,391.78,40.65,15000.0,1007,913,2023-07-03,07/30,Yes,Disabled,Active
1575,4780471553305625,1030,19136,Platinum,Visa,50000,15149.12,34850.88,11,2026-07-11,1742.54,44.34,15000.0,19314,595,2025-07-02,07/30,Yes,Disabled,Active
1576,4923279101661784,8685,10543,Classic,RuPay,100000,43987.84,56012.16,12,2026-07-13,2800.61,40.19,30000.0,21263,132,2021-07-03,07/30,Yes,Disabled,Active
1577,4172329806867958,8190,6007,Classic,RuPay,500000,36176.81,463823.19,12,2026-07-19,23191.16,42.48,150000.0,14890,962,2023-07-03,07/29,Yes,Disabled,Active
1578,4020803463112513,270,11135,Gold,Visa,100000,31657.71,68342.29,10,2026-07-16,3417.11,33.97,30000.0,16235,660,2023-07-03,07/28,Yes,Enabled,Active
1579,4655997287147467,3964,6525,Classic,Mastercard,200000,84371.86,115628.14,7,2026-07-10,5781.41,37.75,60000.0,5053,100,2021-07-03,07/29,No,Disabled,Active
1580,4643334164990361,2353,4209,Classic,American Express,200000,109627.46,90372.54,18,2026-07-17,4518.63,47.38,60000.0,24190,505,2022-07-03,07/30,Yes,Enabled,Active
1581,4703773917153677,4773,13397,Classic,Visa,50000,22836.75,27163.25,8,2026-07-28,1358.16,36.65,15000.0,4010,663,2024-07-02,07/29,Yes,Disabled,Active
1582,4048754622329106,7033,11041,Gold,RuPay,100000,91139.04,8860.96,25,2026-07-21,443.05,43.29,30000.0,15364,397,2026-07-02,07/30,Yes,Disabled,Active
1583,4027827871374538,26,14851,Gold,American Express,200000,35114.81,164885.19,6,2026-07-17,8244.26,30.42,60000.0,23562,490,2023-07-03,07/31,Yes,Disabled,Active
1584,4100543823948621,5781,8914,Classic,Visa,100000,51017.43,48982.57,25,2026-07-15,2449.13,33.52,30000.0,14285,632,2024-07-02,07/29,Yes,Disabled,Active
1585,4605165557564555,3942,7222,Gold,Mastercard,50000,8111.36,41888.64,28,2026-07-10,2094.43,47.16,15000.0,17507,589,2022-07-03,07/29,Yes,Disabled,Active
1586,4471057631437366,6826,5507,Gold,Mastercard,100000,92969.29,7030.71,26,2026-07-19,351.54,45.7,30000.0,11042,912,2021-07-03,07/28,Yes,Disabled,Active
1587,4951377498736943,3069,3042,Platinum,RuPay,50000,20821.23,29178.77,5,2026-07-17,1458.94,37.87,15000.0,13889,741,2024-07-02,07/28,Yes,Disabled,Active
1588,4645891170247358,9300,16549,Classic,Visa,100000,27109.59,72890.41,15,2026-07-16,3644.52,41.62,30000.0,9691,538,2021-07-03,07/30,Yes,Enabled,Active
1589,4296113354488320,5909,2173,Signature,Visa,100000,15559.1,84440.9,25,2026-07-28,4222.05,36.83,30000.0,1765,658,2021-07-03,07/31,Yes,Disabled,Active
1590,4728031765696280,1109,12080,Gold,Mastercard,100000,29216.57,70783.43,27,2026-07-11,3539.17,41.0,30000.0,23755,735,2023-07-03,07/31,Yes,Disabled,Active
1591,4868829464308862,8594,19183,Platinum,Mastercard,500000,132669.82,367330.18,4,2026-07-30,18366.51,43.9,150000.0,3669,632,2025-07-02,07/28,No,Enabled,Active
1592,4754694698926439,8317,11785,Classic,Visa,50000,20442.18,29557.82,17,2026-07-15,1477.89,38.55,15000.0,16653,610,2021-07-03,07/31,Yes,Disabled,Active
1593,4684502549846695,9376,5798,Gold,Mastercard,500000,202780.42,297219.58,21,2026-07-29,14860.98,40.28,150000.0,11611,198,2026-07-02,07/29,No,Disabled,Active
1594,4566510138020310,6398,8932,Platinum,Mastercard,1000000,627141.96,372858.04,2,2026-07-30,18642.9,37.97,300000.0,13336,482,2026-07-02,07/29,Yes,Enabled,Active
1595,4765800296575072,7703,13899,Classic,Mastercard,100000,54743.26,45256.74,13,2026-07-09,2262.84,32.58,30000.0,24610,681,2023-07-03,07/31,Yes,Enabled,Blocked
1596,4379791799663868,714,11885,Classic,Visa,500000,406823.78,93176.22,3,2026-07-12,4658.81,45.66,150000.0,1655,132,2022-07-03,07/30,Yes,Enabled,Active
1597,4942712420263261,6339,16797,Classic,Mastercard,200000,35146.51,164853.49,16,2026-07-19,8242.67,32.92,60000.0,2452,877,2023-07-03,07/31,Yes,Disabled,Active
1598,4960844270304309,6117,18594,Classic,Visa,200000,144077.83,55922.17,3,2026-07-14,2796.11,32.59,60000.0,22525,161,2021-07-03,07/30,Yes,Disabled,Active
1599,4031030495674892,4156,16762,Gold,Visa,100000,38832.0,61168.0,25,2026-07-21,3058.4,38.32,30000.0,22154,574,2026-07-02,07/29,Yes,Disabled,Expired
1600,4037089601487731,267,16574,Gold,American Express,500000,188527.43,311472.57,10,2026-07-13,15573.63,30.0,150000.0,348,324,2022-07-03,07/31,Yes,Disabled,Active
1601,4357075578656611,5851,6866,Platinum,Mastercard,200000,145500.07,54499.93,5,2026-07-12,2725.0,36.81,60000.0,13194,613,2023-07-03,07/28,Yes,Enabled,Active
1602,4383788252920521,1107,11339,Gold,American Express,1000000,299005.45,700994.55,12,2026-07-07,35049.73,34.66,300000.0,4526,267,2023-07-03,07/31,Yes,Enabled,Active
1603,4937622564182409,5650,4988,Classic,RuPay,200000,199425.56,574.44,17,2026-07-08,28.72,38.66,60000.0,2302,162,2026-07-02,07/29,Yes,Disabled,Active
1604,4662634287676257,3951,17269,Classic,Visa,100000,28000.18,71999.82,14,2026-07-24,3599.99,39.22,30000.0,18078,836,2023-07-03,07/29,Yes,Enabled,Active
1605,4193720868625473,1699,3736,Signature,Mastercard,100000,31607.78,68392.22,17,2026-07-07,3419.61,36.78,30000.0,16921,361,2022-07-03,07/31,Yes,Enabled,Active
1606,4635491645844747,5448,13544,Platinum,American Express,50000,21772.88,28227.12,22,2026-07-29,1411.36,34.12,15000.0,19718,593,2026-07-02,07/28,No,Enabled,Active
1607,4782024049117225,2186,15475,Gold,Mastercard,100000,13798.95,86201.05,13,2026-07-18,4310.05,31.96,30000.0,17581,380,2022-07-03,07/28,Yes,Disabled,Active
1608,4499148537865045,727,9800,Classic,RuPay,50000,43291.52,6708.48,17,2026-07-27,335.42,42.82,15000.0,11629,637,2026-07-02,07/28,Yes,Disabled,Active
1609,4579683038637736,8944,12279,Platinum,Visa,100000,14559.06,85440.94,27,2026-07-16,4272.05,47.12,30000.0,10537,340,2023-07-03,07/30,Yes,Disabled,Active
1610,4641148367329041,9020,11906,Gold,Mastercard,100000,31448.2,68551.8,28,2026-07-22,3427.59,45.16,30000.0,20037,581,2021-07-03,07/31,Yes,Enabled,Active
1611,4256614807848048,8985,2651,Classic,American Express,50000,34838.83,15161.17,12,2026-07-23,758.06,45.92,15000.0,11350,682,2025-07-02,07/29,Yes,Disabled,Active
1612,4107562067569452,9478,1698,Classic,Visa,100000,58567.69,41432.31,3,2026-07-17,2071.62,37.81,30000.0,10719,701,2026-07-02,07/31,Yes,Disabled,Active
1613,4882960182751410,7841,12313,Classic,Mastercard,100000,64913.4,35086.6,20,2026-07-14,1754.33,44.99,30000.0,4760,170,2024-07-02,07/30,Yes,Disabled,Closed
1614,4515906501503097,2987,18710,Gold,Visa,100000,42762.78,57237.22,21,2026-07-20,2861.86,30.96,30000.0,22993,847,2022-07-03,07/30,Yes,Disabled,Active
1615,4920859494614809,2210,8307,Classic,Mastercard,50000,5552.13,44447.87,10,2026-07-23,2222.39,38.49,15000.0,11018,508,2023-07-03,07/29,Yes,Disabled,Active
1616,4592310089679033,1034,12326,Signature,Visa,50000,32352.72,17647.28,2,2026-07-18,882.36,30.52,15000.0,11432,732,2026-07-02,07/30,Yes,Disabled,Active
1617,4859593248801807,7499,18564,Classic,Mastercard,100000,15325.42,84674.58,13,2026-08-01,4233.73,45.24,30000.0,19414,227,2026-07-02,07/29,Yes,Disabled,Active
1618,4162006044624991,606,7183,Platinum,RuPay,50000,13699.79,36300.21,26,2026-07-14,1815.01,30.13,15000.0,17604,349,2026-07-02,07/30,Yes,Enabled,Active
1619,4387146844854579,4808,18147,Classic,Visa,500000,122224.43,377775.57,2,2026-07-29,18888.78,36.49,150000.0,18224,689,2021-07-03,07/30,No,Disabled,Active
1620,4898269794169497,3303,8970,Classic,Mastercard,50000,27716.82,22283.18,24,2026-07-10,1114.16,44.38,15000.0,17383,632,2026-07-02,07/30,Yes,Disabled,Closed
1621,4486310089413452,718,10280,Classic,Mastercard,200000,18517.98,181482.02,8,2026-07-31,9074.1,45.73,60000.0,22445,508,2025-07-02,07/31,No,Disabled,Active
1622,4062972814142861,3269,12848,Gold,Visa,100000,15502.21,84497.79,13,2026-07-12,4224.89,39.88,30000.0,7657,513,2025-07-02,07/30,Yes,Enabled,Active
1623,4609311404213951,687,5598,Classic,Mastercard,50000,45881.64,4118.36,8,2026-07-31,205.92,41.17,15000.0,24484,212,2023-07-03,07/31,Yes,Disabled,Active
1624,4565986167663532,5171,14799,Classic,Visa,100000,16292.95,83707.05,16,2026-07-11,4185.35,40.34,30000.0,13758,206,2021-07-03,07/31,Yes,Disabled,Active
1625,4522115523591195,5081,14156,Classic,Visa,100000,19383.6,80616.4,18,2026-07-15,4030.82,30.11,30000.0,13956,965,2026-07-02,07/31,Yes,Disabled,Active
1626,4394980830463993,6525,15534,Classic,Visa,50000,6769.19,43230.81,16,2026-07-20,2161.54,46.12,15000.0,16964,376,2026-07-02,07/28,Yes,Enabled,Active
1627,4541991505635142,7757,17992,Gold,Visa,50000,20614.26,29385.74,28,2026-07-21,1469.29,33.15,15000.0,12912,536,2021-07-03,07/28,Yes,Disabled,Active
1628,4355879605097732,4151,106,Platinum,Visa,50000,25278.12,24721.88,22,2026-07-07,1236.09,36.8,15000.0,84,367,2024-07-02,07/28,Yes,Disabled,Active
1629,4048298417248081,600,12644,Classic,RuPay,200000,108912.43,91087.57,11,2026-07-25,4554.38,30.87,60000.0,15215,339,2024-07-02,07/29,Yes,Enabled,Active
1630,4298329413316852,3132,13790,Classic,Visa,200000,26933.49,173066.51,13,2026-07-08,8653.33,42.87,60000.0,19990,675,2022-07-03,07/31,Yes,Enabled,Active
1631,4182768744799132,4688,5680,Gold,Visa,50000,37727.66,12272.34,2,2026-07-20,613.62,32.29,15000.0,24657,761,2022-07-03,07/29,Yes,Disabled,Active
1632,4559385136241243,5849,12001,Gold,Visa,500000,210622.08,289377.92,6,2026-07-23,14468.9,45.23,150000.0,16812,789,2022-07-03,07/30,No,Enabled,Active
1633,4000162699476620,784,9413,Platinum,Mastercard,100000,59774.88,40225.12,7,2026-08-01,2011.26,36.04,30000.0,22147,894,2024-07-02,07/31,Yes,Disabled,Active
1634,4263320896939346,5439,9389,Gold,Mastercard,50000,29814.92,20185.08,14,2026-07-07,1009.25,46.93,15000.0,14173,645,2021-07-03,07/29,No,Enabled,Active
1635,4156088187233184,4477,16779,Classic,Visa,100000,25945.87,74054.13,7,2026-07-11,3702.71,40.0,30000.0,8498,201,2024-07-02,07/29,No,Disabled,Active
1636,4122430383545879,2040,4085,Gold,Mastercard,50000,14668.54,35331.46,25,2026-07-26,1766.57,31.81,15000.0,5852,532,2022-07-03,07/30,Yes,Disabled,Active
1637,4462785108304171,6030,9611,Platinum,Visa,100000,67919.14,32080.86,5,2026-07-21,1604.04,47.41,30000.0,18323,847,2023-07-03,07/31,Yes,Enabled,Active
1638,4295066460706499,7160,18662,Classic,Mastercard,500000,82549.97,417450.03,19,2026-07-13,20872.5,42.02,150000.0,3546,683,2021-07-03,07/28,Yes,Disabled,Active
1639,4319060103495329,6554,14847,Gold,Visa,1000000,134365.1,865634.9,7,2026-07-13,43281.75,32.98,300000.0,15516,135,2025-07-02,07/31,Yes,Disabled,Active
1640,4820390648736826,7205,13192,Platinum,Mastercard,500000,246805.83,253194.17,22,2026-08-01,12659.71,35.22,150000.0,6584,180,2026-07-02,07/30,Yes,Disabled,Active
1641,4745095533413529,6335,6172,Signature,Visa,500000,176845.61,323154.39,19,2026-07-15,16157.72,43.84,150000.0,5474,859,2026-07-02,07/29,Yes,Disabled,Active
1642,4778102687761197,5555,9563,Gold,Visa,100000,59695.12,40304.88,26,2026-07-08,2015.24,40.05,30000.0,467,781,2026-07-02,07/29,Yes,Disabled,Active
1643,4240183166671357,3061,430,Classic,RuPay,50000,21433.09,28566.91,5,2026-07-15,1428.35,30.47,15000.0,2741,564,2024-07-02,07/30,Yes,Disabled,Active
1644,4467179480061177,8130,12774,Platinum,Visa,200000,43720.08,156279.92,9,2026-07-12,7814.0,44.03,60000.0,17593,140,2022-07-03,07/31,Yes,Enabled,Active
1645,4639866032106324,8152,15531,Gold,Visa,100000,32936.32,67063.68,13,2026-07-08,3353.18,35.55,30000.0,21206,341,2023-07-03,07/31,No,Disabled,Active
1646,4012209195827909,9754,7730,Gold,Visa,100000,55617.32,44382.68,4,2026-07-18,2219.13,31.65,30000.0,13584,615,2025-07-02,07/30,No,Disabled,Active
1647,4032580299610861,4370,12425,Classic,Visa,50000,30418.0,19582.0,3,2026-07-13,979.1,37.22,15000.0,13720,822,2025-07-02,07/30,Yes,Disabled,Active
1648,4132367857575494,1354,18016,Classic,Visa,50000,14143.83,35856.17,21,2026-07-14,1792.81,36.24,15000.0,3908,785,2022-07-03,07/31,Yes,Disabled,Active
1649,4997021242843114,6956,686,Classic,American Express,1000000,725997.13,274002.87,21,2026-07-15,13700.14,40.28,300000.0,8280,204,2026-07-02,07/30,Yes,Disabled,Active
1650,4197189232346764,8984,10020,Platinum,Visa,50000,5892.69,44107.31,21,2026-07-12,2205.37,36.96,15000.0,16836,518,2021-07-03,07/29,Yes,Disabled,Active
1651,4587988064815082,8665,3081,Gold,RuPay,50000,43701.9,6298.1,12,2026-07-10,314.91,35.55,15000.0,15062,463,2023-07-03,07/28,No,Disabled,Active
1652,4638511557077530,2957,12079,Classic,Mastercard,100000,44599.72,55400.28,20,2026-07-13,2770.01,32.84,30000.0,11054,562,2022-07-03,07/28,No,Disabled,Active
1653,4882797897004081,4814,7680,Classic,RuPay,50000,22998.43,27001.57,21,2026-07-18,1350.08,41.49,15000.0,10831,819,2026-07-02,07/29,Yes,Enabled,Blocked
1654,4235256311276479,5263,7984,Classic,Mastercard,100000,86019.07,13980.93,22,2026-07-21,699.05,40.83,30000.0,14385,664,2023-07-03,07/31,No,Disabled,Active
1655,4217878336734181,9818,761,Gold,Visa,50000,49634.77,365.23,3,2026-07-16,18.26,42.17,15000.0,18254,751,2024-07-02,07/28,Yes,Disabled,Active
1656,4275265985570944,1312,6391,Classic,Visa,50000,21967.01,28032.99,11,2026-07-07,1401.65,47.98,15000.0,24675,386,2022-07-03,07/30,Yes,Enabled,Active
1657,4558915967170326,5373,13385,Platinum,RuPay,500000,290516.6,209483.4,9,2026-07-08,10474.17,39.35,150000.0,17243,885,2024-07-02,07/28,No,Disabled,Active
1658,4093720491832719,4844,17501,Classic,Visa,50000,25968.03,24031.97,12,2026-07-09,1201.6,44.44,15000.0,7676,422,2023-07-03,07/28,No,Enabled,Active
1659,4581166710161379,5022,11172,Classic,Mastercard,200000,64233.65,135766.35,27,2026-07-10,6788.32,39.92,60000.0,17224,183,2026-07-02,07/28,Yes,Disabled,Active
1660,4653150201124838,9470,12951,Platinum,Visa,200000,129567.55,70432.45,15,2026-07-10,3521.62,37.15,60000.0,19104,284,2023-07-03,07/30,Yes,Disabled,Active
1661,4685364090872206,6982,1004,Classic,Visa,100000,91484.44,8515.56,17,2026-07-12,425.78,46.95,30000.0,7063,216,2021-07-03,07/28,Yes,Disabled,Active
1662,4322234627525800,2731,2997,Platinum,Mastercard,100000,18703.22,81296.78,14,2026-07-23,4064.84,42.96,30000.0,19957,331,2025-07-02,07/30,Yes,Enabled,Active
1663,4007800716478366,7273,4440,Classic,Mastercard,100000,36671.08,63328.92,1,2026-07-26,3166.45,39.4,30000.0,4144,643,2024-07-02,07/28,Yes,Disabled,Active
1664,4803194402586409,5760,2438,Classic,Visa,100000,78499.19,21500.81,22,2026-07-15,1075.04,40.52,30000.0,9651,212,2023-07-03,07/29,Yes,Enabled,Active
1665,4489240535239796,7326,9986,Platinum,Mastercard,50000,47345.06,2654.94,25,2026-07-18,132.75,42.49,15000.0,2895,946,2025-07-02,07/31,Yes,Disabled,Active
1666,4334379981905666,8656,18571,Gold,Visa,500000,367825.5,132174.5,12,2026-07-25,6608.73,37.61,150000.0,20681,703,2025-07-02,07/31,Yes,Disabled,Active
1667,4799238752050476,5777,16926,Classic,Mastercard,50000,30001.08,19998.92,7,2026-07-31,999.95,30.18,15000.0,8286,309,2024-07-02,07/29,Yes,Disabled,Active
1668,4860725525204845,7127,18588,Classic,Mastercard,100000,64503.62,35496.38,1,2026-07-10,1774.82,46.05,30000.0,1388,996,2024-07-02,07/31,Yes,Enabled,Active
1669,4856619752160551,4499,6322,Gold,Mastercard,100000,53597.91,46402.09,14,2026-07-15,2320.1,39.55,30000.0,17720,292,2023-07-03,07/29,Yes,Disabled,Active
1670,4640941495261308,940,17704,Signature,Mastercard,100000,81584.15,18415.85,15,2026-07-24,920.79,39.8,30000.0,2881,787,2021-07-03,07/30,Yes,Enabled,Active
1671,4005933312807777,9197,17586,Platinum,Mastercard,50000,28878.87,21121.13,27,2026-07-19,1056.06,37.95,15000.0,19389,832,2024-07-02,07/28,Yes,Disabled,Active
1672,4980802887829757,6656,2463,Classic,RuPay,100000,50071.96,49928.04,10,2026-07-07,2496.4,35.27,30000.0,5796,419,2023-07-03,07/31,Yes,Enabled,Active
1673,4642060373629910,5953,1377,Classic,RuPay,100000,28504.9,71495.1,20,2026-07-17,3574.76,35.33,30000.0,19703,496,2022-07-03,07/31,Yes,Disabled,Active
1674,4950856968579240,9885,629,Gold,Mastercard,50000,12863.54,37136.46,12,2026-07-10,1856.82,31.67,15000.0,1298,320,2021-07-03,07/30,Yes,Disabled,Active
1675,4960537893087204,8801,12526,Classic,Mastercard,200000,174731.0,25269.0,2,2026-07-18,1263.45,43.09,60000.0,5124,608,2024-07-02,07/31,Yes,Disabled,Active
1676,4585501076770940,2340,7096,Classic,Visa,50000,44603.36,5396.64,24,2026-07-15,269.83,39.35,15000.0,19917,297,2025-07-02,07/29,Yes,Disabled,Active
1677,4238382922496978,9671,14461,Gold,Visa,100000,53304.35,46695.65,28,2026-07-27,2334.78,46.84,30000.0,14326,912,2024-07-02,07/30,Yes,Disabled,Active
1678,4524236865331648,571,10691,Platinum,Visa,200000,130329.52,69670.48,18,2026-07-21,3483.52,38.65,60000.0,12887,346,2024-07-02,07/28,Yes,Disabled,Active
1679,4756090058991454,9035,1795,Platinum,RuPay,100000,71445.28,28554.72,22,2026-07-24,1427.74,39.1,30000.0,17102,785,2023-07-03,07/31,Yes,Disabled,Active
1680,4083521842407873,1102,2815,Gold,Visa,50000,49564.77,435.23,10,2026-07-09,21.76,42.18,15000.0,7649,829,2022-07-03,07/29,Yes,Disabled,Active
1681,4453164407477564,3867,3507,Platinum,American Express,100000,49493.57,50506.43,27,2026-07-29,2525.32,36.03,30000.0,22675,987,2025-07-02,07/29,Yes,Enabled,Active
1682,4167344799151917,6002,15176,Classic,Mastercard,1000000,91035.27,908964.73,3,2026-07-13,45448.24,41.75,300000.0,16399,151,2026-07-02,07/29,Yes,Enabled,Active
1683,4468344261180169,5934,18016,Gold,Mastercard,50000,13672.7,36327.3,21,2026-07-14,1816.37,37.49,15000.0,19010,931,2021-07-03,07/30,Yes,Enabled,Active
1684,4572578574491019,6273,12858,Classic,RuPay,100000,50184.65,49815.35,17,2026-07-15,2490.77,36.26,30000.0,17753,729,2021-07-03,07/28,Yes,Disabled,Active
1685,4981827389549239,531,7947,Gold,Visa,50000,35896.47,14103.53,24,2026-07-23,705.18,42.32,15000.0,4580,803,2026-07-02,07/29,Yes,Disabled,Active
1686,4011730163250213,2514,10877,Classic,Visa,200000,88110.66,111889.34,8,2026-07-22,5594.47,30.14,60000.0,17610,980,2023-07-03,07/31,Yes,Enabled,Active
1687,4442852142549278,7372,6844,Signature,Visa,50000,41644.49,8355.51,8,2026-07-24,417.78,46.77,15000.0,11599,930,2024-07-02,07/29,Yes,Disabled,Active
1688,4504776651296819,6078,11983,Gold,RuPay,50000,14518.01,35481.99,17,2026-07-26,1774.1,39.35,15000.0,24099,731,2025-07-02,07/29,Yes,Disabled,Active
1689,4049487778182737,6096,15365,Classic,Visa,50000,13161.21,36838.79,20,2026-07-21,1841.94,31.25,15000.0,7554,959,2026-07-02,07/30,Yes,Disabled,Active
1690,4023268852425788,7274,478,Classic,Visa,100000,53785.91,46214.09,12,2026-07-24,2310.7,42.23,30000.0,16496,829,2023-07-03,07/29,Yes,Disabled,Active
1691,4663171541895444,1260,10079,Classic,Mastercard,100000,96725.81,3274.19,16,2026-07-08,163.71,36.82,30000.0,20479,944,2024-07-02,07/28,Yes,Disabled,Active
1692,4267315718889469,2256,1314,Platinum,Mastercard,200000,74024.42,125975.58,5,2026-07-12,6298.78,32.3,60000.0,1804,467,2025-07-02,07/29,Yes,Enabled,Active
1693,4050404800452435,6013,3265,Signature,Mastercard,100000,65860.8,34139.2,16,2026-07-13,1706.96,40.22,30000.0,12850,528,2024-07-02,07/28,Yes,Disabled,Active
1694,4049108313808914,6522,1993,Classic,RuPay,100000,56105.41,43894.59,23,2026-07-28,2194.73,36.29,30000.0,9023,190,2021-07-03,07/31,Yes,Enabled,Active
1695,4533667481150090,5151,3596,Classic,Visa,200000,118058.71,81941.29,15,2026-07-15,4097.06,33.44,60000.0,16730,377,2023-07-03,07/28,Yes,Disabled,Active
1696,4896624717822312,4567,15425,Classic,Mastercard,50000,4455.46,45544.54,12,2026-07-21,2277.23,39.7,15000.0,13813,934,2023-07-03,07/28,Yes,Disabled,Active
1697,4181747662360035,4090,12744,Platinum,American Express,500000,215733.19,284266.81,8,2026-07-09,14213.34,47.26,150000.0,22915,455,2021-07-03,07/30,Yes,Enabled,Active
1698,4392577594652393,9088,3454,Classic,Mastercard,100000,52663.76,47336.24,21,2026-07-24,2366.81,31.58,30000.0,16598,475,2021-07-03,07/30,Yes,Disabled,Active
1699,4230489428604102,425,18513,Classic,Mastercard,100000,84720.24,15279.76,6,2026-07-22,763.99,40.4,30000.0,2589,742,2026-07-02,07/29,Yes,Enabled,Active
1700,4766063563634807,3049,18224,Platinum,Visa,100000,60251.95,39748.05,19,2026-07-11,1987.4,45.54,30000.0,23138,117,2023-07-03,07/30,Yes,Disabled,Active
1701,4213128955906146,8177,17874,Gold,Visa,200000,195751.39,4248.61,9,2026-07-17,212.43,41.87,60000.0,19381,491,2024-07-02,07/29,Yes,Disabled,Active
1702,4337018567736922,6341,3175,Gold,Mastercard,100000,27795.93,72204.07,28,2026-07-08,3610.2,39.13,30000.0,11402,963,2025-07-02,07/30,No,Disabled,Active
1703,4171499520568190,1930,18249,Platinum,Visa,50000,21121.35,28878.65,22,2026-07-22,1443.93,31.55,15000.0,16091,562,2021-07-03,07/28,Yes,Enabled,Active
1704,4443724656070082,4289,1933,Platinum,RuPay,50000,6470.75,43529.25,22,2026-07-27,2176.46,33.03,15000.0,3848,382,2022-07-03,07/28,Yes,Enabled,Active
1705,4613688544126793,4265,2474,Platinum,Mastercard,200000,153025.25,46974.75,24,2026-07-16,2348.74,37.67,60000.0,18789,201,2024-07-02,07/29,Yes,Disabled,Active
1706,4965249116787251,7312,12317,Platinum,Visa,200000,141181.87,58818.13,4,2026-07-25,2940.91,38.46,60000.0,20809,922,2022-07-03,07/31,Yes,Enabled,Active
1707,4755174408847397,3516,17663,Classic,Mastercard,100000,41387.77,58612.23,12,2026-07-26,2930.61,38.1,30000.0,21745,427,2022-07-03,07/31,Yes,Disabled,Active
1708,4937416248224206,4679,5758,Classic,Visa,200000,80934.82,119065.18,18,2026-07-23,5953.26,37.28,60000.0,11070,559,2026-07-02,07/31,Yes,Disabled,Active
1709,4730482026545165,8048,494,Classic,American Express,100000,20189.06,79810.94,23,2026-07-31,3990.55,42.17,30000.0,5125,702,2021-07-03,07/30,Yes,Disabled,Active
1710,4528055066741607,3280,7368,Classic,Mastercard,100000,28123.14,71876.86,10,2026-07-26,3593.84,31.42,30000.0,16123,417,2023-07-03,07/28,Yes,Disabled,Active
1711,4472535223770619,2010,12839,Classic,American Express,200000,107281.82,92718.18,6,2026-07-15,4635.91,30.2,60000.0,19885,488,2025-07-02,07/31,Yes,Disabled,Active
1712,4406651123681840,9403,16899,Platinum,RuPay,200000,129284.77,70715.23,18,2026-07-28,3535.76,47.59,60000.0,4910,276,2026-07-02,07/29,Yes,Disabled,Active
1713,4386429479283309,9226,8105,Platinum,RuPay,50000,48340.02,1659.98,11,2026-07-18,83.0,40.57,15000.0,13599,912,2024-07-02,07/28,Yes,Disabled,Active
1714,4433042218809033,7407,15108,Classic,Visa,200000,127449.11,72550.89,13,2026-07-27,3627.54,37.83,60000.0,13992,964,2021-07-03,07/31,Yes,Disabled,Active
1715,4192925633002970,2829,17064,Platinum,Visa,50000,46935.94,3064.06,13,2026-07-13,153.2,40.77,15000.0,19695,828,2024-07-02,07/31,Yes,Disabled,Active
1716,4658499279240608,7293,564,Classic,Visa,500000,459246.82,40753.18,20,2026-07-10,2037.66,47.89,150000.0,6922,344,2022-07-03,07/29,Yes,Disabled,Active
1717,4844716912515770,1439,872,Classic,Visa,50000,22329.72,27670.28,28,2026-07-14,1383.51,43.65,15000.0,3692,624,2025-07-02,07/29,Yes,Enabled,Active
1718,4744801982975222,5237,12234,Classic,Visa,50000,28618.11,21381.89,14,2026-07-12,1069.09,42.81,15000.0,17806,978,2023-07-03,07/29,Yes,Disabled,Active
1719,4965176085561512,5693,17938,Gold,Visa,100000,26714.83,73285.17,4,2026-07-19,3664.26,33.5,30000.0,4265,712,2023-07-03,07/28,Yes,Disabled,Active
1720,4668172111448737,1064,5196,Signature,Visa,100000,33840.19,66159.81,4,2026-07-16,3307.99,36.16,30000.0,4468,633,2023-07-03,07/30,Yes,Disabled,Active
1721,4320356061312122,4758,17617,Classic,Mastercard,100000,33823.48,66176.52,9,2026-07-30,3308.83,36.74,30000.0,18899,701,2024-07-02,07/30,No,Disabled,Active
1722,4215134943714101,4915,14700,Platinum,Visa,100000,54131.87,45868.13,4,2026-07-15,2293.41,41.03,30000.0,9347,661,2023-07-03,07/29,Yes,Enabled,Expired
1723,4866075785017685,2581,16857,Platinum,RuPay,100000,66893.04,33106.96,6,2026-07-08,1655.35,40.44,30000.0,4239,464,2025-07-02,07/28,Yes,Disabled,Active
1724,4252747185100614,2853,18397,Classic,RuPay,200000,162849.28,37150.72,5,2026-07-18,1857.54,45.08,60000.0,18749,908,2022-07-03,07/29,Yes,Disabled,Active
1725,4728258460454703,5923,10741,Classic,Visa,200000,23610.7,176389.3,13,2026-07-07,8819.47,39.11,60000.0,18416,915,2022-07-03,07/30,Yes,Enabled,Active
1726,4718430957922171,9382,19095,Classic,RuPay,100000,88878.69,11121.31,8,2026-07-19,556.07,35.32,30000.0,16410,837,2023-07-03,07/29,Yes,Disabled,Active
1727,4164262215649443,9481,6034,Platinum,RuPay,200000,52326.32,147673.68,24,2026-07-25,7383.68,42.42,60000.0,11133,789,2022-07-03,07/30,Yes,Enabled,Active
1728,4096067032896191,3293,8707,Gold,Visa,100000,17393.86,82606.14,11,2026-07-31,4130.31,41.36,30000.0,12217,428,2022-07-03,07/31,Yes,Disabled,Active
1729,4430389185586586,2276,12662,Classic,Visa,200000,148303.13,51696.87,19,2026-07-17,2584.84,32.12,60000.0,6726,338,2023-07-03,07/31,Yes,Disabled,Active
1730,4070058804518237,9610,18631,Platinum,RuPay,50000,12521.6,37478.4,11,2026-07-09,1873.92,41.99,15000.0,19918,740,2021-07-03,07/28,Yes,Disabled,Active
1731,4538457882629292,8095,8939,Signature,Visa,50000,34527.32,15472.68,2,2026-07-26,773.63,45.81,15000.0,1096,105,2023-07-03,07/30,Yes,Disabled,Active
1732,4804917278203385,9347,14112,Signature,Visa,200000,164240.7,35759.3,17,2026-07-10,1787.97,31.08,60000.0,14660,212,2026-07-02,07/28,Yes,Disabled,Active
1733,4803245335503847,9254,10888,Gold,Visa,200000,11370.0,188630.0,19,2026-07-14,9431.5,34.6,60000.0,15146,622,2026-07-02,07/29,Yes,Disabled,Active
1734,4778976104624717,6045,4214,Gold,Visa,200000,198627.16,1372.84,23,2026-07-12,68.64,35.89,60000.0,17402,657,2026-07-02,07/28,Yes,Disabled,Active
1735,4030098324770261,9412,11312,Gold,Mastercard,50000,14958.05,35041.95,14,2026-07-17,1752.1,38.95,15000.0,6017,446,2024-07-02,07/30,Yes,Disabled,Active
1736,4032869087089393,2127,18726,Platinum,Visa,100000,36864.77,63135.23,21,2026-07-30,3156.76,46.63,30000.0,4740,948,2026-07-02,07/31,Yes,Disabled,Active
1737,4258909343122081,1413,10511,Platinum,Mastercard,100000,26281.51,73718.49,19,2026-07-22,3685.92,30.16,30000.0,11375,902,2022-07-03,07/28,Yes,Enabled,Active
1738,4436670111174296,1078,11736,Gold,Visa,50000,27542.05,22457.95,14,2026-07-07,1122.9,31.53,15000.0,20618,558,2025-07-02,07/31,Yes,Disabled,Active
1739,4162148069812716,9627,1883,Classic,Visa,50000,12334.13,37665.87,11,2026-07-28,1883.29,34.01,15000.0,9024,949,2021-07-03,07/31,Yes,Disabled,Active
1740,4721046281878367,8854,8476,Signature,Mastercard,50000,6105.53,43894.47,28,2026-07-14,2194.72,34.28,15000.0,9426,676,2025-07-02,07/28,Yes,Disabled,Active
1741,4403620914975401,7843,2743,Signature,RuPay,100000,75925.81,24074.19,27,2026-07-17,1203.71,36.05,30000.0,8613,931,2021-07-03,07/28,Yes,Disabled,Active
1742,4962805092633443,8749,19069,Gold,Mastercard,50000,45067.47,4932.53,13,2026-07-11,246.63,36.19,15000.0,13466,562,2026-07-02,07/28,Yes,Disabled,Active
1743,4619439871901212,6709,14749,Signature,Visa,50000,32577.5,17422.5,13,2026-07-16,871.12,34.1,15000.0,7117,777,2021-07-03,07/29,Yes,Disabled,Active
1744,4479039648899574,1209,15439,Gold,Visa,500000,114731.49,385268.51,9,2026-07-11,19263.43,30.85,150000.0,23397,815,2026-07-02,07/28,Yes,Disabled,Active
1745,4619730360588543,2054,684,Classic,Visa,1000000,928597.97,71402.03,27,2026-07-26,3570.1,36.45,300000.0,15472,802,2021-07-03,07/29,Yes,Disabled,Active
1746,4617125807487343,5195,10220,Classic,Visa,50000,22749.35,27250.65,12,2026-07-26,1362.53,47.19,15000.0,18157,680,2026-07-02,07/30,Yes,Disabled,Active
1747,4227989472859512,8593,8735,Gold,Mastercard,200000,143865.23,56134.77,21,2026-07-25,2806.74,44.37,60000.0,9123,564,2021-07-03,07/30,Yes,Disabled,Active
1748,4390213170174270,7373,7678,Platinum,RuPay,100000,41168.58,58831.42,5,2026-07-21,2941.57,37.26,30000.0,9228,779,2023-07-03,07/28,No,Enabled,Active
1749,4998778480446606,7633,15102,Gold,Mastercard,100000,74926.46,25073.54,8,2026-07-26,1253.68,41.01,30000.0,7007,361,2023-07-03,07/31,Yes,Disabled,Active
1750,4577519568578702,5645,16396,Classic,Visa,500000,399250.96,100749.04,21,2026-07-17,5037.45,36.12,150000.0,11902,137,2023-07-03,07/28,Yes,Disabled,Active
1751,4761497968125192,2103,11882,Classic,Visa,50000,3963.72,46036.28,27,2026-07-18,2301.81,31.5,15000.0,8799,706,2022-07-03,07/31,Yes,Disabled,Active
1752,4233011066592109,2982,11728,Classic,RuPay,50000,14394.37,35605.63,8,2026-07-08,1780.28,39.97,15000.0,17052,732,2021-07-03,07/29,Yes,Disabled,Active
1753,4798849507845611,2115,13395,Classic,Visa,500000,428019.55,71980.45,2,2026-07-28,3599.02,46.74,150000.0,21831,107,2022-07-03,07/31,Yes,Disabled,Active
1754,4830103901261735,7089,15238,Classic,Visa,100000,61096.82,38903.18,16,2026-07-27,1945.16,35.91,30000.0,14243,405,2024-07-02,07/28,Yes,Enabled,Active
1755,4939618332189797,9720,18075,Gold,RuPay,50000,46483.03,3516.97,27,2026-07-18,175.85,35.71,15000.0,5050,496,2022-07-03,07/30,Yes,Enabled,Expired
1756,4195759578657435,908,477,Classic,Visa,200000,61819.09,138180.91,13,2026-07-27,6909.05,42.21,60000.0,23717,284,2022-07-03,07/30,Yes,Disabled,Active
1757,4498747960642108,2035,11454,Gold,Visa,50000,18638.49,31361.51,21,2026-07-26,1568.08,35.29,15000.0,152,553,2022-07-03,07/29,Yes,Disabled,Active
1758,4559703282756374,2508,3423,Platinum,Visa,100000,92085.26,7914.74,22,2026-07-23,395.74,45.47,30000.0,16980,574,2023-07-03,07/30,Yes,Enabled,Active
1759,4591656356344206,9166,19065,Classic,Visa,100000,44065.55,55934.45,25,2026-07-27,2796.72,40.73,30000.0,9986,204,2024-07-02,07/29,Yes,Disabled,Active
1760,4841372439582432,9743,2231,Classic,Mastercard,100000,10263.28,89736.72,23,2026-07-10,4486.84,31.7,30000.0,13265,924,2022-07-03,07/30,Yes,Disabled,Active
1761,4535362710101995,2654,3842,Classic,Mastercard,50000,6986.22,43013.78,19,2026-07-28,2150.69,43.92,15000.0,8842,178,2026-07-02,07/28,Yes,Enabled,Active
1762,4703449821707136,5287,5050,Gold,Visa,100000,22836.61,77163.39,25,2026-07-22,3858.17,43.49,30000.0,16676,125,2021-07-03,07/31,Yes,Enabled,Active
1763,4423134938686346,3695,50,Gold,Mastercard,200000,114763.24,85236.76,23,2026-07-12,4261.84,40.29,60000.0,4886,234,2025-07-02,07/28,Yes,Disabled,Active
1764,4283735980180259,5670,12760,Platinum,Mastercard,50000,8228.26,41771.74,20,2026-07-23,2088.59,30.83,15000.0,4535,670,2024-07-02,07/30,Yes,Disabled,Active
1765,4599626629524024,4654,19845,Gold,Visa,50000,17119.09,32880.91,21,2026-07-07,1644.05,45.06,15000.0,14132,121,2022-07-03,07/29,Yes,Disabled,Active
1766,4554471233011115,1293,13066,Gold,Mastercard,200000,197379.9,2620.1,7,2026-08-01,131.0,47.12,60000.0,17580,938,2025-07-02,07/29,Yes,Enabled,Active
1767,4073025607555691,4106,6277,Classic,Visa,50000,35513.93,14486.07,17,2026-07-30,724.3,35.42,15000.0,24717,978,2023-07-03,07/28,Yes,Disabled,Active
1768,4199229676173334,3217,5058,Gold,Mastercard,100000,91088.55,8911.45,23,2026-07-08,445.57,45.72,30000.0,16905,725,2021-07-03,07/31,Yes,Disabled,Active
1769,4404586574227789,4497,13113,Gold,Mastercard,50000,33696.28,16303.72,27,2026-07-27,815.19,44.07,15000.0,8078,102,2021-07-03,07/31,Yes,Disabled,Active
1770,4359979382322750,2051,8083,Signature,Mastercard,100000,27756.89,72243.11,24,2026-07-25,3612.16,46.46,30000.0,9536,900,2021-07-03,07/28,Yes,Disabled,Active
1771,4647516064205612,8598,4353,Classic,Mastercard,200000,127835.01,72164.99,11,2026-07-20,3608.25,32.09,60000.0,14741,833,2025-07-02,07/31,Yes,Enabled,Active
1772,4463342218432677,9511,18470,Classic,American Express,200000,20914.03,179085.97,26,2026-07-29,8954.3,38.84,60000.0,4078,817,2023-07-03,07/31,Yes,Disabled,Active
1773,4127826095215813,2763,10256,Classic,Mastercard,200000,190060.43,9939.57,1,2026-08-01,496.98,33.53,60000.0,20492,298,2026-07-02,07/29,Yes,Disabled,Active
1774,4942173672869716,2527,16340,Classic,Mastercard,200000,148800.16,51199.84,19,2026-07-25,2559.99,38.32,60000.0,4526,810,2025-07-02,07/29,Yes,Disabled,Active
1775,4868380012444102,2805,2084,Classic,RuPay,100000,13816.14,86183.86,19,2026-07-09,4309.19,46.44,30000.0,24725,363,2022-07-03,07/31,Yes,Disabled,Active
1776,4828513036493827,5532,16519,Classic,Mastercard,100000,48909.35,51090.65,17,2026-07-22,2554.53,32.44,30000.0,16487,408,2025-07-02,07/29,Yes,Enabled,Active
1777,4681681779628720,675,12652,Classic,Visa,500000,60827.23,439172.77,28,2026-07-14,21958.64,39.76,150000.0,13695,573,2023-07-03,07/30,Yes,Disabled,Active
1778,4201999392703526,465,14309,Gold,Mastercard,100000,37918.6,62081.4,20,2026-07-23,3104.07,38.82,30000.0,13995,811,2024-07-02,07/31,Yes,Disabled,Active
1779,4737599900084289,9202,16988,Classic,RuPay,200000,108745.37,91254.63,6,2026-07-30,4562.73,37.36,60000.0,15617,754,2024-07-02,07/28,Yes,Disabled,Active
1780,4701614868267224,8680,5253,Classic,Visa,50000,41287.43,8712.57,16,2026-07-29,435.63,40.79,15000.0,5724,397,2024-07-02,07/31,Yes,Disabled,Active
1781,4954771071465140,4337,18377,Classic,Visa,200000,113435.37,86564.63,24,2026-07-26,4328.23,45.42,60000.0,6694,130,2022-07-03,07/31,Yes,Disabled,Active
1782,4101439753409313,3454,3348,Signature,Mastercard,100000,83205.18,16794.82,7,2026-07-17,839.74,37.55,30000.0,16629,985,2024-07-02,07/30,Yes,Disabled,Active
1783,4701810209556146,8415,13727,Classic,Visa,50000,6641.07,43358.93,26,2026-07-28,2167.95,38.4,15000.0,6757,126,2025-07-02,07/28,Yes,Disabled,Active
1784,4324858536774690,497,9522,Signature,RuPay,100000,79475.26,20524.74,3,2026-07-26,1026.24,32.76,30000.0,16670,839,2024-07-02,07/31,Yes,Disabled,Active
1785,4426698608048579,8160,15527,Classic,Visa,500000,375372.85,124627.15,28,2026-07-17,6231.36,38.51,150000.0,23876,774,2021-07-03,07/30,Yes,Disabled,Active
1786,4179122789620553,4746,14023,Classic,Mastercard,50000,15901.14,34098.86,15,2026-07-11,1704.94,34.28,15000.0,12293,552,2021-07-03,07/31,Yes,Disabled,Blocked
1787,4044490689441674,8962,8986,Classic,Mastercard,50000,46176.67,3823.33,7,2026-07-19,191.17,31.24,15000.0,20788,783,2024-07-02,07/30,Yes,Disabled,Active
1788,4363550658587018,7913,7672,Classic,American Express,50000,5162.37,44837.63,3,2026-07-09,2241.88,41.94,15000.0,9832,999,2022-07-03,07/31,Yes,Disabled,Active
1789,4946723646019095,9997,8611,Classic,Visa,200000,133477.48,66522.52,7,2026-07-27,3326.13,31.38,60000.0,8223,557,2021-07-03,07/31,Yes,Enabled,Active
1790,4338146455075040,9531,18821,Gold,Mastercard,100000,32410.81,67589.19,25,2026-07-23,3379.46,39.97,30000.0,9366,759,2024-07-02,07/31,Yes,Enabled,Active
1791,4324600777551534,4874,7591,Classic,RuPay,100000,51658.16,48341.84,28,2026-07-21,2417.09,42.71,30000.0,10098,184,2026-07-02,07/30,Yes,Enabled,Active
1792,4933865581950522,8771,3341,Classic,Visa,500000,58062.19,441937.81,25,2026-07-31,22096.89,35.0,150000.0,23372,518,2026-07-02,07/31,No,Disabled,Active
1793,4365528205632351,1196,5697,Classic,Mastercard,200000,36204.72,163795.28,26,2026-07-19,8189.76,37.73,60000.0,10547,312,2024-07-02,07/31,Yes,Disabled,Active
1794,4500214405554269,982,19017,Classic,RuPay,50000,48989.68,1010.32,13,2026-07-11,50.52,47.16,15000.0,22766,597,2023-07-03,07/30,Yes,Disabled,Active
1795,4718532235890587,2590,3810,Classic,Visa,50000,13688.41,36311.59,10,2026-07-11,1815.58,40.91,15000.0,6223,317,2022-07-03,07/28,Yes,Disabled,Active
1796,4492352535434790,7203,4327,Classic,American Express,100000,35195.41,64804.59,8,2026-07-10,3240.23,45.42,30000.0,22367,331,2024-07-02,07/31,Yes,Enabled,Active
1797,4641127436591768,6810,4282,Platinum,Visa,50000,48583.53,1416.47,13,2026-07-08,70.82,32.87,15000.0,17227,396,2021-07-03,07/31,Yes,Disabled,Active
1798,4068826733833905,9262,11954,Classic,Visa,200000,13170.98,186829.02,24,2026-07-22,9341.45,31.05,60000.0,20432,980,2024-07-02,07/30,Yes,Disabled,Active
1799,4007560427489090,7610,202,Platinum,Visa,50000,42978.8,7021.2,14,2026-07-24,351.06,38.73,15000.0,15451,462,2025-07-02,07/28,Yes,Enabled,Active
1800,4979581696820038,3343,16315,Classic,Visa,100000,71539.59,28460.41,24,2026-07-11,1423.02,41.16,30000.0,22871,988,2021-07-03,07/31,Yes,Disabled,Active
1801,4612799715966343,9870,4547,Gold,Visa,50000,31955.22,18044.78,15,2026-07-22,902.24,30.42,15000.0,10032,633,2025-07-02,07/28,Yes,Disabled,Active
1802,4218351871108254,2354,4488,Classic,RuPay,500000,83111.21,416888.79,8,2026-07-07,20844.44,31.28,150000.0,13462,362,2023-07-03,07/31,Yes,Disabled,Active
1803,4780312488192223,5122,1417,Signature,Mastercard,100000,24574.6,75425.4,2,2026-07-25,3771.27,40.57,30000.0,7910,939,2024-07-02,07/28,Yes,Disabled,Active
1804,4956336138454347,5232,9610,Gold,Visa,50000,24871.47,25128.53,5,2026-07-25,1256.43,33.16,15000.0,16177,449,2026-07-02,07/28,Yes,Enabled,Active
1805,4287140931796461,5659,713,Classic,Mastercard,200000,43302.0,156698.0,23,2026-07-14,7834.9,41.96,60000.0,14959,610,2023-07-03,07/29,Yes,Enabled,Active
1806,4379933246996287,8770,14236,Signature,Visa,50000,31795.51,18204.49,18,2026-07-18,910.22,39.17,15000.0,14877,923,2023-07-03,07/30,Yes,Disabled,Active
1807,4068520245351276,2143,10223,Gold,Mastercard,500000,68455.64,431544.36,5,2026-07-25,21577.22,39.43,150000.0,23289,304,2023-07-03,07/31,Yes,Disabled,Active
1808,4793809861576313,8864,17294,Classic,Mastercard,50000,31198.16,18801.84,3,2026-07-22,940.09,31.29,15000.0,16475,548,2025-07-02,07/31,No,Disabled,Active
1809,4346200697474632,1740,4987,Gold,RuPay,500000,259169.14,240830.86,18,2026-08-01,12041.54,32.26,150000.0,2201,719,2024-07-02,07/31,Yes,Disabled,Active
1810,4084234619209855,2615,2014,Gold,Visa,200000,167108.46,32891.54,23,2026-07-15,1644.58,47.19,60000.0,6696,996,2026-07-02,07/31,Yes,Disabled,Active
1811,4287538400558363,1981,9673,Signature,Visa,100000,73415.39,26584.61,7,2026-07-10,1329.23,39.85,30000.0,7285,197,2025-07-02,07/30,Yes,Disabled,Blocked
1812,4138036482815666,3822,8848,Classic,Visa,100000,52535.3,47464.7,18,2026-07-29,2373.24,31.99,30000.0,2888,402,2024-07-02,07/29,Yes,Enabled,Active
1813,4845286533117961,1004,18154,Platinum,American Express,200000,42175.65,157824.35,14,2026-07-31,7891.22,37.81,60000.0,15889,229,2024-07-02,07/29,Yes,Enabled,Active
1814,4818042170750221,2192,16055,Classic,Visa,200000,151657.37,48342.63,22,2026-07-28,2417.13,39.34,60000.0,5474,439,2023-07-03,07/30,No,Enabled,Active
1815,4549946596911387,9178,11032,Gold,Visa,1000000,679268.34,320731.66,6,2026-07-21,16036.58,46.81,300000.0,8570,766,2023-07-03,07/28,Yes,Disabled,Active
1816,4388771106617070,2031,4926,Platinum,Visa,50000,5929.15,44070.85,9,2026-07-11,2203.54,47.38,15000.0,1547,292,2025-07-02,07/31,Yes,Disabled,Active
1817,4713721356185796,1155,19850,Platinum,Mastercard,200000,160062.57,39937.43,18,2026-07-29,1996.87,45.75,60000.0,22733,216,2025-07-02,07/30,Yes,Disabled,Active
1818,4185812556194227,794,1137,Gold,Mastercard,200000,86670.17,113329.83,4,2026-07-17,5666.49,34.67,60000.0,3683,488,2022-07-03,07/29,Yes,Disabled,Active
1819,4506689469301946,415,8963,Classic,American Express,200000,71301.29,128698.71,1,2026-07-21,6434.94,36.42,60000.0,7393,456,2026-07-02,07/29,Yes,Enabled,Active
1820,4638161788594054,2378,11929,Classic,Mastercard,50000,23149.69,26850.31,14,2026-07-09,1342.52,33.02,15000.0,18499,661,2021-07-03,07/29,Yes,Disabled,Active
1821,4377516812599766,9788,1563,Gold,Mastercard,50000,26926.47,23073.53,8,2026-07-09,1153.68,43.69,15000.0,2630,818,2023-07-03,07/31,Yes,Enabled,Active
1822,4891000062151749,3147,2691,Signature,Mastercard,200000,114877.19,85122.81,25,2026-07-21,4256.14,42.36,60000.0,23380,216,2024-07-02,07/29,Yes,Disabled,Active
1823,4008757653789233,7080,4649,Platinum,RuPay,1000000,980092.28,19907.72,10,2026-07-07,995.39,35.34,300000.0,2682,271,2025-07-02,07/30,Yes,Disabled,Active
1824,4017362051065148,5042,3950,Gold,RuPay,100000,13647.23,86352.77,5,2026-07-24,4317.64,41.28,30000.0,8505,783,2021-07-03,07/31,No,Disabled,Active
1825,4044097736593683,3426,4906,Gold,Mastercard,50000,34090.03,15909.97,17,2026-07-12,795.5,34.0,15000.0,11793,682,2022-07-03,07/30,Yes,Disabled,Active
1826,4827590112338247,2034,4792,Gold,Mastercard,500000,185155.75,314844.25,8,2026-07-17,15742.21,32.51,150000.0,8859,829,2025-07-02,07/31,Yes,Enabled,Blocked
1827,4748485433408521,9747,12300,Gold,Mastercard,100000,15988.13,84011.87,9,2026-07-23,4200.59,34.41,30000.0,16794,991,2021-07-03,07/30,Yes,Enabled,Active
1828,4494621677606985,8247,6834,Platinum,Visa,100000,67836.29,32163.71,24,2026-07-07,1608.19,34.46,30000.0,17752,804,2021-07-03,07/31,No,Disabled,Active
1829,4199131702004554,8467,13214,Classic,Mastercard,500000,122937.48,377062.52,23,2026-07-11,18853.13,30.71,150000.0,13558,445,2024-07-02,07/30,Yes,Disabled,Active
1830,4957267882027025,1309,18702,Classic,Mastercard,100000,28431.34,71568.66,6,2026-07-07,3578.43,35.44,30000.0,17600,556,2022-07-03,07/29,Yes,Enabled,Active
1831,4859244750656110,6665,7680,Platinum,Visa,50000,40458.0,9542.0,1,2026-07-30,477.1,35.14,15000.0,15541,373,2021-07-03,07/28,Yes,Disabled,Active
1832,4690211844328750,2683,17984,Classic,Visa,200000,110224.83,89775.17,1,2026-07-29,4488.76,42.33,60000.0,8183,675,2025-07-02,07/29,No,Disabled,Active
1833,4070446884975560,7650,19974,Gold,Mastercard,200000,162241.94,37758.06,22,2026-07-11,1887.9,44.38,60000.0,18956,288,2025-07-02,07/29,Yes,Disabled,Active
1834,4692609065500117,4733,16310,Classic,Visa,100000,13404.68,86595.32,24,2026-07-21,4329.77,39.34,30000.0,1134,192,2022-07-03,07/30,Yes,Enabled,Blocked
1835,4122270432702161,5908,1812,Classic,Mastercard,50000,13821.51,36178.49,12,2026-07-21,1808.92,46.43,15000.0,19568,986,2026-07-02,07/28,Yes,Enabled,Active
1836,4999071810631974,2562,18362,Classic,Visa,200000,66239.99,133760.01,3,2026-07-24,6688.0,38.43,60000.0,15336,906,2023-07-03,07/31,Yes,Disabled,Active
1837,4470153760093007,1556,4917,Gold,Visa,100000,33317.87,66682.13,19,2026-07-27,3334.11,33.22,30000.0,1551,496,2024-07-02,07/28,Yes,Disabled,Active
1838,4175006403408565,6252,10952,Classic,Mastercard,200000,29741.76,170258.24,3,2026-07-22,8512.91,43.47,60000.0,470,365,2025-07-02,07/28,Yes,Disabled,Active
1839,4831217822636860,1306,7072,Gold,Mastercard,500000,106331.38,393668.62,16,2026-07-07,19683.43,30.51,150000.0,7821,945,2025-07-02,07/30,Yes,Enabled,Active
1840,4678388985198233,4082,11197,Gold,RuPay,500000,292595.56,207404.44,8,2026-08-01,10370.22,42.84,150000.0,19166,214,2021-07-03,07/29,Yes,Disabled,Active
1841,4229082868750169,8159,7740,Classic,Visa,100000,72796.57,27203.43,28,2026-07-20,1360.17,32.26,30000.0,4980,469,2022-07-03,07/28,Yes,Disabled,Active
1842,4774121962578373,4217,1943,Gold,RuPay,100000,8315.7,91684.3,5,2026-07-07,4584.22,41.49,30000.0,591,483,2025-07-02,07/30,Yes,Disabled,Active
1843,4321723568521112,9184,14858,Classic,Mastercard,100000,33880.74,66119.26,17,2026-07-14,3305.96,34.94,30000.0,181,560,2023-07-03,07/28,Yes,Disabled,Active
1844,4778428741327878,4086,10501,Gold,Visa,50000,48519.22,1480.78,16,2026-07-17,74.04,32.36,15000.0,17901,484,2026-07-02,07/29,No,Enabled,Closed
1845,4154780200147065,7202,12189,Classic,American Express,500000,195504.76,304495.24,16,2026-07-29,15224.76,39.3,150000.0,8558,990,2025-07-02,07/29,Yes,Disabled,Active
1846,4313155079784694,8511,13634,Platinum,Mastercard,50000,10383.92,39616.08,27,2026-07-30,1980.8,45.32,15000.0,20239,787,2025-07-02,07/28,Yes,Disabled,Active
1847,4788170265359865,4075,9592,Gold,Visa,200000,59247.45,140752.55,8,2026-07-28,7037.63,38.86,60000.0,6759,214,2024-07-02,07/28,Yes,Enabled,Closed
1848,4060603947189237,190,9436,Gold,Visa,50000,44952.19,5047.81,2,2026-07-17,252.39,33.84,15000.0,8544,870,2021-07-03,07/31,No,Disabled,Active
1849,4550324086574789,738,4000,Gold,Visa,100000,14933.59,85066.41,8,2026-07-18,4253.32,36.18,30000.0,4669,646,2024-07-02,07/31,Yes,Disabled,Active
1850,4512812110628460,7744,12444,Platinum,Visa,500000,160738.38,339261.62,18,2026-07-17,16963.08,41.11,150000.0,8595,475,2022-07-03,07/28,Yes,Disabled,Active
1851,4250360257447255,3222,8494,Classic,Mastercard,50000,45277.29,4722.71,16,2026-07-09,236.14,39.61,15000.0,21015,895,2026-07-02,07/29,Yes,Enabled,Active
1852,4902217417377325,4141,8689,Gold,Visa,100000,16061.75,83938.25,21,2026-07-18,4196.91,38.34,30000.0,14890,780,2026-07-02,07/28,Yes,Disabled,Active
1853,4864353125581926,3746,9017,Platinum,Visa,50000,18565.07,31434.93,12,2026-07-25,1571.75,41.71,15000.0,19795,253,2024-07-02,07/28,Yes,Disabled,Closed
1854,4273941224609582,7920,17672,Classic,RuPay,100000,34485.49,65514.51,13,2026-07-13,3275.73,32.69,30000.0,2170,150,2025-07-02,07/31,Yes,Disabled,Closed
1855,4232900209542028,1973,19174,Classic,Visa,50000,37450.43,12549.57,20,2026-07-29,627.48,45.76,15000.0,12817,386,2023-07-03,07/29,Yes,Disabled,Active
1856,4727484056614404,1763,19112,Platinum,Visa,50000,31495.78,18504.22,13,2026-07-21,925.21,33.94,15000.0,4666,223,2021-07-03,07/31,Yes,Disabled,Closed
1857,4470222973741441,4779,8954,Classic,Visa,100000,22922.83,77077.17,14,2026-07-28,3853.86,46.3,30000.0,24683,510,2025-07-02,07/28,Yes,Disabled,Active
1858,4775057634605481,2891,12585,Classic,Visa,500000,401297.64,98702.36,21,2026-07-25,4935.12,39.47,150000.0,14345,325,2024-07-02,07/28,No,Disabled,Active
1859,4385806464681267,399,3250,Classic,Visa,200000,81318.79,118681.21,14,2026-07-11,5934.06,46.34,60000.0,23012,724,2026-07-02,07/31,Yes,Disabled,Active
1860,4847446381207432,8182,18314,Classic,Visa,100000,16226.0,83774.0,23,2026-07-13,4188.7,47.16,30000.0,7583,899,2022-07-03,07/28,Yes,Disabled,Active
1861,4965946557615374,2305,8552,Classic,Visa,200000,77322.62,122677.38,6,2026-07-24,6133.87,41.53,60000.0,4296,674,2026-07-02,07/29,Yes,Disabled,Active
1862,4634853983409551,4055,18707,Classic,Visa,50000,31573.04,18426.96,22,2026-07-30,921.35,39.4,15000.0,828,737,2022-07-03,07/28,Yes,Disabled,Active
1863,4348123520684792,4895,5058,Gold,Visa,100000,27209.64,72790.36,20,2026-07-11,3639.52,37.8,30000.0,12727,804,2024-07-02,07/29,Yes,Disabled,Active
1864,4697402770995436,7229,1717,Classic,Visa,200000,28588.67,171411.33,1,2026-07-07,8570.57,41.67,60000.0,8190,805,2021-07-03,07/31,Yes,Enabled,Active
1865,4031237161803960,6905,8277,Classic,Visa,50000,33676.21,16323.79,7,2026-07-25,816.19,44.17,15000.0,10921,367,2024-07-02,07/29,Yes,Disabled,Active
1866,4236386119839196,5360,6279,Gold,Mastercard,100000,60506.62,39493.38,4,2026-07-16,1974.67,42.46,30000.0,328,515,2026-07-02,07/30,Yes,Enabled,Active
1867,4455945715280254,5510,3426,Gold,Visa,100000,49788.09,50211.91,14,2026-07-15,2510.6,37.63,30000.0,20132,155,2023-07-03,07/31,Yes,Disabled,Active
1868,4747395406662799,3856,18924,Platinum,Mastercard,100000,86487.3,13512.7,2,2026-07-14,675.64,40.23,30000.0,15156,849,2023-07-03,07/29,Yes,Disabled,Active
1869,4819746986102121,9905,460,Gold,Visa,50000,45705.98,4294.02,23,2026-07-28,214.7,39.93,15000.0,12672,473,2022-07-03,07/31,Yes,Disabled,Active
1870,4621084248413723,4397,13755,Gold,Visa,50000,23313.95,26686.05,7,2026-07-09,1334.3,33.2,15000.0,7409,253,2026-07-02,07/31,Yes,Enabled,Closed
1871,4403770339144238,67,16070,Signature,RuPay,200000,66947.38,133052.62,9,2026-07-10,6652.63,34.09,60000.0,5965,493,2025-07-02,07/28,No,Disabled,Active
1872,4956515010280670,6941,16852,Platinum,Visa,200000,41664.97,158335.03,1,2026-07-22,7916.75,32.96,60000.0,9788,298,2026-07-02,07/31,Yes,Disabled,Active
1873,4146173362386151,881,9698,Classic,Mastercard,50000,43434.48,6565.52,15,2026-07-20,328.28,44.01,15000.0,11848,836,2023-07-03,07/28,Yes,Disabled,Closed
1874,4971108723133766,3531,3427,Platinum,Visa,500000,212077.81,287922.19,3,2026-07-10,14396.11,47.95,150000.0,4273,722,2025-07-02,07/28,Yes,Enabled,Active
1875,4446390535868997,1098,1439,Classic,Visa,100000,69172.2,30827.8,2,2026-07-16,1541.39,34.33,30000.0,17978,586,2022-07-03,07/30,Yes,Disabled,Active
1876,4075953336155097,7230,16288,Classic,Mastercard,50000,36702.21,13297.79,7,2026-07-08,664.89,39.6,15000.0,16481,192,2024-07-02,07/29,Yes,Disabled,Active
1877,4435535179651239,2167,4585,Platinum,Mastercard,50000,31599.41,18400.59,17,2026-07-31,920.03,40.09,15000.0,8521,889,2021-07-03,07/28,Yes,Enabled,Active
1878,4808836397067606,5960,12743,Classic,RuPay,50000,43486.19,6513.81,3,2026-07-07,325.69,38.91,15000.0,8087,593,2023-07-03,07/31,Yes,Disabled,Active
1879,4934813216229105,2997,13919,Classic,American Express,50000,45471.62,4528.38,21,2026-07-13,226.42,46.2,15000.0,24787,417,2025-07-02,07/31,Yes,Disabled,Active
1880,4019544328987227,6258,4939,Classic,Visa,50000,21495.76,28504.24,10,2026-07-23,1425.21,43.39,15000.0,13318,619,2024-07-02,07/29,Yes,Disabled,Active
1881,4907394977488174,3304,7577,Gold,Visa,100000,34659.34,65340.66,23,2026-08-01,3267.03,36.99,30000.0,5167,441,2026-07-02,07/29,Yes,Disabled,Active
1882,4637482142871102,2998,10020,Classic,RuPay,100000,20745.76,79254.24,13,2026-07-09,3962.71,39.31,30000.0,22452,729,2021-07-03,07/30,Yes,Disabled,Active
1883,4397435398702276,371,2314,Classic,Visa,500000,67059.79,432940.21,11,2026-07-24,21647.01,46.75,150000.0,6075,427,2023-07-03,07/29,Yes,Disabled,Active
1884,4111631032207438,3282,12681,Classic,American Express,50000,15199.52,34800.48,1,2026-07-18,1740.02,43.96,15000.0,7140,173,2025-07-02,07/31,Yes,Enabled,Active
1885,4244737815708667,420,3473,Gold,Visa,100000,24643.11,75356.89,24,2026-07-23,3767.84,32.6,30000.0,3460,263,2024-07-02,07/31,Yes,Disabled,Active
1886,4560718397204813,4672,17079,Gold,RuPay,200000,42086.15,157913.85,17,2026-07-15,7895.69,39.37,60000.0,989,487,2025-07-02,07/30,Yes,Disabled,Active
1887,4775439023104474,4603,15843,Gold,Visa,500000,207557.52,292442.48,14,2026-07-25,14622.12,36.76,150000.0,4538,116,2021-07-03,07/29,Yes,Enabled,Active
1888,4608533122260503,1595,18543,Platinum,RuPay,1000000,619975.62,380024.38,8,2026-07-29,19001.22,39.92,300000.0,19760,472,2025-07-02,07/30,Yes,Enabled,Active
1889,4797670503125953,2970,17254,Platinum,Mastercard,50000,10686.35,39313.65,8,2026-07-12,1965.68,32.79,15000.0,12276,946,2023-07-03,07/28,Yes,Enabled,Active
1890,4156758253346607,4533,18086,Platinum,Visa,100000,7765.92,92234.08,25,2026-07-18,4611.7,47.84,30000.0,22142,868,2022-07-03,07/29,No,Disabled,Active
1891,4936721420219472,2365,11180,Classic,RuPay,50000,38538.19,11461.81,14,2026-07-30,573.09,47.42,15000.0,2114,211,2024-07-02,07/30,Yes,Disabled,Active
1892,4635847709193087,603,15437,Classic,Visa,500000,216779.23,283220.77,15,2026-07-16,14161.04,46.58,150000.0,23573,129,2025-07-02,07/31,Yes,Disabled,Active
1893,4156683878123359,9587,17895,Classic,Mastercard,500000,71310.33,428689.67,7,2026-08-01,21434.48,39.95,150000.0,18416,402,2024-07-02,07/29,Yes,Enabled,Active
1894,4459987718344996,4131,17348,Classic,Visa,100000,89896.72,10103.28,14,2026-07-09,505.16,33.39,30000.0,699,228,2021-07-03,07/29,Yes,Disabled,Active
1895,4772627534639281,3690,2628,Classic,Mastercard,100000,43490.99,56509.01,16,2026-07-18,2825.45,47.47,30000.0,8723,139,2022-07-03,07/31,Yes,Disabled,Active
1896,4183982241013716,6262,13753,Platinum,RuPay,100000,26639.43,73360.57,6,2026-07-31,3668.03,43.96,30000.0,16525,813,2025-07-02,07/29,Yes,Disabled,Active
1897,4453450104561499,4505,19166,Classic,Visa,50000,26623.84,23376.16,10,2026-07-30,1168.81,42.84,15000.0,487,174,2025-07-02,07/29,No,Disabled,Active
1898,4720630663132034,2292,16686,Classic,RuPay,50000,33053.46,16946.54,18,2026-08-01,847.33,36.04,15000.0,5975,253,2025-07-02,07/29,Yes,Disabled,Active
1899,4644621059221799,6761,15310,Gold,RuPay,100000,24533.57,75466.43,6,2026-07-09,3773.32,46.64,30000.0,899,387,2021-07-03,07/31,Yes,Disabled,Active
1900,4614319410332886,8705,17675,Gold,Visa,50000,18557.68,31442.32,24,2026-07-28,1572.12,41.38,15000.0,3147,516,2021-07-03,07/31,Yes,Disabled,Active
1901,4199803001873898,9163,19736,Gold,Mastercard,50000,12070.19,37929.81,16,2026-07-24,1896.49,33.5,15000.0,9655,642,2022-07-03,07/28,Yes,Disabled,Active
1902,4407589321983809,5006,13056,Classic,Visa,1000000,469406.92,530593.08,8,2026-07-12,26529.65,47.78,300000.0,7727,697,2025-07-02,07/30,Yes,Disabled,Blocked
1903,4711387943406676,974,17176,Classic,Mastercard,100000,23053.36,76946.64,22,2026-07-08,3847.33,40.85,30000.0,8866,449,2021-07-03,07/28,Yes,Disabled,Active
1904,4019055712058349,1055,6088,Platinum,Visa,100000,92166.94,7833.06,6,2026-07-23,391.65,37.01,30000.0,10988,845,2026-07-02,07/29,No,Disabled,Active
1905,4896115627273998,7988,18798,Classic,Mastercard,50000,17855.52,32144.48,23,2026-07-11,1607.22,32.42,15000.0,19363,602,2023-07-03,07/30,Yes,Disabled,Active
1906,4861287713770150,793,13564,Classic,Visa,200000,93445.42,106554.58,15,2026-07-23,5327.73,30.04,60000.0,16201,213,2025-07-02,07/30,Yes,Disabled,Active
1907,4986302375307746,3227,18851,Classic,Visa,500000,428961.28,71038.72,1,2026-07-29,3551.94,34.71,150000.0,14105,863,2022-07-03,07/28,Yes,Disabled,Active
1908,4207730948012011,3058,543,Gold,Mastercard,100000,13153.53,86846.47,1,2026-07-24,4342.32,33.72,30000.0,6115,119,2022-07-03,07/28,Yes,Enabled,Active
1909,4203896751080515,8910,15463,Platinum,RuPay,100000,49088.15,50911.85,17,2026-07-21,2545.59,46.74,30000.0,2387,315,2021-07-03,07/28,Yes,Disabled,Active
1910,4509876278764712,8084,19235,Classic,Mastercard,200000,104177.83,95822.17,3,2026-07-13,4791.11,46.48,60000.0,10572,972,2024-07-02,07/28,Yes,Disabled,Active
1911,4367321220355330,2778,17221,Gold,Mastercard,100000,76224.8,23775.2,5,2026-07-27,1188.76,44.68,30000.0,14539,198,2026-07-02,07/31,Yes,Disabled,Active
1912,4746307683444259,9321,3878,Platinum,Mastercard,100000,40055.2,59944.8,26,2026-07-20,2997.24,39.66,30000.0,12077,294,2025-07-02,07/30,Yes,Enabled,Active
1913,4141657294724688,7692,11304,Gold,Mastercard,50000,9760.76,40239.24,3,2026-07-19,2011.96,35.17,15000.0,3764,830,2022-07-03,07/28,Yes,Disabled,Active
1914,4882064890425991,2996,10489,Classic,Visa,50000,21533.98,28466.02,28,2026-07-20,1423.3,45.18,15000.0,15205,222,2022-07-03,07/29,Yes,Disabled,Expired
1915,4157415527936883,6185,3718,Gold,Visa,200000,43246.14,156753.86,8,2026-07-09,7837.69,46.26,60000.0,13384,860,2022-07-03,07/30,No,Enabled,Active
1916,4165764841025415,1182,8946,Classic,Visa,50000,23069.43,26930.57,28,2026-07-10,1346.53,43.27,15000.0,23735,739,2023-07-03,07/30,Yes,Disabled,Active
1917,4502245232803952,1631,11144,Signature,Visa,50000,21542.32,28457.68,17,2026-07-13,1422.88,37.14,15000.0,7609,105,2021-07-03,07/28,Yes,Disabled,Active
1918,4510168963812417,4936,2498,Classic,Mastercard,100000,89228.1,10771.9,14,2026-07-09,538.6,40.47,30000.0,7992,947,2021-07-03,07/31,Yes,Disabled,Active
1919,4970806920855580,4171,7331,Classic,Visa,100000,10153.06,89846.94,17,2026-07-17,4492.35,36.38,30000.0,7325,941,2025-07-02,07/31,Yes,Disabled,Active
1920,4187451815952830,3289,14857,Classic,Visa,1000000,167182.93,832817.07,1,2026-07-18,41640.85,46.21,300000.0,17070,189,2024-07-02,07/31,No,Disabled,Active
1921,4925477495717382,8484,16581,Classic,Visa,50000,34190.76,15809.24,11,2026-07-15,790.46,37.25,15000.0,6743,986,2023-07-03,07/29,Yes,Disabled,Active
1922,4681263789968850,330,128,Classic,Visa,200000,148240.96,51759.04,5,2026-07-25,2587.95,36.19,60000.0,1689,599,2021-07-03,07/28,Yes,Disabled,Active
1923,4644672619702983,372,8610,Platinum,Visa,50000,33472.6,16527.4,6,2026-07-11,826.37,32.74,15000.0,17544,826,2024-07-02,07/31,Yes,Disabled,Active
1924,4709963630107382,319,1891,Platinum,Visa,100000,70847.11,29152.89,17,2026-07-26,1457.64,44.45,30000.0,10982,545,2026-07-02,07/30,Yes,Disabled,Active
1925,4754439712006168,9713,831,Classic,Mastercard,100000,70179.71,29820.29,12,2026-07-07,1491.01,38.69,30000.0,5406,707,2021-07-03,07/30,Yes,Enabled,Active
1926,4321519965345217,5846,14612,Classic,Visa,100000,26183.28,73816.72,2,2026-07-29,3690.84,42.65,30000.0,7402,422,2023-07-03,07/28,Yes,Disabled,Active
1927,4952869158837512,2729,9553,Gold,Visa,100000,75864.51,24135.49,2,2026-07-16,1206.77,34.32,30000.0,16157,230,2024-07-02,07/29,Yes,Disabled,Active
1928,4219317808317346,6587,3307,Classic,Visa,200000,61183.09,138816.91,12,2026-07-07,6940.85,39.53,60000.0,32,988,2023-07-03,07/29,Yes,Disabled,Active
1929,4619320824505932,3881,10252,Platinum,Visa,50000,20196.5,29803.5,4,2026-07-23,1490.18,34.27,15000.0,10091,130,2025-07-02,07/31,Yes,Enabled,Active
1930,4932253208122506,4255,9428,Classic,Visa,50000,6690.52,43309.48,13,2026-07-18,2165.47,33.38,15000.0,10039,749,2022-07-03,07/29,Yes,Disabled,Active
1931,4483341703619816,8774,6935,Gold,Visa,500000,406260.29,93739.71,5,2026-07-28,4686.99,31.34,150000.0,1535,668,2026-07-02,07/28,Yes,Disabled,Active
1932,4958977575865996,1221,13642,Gold,RuPay,100000,81839.48,18160.52,14,2026-07-23,908.03,41.89,30000.0,9776,304,2025-07-02,07/28,Yes,Enabled,Active
1933,4476082315295542,4967,9237,Gold,Visa,50000,24710.23,25289.77,11,2026-07-13,1264.49,45.43,15000.0,5830,476,2021-07-03,07/28,Yes,Disabled,Active
1934,4480121171698012,9058,11628,Classic,Visa,200000,129943.5,70056.5,12,2026-07-18,3502.83,36.37,60000.0,11325,197,2021-07-03,07/28,Yes,Disabled,Active
1935,4334224702700061,4224,12879,Platinum,RuPay,200000,128388.87,71611.13,20,2026-07-10,3580.56,33.65,60000.0,10538,772,2022-07-03,07/31,Yes,Disabled,Active
1936,4132479074943849,1146,6275,Classic,RuPay,100000,61564.34,38435.66,18,2026-07-24,1921.78,40.94,30000.0,20239,161,2026-07-02,07/28,No,Enabled,Active
1937,4473383594420732,2687,3063,Classic,Mastercard,500000,465675.0,34325.0,24,2026-07-12,1716.25,47.92,150000.0,15935,359,2021-07-03,07/29,Yes,Disabled,Active
1938,4478624465258695,7630,2469,Signature,Mastercard,200000,31558.76,168441.24,13,2026-07-14,8422.06,42.42,60000.0,22539,931,2025-07-02,07/31,Yes,Disabled,Active
1939,4482865085789574,5023,9574,Classic,Mastercard,100000,25000.89,74999.11,21,2026-07-28,3749.96,34.16,30000.0,10030,413,2023-07-03,07/29,Yes,Enabled,Active
1940,4100938796085951,2610,13948,Classic,Mastercard,50000,29407.24,20592.76,24,2026-07-24,1029.64,39.48,15000.0,12589,133,2022-07-03,07/29,Yes,Enabled,Active
1941,4132624245188968,1332,9116,Classic,Mastercard,50000,18811.78,31188.22,28,2026-07-22,1559.41,33.38,15000.0,16748,201,2024-07-02,07/28,Yes,Disabled,Active
1942,4283694971039843,3220,17390,Classic,Visa,100000,73808.3,26191.7,27,2026-07-18,1309.59,43.26,30000.0,2410,530,2023-07-03,07/30,Yes,Disabled,Active
1943,4174840991981977,9621,10835,Classic,Visa,100000,25602.1,74397.9,4,2026-07-25,3719.89,37.3,30000.0,10399,183,2023-07-03,07/30,Yes,Disabled,Active
1944,4057580621787316,6057,1223,Classic,RuPay,200000,51451.85,148548.15,20,2026-07-21,7427.41,40.64,60000.0,19384,536,2024-07-02,07/28,Yes,Enabled,Active
1945,4473969180840584,6903,17919,Platinum,Mastercard,50000,9796.04,40203.96,4,2026-07-30,2010.2,37.66,15000.0,5829,123,2025-07-02,07/30,Yes,Disabled,Active
1946,4399030553150378,2452,17534,Platinum,Mastercard,50000,47133.12,2866.88,9,2026-07-23,143.34,47.79,15000.0,18333,893,2024-07-02,07/28,Yes,Disabled,Active
1947,4633019972131665,4864,11276,Gold,Mastercard,100000,64421.79,35578.21,8,2026-07-27,1778.91,41.42,30000.0,11573,575,2026-07-02,07/28,Yes,Disabled,Active
1948,4891549690597382,2756,18803,Gold,Visa,50000,43072.02,6927.98,23,2026-07-12,346.4,43.27,15000.0,13844,247,2022-07-03,07/29,Yes,Disabled,Active
1949,4187531441944986,8402,11922,Classic,RuPay,1000000,660896.06,339103.94,16,2026-07-13,16955.2,47.34,300000.0,7880,567,2024-07-02,07/29,Yes,Enabled,Closed
1950,4750485589096451,8713,2763,Platinum,RuPay,200000,29347.89,170652.11,3,2026-07-20,8532.61,46.34,60000.0,6954,562,2021-07-03,07/28,Yes,Disabled,Active
1951,4579558479400683,4176,5666,Gold,American Express,50000,17091.57,32908.43,10,2026-07-14,1645.42,31.57,15000.0,4139,735,2022-07-03,07/29,Yes,Enabled,Active
1952,4801786247518890,4361,9128,Platinum,Visa,1000000,551836.58,448163.42,15,2026-07-10,22408.17,35.43,300000.0,17735,901,2022-07-03,07/29,Yes,Disabled,Active
1953,4596658335545674,8212,14397,Platinum,Visa,50000,48816.76,1183.24,5,2026-07-12,59.16,33.42,15000.0,17604,508,2024-07-02,07/29,Yes,Enabled,Active
1954,4874138589947920,5806,2300,Gold,Visa,1000000,911089.29,88910.71,2,2026-08-01,4445.54,31.81,300000.0,20867,376,2021-07-03,07/28,Yes,Enabled,Active
1955,4093674132100170,4612,1140,Gold,RuPay,50000,31131.84,18868.16,5,2026-07-15,943.41,34.62,15000.0,5964,699,2024-07-02,07/30,Yes,Disabled,Active
1956,4531912947860850,2456,1560,Classic,Visa,100000,62895.74,37104.26,13,2026-07-11,1855.21,30.31,30000.0,14513,388,2024-07-02,07/30,Yes,Disabled,Active
1957,4162900678968580,3891,1878,Classic,Visa,100000,54696.23,45303.77,26,2026-07-14,2265.19,45.28,30000.0,9567,277,2023-07-03,07/28,Yes,Enabled,Active
1958,4261834807272595,6683,5343,Gold,Visa,50000,47304.02,2695.98,9,2026-07-14,134.8,41.47,15000.0,23042,831,2021-07-03,07/30,Yes,Disabled,Active
1959,4819329466424844,137,12409,Gold,Mastercard,100000,92447.65,7552.35,16,2026-07-19,377.62,37.14,30000.0,14456,923,2024-07-02,07/28,Yes,Disabled,Active
1960,4992311923782961,3018,10033,Platinum,Visa,500000,136906.33,363093.67,1,2026-07-07,18154.68,35.11,150000.0,16832,296,2024-07-02,07/28,Yes,Disabled,Active
1961,4374050943650392,2714,8374,Classic,Visa,200000,18241.51,181758.49,18,2026-07-08,9087.92,38.96,60000.0,1175,704,2024-07-02,07/28,Yes,Disabled,Closed
1962,4990762918655017,5520,4749,Classic,Mastercard,50000,4288.81,45711.19,23,2026-07-10,2285.56,36.48,15000.0,18787,465,2022-07-03,07/30,Yes,Enabled,Active
1963,4392810672561353,8677,9403,Classic,Visa,100000,58254.69,41745.31,27,2026-07-29,2087.27,42.76,30000.0,3968,581,2022-07-03,07/29,Yes,Disabled,Active
1964,4809295931201288,8028,11472,Gold,Visa,50000,9188.51,40811.49,7,2026-07-18,2040.57,35.86,15000.0,19137,713,2023-07-03,07/31,Yes,Enabled,Active
1965,4078326338126313,3413,19415,Platinum,Visa,50000,11842.51,38157.49,28,2026-07-15,1907.87,30.26,15000.0,12583,102,2026-07-02,07/30,Yes,Enabled,Active
1966,4524229021263269,9083,9022,Classic,Visa,50000,3193.87,46806.13,15,2026-07-18,2340.31,32.0,15000.0,963,789,2026-07-02,07/31,Yes,Disabled,Active
1967,4247983186740342,2521,19543,Gold,Visa,50000,34423.9,15576.1,28,2026-07-11,778.81,40.18,15000.0,22372,788,2022-07-03,07/30,Yes,Disabled,Active
1968,4264152543061283,6528,6253,Platinum,RuPay,100000,81591.29,18408.71,8,2026-07-25,920.44,34.67,30000.0,14579,274,2022-07-03,07/29,No,Disabled,Active
1969,4680054340202491,7363,19297,Classic,Mastercard,200000,31981.87,168018.13,9,2026-07-30,8400.91,35.11,60000.0,4282,337,2024-07-02,07/28,Yes,Disabled,Active
1970,4896068172112976,5942,15426,Classic,Visa,100000,43898.54,56101.46,26,2026-07-15,2805.07,44.48,30000.0,13750,833,2021-07-03,07/28,Yes,Disabled,Active
1971,4831553581629288,9557,15094,Gold,Mastercard,200000,96927.25,103072.75,19,2026-07-30,5153.64,43.09,60000.0,19801,182,2021-07-03,07/28,Yes,Disabled,Active
1972,4410598077465905,5637,12354,Classic,Visa,200000,124139.91,75860.09,21,2026-07-11,3793.0,36.35,60000.0,17892,236,2021-07-03,07/30,Yes,Disabled,Active
1973,4823999863166439,5155,10103,Platinum,RuPay,100000,88861.25,11138.75,12,2026-07-20,556.94,43.51,30000.0,24368,334,2023-07-03,07/30,Yes,Disabled,Active
1974,4187610717192831,219,7873,Classic,American Express,100000,71209.08,28790.92,20,2026-07-27,1439.55,41.85,30000.0,20288,776,2024-07-02,07/28,Yes,Disabled,Active
1975,4323542757565539,9858,5131,Gold,RuPay,1000000,397709.44,602290.56,20,2026-07-11,30114.53,41.01,300000.0,15813,905,2026-07-02,07/29,Yes,Disabled,Active
1976,4818375998851566,3888,13178,Platinum,Visa,100000,23165.29,76834.71,8,2026-07-27,3841.74,36.59,30000.0,22505,341,2023-07-03,07/28,Yes,Disabled,Active
1977,4097938715383403,2176,13866,Classic,Mastercard,50000,49832.5,167.5,27,2026-07-22,8.38,34.86,15000.0,18268,856,2023-07-03,07/29,Yes,Disabled,Active
1978,4956035863590275,7923,18078,Classic,Visa,100000,79803.65,20196.35,18,2026-07-17,1009.82,33.28,30000.0,16608,626,2021-07-03,07/31,Yes,Enabled,Active
1979,4807895848345275,5371,8455,Classic,Visa,50000,30177.72,19822.28,28,2026-07-07,991.11,40.87,15000.0,1629,537,2024-07-02,07/30,Yes,Disabled,Active
1980,4224083382014870,6414,11859,Gold,Mastercard,1000000,391871.42,608128.58,4,2026-07-14,30406.43,46.64,300000.0,16841,767,2025-07-02,07/30,Yes,Enabled,Active
1981,4181782708507407,7964,7106,Platinum,Mastercard,100000,39623.43,60376.57,25,2026-07-19,3018.83,36.9,30000.0,15320,112,2021-07-03,07/28,Yes,Enabled,Active
1982,4230252876706299,6359,6287,Gold,Visa,50000,8382.8,41617.2,4,2026-07-21,2080.86,33.42,15000.0,4798,984,2024-07-02,07/31,Yes,Disabled,Active
1983,4222591758352912,4739,6707,Classic,RuPay,50000,19074.38,30925.62,24,2026-07-27,1546.28,47.11,15000.0,13434,906,2022-07-03,07/30,Yes,Disabled,Active
1984,4462062035531927,4732,8414,Classic,RuPay,500000,209873.22,290126.78,21,2026-07-31,14506.34,47.58,150000.0,8355,731,2025-07-02,07/28,Yes,Disabled,Active
1985,4577170848768909,8688,4900,Classic,Mastercard,100000,21074.83,78925.17,1,2026-07-09,3946.26,47.97,30000.0,16634,355,2023-07-03,07/31,Yes,Disabled,Active
1986,4606251045627282,5910,4396,Gold,Visa,50000,7246.73,42753.27,16,2026-07-11,2137.66,31.61,15000.0,22754,165,2022-07-03,07/30,Yes,Disabled,Active
1987,4137614334688095,9360,17075,Gold,Mastercard,50000,15493.97,34506.03,16,2026-07-27,1725.3,37.58,15000.0,24403,906,2026-07-02,07/30,Yes,Disabled,Active
1988,4457182225774149,4781,2364,Platinum,Mastercard,50000,32486.32,17513.68,20,2026-07-30,875.68,30.73,15000.0,14665,582,2023-07-03,07/29,Yes,Enabled,Active
1989,4468529363022649,3936,14143,Classic,RuPay,200000,68833.4,131166.6,16,2026-07-11,6558.33,34.09,60000.0,15011,891,2022-07-03,07/28,Yes,Disabled,Active
1990,4376395336647236,1397,15352,Classic,Visa,200000,57793.33,142206.67,23,2026-07-20,7110.33,38.61,60000.0,8178,234,2024-07-02,07/30,Yes,Disabled,Active
1991,4627415311489846,4295,12651,Classic,Mastercard,500000,127221.78,372778.22,25,2026-07-29,18638.91,33.26,150000.0,7499,371,2025-07-02,07/28,Yes,Enabled,Active
1992,4866945599689008,5153,7519,Classic,Visa,50000,17404.77,32595.23,2,2026-07-15,1629.76,35.35,15000.0,3111,589,2022-07-03,07/30,No,Enabled,Active
1993,4724283792842467,9539,12668,Platinum,Mastercard,200000,120903.16,79096.84,10,2026-07-10,3954.84,38.76,60000.0,1741,163,2025-07-02,07/29,Yes,Enabled,Expired
1994,4194833656535015,5077,19055,Classic,Visa,500000,373763.43,126236.57,16,2026-07-08,6311.83,39.01,150000.0,16610,614,2026-07-02,07/31,Yes,Enabled,Blocked
1995,4568135799268594,6346,2034,Signature,Visa,100000,77676.76,22323.24,11,2026-07-29,1116.16,30.64,30000.0,17341,480,2022-07-03,07/30,Yes,Disabled,Active
1996,4481147934454642,6891,15551,Classic,Visa,200000,133471.69,66528.31,1,2026-07-09,3326.42,43.89,60000.0,8364,654,2021-07-03,07/30,No,Disabled,Active
1997,4542828392313956,9560,8053,Classic,American Express,50000,34508.09,15491.91,21,2026-07-30,774.6,40.84,15000.0,22145,345,2026-07-02,07/30,Yes,Disabled,Active
1998,4093004690350352,8969,4867,Platinum,Mastercard,100000,63910.6,36089.4,18,2026-07-20,1804.47,35.84,30000.0,14020,494,2026-07-02,07/30,Yes,Disabled,Active
1999,4983730327678999,8505,2607,Platinum,Visa,100000,46887.03,53112.97,3,2026-07-17,2655.65,44.66,30000.0,5240,168,2025-07-02,07/28,Yes,Disabled,Active
2000,4060219547692744,9307,9726,Gold,Mastercard,200000,159657.19,40342.81,1,2026-07-24,2017.14,40.63,60000.0,10093,478,2025-07-02,07/28,Yes,Disabled,Active
2001,4356120589737132,1985,8377,Classic,RuPay,1000000,292949.81,707050.19,6,2026-07-23,35352.51,36.14,300000.0,2329,365,2026-07-02,07/29,Yes,Disabled,Active
2002,4121604862066496,9554,13777,Classic,Mastercard,500000,249242.45,250757.55,23,2026-07-26,12537.88,30.97,150000.0,5911,860,2026-07-02,07/29,Yes,Disabled,Active
2003,4050527552206056,4691,2702,Platinum,Mastercard,200000,171151.34,28848.66,20,2026-07-24,1442.43,46.95,60000.0,13853,941,2026-07-02,07/29,Yes,Disabled,Active
2004,4651127969515837,7768,275,Gold,Visa,50000,23219.4,26780.6,18,2026-07-23,1339.03,47.84,15000.0,14808,597,2021-07-03,07/31,Yes,Disabled,Active
2005,4211357635077170,5739,4760,Classic,Mastercard,100000,83052.98,16947.02,26,2026-07-22,847.35,46.33,30000.0,8377,248,2025-07-02,07/30,Yes,Disabled,Active
2006,4824661837367102,901,8886,Gold,Mastercard,100000,48616.15,51383.85,9,2026-07-17,2569.19,47.34,30000.0,10628,347,2023-07-03,07/31,Yes,Disabled,Active
2007,4260604983892635,1563,8786,Classic,RuPay,200000,27652.06,172347.94,2,2026-07-23,8617.4,42.49,60000.0,23338,458,2023-07-03,07/28,Yes,Enabled,Active
2008,4683850958185835,156,9860,Classic,Visa,50000,49326.44,673.56,14,2026-07-07,33.68,44.43,15000.0,8890,646,2022-07-03,07/30,Yes,Disabled,Active
2009,4243494246005699,8679,1550,Classic,Visa,200000,187399.17,12600.83,12,2026-07-26,630.04,42.6,60000.0,1148,576,2023-07-03,07/30,Yes,Disabled,Active
2010,4603719828928207,2570,4394,Gold,American Express,50000,5678.58,44321.42,16,2026-07-29,2216.07,35.2,15000.0,13840,812,2025-07-02,07/28,Yes,Disabled,Active
2011,4161789121907786,3431,11025,Classic,Mastercard,50000,13748.39,36251.61,17,2026-07-29,1812.58,39.86,15000.0,13723,244,2026-07-02,07/30,Yes,Enabled,Active
2012,4543707524771986,1241,4140,Classic,Mastercard,50000,25372.41,24627.59,21,2026-07-18,1231.38,47.18,15000.0,24517,205,2025-07-02,07/28,Yes,Disabled,Active
2013,4225437565673298,3383,9358,Classic,Visa,100000,86680.82,13319.18,4,2026-07-16,665.96,45.01,30000.0,14652,289,2023-07-03,07/30,No,Disabled,Active
2014,4600245673271226,5657,14804,Gold,Mastercard,50000,8395.64,41604.36,23,2026-07-07,2080.22,34.88,15000.0,3374,356,2021-07-03,07/30,No,Disabled,Active
2015,4258931547975001,1671,124,Classic,American Express,50000,31247.01,18752.99,26,2026-07-28,937.65,40.74,15000.0,15934,704,2021-07-03,07/30,Yes,Disabled,Active
2016,4965851961607845,3362,1362,Platinum,Mastercard,100000,31930.74,68069.26,19,2026-07-22,3403.46,43.25,30000.0,17482,713,2021-07-03,07/29,Yes,Disabled,Active
2017,4658174107036772,4111,12952,Platinum,Mastercard,100000,6139.78,93860.22,28,2026-07-15,4693.01,46.67,30000.0,13473,807,2025-07-02,07/29,Yes,Disabled,Active
2018,4788288878522019,6349,4890,Classic,Visa,50000,35506.26,14493.74,26,2026-07-14,724.69,41.91,15000.0,3082,403,2025-07-02,07/30,Yes,Disabled,Active
2019,4812152075644582,5010,15251,Gold,Visa,200000,153276.04,46723.96,4,2026-07-12,2336.2,46.84,60000.0,390,596,2025-07-02,07/28,Yes,Disabled,Active
2020,4091401962884803,7541,10119,Classic,Visa,100000,11575.25,88424.75,22,2026-07-20,4421.24,35.0,30000.0,4863,686,2025-07-02,07/30,Yes,Enabled,Active
2021,4067118275268036,3864,15922,Platinum,Visa,50000,12951.76,37048.24,4,2026-07-25,1852.41,33.39,15000.0,8344,101,2023-07-03,07/30,No,Disabled,Active
2022,4227173011819825,7151,4449,Classic,RuPay,500000,258099.83,241900.17,18,2026-07-17,12095.01,46.68,150000.0,16622,223,2024-07-02,07/29,Yes,Disabled,Active
2023,4630608521034697,6950,17702,Platinum,Visa,50000,37232.74,12767.26,10,2026-07-27,638.36,45.57,15000.0,20838,431,2026-07-02,07/30,Yes,Enabled,Active
2024,4040187813821440,6028,9581,Gold,Visa,100000,42392.68,57607.32,1,2026-07-16,2880.37,42.14,30000.0,18344,634,2025-07-02,07/28,Yes,Disabled,Active
2025,4611443669619717,5959,10336,Gold,Visa,50000,20284.35,29715.65,14,2026-07-29,1485.78,43.15,15000.0,20278,833,2026-07-02,07/31,Yes,Disabled,Active
2026,4687009432617584,8326,6477,Signature,Visa,50000,11166.01,38833.99,18,2026-07-20,1941.7,45.6,15000.0,16697,583,2022-07-03,07/31,Yes,Disabled,Blocked
2027,4165300408752617,5782,4260,Signature,Visa,200000,64787.69,135212.31,26,2026-07-24,6760.62,34.71,60000.0,3769,737,2026-07-02,07/31,Yes,Disabled,Active
2028,4099373768114532,1132,8868,Classic,American Express,100000,82346.0,17654.0,12,2026-07-14,882.7,33.45,30000.0,9756,937,2025-07-02,07/28,Yes,Enabled,Active
2029,4079956032601238,4250,14324,Classic,Visa,100000,38079.6,61920.4,20,2026-07-18,3096.02,31.42,30000.0,15427,864,2024-07-02,07/29,Yes,Disabled,Blocked
2030,4963895816523907,8396,6907,Platinum,Visa,50000,8408.82,41591.18,4,2026-08-01,2079.56,38.15,15000.0,22834,684,2024-07-02,07/30,No,Disabled,Active
2031,4354819988428636,4595,762,Gold,Mastercard,100000,86638.3,13361.7,26,2026-07-16,668.09,47.5,30000.0,17414,767,2021-07-03,07/31,Yes,Enabled,Active
2032,4907387311958321,9609,2737,Gold,Visa,100000,20972.63,79027.37,13,2026-07-18,3951.37,44.92,30000.0,12086,499,2025-07-02,07/31,Yes,Enabled,Active
2033,4380380668775823,5425,14518,Classic,American Express,50000,17738.12,32261.88,11,2026-07-26,1613.09,47.19,15000.0,4769,806,2022-07-03,07/29,Yes,Disabled,Active
2034,4213889367940233,8498,12847,Platinum,Visa,50000,14154.42,35845.58,4,2026-07-09,1792.28,31.0,15000.0,18689,943,2023-07-03,07/31,Yes,Disabled,Active
2035,4413261904724746,9899,2268,Gold,Mastercard,1000000,733334.46,266665.54,7,2026-07-14,13333.28,42.59,300000.0,13589,857,2026-07-02,07/28,Yes,Disabled,Active
2036,4329035694763375,3087,1815,Gold,Mastercard,100000,63605.41,36394.59,13,2026-07-10,1819.73,39.2,30000.0,10215,491,2024-07-02,07/31,Yes,Disabled,Active
2037,4482386817410660,2571,7331,Classic,Visa,100000,57078.13,42921.87,24,2026-07-17,2146.09,47.64,30000.0,13722,568,2025-07-02,07/28,Yes,Disabled,Active
2038,4417134026467964,7838,919,Gold,RuPay,500000,70977.62,429022.38,6,2026-07-19,21451.12,31.98,150000.0,23375,775,2021-07-03,07/29,Yes,Enabled,Active
2039,4422942710760599,1419,15674,Classic,Mastercard,200000,45251.35,154748.65,3,2026-07-24,7737.43,34.4,60000.0,17018,753,2026-07-02,07/31,No,Enabled,Active
2040,4438680705533419,3766,17941,Classic,American Express,50000,31296.87,18703.13,12,2026-07-20,935.16,43.34,15000.0,2833,165,2026-07-02,07/29,Yes,Disabled,Active
2041,4560287033690733,7473,17242,Classic,Visa,100000,65944.68,34055.32,19,2026-07-20,1702.77,31.59,30000.0,24646,900,2026-07-02,07/30,Yes,Disabled,Active
2042,4896573727035502,4368,19660,Gold,Mastercard,500000,350620.89,149379.11,5,2026-07-21,7468.96,40.23,150000.0,7534,446,2021-07-03,07/30,Yes,Disabled,Active
2043,4863792017337774,8226,16962,Platinum,Visa,50000,6457.62,43542.38,10,2026-07-18,2177.12,43.2,15000.0,13167,534,2025-07-02,07/31,Yes,Disabled,Active
2044,4648927188363730,8691,1965,Platinum,Mastercard,500000,304673.88,195326.12,11,2026-07-28,9766.31,30.61,150000.0,23118,348,2024-07-02,07/29,Yes,Disabled,Active
2045,4128290709468250,8609,16523,Classic,Visa,50000,15470.57,34529.43,20,2026-07-21,1726.47,43.8,15000.0,21854,779,2022-07-03,07/31,Yes,Disabled,Active
2046,4218467409505426,5537,10581,Platinum,American Express,50000,17339.12,32660.88,19,2026-07-31,1633.04,34.07,15000.0,11926,770,2023-07-03,07/28,Yes,Disabled,Blocked
2047,4234906021012315,6325,14457,Platinum,Visa,100000,38221.3,61778.7,2,2026-07-24,3088.93,31.55,30000.0,19485,143,2025-07-02,07/30,Yes,Disabled,Active
2048,4677229390047750,7108,2137,Gold,RuPay,50000,30983.39,19016.61,26,2026-07-14,950.83,41.4,15000.0,16238,663,2024-07-02,07/31,Yes,Disabled,Active
2049,4947560044254488,5906,8807,Platinum,Visa,1000000,632618.78,367381.22,22,2026-07-17,18369.06,30.3,300000.0,16980,972,2025-07-02,07/30,Yes,Enabled,Active
2050,4126542052532785,8001,8651,Classic,Mastercard,200000,135958.51,64041.49,19,2026-07-23,3202.07,34.18,60000.0,3930,633,2023-07-03,07/28,No,Enabled,Active
2051,4567533797987105,5270,19736,Classic,American Express,100000,32093.34,67906.66,25,2026-07-17,3395.33,35.25,30000.0,17221,998,2021-07-03,07/30,Yes,Disabled,Active
2052,4728249093528946,6584,18157,Classic,Visa,200000,77383.51,122616.49,21,2026-07-28,6130.82,44.45,60000.0,10159,356,2024-07-02,07/29,Yes,Disabled,Active
2053,4525052705473623,5680,18016,Gold,RuPay,50000,44891.3,5108.7,28,2026-07-09,255.44,36.92,15000.0,24026,610,2026-07-02,07/30,Yes,Disabled,Active
2054,4613484122917976,8926,16152,Platinum,Mastercard,100000,70340.98,29659.02,14,2026-07-17,1482.95,45.25,30000.0,10984,592,2022-07-03,07/31,Yes,Disabled,Active
2055,4816134326982275,4998,11406,Platinum,Visa,200000,194657.19,5342.81,20,2026-07-20,267.14,39.23,60000.0,22627,262,2023-07-03,07/31,No,Disabled,Active
2056,4121349165272971,3967,8935,Classic,Visa,200000,88172.28,111827.72,25,2026-07-22,5591.39,46.61,60000.0,17706,861,2021-07-03,07/28,Yes,Enabled,Active
2057,4995029441266107,1576,4664,Gold,Mastercard,500000,208191.13,291808.87,15,2026-07-23,14590.44,43.52,150000.0,3646,195,2022-07-03,07/28,Yes,Disabled,Active
2058,4284705935774626,8260,1992,Gold,RuPay,50000,13421.06,36578.94,25,2026-07-23,1828.95,44.3,15000.0,17976,397,2025-07-02,07/28,Yes,Disabled,Active
2059,4964374509925130,2020,6551,Gold,Mastercard,500000,414885.81,85114.19,7,2026-07-22,4255.71,33.67,150000.0,5675,504,2021-07-03,07/30,Yes,Disabled,Active
2060,4090272619046497,2286,17393,Gold,RuPay,50000,36388.88,13611.12,6,2026-07-25,680.56,47.01,15000.0,2598,925,2025-07-02,07/28,Yes,Disabled,Active
2061,4012939061142241,4572,19974,Classic,American Express,100000,97400.37,2599.63,24,2026-07-08,129.98,37.63,30000.0,11479,366,2024-07-02,07/31,Yes,Disabled,Active
2062,4008599373739891,2446,11229,Classic,Mastercard,100000,12378.79,87621.21,15,2026-07-24,4381.06,34.59,30000.0,6745,569,2026-07-02,07/28,Yes,Disabled,Active
2063,4966674805895057,1843,17318,Classic,Mastercard,200000,18634.5,181365.5,14,2026-07-11,9068.27,34.25,60000.0,6730,577,2022-07-03,07/30,Yes,Disabled,Active
2064,4987000970524343,7713,19390,Platinum,Visa,100000,92491.68,7508.32,2,2026-07-13,375.42,46.22,30000.0,135,654,2023-07-03,07/28,No,Disabled,Active
2065,4422754612784993,2439,590,Platinum,Mastercard,100000,94862.91,5137.09,14,2026-07-29,256.85,42.63,30000.0,5141,739,2025-07-02,07/31,Yes,Enabled,Active
2066,4211784075991525,6318,17063,Signature,Mastercard,50000,3193.34,46806.66,7,2026-07-18,2340.33,40.62,15000.0,6286,857,2024-07-02,07/29,Yes,Enabled,Active
2067,4851361557214115,2368,7375,Platinum,Mastercard,200000,115142.28,84857.72,23,2026-07-29,4242.89,45.17,60000.0,10473,413,2026-07-02,07/29,Yes,Disabled,Active
2068,4964319948047165,5775,3844,Classic,Visa,50000,11724.89,38275.11,4,2026-07-07,1913.76,42.42,15000.0,3212,583,2022-07-03,07/31,Yes,Disabled,Active
2069,4089734243441395,7971,11315,Platinum,Visa,200000,69191.68,130808.32,5,2026-07-15,6540.42,35.62,60000.0,18658,587,2021-07-03,07/28,Yes,Enabled,Active
2070,4625905797523914,9055,553,Gold,Mastercard,50000,46527.03,3472.97,19,2026-07-18,173.65,34.25,15000.0,23144,723,2023-07-03,07/28,No,Disabled,Active
2071,4585189313075525,5776,754,Classic,Visa,50000,9065.08,40934.92,10,2026-07-31,2046.75,38.72,15000.0,9338,126,2024-07-02,07/28,Yes,Disabled,Active
2072,4409471980609541,4006,11906,Gold,Visa,50000,22192.66,27807.34,5,2026-07-24,1390.37,45.95,15000.0,15113,594,2021-07-03,07/30,Yes,Disabled,Active
2073,4061729742265528,2598,15134,Gold,American Express,100000,58065.45,41934.55,2,2026-07-25,2096.73,38.19,30000.0,3442,970,2022-07-03,07/31,Yes,Enabled,Active
2074,4395958660463458,3931,3085,Gold,Visa,500000,29000.03,470999.97,28,2026-07-24,23550.0,34.54,150000.0,24355,919,2025-07-02,07/28,Yes,Disabled,Active
2075,4144192753081569,2858,19554,Classic,Visa,50000,48967.05,1032.95,24,2026-07-31,51.65,39.2,15000.0,149,280,2023-07-03,07/30,Yes,Disabled,Active
2076,4018146574196354,4592,13612,Classic,Mastercard,200000,54468.58,145531.42,5,2026-07-14,7276.57,30.31,60000.0,22630,325,2025-07-02,07/30,Yes,Enabled,Active
2077,4920258508611677,7649,13609,Platinum,Visa,50000,19662.38,30337.62,5,2026-07-10,1516.88,31.08,15000.0,1039,553,2021-07-03,07/30,Yes,Disabled,Active
2078,4506430860688807,7656,3516,Gold,Visa,50000,47566.62,2433.38,6,2026-07-30,121.67,45.37,15000.0,1952,959,2026-07-02,07/28,No,Disabled,Active
2079,4140552060629960,6516,12121,Signature,Visa,200000,137014.55,62985.45,4,2026-07-15,3149.27,36.87,60000.0,17631,613,2026-07-02,07/31,Yes,Disabled,Active
2080,4529013241949737,5912,6322,Signature,RuPay,50000,39199.8,10800.2,22,2026-07-30,540.01,35.54,15000.0,11062,113,2022-07-03,07/28,Yes,Disabled,Active
2081,4889965351340944,8940,15479,Classic,Visa,100000,12719.98,87280.02,14,2026-07-11,4364.0,47.76,30000.0,15135,173,2026-07-02,07/31,Yes,Enabled,Active
2082,4972315384079658,2358,14054,Gold,Mastercard,200000,152521.42,47478.58,2,2026-07-23,2373.93,35.72,60000.0,8539,831,2023-07-03,07/30,Yes,Disabled,Active
2083,4252713428095728,9726,7643,Platinum,Visa,100000,75440.7,24559.3,23,2026-07-26,1227.96,41.61,30000.0,2603,426,2024-07-02,07/29,Yes,Disabled,Active
2084,4036961800129964,4698,14578,Gold,Visa,100000,55256.04,44743.96,18,2026-07-22,2237.2,41.85,30000.0,15113,781,2021-07-03,07/29,Yes,Enabled,Active
2085,4850760413574333,5543,62,Gold,Visa,500000,285925.12,214074.88,19,2026-07-07,10703.74,46.85,150000.0,5983,934,2024-07-02,07/30,Yes,Disabled,Active
2086,4506210984694914,4450,14432,Gold,Mastercard,200000,113522.3,86477.7,2,2026-07-25,4323.89,45.23,60000.0,10769,329,2025-07-02,07/28,Yes,Disabled,Active
2087,4423702249722489,3111,11737,Classic,Visa,200000,99896.89,100103.11,27,2026-07-22,5005.16,31.78,60000.0,24141,824,2026-07-02,07/28,Yes,Disabled,Active
2088,4011989848066443,7339,16135,Classic,Visa,100000,58561.93,41438.07,15,2026-07-10,2071.9,43.14,30000.0,16566,543,2022-07-03,07/31,Yes,Enabled,Active
2089,4958655182610960,8613,16171,Classic,Mastercard,200000,111414.0,88586.0,3,2026-07-14,4429.3,35.94,60000.0,15025,172,2022-07-03,07/28,Yes,Enabled,Active
2090,4390788889464136,6705,14771,Signature,Visa,100000,89507.14,10492.86,9,2026-07-25,524.64,33.52,30000.0,3823,922,2021-07-03,07/31,No,Enabled,Active
2091,4926321539350544,8567,14311,Platinum,Visa,100000,9718.54,90281.46,22,2026-07-14,4514.07,35.64,30000.0,19065,101,2025-07-02,07/28,Yes,Disabled,Active
2092,4563241135166154,7821,2953,Gold,American Express,50000,27784.78,22215.22,25,2026-07-28,1110.76,33.94,15000.0,17529,606,2023-07-03,07/31,Yes,Enabled,Active
2093,4301345131810548,6333,14296,Classic,Visa,100000,12344.2,87655.8,14,2026-07-18,4382.79,39.75,30000.0,1065,390,2025-07-02,07/28,Yes,Enabled,Active
2094,4340872584803888,6592,4463,Classic,Visa,100000,57132.61,42867.39,8,2026-07-09,2143.37,42.52,30000.0,20353,185,2025-07-02,07/31,Yes,Enabled,Active
2095,4554710809090624,1200,17019,Platinum,Mastercard,200000,190908.28,9091.72,19,2026-07-16,454.59,44.74,60000.0,9437,719,2025-07-02,07/31,Yes,Disabled,Active
2096,4319993595496007,2380,17808,Signature,Visa,50000,41092.32,8907.68,16,2026-07-10,445.38,38.75,15000.0,12622,699,2022-07-03,07/30,Yes,Enabled,Blocked
2097,4149356339794104,9811,2890,Platinum,Visa,50000,32020.36,17979.64,2,2026-07-24,898.98,30.79,15000.0,18371,285,2024-07-02,07/29,Yes,Disabled,Active
2098,4195555735359567,2357,16802,Signature,Visa,100000,34119.27,65880.73,14,2026-07-16,3294.04,42.29,30000.0,3777,168,2022-07-03,07/28,Yes,Disabled,Active
2099,4427450628940351,7826,2126,Classic,Visa,50000,49145.59,854.41,10,2026-07-08,42.72,36.19,15000.0,12771,392,2022-07-03,07/30,No,Disabled,Active
2100,4090305241099087,8400,7856,Platinum,Visa,100000,7446.74,92553.26,17,2026-07-22,4627.66,40.75,30000.0,4428,777,2022-07-03,07/29,Yes,Enabled,Active
2101,4705487042119629,648,15937,Gold,Visa,50000,38561.77,11438.23,24,2026-07-27,571.91,45.31,15000.0,10468,486,2023-07-03,07/29,Yes,Enabled,Active
2102,4924522326086216,2838,10824,Classic,Visa,200000,167275.13,32724.87,16,2026-07-27,1636.24,46.01,60000.0,11596,640,2025-07-02,07/30,Yes,Disabled,Active
2103,4580777591781185,9115,7420,Platinum,Visa,100000,97593.76,2406.24,20,2026-07-22,120.31,36.67,30000.0,4501,625,2021-07-03,07/29,Yes,Disabled,Active
2104,4886644309375271,3624,19676,Gold,RuPay,100000,75134.72,24865.28,15,2026-07-14,1243.26,38.81,30000.0,14036,675,2025-07-02,07/29,Yes,Enabled,Active
2105,4366884325908931,5374,13767,Gold,Visa,100000,80733.35,19266.65,13,2026-07-29,963.33,43.36,30000.0,12392,555,2024-07-02,07/31,Yes,Disabled,Active
2106,4622923763027370,2101,7956,Gold,Mastercard,100000,65639.05,34360.95,3,2026-07-09,1718.05,46.12,30000.0,14454,297,2021-07-03,07/29,Yes,Disabled,Active
2107,4289867075685742,6123,15749,Platinum,Visa,50000,46056.46,3943.54,20,2026-07-20,197.18,44.52,15000.0,17823,652,2023-07-03,07/29,No,Disabled,Active
2108,4015370919365105,3925,4797,Gold,RuPay,100000,9358.93,90641.07,12,2026-07-13,4532.05,32.31,30000.0,23560,497,2022-07-03,07/30,Yes,Disabled,Active
2109,4029033116999005,1753,12458,Gold,Visa,200000,176150.3,23849.7,22,2026-07-31,1192.49,32.0,60000.0,2421,447,2026-07-02,07/31,Yes,Disabled,Active
2110,4814394150020147,1656,17310,Classic,Mastercard,50000,30389.86,19610.14,28,2026-07-24,980.51,35.51,15000.0,21630,294,2022-07-03,07/28,Yes,Disabled,Active
2111,4925661173825817,6783,4082,Platinum,Visa,50000,8151.32,41848.68,25,2026-07-09,2092.43,30.38,15000.0,20365,603,2025-07-02,07/29,Yes,Enabled,Active
2112,4970407455626104,4413,15004,Classic,RuPay,200000,78392.28,121607.72,13,2026-07-20,6080.39,42.07,60000.0,7899,205,2026-07-02,07/28,Yes,Disabled,Active
2113,4619372428716098,2222,6425,Platinum,Visa,100000,18478.51,81521.49,5,2026-07-31,4076.07,38.25,30000.0,12204,140,2022-07-03,07/30,No,Disabled,Active
2114,4799782470074783,7644,1015,Platinum,RuPay,100000,92098.77,7901.23,7,2026-07-21,395.06,32.93,30000.0,21547,423,2023-07-03,07/30,Yes,Disabled,Active
2115,4876505851929688,4605,11034,Classic,Mastercard,100000,57827.81,42172.19,5,2026-07-13,2108.61,34.92,30000.0,4640,772,2025-07-02,07/29,Yes,Disabled,Active
2116,4691838774071631,5704,8457,Classic,Visa,100000,92766.93,7233.07,6,2026-07-10,361.65,30.5,30000.0,10196,340,2022-07-03,07/29,Yes,Disabled,Active
2117,4457186747361849,2226,13993,Classic,Visa,50000,21277.97,28722.03,9,2026-07-22,1436.1,47.22,15000.0,22417,484,2021-07-03,07/30,Yes,Disabled,Active
2118,4458919496492717,8841,10271,Classic,Mastercard,50000,29678.19,20321.81,8,2026-07-16,1016.09,35.31,15000.0,14816,784,2022-07-03,07/29,Yes,Enabled,Active
2119,4897521280272816,895,2025,Platinum,American Express,100000,76519.71,23480.29,26,2026-07-22,1174.01,32.42,30000.0,16219,565,2022-07-03,07/29,Yes,Disabled,Active
2120,4107487610312505,5044,11103,Classic,Visa,200000,190697.59,9302.41,1,2026-08-01,465.12,37.73,60000.0,5286,597,2026-07-02,07/28,Yes,Enabled,Active
2121,4447291660874031,6070,13149,Gold,Visa,100000,73808.35,26191.65,28,2026-07-15,1309.58,46.45,30000.0,6453,594,2026-07-02,07/30,Yes,Disabled,Active
2122,4485770523458636,8382,16875,Gold,RuPay,50000,43138.69,6861.31,4,2026-07-12,343.07,33.49,15000.0,10615,951,2024-07-02,07/29,No,Disabled,Active
2123,4906044494524640,1961,19866,Classic,Visa,1000000,853156.1,146843.9,13,2026-07-27,7342.19,37.77,300000.0,1452,444,2024-07-02,07/29,Yes,Disabled,Active
2124,4706061565161394,1987,9983,Classic,RuPay,1000000,69810.2,930189.8,4,2026-07-26,46509.49,46.41,300000.0,23562,453,2021-07-03,07/28,Yes,Disabled,Active
2125,4067399519822375,416,8808,Classic,Mastercard,100000,77947.04,22052.96,7,2026-07-12,1102.65,43.33,30000.0,12656,363,2024-07-02,07/30,Yes,Disabled,Active
2126,4031553914376655,5488,14381,Classic,Mastercard,50000,3753.36,46246.64,20,2026-07-29,2312.33,30.53,15000.0,537,785,2021-07-03,07/28,Yes,Disabled,Active
2127,4119570494680706,7416,619,Gold,Visa,50000,16936.41,33063.59,4,2026-07-28,1653.18,40.25,15000.0,14772,735,2023-07-03,07/31,Yes,Disabled,Active
2128,4030343931348170,4351,12518,Gold,RuPay,50000,23553.1,26446.9,26,2026-08-01,1322.35,44.68,15000.0,9004,283,2025-07-02,07/30,Yes,Disabled,Active
2129,4568562396987694,1849,4491,Classic,Mastercard,50000,44189.62,5810.38,15,2026-07-10,290.52,34.8,15000.0,3460,237,2026-07-02,07/29,Yes,Disabled,Active
2130,4513693860265440,5227,16740,Classic,Visa,100000,30713.43,69286.57,11,2026-07-11,3464.33,31.95,30000.0,19318,778,2025-07-02,07/30,Yes,Enabled,Active
2131,4803948668087676,1908,7461,Platinum,Visa,50000,46888.21,3111.79,28,2026-07-29,155.59,46.79,15000.0,566,487,2021-07-03,07/28,Yes,Enabled,Active
2132,4928015724552028,8269,8611,Gold,American Express,200000,153545.58,46454.42,17,2026-07-21,2322.72,37.46,60000.0,9211,282,2023-07-03,07/29,Yes,Enabled,Active
2133,4484875158011507,821,17718,Gold,Mastercard,200000,180739.57,19260.43,15,2026-07-14,963.02,47.33,60000.0,16992,207,2022-07-03,07/31,Yes,Disabled,Active
2134,4959493033328074,3386,16158,Classic,Visa,50000,26688.25,23311.75,3,2026-07-21,1165.59,32.43,15000.0,14986,555,2024-07-02,07/29,Yes,Disabled,Active
2135,4660045879613190,9829,817,Classic,RuPay,50000,40022.96,9977.04,22,2026-07-15,498.85,40.91,15000.0,5137,695,2024-07-02,07/31,Yes,Disabled,Active
2136,4154700508449436,8856,15511,Classic,RuPay,100000,61271.4,38728.6,20,2026-07-17,1936.43,47.73,30000.0,10857,594,2025-07-02,07/28,Yes,Enabled,Active
2137,4999667661435731,3870,7178,Gold,Visa,100000,70213.66,29786.34,25,2026-07-10,1489.32,42.56,30000.0,2434,778,2026-07-02,07/28,Yes,Disabled,Active
2138,4729420089046051,9400,8316,Classic,Mastercard,100000,43972.16,56027.84,27,2026-07-28,2801.39,40.45,30000.0,16757,587,2022-07-03,07/30,Yes,Disabled,Active
2139,4239638870143489,5581,11275,Classic,Mastercard,200000,138777.51,61222.49,25,2026-07-08,3061.12,39.33,60000.0,10853,165,2021-07-03,07/28,No,Disabled,Active
2140,4542832733320014,6315,14022,Platinum,American Express,500000,392485.11,107514.89,20,2026-07-29,5375.74,37.98,150000.0,5985,585,2024-07-02,07/31,No,Enabled,Active
2141,4663785220985495,1127,9259,Classic,RuPay,50000,2534.42,47465.58,27,2026-07-12,2373.28,38.0,15000.0,5233,469,2024-07-02,07/30,Yes,Enabled,Active
2142,4281055901951499,9063,1188,Platinum,Visa,200000,62470.49,137529.51,5,2026-07-28,6876.48,34.44,60000.0,9780,218,2024-07-02,07/29,Yes,Disabled,Active
2143,4476959223007884,4509,5805,Classic,RuPay,100000,96155.48,3844.52,20,2026-07-09,192.23,31.32,30000.0,13568,691,2022-07-03,07/29,Yes,Disabled,Active
2144,4929420819745056,9485,4467,Classic,Mastercard,200000,111977.79,88022.21,26,2026-07-07,4401.11,42.85,60000.0,1820,514,2021-07-03,07/30,No,Disabled,Active
2145,4436384002263324,8351,9530,Classic,Visa,100000,76440.81,23559.19,8,2026-07-10,1177.96,33.7,30000.0,17577,213,2021-07-03,07/30,No,Enabled,Active
2146,4760248939424279,3334,1503,Signature,Mastercard,50000,8275.37,41724.63,4,2026-07-23,2086.23,38.6,15000.0,20361,719,2023-07-03,07/28,Yes,Disabled,Active
2147,4361413947472709,5349,7828,Gold,Visa,50000,12064.37,37935.63,10,2026-07-08,1896.78,44.41,15000.0,13033,961,2025-07-02,07/29,Yes,Enabled,Active
2148,4758590100240754,7660,3594,Platinum,Mastercard,100000,90923.43,9076.57,19,2026-07-20,453.83,44.17,30000.0,19463,548,2022-07-03,07/28,Yes,Disabled,Active
2149,4163402191846903,7215,14555,Platinum,RuPay,200000,187818.5,12181.5,1,2026-07-26,609.08,45.19,60000.0,24726,257,2023-07-03,07/29,Yes,Disabled,Active
2150,4814404803391017,9169,16790,Classic,RuPay,50000,23046.04,26953.96,8,2026-07-22,1347.7,30.23,15000.0,8863,372,2022-07-03,07/31,Yes,Disabled,Active
2151,4879950765275558,3897,18945,Gold,Visa,100000,18458.46,81541.54,17,2026-07-20,4077.08,46.31,30000.0,8714,262,2026-07-02,07/30,Yes,Disabled,Active
2152,4775143915524762,3912,5139,Classic,Visa,200000,187355.02,12644.98,28,2026-07-16,632.25,47.92,60000.0,5307,546,2021-07-03,07/31,Yes,Disabled,Active
2153,4646229478474447,5330,10079,Classic,Mastercard,50000,43684.33,6315.67,1,2026-07-27,315.78,35.68,15000.0,8222,220,2025-07-02,07/28,Yes,Disabled,Active
2154,4813193460670504,9030,11100,Gold,RuPay,200000,62403.09,137596.91,27,2026-07-30,6879.85,36.56,60000.0,41,308,2021-07-03,07/31,Yes,Disabled,Active
2155,4376297015899209,6193,16931,Classic,Visa,50000,39229.2,10770.8,15,2026-07-17,538.54,40.71,15000.0,8482,834,2024-07-02,07/31,Yes,Enabled,Active
2156,4033749154317642,8199,3263,Platinum,Visa,200000,110499.07,89500.93,28,2026-07-27,4475.05,47.46,60000.0,21065,478,2026-07-02,07/31,Yes,Disabled,Active
2157,4505131288742350,2632,13968,Platinum,Visa,100000,40521.93,59478.07,21,2026-07-12,2973.9,42.75,30000.0,4973,537,2021-07-03,07/30,No,Disabled,Active
2158,4227787903606937,2339,18300,Classic,Visa,100000,60105.62,39894.38,10,2026-07-20,1994.72,41.03,30000.0,21527,944,2026-07-02,07/28,Yes,Enabled,Active
2159,4911540234032080,5292,1205,Gold,Mastercard,100000,28694.46,71305.54,17,2026-07-20,3565.28,32.53,30000.0,23991,633,2021-07-03,07/29,Yes,Disabled,Active
2160,4200171753921918,485,13583,Classic,Visa,50000,41258.17,8741.83,6,2026-07-28,437.09,30.82,15000.0,18403,434,2023-07-03,07/31,Yes,Disabled,Active
2161,4533001100788382,7438,4958,Gold,Mastercard,500000,208629.6,291370.4,23,2026-07-21,14568.52,42.07,150000.0,2986,761,2024-07-02,07/28,Yes,Disabled,Active
2162,4755880696107175,6298,12092,Classic,RuPay,500000,245340.77,254659.23,24,2026-07-30,12732.96,36.92,150000.0,3073,987,2025-07-02,07/31,Yes,Disabled,Active
2163,4542406393958965,733,10789,Classic,RuPay,50000,40077.65,9922.35,6,2026-07-20,496.12,36.24,15000.0,25000,600,2026-07-02,07/28,Yes,Enabled,Active
2164,4760957475462778,5344,14210,Platinum,Visa,50000,4476.76,45523.24,13,2026-07-09,2276.16,35.84,15000.0,3351,108,2026-07-02,07/29,Yes,Disabled,Active
2165,4046530746403839,8586,6175,Classic,Mastercard,200000,176424.99,23575.01,10,2026-07-22,1178.75,37.49,60000.0,13387,967,2021-07-03,07/28,Yes,Disabled,Active
2166,4975179036930218,8881,13298,Gold,Mastercard,200000,82316.17,117683.83,5,2026-07-30,5884.19,42.5,60000.0,24025,199,2026-07-02,07/29,Yes,Disabled,Active
2167,4814946469409059,4384,2176,Classic,Visa,100000,96820.33,3179.67,21,2026-07-11,158.98,46.14,30000.0,20121,851,2023-07-03,07/31,Yes,Enabled,Closed
2168,4492970800263463,6052,17497,Platinum,Visa,50000,44516.02,5483.98,8,2026-07-27,274.2,44.32,15000.0,19418,387,2025-07-02,07/31,Yes,Disabled,Active
2169,4586132969290033,5924,8816,Classic,Mastercard,100000,46941.86,53058.14,21,2026-07-19,2652.91,36.37,30000.0,1613,541,2024-07-02,07/29,Yes,Disabled,Active
2170,4405381149892081,9181,5084,Classic,Visa,50000,14318.16,35681.84,25,2026-07-09,1784.09,31.64,15000.0,15522,221,2024-07-02,07/30,Yes,Disabled,Active
2171,4103168914620501,8914,12153,Classic,Visa,50000,27032.93,22967.07,8,2026-07-09,1148.35,30.42,15000.0,7883,745,2022-07-03,07/31,Yes,Disabled,Active
2172,4264373294621327,306,2226,Classic,Visa,50000,21734.09,28265.91,7,2026-07-10,1413.3,32.78,15000.0,20287,183,2024-07-02,07/30,Yes,Enabled,Active
2173,4171221311069030,7482,3459,Classic,Visa,50000,10053.93,39946.07,17,2026-07-19,1997.3,32.94,15000.0,21941,833,2023-07-03,07/29,No,Disabled,Active
2174,4779488688805524,7549,14715,Platinum,Visa,50000,25263.24,24736.76,16,2026-07-11,1236.84,31.37,15000.0,12045,810,2026-07-02,07/30,Yes,Disabled,Closed
2175,4036209118292423,1435,11764,Platinum,RuPay,1000000,731123.65,268876.35,8,2026-07-23,13443.82,40.4,300000.0,6841,411,2023-07-03,07/31,Yes,Disabled,Active
2176,4374216702271326,3424,4403,Classic,Visa,50000,7312.41,42687.59,11,2026-07-17,2134.38,34.12,15000.0,11903,463,2024-07-02,07/30,No,Disabled,Active
2177,4094627579377818,7228,2303,Platinum,Visa,200000,99412.09,100587.91,2,2026-08-01,5029.4,39.59,60000.0,6804,248,2021-07-03,07/28,Yes,Enabled,Active
2178,4764197526616662,6862,3088,Platinum,Visa,100000,15186.34,84813.66,11,2026-08-01,4240.68,32.54,30000.0,16403,197,2026-07-02,07/28,No,Enabled,Active
2179,4500222295053456,1441,10308,Gold,RuPay,500000,240412.71,259587.29,20,2026-07-14,12979.36,47.13,150000.0,12387,259,2025-07-02,07/29,Yes,Disabled,Expired
2180,4264395803534236,7651,13394,Gold,Visa,100000,26495.06,73504.94,21,2026-07-26,3675.25,42.27,30000.0,15758,588,2025-07-02,07/31,Yes,Disabled,Active
2181,4448174070503951,7534,15696,Gold,Visa,50000,21403.88,28596.12,10,2026-07-23,1429.81,35.77,15000.0,20217,329,2026-07-02,07/31,Yes,Disabled,Active
2182,4035994401461544,298,4640,Classic,Mastercard,200000,23323.07,176676.93,2,2026-07-13,8833.85,37.36,60000.0,4014,826,2022-07-03,07/30,Yes,Disabled,Active
2183,4591696405343663,6851,10124,Classic,Visa,50000,40824.63,9175.37,18,2026-07-22,458.77,44.3,15000.0,14423,748,2024-07-02,07/30,Yes,Disabled,Active
2184,4055997510527708,3253,11631,Platinum,American Express,100000,63988.01,36011.99,27,2026-07-17,1800.6,45.03,30000.0,7541,715,2026-07-02,07/29,Yes,Disabled,Active
2185,4805799446450181,6455,3724,Classic,RuPay,500000,486613.09,13386.91,11,2026-07-23,669.35,43.92,150000.0,20623,513,2025-07-02,07/28,Yes,Disabled,Active
2186,4429326523761973,4059,14201,Platinum,RuPay,200000,100293.71,99706.29,2,2026-07-29,4985.31,40.63,60000.0,23404,575,2026-07-02,07/28,Yes,Disabled,Active
2187,4017149743877533,1527,2509,Signature,Visa,200000,186321.55,13678.45,24,2026-07-21,683.92,39.87,60000.0,24820,201,2025-07-02,07/31,Yes,Disabled,Active
2188,4985180742191984,7673,4190,Platinum,Visa,100000,69086.27,30913.73,7,2026-07-24,1545.69,45.15,30000.0,22084,342,2026-07-02,07/31,Yes,Disabled,Active
2189,4687527991431561,6136,5540,Gold,Mastercard,100000,12509.93,87490.07,12,2026-07-22,4374.5,41.64,30000.0,1117,973,2022-07-03,07/29,Yes,Enabled,Active
2190,4905760671674196,7146,16006,Classic,Mastercard,100000,24238.82,75761.18,18,2026-07-28,3788.06,41.89,30000.0,22764,269,2025-07-02,07/29,Yes,Enabled,Active
2191,4617326920102050,7587,9267,Gold,Visa,50000,40539.17,9460.83,15,2026-07-20,473.04,31.3,15000.0,16017,658,2026-07-02,07/29,Yes,Disabled,Active
2192,4267267659112146,2372,11096,Platinum,Visa,50000,39588.42,10411.58,1,2026-07-22,520.58,37.63,15000.0,2213,805,2024-07-02,07/28,Yes,Disabled,Active
2193,4061200993910576,7183,8862,Classic,Visa,50000,36519.34,13480.66,4,2026-07-19,674.03,31.74,15000.0,19544,414,2023-07-03,07/30,Yes,Disabled,Active
2194,4888127879405822,307,4803,Gold,Visa,50000,25699.65,24300.35,25,2026-07-09,1215.02,38.93,15000.0,3990,296,2021-07-03,07/30,Yes,Disabled,Active
2195,4315688510105939,76,2254,Platinum,Visa,50000,32228.13,17771.87,6,2026-07-09,888.59,41.89,15000.0,12616,225,2026-07-02,07/28,Yes,Enabled,Active
2196,4498540271779632,9223,11904,Platinum,Visa,50000,22852.7,27147.3,19,2026-07-07,1357.37,39.75,15000.0,14412,406,2023-07-03,07/28,Yes,Enabled,Active
2197,4212331563560676,4653,5228,Classic,Visa,50000,22675.59,27324.41,9,2026-07-13,1366.22,30.94,15000.0,4905,541,2025-07-02,07/28,Yes,Disabled,Active
2198,4421056476170639,4938,19184,Classic,Mastercard,50000,6745.76,43254.24,20,2026-07-29,2162.71,42.69,15000.0,15583,946,2025-07-02,07/28,Yes,Disabled,Active
2199,4573824720096342,880,12927,Classic,Mastercard,200000,40608.63,159391.37,25,2026-07-23,7969.57,45.82,60000.0,14265,824,2023-07-03,07/30,Yes,Disabled,Active
2200,4216960973488188,7606,10524,Gold,Mastercard,50000,34337.87,15662.13,14,2026-07-31,783.11,39.88,15000.0,17196,837,2022-07-03,07/28,Yes,Disabled,Active
2201,4505440859978369,2745,3529,Classic,Visa,500000,142736.42,357263.58,16,2026-07-30,17863.18,31.01,150000.0,14568,298,2023-07-03,07/31,Yes,Disabled,Active
2202,4284059943442181,2332,11380,Gold,Mastercard,200000,31505.9,168494.1,12,2026-07-17,8424.7,42.45,60000.0,14552,446,2023-07-03,07/31,Yes,Disabled,Active
2203,4386327247182484,3723,317,Classic,Mastercard,200000,41047.53,158952.47,12,2026-07-26,7947.62,42.92,60000.0,7445,460,2022-07-03,07/29,Yes,Enabled,Active
2204,4150402508148855,5254,11258,Classic,Mastercard,100000,6207.69,93792.31,7,2026-07-15,4689.62,41.29,30000.0,16356,811,2021-07-03,07/28,Yes,Disabled,Active
2205,4855726901162211,4451,10769,Platinum,Visa,50000,25905.14,24094.86,14,2026-07-11,1204.74,33.4,15000.0,8074,412,2024-07-02,07/28,Yes,Disabled,Active
2206,4287521452635391,8900,19197,Gold,RuPay,100000,29000.12,70999.88,20,2026-07-29,3549.99,36.11,30000.0,24504,615,2026-07-02,07/30,No,Disabled,Active
2207,4441911022084219,4047,1470,Classic,American Express,100000,93645.58,6354.42,22,2026-07-24,317.72,46.16,30000.0,19969,211,2022-07-03,07/29,Yes,Disabled,Active
2208,4468597718148955,7285,3215,Gold,Mastercard,100000,81417.39,18582.61,20,2026-07-25,929.13,38.42,30000.0,10870,566,2022-07-03,07/31,Yes,Enabled,Active
2209,4918935052102656,7689,2229,Signature,Mastercard,50000,14681.92,35318.08,14,2026-07-07,1765.9,45.85,15000.0,475,730,2024-07-02,07/28,Yes,Disabled,Closed
2210,4435626239900918,8760,307,Classic,Visa,100000,27002.05,72997.95,10,2026-07-22,3649.9,45.15,30000.0,18679,287,2021-07-03,07/29,Yes,Disabled,Active
2211,4824026891436322,9279,12302,Platinum,Visa,100000,40891.24,59108.76,24,2026-07-25,2955.44,40.68,30000.0,2562,551,2022-07-03,07/28,Yes,Disabled,Active
2212,4481149991915198,8107,11116,Gold,Mastercard,50000,8569.31,41430.69,26,2026-07-22,2071.53,39.12,15000.0,955,896,2024-07-02,07/29,Yes,Disabled,Active
2213,4317988664709204,3835,18645,Gold,Mastercard,50000,5364.29,44635.71,18,2026-07-16,2231.79,33.97,15000.0,11172,275,2025-07-02,07/31,Yes,Disabled,Active
2214,4947219047761010,2236,9472,Classic,Visa,200000,142049.99,57950.01,9,2026-07-21,2897.5,46.21,60000.0,314,367,2025-07-02,07/30,Yes,Disabled,Closed
2215,4061003758418232,1580,12289,Classic,Visa,50000,27077.99,22922.01,4,2026-07-07,1146.1,32.27,15000.0,3803,856,2025-07-02,07/28,Yes,Disabled,Active
2216,4698871554562255,9287,16135,Gold,Visa,100000,40117.94,59882.06,13,2026-07-23,2994.1,41.24,30000.0,3910,558,2024-07-02,07/28,Yes,Disabled,Active
2217,4988853147664010,923,18554,Gold,Visa,200000,193847.76,6152.24,28,2026-07-23,307.61,41.72,60000.0,3998,818,2022-07-03,07/31,Yes,Disabled,Active
2218,4985530819508506,2709,18270,Classic,Visa,50000,20432.43,29567.57,25,2026-07-20,1478.38,30.31,15000.0,23310,391,2023-07-03,07/29,Yes,Disabled,Active
2219,4072989848138532,8060,10063,Classic,RuPay,500000,355183.65,144816.35,23,2026-07-12,7240.82,44.21,150000.0,19880,713,2024-07-02,07/30,Yes,Disabled,Active
2220,4962150862214171,5990,4481,Classic,RuPay,200000,156464.33,43535.67,4,2026-07-31,2176.78,32.6,60000.0,22225,862,2023-07-03,07/28,Yes,Enabled,Active
2221,4640164030817510,3760,12644,Signature,Mastercard,200000,100193.32,99806.68,22,2026-07-29,4990.33,38.92,60000.0,22511,758,2023-07-03,07/30,Yes,Enabled,Active
2222,4971439848560772,9848,19728,Gold,Visa,50000,19607.09,30392.91,24,2026-07-16,1519.65,47.19,15000.0,6134,855,2025-07-02,07/28,Yes,Disabled,Active
2223,4081437776400991,2108,6570,Classic,Visa,500000,223881.39,276118.61,13,2026-07-31,13805.93,32.88,150000.0,12393,393,2026-07-02,07/28,Yes,Disabled,Active
2224,4276969658430551,5887,7260,Gold,Visa,200000,153646.68,46353.32,1,2026-07-09,2317.67,30.7,60000.0,2729,655,2024-07-02,07/30,Yes,Disabled,Active
2225,4880808469776252,1526,15844,Platinum,Visa,50000,25489.23,24510.77,5,2026-07-13,1225.54,30.44,15000.0,10839,877,2023-07-03,07/31,Yes,Disabled,Active
2226,4492877717151233,116,19038,Classic,Visa,200000,112205.92,87794.08,22,2026-07-24,4389.7,38.86,60000.0,6090,236,2024-07-02,07/29,Yes,Disabled,Active
2227,4377483222989389,6035,12775,Classic,Visa,500000,404569.25,95430.75,20,2026-07-14,4771.54,41.46,150000.0,16067,903,2025-07-02,07/31,No,Disabled,Active
2228,4436741440930441,2762,2517,Classic,Visa,100000,48955.58,51044.42,14,2026-07-28,2552.22,35.28,30000.0,5054,147,2025-07-02,07/28,No,Disabled,Closed
2229,4302222947727542,6478,18010,Platinum,RuPay,100000,9029.74,90970.26,14,2026-07-10,4548.51,33.27,30000.0,171,959,2024-07-02,07/30,No,Disabled,Active
2230,4223839618766133,2417,11252,Signature,American Express,100000,31460.65,68539.35,26,2026-07-12,3426.97,41.1,30000.0,4612,566,2021-07-03,07/28,Yes,Disabled,Active
2231,4492123719599638,4652,3546,Classic,Visa,100000,26652.82,73347.18,3,2026-07-14,3667.36,35.7,30000.0,1115,297,2021-07-03,07/31,Yes,Disabled,Active
2232,4070448512963941,5525,11216,Platinum,Mastercard,200000,166440.24,33559.76,10,2026-07-25,1677.99,47.22,60000.0,24936,589,2025-07-02,07/30,Yes,Disabled,Active
2233,4264743763922542,6204,1498,Classic,RuPay,50000,9734.06,40265.94,27,2026-07-27,2013.3,44.89,15000.0,14350,509,2026-07-02,07/29,Yes,Disabled,Active
2234,4223173855170663,8755,11938,Gold,Visa,100000,76580.37,23419.63,1,2026-07-26,1170.98,39.55,30000.0,11741,448,2024-07-02,07/31,Yes,Disabled,Active
2235,4801705029835005,1438,1758,Gold,Visa,100000,35066.06,64933.94,7,2026-07-17,3246.7,43.54,30000.0,22098,749,2025-07-02,07/31,No,Enabled,Active
2236,4479809158824303,5005,18984,Gold,Visa,50000,7577.66,42422.34,6,2026-07-28,2121.12,43.17,15000.0,17771,302,2022-07-03,07/30,Yes,Disabled,Active
2237,4312609525515653,7014,16796,Classic,Mastercard,50000,24878.81,25121.19,28,2026-07-25,1256.06,36.92,15000.0,22733,565,2021-07-03,07/29,Yes,Disabled,Active
2238,4757594198266558,5233,8813,Platinum,American Express,100000,49228.16,50771.84,28,2026-07-23,2538.59,30.43,30000.0,1685,437,2026-07-02,07/28,Yes,Disabled,Active
2239,4718053834505331,7349,14666,Classic,Visa,200000,128721.73,71278.27,22,2026-07-24,3563.91,33.24,60000.0,12990,946,2026-07-02,07/31,Yes,Disabled,Active
2240,4846140677079776,3322,19971,Gold,Visa,100000,99576.69,423.31,6,2026-07-14,21.17,32.49,30000.0,6358,541,2023-07-03,07/29,Yes,Disabled,Active
2241,4941018141394666,6775,7297,Platinum,American Express,1000000,954672.16,45327.84,19,2026-07-11,2266.39,41.88,300000.0,7948,329,2024-07-02,07/28,Yes,Disabled,Active
2242,4737425584832082,3504,12623,Classic,Visa,50000,29264.09,20735.91,7,2026-07-23,1036.8,46.68,15000.0,20451,186,2025-07-02,07/29,Yes,Disabled,Active
2243,4777469860066212,4222,7130,Classic,Visa,200000,77930.35,122069.65,3,2026-07-24,6103.48,40.64,60000.0,11249,746,2024-07-02,07/31,Yes,Enabled,Active
2244,4654397372162879,8064,18985,Platinum,Visa,500000,425060.62,74939.38,8,2026-07-10,3746.97,34.32,150000.0,12828,419,2024-07-02,07/29,Yes,Disabled,Active
2245,4589684061903766,8805,9820,Platinum,Visa,500000,394756.62,105243.38,28,2026-08-01,5262.17,31.12,150000.0,22133,153,2026-07-02,07/31,Yes,Disabled,Active
2246,4250603019849428,3284,14225,Platinum,Mastercard,100000,38012.2,61987.8,23,2026-07-21,3099.39,38.93,30000.0,15774,893,2024-07-02,07/29,Yes,Disabled,Active
2247,4829190768196187,8554,16332,Classic,Mastercard,100000,94744.74,5255.26,25,2026-07-25,262.76,43.37,30000.0,8008,831,2024-07-02,07/29,Yes,Disabled,Active
2248,4981493198650290,782,6375,Gold,Visa,100000,97816.83,2183.17,1,2026-07-07,109.16,46.06,30000.0,20542,545,2021-07-03,07/28,Yes,Disabled,Active
2249,4308543811931059,1514,10923,Gold,RuPay,50000,7304.76,42695.24,3,2026-07-18,2134.76,45.17,15000.0,23958,261,2025-07-02,07/31,Yes,Enabled,Active
2250,4087687435263277,1152,970,Gold,Mastercard,50000,19121.76,30878.24,6,2026-07-27,1543.91,40.09,15000.0,18149,623,2022-07-03,07/30,Yes,Disabled,Active
2251,4844271585658016,7849,1249,Classic,Mastercard,200000,83781.9,116218.1,5,2026-07-18,5810.91,32.68,60000.0,379,768,2025-07-02,07/28,Yes,Disabled,Active
2252,4823659853043269,2651,15052,Gold,RuPay,100000,48484.98,51515.02,18,2026-07-28,2575.75,43.0,30000.0,17524,835,2022-07-03,07/28,Yes,Enabled,Active
2253,4812929993304793,7667,12060,Classic,RuPay,100000,51739.49,48260.51,15,2026-07-09,2413.03,42.25,30000.0,2728,551,2026-07-02,07/30,Yes,Enabled,Active
2254,4313068882920613,2033,15508,Platinum,RuPay,200000,186490.07,13509.93,10,2026-07-25,675.5,31.87,60000.0,11781,502,2026-07-02,07/28,No,Disabled,Active
2255,4808279640837779,56,11373,Gold,Visa,50000,5353.02,44646.98,26,2026-07-11,2232.35,39.05,15000.0,5614,593,2025-07-02,07/30,Yes,Disabled,Active
2256,4478512773646319,2137,7174,Platinum,Visa,50000,9878.31,40121.69,16,2026-07-18,2006.08,40.46,15000.0,6497,328,2024-07-02,07/30,Yes,Enabled,Expired
2257,4327748677616454,3143,10807,Gold,Mastercard,100000,91601.66,8398.34,19,2026-07-21,419.92,36.42,30000.0,20724,174,2025-07-02,07/28,Yes,Enabled,Active
2258,4240127226143345,8298,19145,Classic,Mastercard,100000,59884.16,40115.84,16,2026-07-17,2005.79,31.21,30000.0,20458,392,2022-07-03,07/29,Yes,Disabled,Active
2259,4899321975460263,3660,11922,Gold,American Express,500000,400478.03,99521.97,20,2026-07-19,4976.1,31.41,150000.0,1266,997,2022-07-03,07/31,Yes,Disabled,Active
2260,4383891581454607,6175,5917,Classic,Visa,50000,10603.37,39396.63,14,2026-07-15,1969.83,36.07,15000.0,22241,326,2025-07-02,07/31,Yes,Disabled,Active
2261,4663149750324089,2188,18309,Gold,Mastercard,1000000,755203.1,244796.9,8,2026-08-01,12239.85,42.93,300000.0,20487,243,2022-07-03,07/31,Yes,Enabled,Active
2262,4805478491759841,2701,18622,Platinum,Visa,100000,76602.88,23397.12,18,2026-07-21,1169.86,46.34,30000.0,12250,406,2026-07-02,07/31,Yes,Disabled,Active
2263,4088810280941446,8603,5516,Platinum,Mastercard,200000,99311.47,100688.53,18,2026-07-26,5034.43,47.58,60000.0,8679,293,2023-07-03,07/31,Yes,Enabled,Active
2264,4303075318438278,9191,15277,Gold,Visa,200000,148166.61,51833.39,23,2026-07-15,2591.67,30.65,60000.0,21138,746,2021-07-03,07/29,Yes,Disabled,Active
2265,4185648951855025,5922,15729,Gold,Mastercard,200000,102811.23,97188.77,21,2026-07-27,4859.44,41.09,60000.0,8121,316,2023-07-03,07/31,Yes,Enabled,Active
2266,4646526876170477,4694,13024,Gold,Mastercard,500000,337943.56,162056.44,15,2026-07-17,8102.82,42.0,150000.0,24272,979,2025-07-02,07/29,Yes,Disabled,Active
2267,4510366944089559,94,14762,Classic,RuPay,200000,33066.4,166933.6,2,2026-07-27,8346.68,32.52,60000.0,14170,652,2026-07-02,07/28,Yes,Enabled,Active
2268,4083200788765644,8194,3405,Classic,Mastercard,50000,18292.29,31707.71,9,2026-07-30,1585.39,32.17,15000.0,20989,770,2022-07-03,07/30,Yes,Disabled,Active
2269,4139580606617609,5355,2289,Gold,Visa,500000,180110.92,319889.08,20,2026-07-11,15994.45,31.11,150000.0,3676,662,2021-07-03,07/30,Yes,Disabled,Active
2270,4544410433316820,2946,11779,Platinum,Visa,100000,78662.47,21337.53,1,2026-07-19,1066.88,35.89,30000.0,16599,202,2024-07-02,07/30,Yes,Disabled,Active
2271,4718495267413461,5676,14830,Classic,Visa,200000,69984.86,130015.14,1,2026-07-28,6500.76,37.99,60000.0,23790,787,2021-07-03,07/31,Yes,Disabled,Active
2272,4927843571509199,1936,1752,Gold,Mastercard,500000,452723.31,47276.69,9,2026-07-28,2363.83,38.54,150000.0,11752,817,2025-07-02,07/28,Yes,Disabled,Active
2273,4099588862197353,9379,19392,Classic,Visa,200000,55311.19,144688.81,2,2026-07-07,7234.44,43.1,60000.0,10334,156,2023-07-03,07/31,Yes,Disabled,Active
2274,4443559063698492,5471,13907,Classic,RuPay,200000,113417.69,86582.31,8,2026-07-13,4329.12,37.87,60000.0,17927,976,2022-07-03,07/28,No,Disabled,Active
2275,4114565967838651,969,16001,Classic,Visa,500000,156791.74,343208.26,28,2026-07-26,17160.41,35.21,150000.0,2283,670,2023-07-03,07/31,Yes,Enabled,Active
2276,4242650594215866,3813,19692,Gold,RuPay,500000,367733.14,132266.86,1,2026-08-01,6613.34,46.96,150000.0,2394,317,2024-07-02,07/31,Yes,Disabled,Active
2277,4933634340889465,8315,9730,Gold,Visa,100000,13714.17,86285.83,18,2026-07-14,4314.29,41.11,30000.0,14497,790,2024-07-02,07/28,Yes,Enabled,Active
2278,4999298930665814,8171,7892,Classic,Visa,100000,79798.64,20201.36,27,2026-07-12,1010.07,35.34,30000.0,16571,726,2026-07-02,07/29,Yes,Disabled,Active
2279,4497535513587943,7761,9940,Gold,RuPay,50000,32464.51,17535.49,15,2026-07-26,876.77,33.35,15000.0,5598,575,2021-07-03,07/28,Yes,Disabled,Active
2280,4862499021494135,5621,3599,Classic,Mastercard,100000,66273.68,33726.32,7,2026-08-01,1686.32,42.25,30000.0,14398,504,2026-07-02,07/29,Yes,Enabled,Active
2281,4275326842647785,4117,19092,Classic,Mastercard,50000,22435.35,27564.65,5,2026-07-28,1378.23,30.61,15000.0,9252,630,2025-07-02,07/29,Yes,Disabled,Closed
2282,4865933080359309,7563,955,Gold,Visa,200000,130238.24,69761.76,12,2026-07-18,3488.09,39.94,60000.0,17820,793,2026-07-02,07/28,Yes,Disabled,Active
2283,4611905272007976,7333,7667,Gold,Mastercard,200000,10307.32,189692.68,5,2026-07-31,9484.63,47.04,60000.0,7989,532,2022-07-03,07/28,Yes,Disabled,Active
2284,4858106613402411,9082,15459,Classic,RuPay,100000,49904.89,50095.11,2,2026-07-07,2504.76,41.03,30000.0,10824,620,2023-07-03,07/28,Yes,Enabled,Active
2285,4936159590316223,9429,8677,Platinum,RuPay,50000,15464.92,34535.08,7,2026-07-27,1726.75,33.54,15000.0,19960,275,2021-07-03,07/29,Yes,Disabled,Active
2286,4369203019870266,6307,8640,Classic,Visa,200000,162170.64,37829.36,21,2026-07-14,1891.47,30.22,60000.0,20738,838,2022-07-03,07/28,Yes,Enabled,Active
2287,4754353916126424,9968,2287,Classic,Mastercard,500000,157447.66,342552.34,17,2026-07-31,17127.62,47.08,150000.0,1503,303,2025-07-02,07/31,Yes,Enabled,Active
2288,4329909737775828,7931,14779,Classic,Mastercard,200000,138026.66,61973.34,8,2026-07-20,3098.67,44.62,60000.0,5504,459,2025-07-02,07/28,Yes,Disabled,Active
2289,4811869464167073,962,2286,Classic,Visa,100000,17660.96,82339.04,6,2026-07-25,4116.95,34.27,30000.0,20656,968,2021-07-03,07/30,No,Disabled,Active
2290,4596276650808015,7763,18377,Platinum,Visa,100000,60290.78,39709.22,6,2026-07-30,1985.46,33.0,30000.0,6947,657,2024-07-02,07/29,Yes,Enabled,Active
2291,4629631756584117,8802,11651,Platinum,Visa,200000,54615.58,145384.42,1,2026-07-29,7269.22,33.1,60000.0,11704,502,2022-07-03,07/29,Yes,Disabled,Active
2292,4124342396142059,9387,12516,Gold,Mastercard,200000,157666.0,42334.0,25,2026-07-27,2116.7,33.36,60000.0,4494,568,2021-07-03,07/29,Yes,Disabled,Active
2293,4901093390302155,8761,18384,Classic,Visa,200000,95625.13,104374.87,20,2026-07-18,5218.74,34.34,60000.0,6623,837,2023-07-03,07/28,Yes,Disabled,Active
2294,4765783651530702,3011,2971,Classic,Visa,200000,98219.51,101780.49,18,2026-07-29,5089.02,36.47,60000.0,3045,981,2024-07-02,07/30,Yes,Disabled,Active
2295,4114230675512860,5036,2265,Platinum,Visa,100000,97001.25,2998.75,18,2026-07-29,149.94,30.81,30000.0,13945,665,2026-07-02,07/29,Yes,Disabled,Active
2296,4641431661826891,1810,9194,Classic,American Express,1000000,182475.69,817524.31,18,2026-07-16,40876.22,38.2,300000.0,19500,798,2025-07-02,07/31,Yes,Disabled,Active
2297,4434459464636010,1796,16622,Classic,Mastercard,500000,63096.03,436903.97,21,2026-07-08,21845.2,30.42,150000.0,14663,874,2026-07-02,07/28,Yes,Disabled,Active
2298,4965589905992363,1095,10780,Classic,Visa,500000,431214.84,68785.16,23,2026-07-09,3439.26,33.25,150000.0,23477,278,2025-07-02,07/31,No,Enabled,Active
2299,4741731044828544,3918,14881,Classic,Visa,50000,12637.89,37362.11,12,2026-07-25,1868.11,35.23,15000.0,18239,506,2025-07-02,07/31,Yes,Disabled,Active
2300,4180596251704268,1255,8576,Classic,American Express,50000,21987.01,28012.99,5,2026-07-29,1400.65,37.41,15000.0,14510,838,2025-07-02,07/29,Yes,Disabled,Active
2301,4630616616180399,9007,10549,Gold,Mastercard,100000,68009.75,31990.25,14,2026-07-12,1599.51,43.34,30000.0,9131,191,2021-07-03,07/29,No,Enabled,Active
2302,4606018538937823,6126,17756,Classic,RuPay,500000,448425.03,51574.97,12,2026-07-08,2578.75,31.02,150000.0,23819,491,2021-07-03,07/29,No,Disabled,Active
2303,4397619151289944,4963,14617,Classic,Mastercard,50000,13144.63,36855.37,24,2026-07-27,1842.77,31.34,15000.0,19674,952,2023-07-03,07/31,Yes,Enabled,Closed
2304,4283129949916064,8358,1181,Gold,Visa,50000,8009.23,41990.77,10,2026-07-17,2099.54,45.48,15000.0,12891,113,2022-07-03,07/28,Yes,Disabled,Active
2305,4591765101078644,3407,17136,Gold,RuPay,100000,20154.6,79845.4,24,2026-07-12,3992.27,36.21,30000.0,21379,511,2021-07-03,07/28,Yes,Enabled,Active
2306,4630733749529764,5751,10140,Gold,Mastercard,1000000,740954.24,259045.76,18,2026-07-27,12952.29,44.46,300000.0,17320,581,2026-07-02,07/28,Yes,Enabled,Active
2307,4121664072385985,9948,18572,Classic,RuPay,50000,13412.29,36587.71,9,2026-07-25,1829.39,38.53,15000.0,23381,191,2026-07-02,07/29,Yes,Enabled,Active
2308,4571447285773486,7478,9536,Classic,American Express,100000,89015.25,10984.75,13,2026-07-25,549.24,43.34,30000.0,12838,122,2026-07-02,07/30,Yes,Disabled,Active
2309,4561329279836773,3858,4740,Platinum,Visa,1000000,733247.69,266752.31,15,2026-07-13,13337.62,34.42,300000.0,1935,968,2023-07-03,07/28,Yes,Disabled,Active
2310,4690209683442655,6205,3697,Classic,RuPay,50000,9568.55,40431.45,14,2026-07-26,2021.57,31.07,15000.0,7911,977,2025-07-02,07/29,Yes,Enabled,Active
2311,4761330995641566,4404,8424,Classic,RuPay,50000,44889.18,5110.82,20,2026-07-07,255.54,41.32,15000.0,13811,749,2026-07-02,07/28,Yes,Enabled,Active
2312,4185713434163160,6570,2119,Platinum,RuPay,100000,85252.67,14747.33,28,2026-07-27,737.37,45.09,30000.0,14558,255,2026-07-02,07/31,Yes,Disabled,Active
2313,4785741068561934,5441,4262,Gold,Mastercard,200000,105702.79,94297.21,14,2026-07-23,4714.86,40.14,60000.0,12319,462,2023-07-03,07/30,Yes,Disabled,Active
2314,4640779020720250,6764,11585,Platinum,RuPay,1000000,619328.57,380671.43,3,2026-07-18,19033.57,47.35,300000.0,207,110,2024-07-02,07/29,Yes,Enabled,Active
2315,4130999452973059,1790,6125,Classic,Mastercard,50000,7635.53,42364.47,16,2026-07-28,2118.22,40.27,15000.0,3852,817,2023-07-03,07/30,Yes,Disabled,Active
2316,4757427390767099,6242,10249,Gold,Mastercard,100000,75201.54,24798.46,18,2026-07-25,1239.92,39.17,30000.0,23162,863,2022-07-03,07/30,Yes,Enabled,Active
2317,4326330957357878,2028,16425,Gold,Visa,50000,12533.28,37466.72,2,2026-07-20,1873.34,32.78,15000.0,12511,665,2024-07-02,07/29,Yes,Enabled,Active
2318,4183807287517708,9495,10626,Classic,Mastercard,50000,21663.69,28336.31,18,2026-07-18,1416.82,45.84,15000.0,10678,554,2025-07-02,07/29,Yes,Enabled,Active
2319,4161875179883789,6183,10440,Classic,Visa,100000,48361.59,51638.41,27,2026-07-10,2581.92,38.37,30000.0,5296,114,2023-07-03,07/28,Yes,Disabled,Active
2320,4438036442258135,4881,17496,Platinum,Mastercard,200000,104314.91,95685.09,1,2026-07-18,4784.25,32.7,60000.0,3302,655,2024-07-02,07/30,Yes,Enabled,Active
2321,4418112180272638,7153,11976,Platinum,Mastercard,50000,11774.84,38225.16,7,2026-07-28,1911.26,42.26,15000.0,5,921,2026-07-02,07/31,Yes,Disabled,Closed
2322,4840824635307690,6451,9467,Gold,Visa,100000,30244.25,69755.75,9,2026-07-24,3487.79,46.08,30000.0,18477,927,2021-07-03,07/29,Yes,Disabled,Active
2323,4013050497509470,671,13120,Platinum,Visa,50000,11907.05,38092.95,11,2026-07-08,1904.65,31.37,15000.0,14798,933,2023-07-03,07/30,Yes,Disabled,Active
2324,4915840320970474,7966,12458,Signature,RuPay,100000,43624.27,56375.73,5,2026-07-22,2818.79,33.7,30000.0,18266,352,2026-07-02,07/28,Yes,Disabled,Active
2325,4554041223390420,7742,17735,Platinum,Mastercard,500000,433866.74,66133.26,20,2026-07-22,3306.66,39.38,150000.0,7364,224,2024-07-02,07/28,Yes,Enabled,Expired
2326,4971563259015317,4327,10957,Gold,Mastercard,100000,72324.25,27675.75,21,2026-07-19,1383.79,31.07,30000.0,5144,462,2026-07-02,07/29,Yes,Disabled,Active
2327,4457028531124389,5766,4908,Classic,RuPay,200000,195911.36,4088.64,8,2026-07-11,204.43,36.79,60000.0,2812,133,2025-07-02,07/29,Yes,Disabled,Active
2328,4173287531276464,2964,16104,Classic,Visa,200000,49075.59,150924.41,1,2026-07-13,7546.22,35.25,60000.0,12381,278,2026-07-02,07/30,Yes,Enabled,Active
2329,4953487367225438,640,17240,Classic,Mastercard,50000,9494.58,40505.42,5,2026-07-26,2025.27,32.64,15000.0,1837,771,2022-07-03,07/31,Yes,Disabled,Active
2330,4400275800089139,7515,15135,Platinum,RuPay,200000,35412.51,164587.49,11,2026-07-12,8229.37,32.07,60000.0,13463,300,2024-07-02,07/29,Yes,Disabled,Active
2331,4434950332549966,4622,10074,Classic,Visa,200000,28415.34,171584.66,23,2026-07-23,8579.23,30.38,60000.0,24368,402,2025-07-02,07/29,Yes,Enabled,Active
2332,4403122712607425,8996,7197,Classic,Mastercard,1000000,554426.99,445573.01,7,2026-07-07,22278.65,45.79,300000.0,2319,806,2022-07-03,07/30,Yes,Enabled,Active
2333,4029921308617620,506,13527,Classic,Mastercard,200000,179083.11,20916.89,14,2026-07-28,1045.84,33.15,60000.0,7798,614,2023-07-03,07/30,Yes,Disabled,Blocked
2334,4519658723627243,6790,10901,Platinum,RuPay,200000,65546.1,134453.9,22,2026-07-19,6722.69,41.19,60000.0,7371,260,2025-07-02,07/28,Yes,Disabled,Active
2335,4099460858491545,4487,18383,Gold,Visa,100000,40310.73,59689.27,13,2026-07-20,2984.46,32.21,30000.0,2628,828,2023-07-03,07/31,Yes,Disabled,Closed
2336,4329888396190159,7397,16573,Platinum,American Express,50000,44852.83,5147.17,26,2026-07-10,257.36,47.29,15000.0,20183,802,2024-07-02,07/30,Yes,Disabled,Active
2337,4046989012934073,8149,8237,Classic,Visa,500000,345750.29,154249.71,26,2026-07-13,7712.49,31.21,150000.0,5826,688,2026-07-02,07/29,Yes,Enabled,Active
2338,4517106951268908,1657,4770,Gold,Visa,50000,22126.49,27873.51,24,2026-07-20,1393.68,31.78,15000.0,18120,360,2025-07-02,07/30,Yes,Enabled,Active
2339,4125599714419041,4692,17546,Classic,Visa,200000,109949.77,90050.23,27,2026-07-24,4502.51,36.65,60000.0,7499,511,2025-07-02,07/31,No,Enabled,Active
2340,4457142856751106,8131,11540,Classic,Mastercard,200000,93363.76,106636.24,27,2026-07-19,5331.81,44.98,60000.0,4871,561,2021-07-03,07/30,Yes,Disabled,Active
2341,4110994328568220,1228,4446,Classic,Visa,50000,20552.44,29447.56,22,2026-07-21,1472.38,43.11,15000.0,4207,147,2023-07-03,07/29,Yes,Disabled,Blocked
2342,4113998413948904,1348,1665,Classic,Visa,100000,60457.28,39542.72,18,2026-07-17,1977.14,45.73,30000.0,22275,939,2021-07-03,07/30,Yes,Disabled,Active
2343,4775235592148449,2688,14570,Platinum,RuPay,50000,33791.12,16208.88,8,2026-07-10,810.44,36.18,15000.0,5634,423,2024-07-02,07/28,Yes,Disabled,Closed
2344,4995509239646440,7000,12035,Classic,Mastercard,500000,457904.52,42095.48,13,2026-07-23,2104.77,47.74,150000.0,24541,667,2025-07-02,07/31,No,Enabled,Active
2345,4554933734915811,9399,2136,Gold,Mastercard,50000,40214.88,9785.12,1,2026-07-29,489.26,39.87,15000.0,23831,613,2023-07-03,07/30,Yes,Enabled,Active
2346,4731362790086746,3620,5095,Classic,Mastercard,50000,44451.86,5548.14,22,2026-08-01,277.41,38.45,15000.0,9295,929,2022-07-03,07/28,Yes,Disabled,Active
2347,4523482653450768,953,10382,Classic,Visa,200000,169601.36,30398.64,14,2026-07-10,1519.93,33.48,60000.0,19936,538,2021-07-03,07/28,Yes,Disabled,Active
2348,4221923952730957,5573,6300,Gold,Mastercard,500000,444689.25,55310.75,28,2026-07-15,2765.54,40.63,150000.0,8856,122,2022-07-03,07/30,Yes,Disabled,Active
2349,4619700082325614,1683,14158,Gold,Visa,100000,56982.03,43017.97,17,2026-07-17,2150.9,38.1,30000.0,11257,252,2024-07-02,07/30,Yes,Enabled,Active
2350,4070166369309019,5873,11950,Signature,Mastercard,50000,48358.89,1641.11,10,2026-08-01,82.06,37.61,15000.0,6168,353,2022-07-03,07/28,Yes,Disabled,Expired
2351,4450403663210163,4778,19767,Classic,Mastercard,200000,152047.23,47952.77,20,2026-07-23,2397.64,44.51,60000.0,22653,516,2021-07-03,07/30,No,Disabled,Active
2352,4136033005319582,4005,9671,Classic,Mastercard,500000,397134.09,102865.91,14,2026-08-01,5143.3,31.05,150000.0,21538,353,2021-07-03,07/28,Yes,Disabled,Active
2353,4708485728517922,8221,16511,Gold,Visa,50000,14670.77,35329.23,11,2026-07-16,1766.46,37.32,15000.0,1976,105,2025-07-02,07/29,No,Disabled,Active
2354,4783834662829185,7364,7883,Classic,Visa,50000,32753.39,17246.61,8,2026-07-27,862.33,45.65,15000.0,767,346,2023-07-03,07/30,Yes,Disabled,Active
2355,4536125624383255,4181,3947,Classic,Mastercard,100000,54632.06,45367.94,25,2026-07-31,2268.4,32.68,30000.0,3848,278,2024-07-02,07/31,Yes,Enabled,Active
2356,4686155317067663,3650,1807,Gold,Mastercard,50000,35386.48,14613.52,18,2026-07-25,730.68,43.4,15000.0,18896,885,2025-07-02,07/30,Yes,Enabled,Active
2357,4503127344912010,9414,15952,Classic,Visa,100000,82817.24,17182.76,6,2026-07-24,859.14,31.49,30000.0,20079,804,2021-07-03,07/30,Yes,Disabled,Active
2358,4006034121349288,456,13508,Gold,Mastercard,50000,19873.36,30126.64,8,2026-07-15,1506.33,30.72,15000.0,2606,306,2026-07-02,07/28,Yes,Enabled,Active
2359,4528419559760435,3715,3063,Gold,Visa,50000,28520.88,21479.12,27,2026-07-11,1073.96,41.69,15000.0,8066,324,2024-07-02,07/29,Yes,Disabled,Active
2360,4898733994590372,1081,1778,Classic,Visa,50000,19894.06,30105.94,12,2026-07-29,1505.3,44.53,15000.0,19046,562,2022-07-03,07/31,Yes,Disabled,Active
2361,4249946272557853,4205,16114,Gold,Visa,50000,26523.6,23476.4,5,2026-07-08,1173.82,33.71,15000.0,10368,267,2026-07-02,07/28,Yes,Disabled,Active
2362,4625997205199523,3404,4403,Classic,Mastercard,200000,150720.32,49279.68,20,2026-07-13,2463.98,38.78,60000.0,3660,145,2024-07-02,07/28,Yes,Enabled,Active
2363,4982078487096761,3743,3623,Platinum,Mastercard,500000,102093.15,397906.85,18,2026-07-07,19895.34,37.86,150000.0,1212,383,2025-07-02,07/28,Yes,Disabled,Active
2364,4019903064426396,4620,12057,Classic,RuPay,100000,45235.51,54764.49,24,2026-07-17,2738.22,36.95,30000.0,2840,175,2021-07-03,07/29,Yes,Enabled,Active
2365,4568511364278181,9098,8852,Classic,RuPay,50000,39445.16,10554.84,4,2026-07-26,527.74,43.73,15000.0,7649,685,2026-07-02,07/31,Yes,Disabled,Active
2366,4904120359066392,4578,14140,Platinum,Mastercard,500000,35960.43,464039.57,28,2026-07-30,23201.98,47.21,150000.0,21981,490,2021-07-03,07/31,Yes,Disabled,Active
2367,4711163321500862,3788,18359,Gold,Visa,100000,52571.63,47428.37,1,2026-07-14,2371.42,30.85,30000.0,5379,241,2021-07-03,07/29,Yes,Enabled,Active
2368,4586355926034938,9316,2183,Classic,Visa,50000,31774.39,18225.61,4,2026-07-22,911.28,41.94,15000.0,4987,811,2025-07-02,07/28,Yes,Enabled,Active
2369,4158378488861514,6611,19023,Signature,Mastercard,500000,368041.39,131958.61,9,2026-07-07,6597.93,47.85,150000.0,332,166,2026-07-02,07/30,Yes,Disabled,Active
2370,4942933919858576,2525,14171,Classic,Mastercard,100000,43267.7,56732.3,19,2026-08-01,2836.62,38.17,30000.0,19029,339,2024-07-02,07/30,Yes,Disabled,Active
2371,4673760642045907,9949,10052,Platinum,Visa,100000,88101.92,11898.08,12,2026-07-09,594.9,33.23,30000.0,12164,602,2025-07-02,07/31,Yes,Disabled,Active
2372,4061946097874777,179,4362,Classic,Visa,200000,66242.07,133757.93,2,2026-07-26,6687.9,42.68,60000.0,12068,837,2024-07-02,07/31,Yes,Enabled,Active
2373,4092397591968022,3244,18099,Platinum,Visa,50000,43591.04,6408.96,20,2026-07-27,320.45,43.64,15000.0,1232,836,2023-07-03,07/28,Yes,Enabled,Active
2374,4311927854424257,2085,5044,Classic,Visa,200000,108078.41,91921.59,24,2026-07-21,4596.08,30.71,60000.0,17106,317,2025-07-02,07/31,Yes,Disabled,Active
2375,4842251736687930,6689,1994,Classic,Visa,1000000,584866.1,415133.9,17,2026-07-19,20756.7,47.02,300000.0,11163,722,2022-07-03,07/29,Yes,Disabled,Active
2376,4456530781923571,25,14716,Classic,Visa,100000,27862.02,72137.98,25,2026-07-29,3606.9,43.51,30000.0,10633,935,2023-07-03,07/28,Yes,Disabled,Active
2377,4885864848907007,6110,7622,Gold,Mastercard,50000,43349.68,6650.32,1,2026-07-14,332.52,32.44,15000.0,6917,782,2025-07-02,07/29,Yes,Disabled,Active
2378,4873014301825253,1786,6115,Classic,Visa,100000,13345.06,86654.94,8,2026-07-26,4332.75,41.45,30000.0,4689,385,2021-07-03,07/30,Yes,Disabled,Active
2379,4675503067089507,4738,12137,Gold,Visa,200000,86515.9,113484.1,28,2026-07-17,5674.21,40.35,60000.0,21650,645,2024-07-02,07/28,Yes,Disabled,Active
2380,4562126009175074,599,17276,Gold,RuPay,500000,470565.47,29434.53,4,2026-07-27,1471.73,35.65,150000.0,21562,567,2022-07-03,07/29,No,Disabled,Active
2381,4615525655173710,8078,10494,Gold,Visa,200000,76085.28,123914.72,13,2026-07-15,6195.74,47.43,60000.0,5530,857,2024-07-02,07/30,Yes,Disabled,Active
2382,4138377545814126,9825,728,Platinum,Mastercard,100000,14750.48,85249.52,14,2026-07-07,4262.48,33.03,30000.0,4231,700,2023-07-03,07/29,Yes,Disabled,Active
2383,4906388466194823,2823,723,Classic,Visa,200000,147739.44,52260.56,27,2026-07-07,2613.03,34.89,60000.0,4962,144,2021-07-03,07/31,Yes,Disabled,Active
2384,4627013336215809,5738,11361,Gold,Mastercard,100000,82086.18,17913.82,20,2026-07-24,895.69,44.73,30000.0,4803,166,2023-07-03,07/29,Yes,Disabled,Active
2385,4785968455201273,523,4353,Classic,Mastercard,50000,41411.18,8588.82,9,2026-07-16,429.44,46.9,15000.0,842,243,2022-07-03,07/28,No,Enabled,Active
2386,4975997502263306,4434,16615,Classic,Visa,100000,98055.79,1944.21,23,2026-07-14,97.21,45.39,30000.0,16935,799,2026-07-02,07/30,Yes,Enabled,Active
2387,4692342755824325,494,8448,Classic,Mastercard,100000,62886.71,37113.29,19,2026-08-01,1855.66,35.67,30000.0,21441,769,2025-07-02,07/29,No,Disabled,Active
2388,4783778276194094,8336,17816,Classic,Visa,200000,12803.69,187196.31,26,2026-07-19,9359.82,36.8,60000.0,24702,416,2022-07-03,07/30,No,Disabled,Active
2389,4539331700520997,566,16280,Classic,Visa,200000,68962.33,131037.67,23,2026-07-27,6551.88,46.66,60000.0,10501,444,2024-07-02,07/30,Yes,Disabled,Active
2390,4294936165135206,3868,3575,Classic,Mastercard,100000,20491.17,79508.83,19,2026-07-07,3975.44,36.2,30000.0,21759,409,2021-07-03,07/30,Yes,Disabled,Active
2391,4965077935732233,260,18079,Gold,Visa,50000,34930.61,15069.39,16,2026-07-20,753.47,40.03,15000.0,22619,836,2024-07-02,07/30,Yes,Disabled,Active
2392,4094354841118443,2352,11839,Classic,Mastercard,100000,88498.33,11501.67,15,2026-07-26,575.08,45.4,30000.0,23710,337,2026-07-02,07/29,Yes,Disabled,Active
2393,4219895186562668,8675,11141,Platinum,Mastercard,50000,30987.07,19012.93,8,2026-07-27,950.65,38.17,15000.0,4296,589,2024-07-02,07/28,Yes,Disabled,Active
2394,4498526952642362,1475,3383,Platinum,Visa,100000,63966.15,36033.85,7,2026-07-20,1801.69,35.4,30000.0,13321,809,2025-07-02,07/30,Yes,Disabled,Active
2395,4723730408703724,8582,14609,Classic,Mastercard,50000,8907.27,41092.73,5,2026-07-14,2054.64,38.63,15000.0,24396,280,2022-07-03,07/31,Yes,Disabled,Active
2396,4637655620688054,1110,9102,Classic,Mastercard,500000,330059.66,169940.34,20,2026-07-19,8497.02,32.14,150000.0,11017,966,2026-07-02,07/31,Yes,Disabled,Active
2397,4877048094427292,6274,1033,Gold,Mastercard,500000,327232.43,172767.57,23,2026-07-21,8638.38,41.46,150000.0,9200,189,2024-07-02,07/29,Yes,Disabled,Active
2398,4209290785477428,5256,5703,Classic,Mastercard,50000,43281.82,6718.18,1,2026-07-07,335.91,46.71,15000.0,13880,747,2021-07-03,07/31,Yes,Disabled,Active
2399,4910185416015317,9620,11395,Gold,Mastercard,50000,25199.58,24800.42,5,2026-07-11,1240.02,30.39,15000.0,6207,929,2022-07-03,07/30,Yes,Enabled,Active
2400,4187674157891300,7842,2539,Gold,Visa,1000000,902717.58,97282.42,7,2026-07-27,4864.12,42.06,300000.0,2187,366,2023-07-03,07/29,Yes,Disabled,Active
2401,4578774098797892,9526,557,Gold,RuPay,100000,49005.59,50994.41,6,2026-07-10,2549.72,42.72,30000.0,15644,501,2026-07-02,07/31,Yes,Enabled,Active
2402,4813259311596011,3068,8040,Gold,RuPay,50000,6411.33,43588.67,19,2026-07-28,2179.43,30.71,15000.0,21865,979,2026-07-02,07/28,Yes,Enabled,Blocked
2403,4864068899485020,7302,12206,Classic,Mastercard,100000,47100.42,52899.58,27,2026-07-31,2644.98,41.34,30000.0,24170,273,2021-07-03,07/28,Yes,Enabled,Active
2404,4269413495081221,3134,6453,Platinum,Visa,200000,145989.36,54010.64,3,2026-07-13,2700.53,42.93,60000.0,1194,170,2022-07-03,07/29,Yes,Disabled,Expired
2405,4924081043145239,8737,2319,Classic,RuPay,100000,84556.33,15443.67,28,2026-07-27,772.18,42.87,30000.0,8424,399,2024-07-02,07/31,Yes,Enabled,Active
2406,4095518405453030,9867,4770,Classic,Visa,50000,40532.62,9467.38,13,2026-07-30,473.37,35.45,15000.0,2730,405,2026-07-02,07/31,Yes,Disabled,Active
2407,4278112295451117,7514,17918,Classic,RuPay,50000,2910.08,47089.92,15,2026-07-21,2354.5,39.75,15000.0,12174,787,2022-07-03,07/30,Yes,Disabled,Active
2408,4618485409982951,9937,8993,Gold,Visa,200000,166888.56,33111.44,3,2026-07-30,1655.57,37.13,60000.0,10875,767,2021-07-03,07/28,Yes,Disabled,Active
2409,4870654909264036,3093,673,Platinum,Visa,50000,3387.0,46613.0,5,2026-07-19,2330.65,47.8,15000.0,15836,407,2021-07-03,07/31,Yes,Disabled,Active
2410,4415879526503750,3078,2165,Classic,Mastercard,1000000,958918.26,41081.74,5,2026-07-18,2054.09,38.7,300000.0,3917,205,2023-07-03,07/28,Yes,Disabled,Active
2411,4364911043916690,658,9079,Platinum,Visa,50000,41546.11,8453.89,20,2026-07-23,422.69,46.49,15000.0,21557,475,2023-07-03,07/28,Yes,Disabled,Active
2412,4337163103503749,5593,18502,Classic,Mastercard,100000,94506.96,5493.04,7,2026-07-19,274.65,45.01,30000.0,14540,781,2022-07-03,07/30,Yes,Disabled,Active
2413,4296154781420351,9789,1635,Classic,Mastercard,50000,24302.75,25697.25,26,2026-07-13,1284.86,35.02,15000.0,6028,195,2021-07-03,07/28,No,Enabled,Active
2414,4752380692211538,7165,9615,Gold,Visa,1000000,826172.4,173827.6,23,2026-07-15,8691.38,35.26,300000.0,7053,857,2022-07-03,07/29,Yes,Disabled,Active
2415,4705567705749199,4418,13169,Classic,Mastercard,200000,179131.95,20868.05,12,2026-07-10,1043.4,43.28,60000.0,1433,575,2025-07-02,07/30,Yes,Disabled,Active
2416,4723806443475059,1090,10687,Gold,Visa,100000,65664.04,34335.96,26,2026-07-07,1716.8,30.09,30000.0,6193,403,2026-07-02,07/31,Yes,Enabled,Active
2417,4867735144421473,5354,14841,Classic,RuPay,500000,49962.56,450037.44,23,2026-07-07,22501.87,41.54,150000.0,10079,571,2024-07-02,07/30,Yes,Disabled,Active
2418,4601100111221969,7048,4952,Gold,Visa,50000,40100.08,9899.92,28,2026-07-12,495.0,45.55,15000.0,24677,479,2026-07-02,07/28,Yes,Disabled,Active
2419,4043783878073388,2849,18066,Classic,Visa,200000,96979.14,103020.86,13,2026-07-24,5151.04,40.67,60000.0,2872,595,2021-07-03,07/30,Yes,Disabled,Active
2420,4166665321045046,972,15222,Classic,Visa,50000,18255.26,31744.74,3,2026-07-18,1587.24,32.27,15000.0,20332,456,2026-07-02,07/31,Yes,Disabled,Active
2421,4949303378359995,1463,13228,Platinum,Visa,100000,5577.86,94422.14,5,2026-07-27,4721.11,35.41,30000.0,23591,314,2025-07-02,07/30,Yes,Disabled,Active
2422,4499734751936065,4402,6344,Classic,Visa,100000,17377.06,82622.94,21,2026-07-09,4131.15,40.37,30000.0,8923,511,2024-07-02,07/31,Yes,Disabled,Active
2423,4438694525870657,8059,1067,Platinum,Visa,100000,95626.07,4373.93,18,2026-07-25,218.7,40.48,30000.0,13749,440,2021-07-03,07/28,Yes,Disabled,Closed
2424,4495321093104890,8905,11585,Gold,Mastercard,50000,21010.21,28989.79,8,2026-07-22,1449.49,44.93,15000.0,3040,191,2021-07-03,07/31,No,Enabled,Active
2425,4537754528518506,1044,4110,Classic,Visa,50000,29020.89,20979.11,14,2026-08-01,1048.96,44.9,15000.0,212,486,2024-07-02,07/31,Yes,Enabled,Active
2426,4583896947492546,8561,5303,Gold,Visa,500000,136225.37,363774.63,19,2026-07-23,18188.73,37.12,150000.0,14416,807,2025-07-02,07/30,Yes,Disabled,Active
2427,4443889147389296,10000,16567,Classic,Visa,50000,32730.13,17269.87,9,2026-07-13,863.49,47.8,15000.0,19487,708,2024-07-02,07/29,Yes,Disabled,Active
2428,4923597358654112,6839,11918,Signature,RuPay,50000,8571.43,41428.57,17,2026-07-28,2071.43,37.67,15000.0,15279,863,2024-07-02,07/31,Yes,Disabled,Active
2429,4818666517679292,29,19029,Gold,Visa,200000,52389.91,147610.09,2,2026-07-08,7380.5,35.35,60000.0,2101,652,2024-07-02,07/28,Yes,Disabled,Active
2430,4752385073549189,6195,8415,Platinum,Mastercard,50000,26314.74,23685.26,20,2026-07-30,1184.26,34.47,15000.0,23277,370,2026-07-02,07/29,No,Disabled,Active
2431,4870059640317068,187,8957,Gold,RuPay,100000,78250.96,21749.04,21,2026-07-19,1087.45,39.0,30000.0,11237,999,2023-07-03,07/30,No,Enabled,Active
2432,4051961916785876,7805,19086,Classic,Visa,50000,48214.26,1785.74,10,2026-07-12,89.29,34.43,15000.0,13395,853,2021-07-03,07/31,Yes,Enabled,Active
2433,4046868100263144,9189,8586,Classic,American Express,50000,19849.26,30150.74,28,2026-07-14,1507.54,36.19,15000.0,7084,255,2024-07-02,07/31,No,Disabled,Active
2434,4074830481235368,8514,8822,Platinum,Mastercard,500000,403958.86,96041.14,3,2026-07-20,4802.06,41.53,150000.0,21195,686,2021-07-03,07/29,Yes,Disabled,Active
2435,4838076930028020,5891,3077,Classic,Mastercard,50000,23724.4,26275.6,7,2026-07-27,1313.78,34.09,15000.0,10947,699,2026-07-02,07/28,Yes,Disabled,Active
2436,4563040067782163,9164,4497,Platinum,RuPay,50000,44315.73,5684.27,8,2026-07-21,284.21,30.25,15000.0,9850,259,2026-07-02,07/31,Yes,Disabled,Active
2437,4097551611338767,3475,6196,Signature,American Express,50000,18672.04,31327.96,17,2026-07-14,1566.4,40.95,15000.0,22776,590,2023-07-03,07/29,Yes,Disabled,Closed
2438,4633500825453264,4358,14662,Gold,Visa,500000,391320.05,108679.95,11,2026-07-16,5434.0,36.51,150000.0,17477,659,2025-07-02,07/29,Yes,Disabled,Active
2439,4639932545545545,3108,1442,Gold,Mastercard,50000,48412.77,1587.23,18,2026-07-31,79.36,31.23,15000.0,11665,224,2021-07-03,07/29,Yes,Disabled,Active
2440,4636251323575875,9131,3466,Classic,RuPay,100000,40626.06,59373.94,9,2026-07-18,2968.7,38.77,30000.0,17304,836,2023-07-03,07/29,Yes,Disabled,Active
2441,4303289778007003,1882,4380,Gold,RuPay,100000,65133.0,34867.0,16,2026-07-17,1743.35,47.48,30000.0,15197,750,2025-07-02,07/31,Yes,Enabled,Active
2442,4592997015766715,7684,9690,Platinum,Mastercard,200000,106456.93,93543.07,21,2026-07-10,4677.15,38.38,60000.0,24096,271,2023-07-03,07/28,Yes,Disabled,Active
2443,4415443897224224,3774,6479,Classic,RuPay,100000,25870.55,74129.45,5,2026-07-07,3706.47,37.34,30000.0,5758,385,2021-07-03,07/28,Yes,Enabled,Active
2444,4327197992928080,2836,9378,Gold,Visa,50000,10227.08,39772.92,19,2026-07-07,1988.65,36.35,15000.0,18324,745,2025-07-02,07/30,Yes,Enabled,Active
2445,4869539764408096,1271,5825,Gold,RuPay,200000,129122.6,70877.4,17,2026-07-21,3543.87,30.58,60000.0,4678,169,2025-07-02,07/31,Yes,Enabled,Active
2446,4267829639914608,2259,14772,Classic,RuPay,100000,83832.83,16167.17,14,2026-07-20,808.36,30.13,30000.0,14647,814,2023-07-03,07/30,Yes,Disabled,Active
2447,4266679055307790,1545,8811,Gold,Visa,500000,482146.15,17853.85,3,2026-07-10,892.69,41.79,150000.0,12357,243,2024-07-02,07/31,Yes,Disabled,Active
2448,4373330223566937,7170,2062,Gold,Visa,500000,312180.07,187819.93,10,2026-08-01,9391.0,40.28,150000.0,8693,561,2021-07-03,07/30,Yes,Disabled,Active
2449,4213115021056792,5940,18379,Classic,Visa,100000,9110.33,90889.67,11,2026-07-21,4544.48,40.69,30000.0,22664,943,2021-07-03,07/31,Yes,Enabled,Active
2450,4630084420884876,6271,11266,Gold,Visa,50000,48295.4,1704.6,23,2026-07-28,85.23,40.0,15000.0,18025,951,2022-07-03,07/30,Yes,Disabled,Active
2451,4551273130658440,925,17723,Classic,RuPay,50000,28953.16,21046.84,9,2026-07-24,1052.34,41.95,15000.0,17325,194,2025-07-02,07/31,Yes,Enabled,Active
2452,4139826970955376,264,6304,Classic,RuPay,50000,49330.8,669.2,22,2026-08-01,33.46,45.8,15000.0,7348,953,2022-07-03,07/28,Yes,Enabled,Active
2453,4354860215474201,6632,3227,Gold,RuPay,50000,30720.5,19279.5,3,2026-07-13,963.98,39.08,15000.0,14590,998,2024-07-02,07/28,No,Enabled,Active
2454,4927664841132803,5409,5832,Platinum,Visa,200000,64239.48,135760.52,11,2026-07-13,6788.03,47.26,60000.0,11781,375,2023-07-03,07/31,Yes,Disabled,Active
2455,4433817582431516,3435,5542,Platinum,Mastercard,100000,43306.13,56693.87,25,2026-07-28,2834.69,34.3,30000.0,9068,832,2023-07-03,07/30,No,Disabled,Active
2456,4816439934903464,5038,17480,Signature,Visa,100000,95896.24,4103.76,23,2026-07-26,205.19,33.89,30000.0,16849,634,2025-07-02,07/31,Yes,Disabled,Active
2457,4895033827125679,9896,8367,Gold,RuPay,50000,5292.97,44707.03,16,2026-07-15,2235.35,32.31,15000.0,22283,436,2022-07-03,07/28,Yes,Disabled,Active
2458,4427015562253058,9638,375,Classic,Visa,50000,17734.7,32265.3,13,2026-07-22,1613.27,30.24,15000.0,17216,824,2023-07-03,07/31,No,Enabled,Active
2459,4606125188848744,7284,2193,Platinum,Mastercard,50000,39787.58,10212.42,12,2026-07-22,510.62,46.28,15000.0,2469,919,2024-07-02,07/31,Yes,Disabled,Blocked
2460,4476038526418512,9667,19115,Classic,Visa,50000,12305.98,37694.02,11,2026-07-21,1884.7,31.94,15000.0,17952,312,2026-07-02,07/28,Yes,Enabled,Active
2461,4456856536796905,1972,7995,Gold,Mastercard,50000,46127.67,3872.33,1,2026-07-30,193.62,43.49,15000.0,2840,434,2021-07-03,07/31,Yes,Disabled,Active
2462,4407714220005185,1689,3664,Classic,Visa,1000000,492336.19,507663.81,3,2026-07-13,25383.19,34.5,300000.0,5654,670,2022-07-03,07/30,Yes,Disabled,Active
2463,4414142718845716,552,6855,Signature,Mastercard,100000,16210.86,83789.14,24,2026-07-25,4189.46,43.65,30000.0,14238,493,2025-07-02,07/28,Yes,Enabled,Active
2464,4790463290518826,827,7228,Platinum,Visa,50000,42452.36,7547.64,19,2026-07-11,377.38,34.74,15000.0,22043,128,2023-07-03,07/30,No,Disabled,Active
2465,4834066851722949,4866,5674,Classic,Visa,50000,24005.6,25994.4,19,2026-08-01,1299.72,36.63,15000.0,22488,110,2022-07-03,07/28,Yes,Disabled,Active
2466,4751049442650325,276,5998,Gold,American Express,100000,73071.47,26928.53,2,2026-07-11,1346.43,47.8,30000.0,18733,748,2026-07-02,07/28,No,Disabled,Active
2467,4497162634457243,9996,255,Gold,Visa,500000,327661.69,172338.31,12,2026-07-07,8616.92,34.79,150000.0,16555,896,2021-07-03,07/28,Yes,Disabled,Active
2468,4080083636729669,4898,4334,Classic,RuPay,50000,12222.79,37777.21,6,2026-07-25,1888.86,41.25,15000.0,4022,722,2024-07-02,07/30,Yes,Disabled,Active
2469,4541494694876015,5506,15604,Classic,RuPay,1000000,792375.78,207624.22,24,2026-07-08,10381.21,46.86,300000.0,20995,182,2022-07-03,07/31,Yes,Enabled,Active
2470,4203937114206487,9016,9687,Signature,Visa,200000,13406.82,186593.18,15,2026-07-10,9329.66,43.71,60000.0,21950,164,2025-07-02,07/31,Yes,Disabled,Active
2471,4718495239399859,7811,428,Platinum,Visa,50000,3812.27,46187.73,5,2026-07-18,2309.39,31.94,15000.0,17297,669,2025-07-02,07/28,Yes,Disabled,Active
2472,4087910214651986,8142,6193,Classic,Mastercard,50000,38131.94,11868.06,24,2026-07-26,593.4,43.15,15000.0,15956,278,2023-07-03,07/29,Yes,Disabled,Active
2473,4081611031243504,2005,19400,Platinum,Mastercard,50000,7141.01,42858.99,17,2026-07-30,2142.95,32.84,15000.0,14851,807,2023-07-03,07/28,Yes,Disabled,Active
2474,4758880918977791,6067,18058,Classic,Visa,500000,416926.7,83073.3,22,2026-07-26,4153.66,38.84,150000.0,24069,439,2025-07-02,07/29,Yes,Disabled,Active
2475,4326985416499921,363,8640,Gold,Mastercard,100000,95026.97,4973.03,25,2026-07-31,248.65,39.57,30000.0,5795,560,2022-07-03,07/28,Yes,Disabled,Expired
2476,4253181490132976,9823,2216,Gold,Mastercard,200000,142185.11,57814.89,15,2026-07-13,2890.74,42.33,60000.0,6303,821,2021-07-03,07/30,Yes,Disabled,Active
2477,4601626596772654,9421,12576,Classic,Visa,50000,13065.68,36934.32,26,2026-07-28,1846.72,44.64,15000.0,11082,397,2021-07-03,07/28,Yes,Disabled,Active
2478,4875543178847467,1920,7618,Platinum,Mastercard,50000,16437.85,33562.15,6,2026-07-08,1678.11,30.98,15000.0,21962,138,2025-07-02,07/28,Yes,Enabled,Active
2479,4819085941124513,4422,1810,Platinum,Mastercard,50000,4863.49,45136.51,28,2026-08-01,2256.83,46.29,15000.0,5773,853,2024-07-02,07/29,Yes,Disabled,Active
2480,4590619970511546,1780,17371,Gold,RuPay,100000,78903.41,21096.59,11,2026-07-16,1054.83,34.58,30000.0,19989,514,2025-07-02,07/29,Yes,Enabled,Active
2481,4122106072999404,6180,848,Classic,Mastercard,500000,307639.46,192360.54,15,2026-07-27,9618.03,30.81,150000.0,23564,350,2026-07-02,07/29,Yes,Disabled,Active
2482,4702123239791289,8756,17767,Classic,Mastercard,100000,12060.01,87939.99,4,2026-07-18,4397.0,31.51,30000.0,9153,552,2021-07-03,07/29,Yes,Disabled,Active
2483,4657634545607471,6358,3772,Gold,RuPay,50000,22448.84,27551.16,7,2026-07-19,1377.56,32.57,15000.0,7665,748,2024-07-02,07/28,Yes,Disabled,Expired
2484,4513377337360108,463,12804,Gold,Mastercard,100000,33270.86,66729.14,28,2026-07-30,3336.46,45.69,30000.0,4555,539,2022-07-03,07/31,Yes,Enabled,Active
2485,4969689561492176,1148,18107,Gold,Mastercard,200000,143544.26,56455.74,17,2026-08-01,2822.79,36.17,60000.0,5089,427,2022-07-03,07/28,Yes,Disabled,Active
2486,4802136329128073,4128,15849,Gold,American Express,100000,66318.75,33681.25,3,2026-07-21,1684.06,34.81,30000.0,2084,721,2025-07-02,07/31,Yes,Disabled,Blocked
2487,4316335438599246,9074,3958,Classic,Visa,200000,30638.13,169361.87,18,2026-07-10,8468.09,44.68,60000.0,15879,404,2021-07-03,07/30,No,Disabled,Active
2488,4979905308750806,1919,11362,Classic,Visa,100000,11511.92,88488.08,3,2026-07-08,4424.4,47.59,30000.0,15169,650,2023-07-03,07/28,Yes,Disabled,Active
2489,4699401899025765,9242,11513,Gold,Mastercard,50000,6808.92,43191.08,23,2026-07-28,2159.55,36.06,15000.0,24230,162,2023-07-03,07/30,No,Disabled,Active
2490,4816661811683220,7508,5379,Classic,Visa,100000,89783.27,10216.73,1,2026-07-14,510.84,30.12,30000.0,10091,790,2024-07-02,07/29,Yes,Enabled,Active
2491,4357657205154592,8909,2160,Platinum,Mastercard,50000,49841.92,158.08,5,2026-07-10,7.9,45.7,15000.0,2189,594,2026-07-02,07/31,Yes,Enabled,Active
2492,4771078606133312,9102,19172,Classic,Mastercard,100000,44506.73,55493.27,4,2026-07-10,2774.66,32.56,30000.0,1085,443,2022-07-03,07/31,Yes,Disabled,Active
2493,4710142865417089,2613,10593,Platinum,RuPay,200000,71795.37,128204.63,10,2026-07-07,6410.23,41.18,60000.0,9163,334,2023-07-03,07/31,Yes,Enabled,Active
2494,4861776263389302,4731,18234,Classic,Visa,50000,12280.65,37719.35,7,2026-07-15,1885.97,45.22,15000.0,8852,340,2026-07-02,07/30,Yes,Disabled,Active
2495,4863728796012384,4899,2948,Classic,American Express,200000,197820.35,2179.65,13,2026-07-12,108.98,46.06,60000.0,4409,750,2023-07-03,07/31,Yes,Enabled,Active
2496,4633056208352925,6329,16450,Signature,RuPay,100000,54974.1,45025.9,23,2026-07-12,2251.3,30.85,30000.0,15545,892,2021-07-03,07/31,Yes,Disabled,Active
2497,4076185080817301,8134,721,Platinum,RuPay,100000,32481.12,67518.88,2,2026-07-20,3375.94,43.24,30000.0,15936,969,2026-07-02,07/29,Yes,Disabled,Active
2498,4677098835478711,7911,8603,Gold,Mastercard,1000000,166891.07,833108.93,27,2026-07-30,41655.45,39.65,300000.0,14865,201,2022-07-03,07/28,Yes,Disabled,Active
2499,4862460618896556,8475,11524,Classic,Visa,50000,23162.68,26837.32,9,2026-07-15,1341.87,44.33,15000.0,2834,758,2022-07-03,07/31,Yes,Enabled,Active
2500,4609869082929770,9218,19021,Gold,Visa,500000,193578.35,306421.65,7,2026-07-09,15321.08,39.37,150000.0,22687,625,2025-07-02,07/30,Yes,Disabled,Active
2501,4735650168210573,2473,8913,Classic,Mastercard,100000,17804.43,82195.57,3,2026-07-26,4109.78,38.81,30000.0,6712,384,2022-07-03,07/31,Yes,Disabled,Active
2502,4706993652499570,9101,6228,Classic,Mastercard,200000,107508.55,92491.45,23,2026-07-24,4624.57,36.53,60000.0,14567,788,2022-07-03,07/31,No,Disabled,Active
2503,4903835189486151,1174,19528,Classic,Visa,50000,20422.17,29577.83,3,2026-07-14,1478.89,42.0,15000.0,23969,482,2025-07-02,07/30,Yes,Disabled,Active
2504,4301177864418879,7547,8338,Gold,Visa,100000,97212.85,2787.15,13,2026-07-28,139.36,45.91,30000.0,23921,367,2026-07-02,07/29,Yes,Disabled,Active
2505,4211028364583315,4271,6396,Gold,Visa,100000,21097.55,78902.45,5,2026-07-13,3945.12,46.44,30000.0,911,648,2026-07-02,07/31,Yes,Disabled,Active
2506,4930368604485626,1811,9114,Classic,RuPay,100000,91570.53,8429.47,21,2026-07-08,421.47,44.34,30000.0,24716,223,2021-07-03,07/29,Yes,Enabled,Active
2507,4776406390781379,3388,816,Gold,Visa,1000000,242909.49,757090.51,19,2026-07-13,37854.53,36.24,300000.0,12287,317,2024-07-02,07/28,Yes,Enabled,Active
2508,4687715155399441,2462,9818,Gold,Mastercard,200000,106598.65,93401.35,14,2026-07-13,4670.07,41.26,60000.0,7140,409,2021-07-03,07/30,No,Enabled,Active
2509,4025910450340314,8449,2578,Classic,Mastercard,50000,48658.15,1341.85,24,2026-07-20,67.09,41.34,15000.0,604,575,2024-07-02,07/28,Yes,Disabled,Active
2510,4599054285946660,500,14495,Classic,Visa,50000,38789.48,11210.52,11,2026-07-12,560.53,40.05,15000.0,17629,208,2024-07-02,07/28,Yes,Disabled,Active
2511,4027788202760258,4561,7940,Gold,Visa,100000,90685.24,9314.76,20,2026-07-26,465.74,37.96,30000.0,23681,217,2026-07-02,07/30,Yes,Enabled,Active
2512,4054887558961152,8518,15841,Platinum,Visa,200000,178021.69,21978.31,8,2026-07-24,1098.92,42.19,60000.0,1057,209,2026-07-02,07/30,Yes,Enabled,Active
2513,4964508030414955,9459,13446,Classic,Mastercard,500000,135017.75,364982.25,7,2026-07-08,18249.11,32.0,150000.0,16203,532,2025-07-02,07/31,Yes,Disabled,Active
2514,4325748539041801,8734,12239,Gold,Mastercard,50000,15958.28,34041.72,22,2026-07-30,1702.09,46.44,15000.0,1368,342,2025-07-02,07/30,Yes,Disabled,Active
2515,4832824804699104,7468,14131,Platinum,Visa,100000,96792.39,3207.61,28,2026-07-11,160.38,34.48,30000.0,2582,159,2021-07-03,07/28,Yes,Disabled,Active
2516,4101828022103141,7902,10829,Classic,Mastercard,200000,90304.86,109695.14,26,2026-07-21,5484.76,47.35,60000.0,5651,543,2026-07-02,07/30,Yes,Disabled,Active
2517,4133511515885491,5129,6920,Signature,Visa,100000,33467.53,66532.47,8,2026-07-25,3326.62,31.48,30000.0,23462,207,2025-07-02,07/30,Yes,Enabled,Active
2518,4987195466506289,5561,4659,Platinum,Mastercard,200000,20613.26,179386.74,17,2026-07-27,8969.34,40.76,60000.0,4821,144,2024-07-02,07/30,Yes,Disabled,Active
2519,4043214385075068,3500,14003,Classic,Visa,200000,11180.97,188819.03,6,2026-07-27,9440.95,30.98,60000.0,24383,164,2025-07-02,07/29,Yes,Disabled,Active
2520,4415858598749013,4554,1514,Platinum,Mastercard,1000000,255902.35,744097.65,7,2026-07-18,37204.88,41.89,300000.0,24017,578,2021-07-03,07/28,Yes,Disabled,Active
2521,4706117406511022,4061,15921,Classic,Mastercard,200000,142164.08,57835.92,14,2026-07-28,2891.8,42.61,60000.0,3575,819,2024-07-02,07/30,Yes,Enabled,Active
2522,4916876432613761,385,10348,Platinum,Visa,50000,13344.84,36655.16,12,2026-07-18,1832.76,47.77,15000.0,9186,170,2026-07-02,07/28,Yes,Disabled,Active
2523,4166141439537754,2822,14140,Gold,Visa,50000,12594.17,37405.83,17,2026-07-30,1870.29,36.74,15000.0,11002,776,2026-07-02,07/28,Yes,Disabled,Active
2524,4967853515624069,5271,7176,Classic,Mastercard,200000,112296.28,87703.72,4,2026-07-07,4385.19,46.45,60000.0,7655,835,2026-07-02,07/28,Yes,Enabled,Active
2525,4255554549258699,5500,2827,Classic,Visa,200000,153590.78,46409.22,3,2026-07-26,2320.46,30.26,60000.0,6311,815,2021-07-03,07/31,Yes,Disabled,Active
2526,4762788721004060,9072,11796,Platinum,Visa,50000,38714.75,11285.25,28,2026-07-08,564.26,34.13,15000.0,13429,893,2021-07-03,07/28,Yes,Enabled,Blocked
2527,4824798255139977,6438,15902,Classic,Mastercard,100000,96863.03,3136.97,23,2026-07-27,156.85,46.47,30000.0,11096,749,2023-07-03,07/29,Yes,Enabled,Blocked
2528,4579437468913609,4297,10678,Classic,RuPay,1000000,895871.84,104128.16,23,2026-07-20,5206.41,47.37,300000.0,15845,830,2021-07-03,07/30,Yes,Disabled,Active
2529,4677062025476712,2612,40,Platinum,Mastercard,200000,52855.11,147144.89,27,2026-07-11,7357.24,31.61,60000.0,754,725,2022-07-03,07/30,Yes,Disabled,Active
2530,4154858599290443,5705,19294,Classic,Visa,100000,80368.77,19631.23,1,2026-07-12,981.56,35.84,30000.0,17329,736,2026-07-02,07/29,Yes,Enabled,Active
2531,4396580315086870,3411,16399,Gold,American Express,1000000,849812.29,150187.71,12,2026-07-18,7509.39,32.28,300000.0,10396,525,2023-07-03,07/31,Yes,Disabled,Active
2532,4910695092069134,3345,19719,Gold,Mastercard,500000,347385.71,152614.29,14,2026-07-28,7630.71,47.0,150000.0,14124,683,2023-07-03,07/31,Yes,Disabled,Active
2533,4594927486209980,1223,18076,Gold,Visa,50000,3146.55,46853.45,4,2026-07-07,2342.67,34.29,15000.0,3304,174,2024-07-02,07/30,Yes,Disabled,Active
2534,4656012308699099,2457,4950,Platinum,Mastercard,50000,39438.87,10561.13,26,2026-07-11,528.06,33.54,15000.0,20938,355,2021-07-03,07/30,Yes,Enabled,Active
2535,4921407597367489,3084,10554,Gold,Mastercard,50000,40578.49,9421.51,10,2026-07-25,471.08,36.84,15000.0,22027,494,2023-07-03,07/28,Yes,Disabled,Active
2536,4748523536858082,1507,13837,Classic,Mastercard,100000,86032.85,13967.15,16,2026-07-27,698.36,34.29,30000.0,1727,544,2025-07-02,07/28,Yes,Disabled,Active
2537,4031527913735830,9051,2530,Classic,Mastercard,100000,22191.72,77808.28,27,2026-07-19,3890.41,36.23,30000.0,10276,769,2026-07-02,07/29,Yes,Disabled,Active
2538,4752289301095133,4407,15295,Classic,Mastercard,100000,41595.71,58404.29,3,2026-07-30,2920.21,33.47,30000.0,16570,613,2024-07-02,07/28,Yes,Disabled,Active
2539,4985750407849277,3880,14003,Gold,Visa,50000,35815.99,14184.01,17,2026-07-21,709.2,30.95,15000.0,2636,320,2023-07-03,07/30,Yes,Enabled,Active
2540,4234885832871963,1975,10529,Gold,RuPay,50000,28834.04,21165.96,27,2026-07-10,1058.3,34.7,15000.0,1210,196,2021-07-03,07/30,Yes,Disabled,Active
2541,4883092252200304,6958,9628,Classic,Mastercard,50000,40841.72,9158.28,16,2026-07-20,457.91,40.75,15000.0,15261,211,2025-07-02,07/30,Yes,Enabled,Blocked
2542,4645404664708752,1847,7841,Platinum,Visa,1000000,70527.66,929472.34,2,2026-07-20,46473.62,36.55,300000.0,21504,735,2023-07-03,07/31,Yes,Disabled,Active
2543,4186049001037864,8547,19356,Classic,Visa,50000,16849.1,33150.9,18,2026-07-29,1657.55,40.74,15000.0,8098,326,2021-07-03,07/28,Yes,Disabled,Active
2544,4667080332160530,7025,18857,Classic,Visa,50000,35639.74,14360.26,16,2026-07-28,718.01,33.21,15000.0,10684,103,2023-07-03,07/29,No,Disabled,Active
2545,4335311326102529,5797,5129,Platinum,American Express,100000,83238.03,16761.97,2,2026-07-15,838.1,45.43,30000.0,6139,415,2024-07-02,07/31,Yes,Disabled,Active
2546,4661715589971585,1183,15002,Classic,Visa,50000,45850.48,4149.52,17,2026-07-17,207.48,43.79,15000.0,21142,569,2025-07-02,07/28,Yes,Enabled,Active
2547,4884847404146574,6601,13692,Classic,Mastercard,100000,16625.59,83374.41,21,2026-07-30,4168.72,40.91,30000.0,16017,340,2025-07-02,07/30,Yes,Disabled,Active
2548,4105373867351740,3794,4857,Classic,Visa,500000,483099.04,16900.96,21,2026-07-18,845.05,41.81,150000.0,12130,764,2025-07-02,07/31,Yes,Disabled,Active
2549,4917954101141735,7636,307,Signature,Mastercard,200000,38298.14,161701.86,1,2026-07-15,8085.09,36.4,60000.0,9828,395,2024-07-02,07/31,Yes,Enabled,Active
2550,4101171410857294,4608,12567,Gold,RuPay,1000000,141512.8,858487.2,5,2026-07-27,42924.36,39.95,300000.0,4929,444,2021-07-03,07/30,Yes,Disabled,Active
2551,4333548696599908,3381,14375,Signature,Visa,100000,29023.92,70976.08,14,2026-07-11,3548.8,33.96,30000.0,19929,763,2026-07-02,07/31,Yes,Disabled,Active
2552,4988658376944104,8036,4640,Platinum,Visa,200000,149858.23,50141.77,24,2026-07-17,2507.09,31.43,60000.0,7790,847,2026-07-02,07/31,Yes,Disabled,Active
2553,4887360561326293,4566,11516,Platinum,Visa,50000,16435.51,33564.49,10,2026-07-09,1678.22,35.95,15000.0,15124,414,2024-07-02,07/28,Yes,Enabled,Active
2554,4765430330851584,4342,19831,Gold,Mastercard,200000,137438.83,62561.17,26,2026-07-18,3128.06,38.37,60000.0,18167,873,2026-07-02,07/28,Yes,Disabled,Expired
2555,4681871207721826,1099,16516,Classic,Visa,500000,42041.21,457958.79,11,2026-07-12,22897.94,32.96,150000.0,2086,479,2024-07-02,07/28,Yes,Enabled,Active
2556,4539969120428874,3182,19655,Gold,Mastercard,100000,77762.0,22238.0,24,2026-07-22,1111.9,42.44,30000.0,5998,685,2022-07-03,07/30,Yes,Disabled,Active
2557,4009745847798605,9099,3508,Classic,Mastercard,200000,135074.11,64925.89,2,2026-07-18,3246.29,35.05,60000.0,8234,523,2021-07-03,07/30,No,Disabled,Active
2558,4538035603831211,9623,15848,Classic,Mastercard,200000,88804.45,111195.55,25,2026-07-23,5559.78,35.07,60000.0,12623,257,2021-07-03,07/31,Yes,Disabled,Active
2559,4340937277297371,1666,1722,Classic,RuPay,100000,21445.95,78554.05,22,2026-07-20,3927.7,32.32,30000.0,16701,760,2026-07-02,07/29,Yes,Disabled,Active
2560,4954053110161653,7866,12935,Classic,Visa,50000,43154.22,6845.78,5,2026-07-23,342.29,43.99,15000.0,4453,601,2026-07-02,07/29,Yes,Disabled,Active
2561,4892118977059981,5298,8550,Gold,Visa,100000,27093.41,72906.59,1,2026-07-30,3645.33,43.26,30000.0,11942,784,2026-07-02,07/29,Yes,Disabled,Active
2562,4696377606606236,7900,7104,Classic,Visa,200000,92803.33,107196.67,14,2026-07-14,5359.83,42.0,60000.0,24121,182,2022-07-03,07/29,Yes,Disabled,Active
2563,4825380419243673,3685,9815,Gold,Visa,500000,281687.62,218312.38,12,2026-07-15,10915.62,44.14,150000.0,13534,648,2025-07-02,07/29,Yes,Enabled,Active
2564,4258103204299721,9646,196,Classic,American Express,200000,141475.69,58524.31,24,2026-07-17,2926.22,39.52,60000.0,20673,263,2026-07-02,07/31,Yes,Enabled,Active
2565,4462641651561980,3040,3128,Platinum,RuPay,50000,5671.48,44328.52,1,2026-07-10,2216.43,34.09,15000.0,5517,860,2023-07-03,07/31,Yes,Disabled,Active
2566,4098501109920238,9504,4026,Classic,Visa,100000,40019.85,59980.15,22,2026-08-01,2999.01,30.39,30000.0,24490,184,2024-07-02,07/29,Yes,Disabled,Active
2567,4004161859504051,4388,4841,Classic,RuPay,200000,102494.47,97505.53,3,2026-07-14,4875.28,36.73,60000.0,6264,902,2022-07-03,07/30,No,Enabled,Active
2568,4129620381981536,5936,11446,Platinum,Mastercard,50000,10251.9,39748.1,10,2026-07-26,1987.4,42.3,15000.0,24066,569,2022-07-03,07/28,No,Disabled,Active
2569,4712926645902769,6795,9148,Classic,Visa,100000,77586.62,22413.38,5,2026-07-26,1120.67,46.89,30000.0,18208,538,2026-07-02,07/29,Yes,Disabled,Active
2570,4206949908874568,1561,5052,Classic,Mastercard,500000,376945.73,123054.27,15,2026-07-23,6152.71,47.14,150000.0,12717,448,2026-07-02,07/28,Yes,Enabled,Active
2571,4994123199751135,8828,6097,Classic,Visa,500000,322800.98,177199.02,26,2026-07-25,8859.95,45.61,150000.0,7668,208,2024-07-02,07/28,No,Disabled,Active
2572,4957190516486300,2200,17282,Gold,Mastercard,200000,136321.69,63678.31,21,2026-07-26,3183.92,31.8,60000.0,24387,326,2025-07-02,07/28,Yes,Enabled,Active
2573,4401501704222866,3090,18969,Gold,Visa,50000,26572.8,23427.2,6,2026-07-13,1171.36,31.43,15000.0,24999,346,2023-07-03,07/28,Yes,Disabled,Active
2574,4621366042697855,5519,17355,Classic,RuPay,100000,45364.25,54635.75,11,2026-07-17,2731.79,43.84,30000.0,3490,404,2024-07-02,07/29,Yes,Enabled,Active
2575,4810423362874694,4956,12208,Platinum,Mastercard,500000,268852.81,231147.19,20,2026-07-10,11557.36,32.26,150000.0,18012,283,2023-07-03,07/30,Yes,Disabled,Active
2576,4524652426556049,4940,15389,Classic,RuPay,100000,18668.9,81331.1,5,2026-07-16,4066.56,33.25,30000.0,4244,627,2026-07-02,07/28,Yes,Disabled,Active
2577,4917812992097037,324,3373,Platinum,Visa,50000,24750.44,25249.56,27,2026-07-28,1262.48,45.58,15000.0,4787,884,2023-07-03,07/31,Yes,Disabled,Active
2578,4909151106205919,7157,15340,Classic,Mastercard,50000,25698.66,24301.34,14,2026-07-22,1215.07,37.05,15000.0,4566,520,2025-07-02,07/29,Yes,Disabled,Active
2579,4140860319774910,597,4054,Classic,Mastercard,100000,21632.9,78367.1,25,2026-07-20,3918.36,40.59,30000.0,9139,689,2023-07-03,07/28,Yes,Disabled,Active
2580,4085371030773528,1542,15137,Gold,Visa,100000,32174.79,67825.21,11,2026-07-13,3391.26,43.64,30000.0,6312,598,2023-07-03,07/29,Yes,Disabled,Closed
2581,4421817115422486,7907,15699,Gold,Mastercard,200000,180118.53,19881.47,10,2026-07-29,994.07,45.24,60000.0,13929,768,2024-07-02,07/31,Yes,Disabled,Active
2582,4462144675126165,6240,13851,Classic,American Express,200000,84683.92,115316.08,5,2026-07-14,5765.8,42.13,60000.0,7538,975,2024-07-02,07/29,Yes,Enabled,Active
2583,4664155536798545,8348,16608,Gold,American Express,200000,120389.84,79610.16,8,2026-07-16,3980.51,34.68,60000.0,4987,854,2022-07-03,07/28,Yes,Disabled,Active
2584,4456432528336812,8516,453,Classic,Visa,200000,82508.42,117491.58,14,2026-07-24,5874.58,32.92,60000.0,14178,333,2023-07-03,07/30,No,Enabled,Active
2585,4478088263394299,5501,18500,Classic,Mastercard,200000,138203.29,61796.71,22,2026-07-26,3089.84,33.91,60000.0,24086,551,2026-07-02,07/28,Yes,Disabled,Active
2586,4316419131801379,4579,18462,Platinum,American Express,500000,68625.18,431374.82,20,2026-07-27,21568.74,31.43,150000.0,24934,945,2023-07-03,07/28,Yes,Disabled,Active
2587,4017820537141265,1778,14933,Gold,Visa,1000000,421304.16,578695.84,10,2026-07-26,28934.79,44.8,300000.0,6384,427,2023-07-03,07/29,Yes,Disabled,Active
2588,4586483488364296,3928,19404,Classic,Mastercard,50000,11638.04,38361.96,11,2026-07-11,1918.1,36.05,15000.0,4277,202,2023-07-03,07/28,Yes,Disabled,Blocked
2589,4835172935636932,1712,15232,Gold,Visa,50000,25026.43,24973.57,25,2026-07-27,1248.68,47.53,15000.0,21209,377,2022-07-03,07/28,Yes,Disabled,Active
2590,4006546363630458,7123,12531,Classic,Visa,200000,65011.25,134988.75,19,2026-07-18,6749.44,43.8,60000.0,22465,978,2021-07-03,07/28,Yes,Enabled,Active
2591,4219768644057430,2728,5023,Gold,Mastercard,50000,22469.66,27530.34,16,2026-07-15,1376.52,43.16,15000.0,13605,912,2026-07-02,07/31,Yes,Enabled,Active
2592,4951334159728174,2484,4349,Classic,Visa,100000,95698.19,4301.81,25,2026-07-16,215.09,45.9,30000.0,1238,487,2024-07-02,07/31,Yes,Enabled,Active
2593,4664101635588100,8676,1275,Gold,Mastercard,50000,3261.28,46738.72,20,2026-08-01,2336.94,41.98,15000.0,21955,322,2023-07-03,07/30,Yes,Disabled,Active
2594,4371280962745462,1736,3399,Platinum,RuPay,100000,73504.32,26495.68,5,2026-07-25,1324.78,42.64,30000.0,11822,687,2023-07-03,07/28,Yes,Disabled,Active
2595,4715466606273314,1557,7015,Classic,Visa,100000,65950.0,34050.0,7,2026-07-16,1702.5,36.11,30000.0,22712,846,2024-07-02,07/28,Yes,Disabled,Active
2596,4644746360951786,6075,1517,Classic,Visa,50000,22900.74,27099.26,12,2026-07-22,1354.96,42.48,15000.0,15444,226,2025-07-02,07/28,Yes,Enabled,Active
2597,4412985137448510,9596,8122,Classic,American Express,200000,109051.34,90948.66,4,2026-07-21,4547.43,32.61,60000.0,12302,840,2026-07-02,07/29,Yes,Disabled,Active
2598,4766995646024044,9820,12880,Classic,Mastercard,100000,20920.16,79079.84,4,2026-07-16,3953.99,31.08,30000.0,5739,287,2023-07-03,07/30,Yes,Disabled,Active
2599,4737515755248902,7520,2296,Platinum,Mastercard,100000,5078.45,94921.55,23,2026-07-17,4746.08,46.02,30000.0,23034,593,2024-07-02,07/29,Yes,Disabled,Active
2600,4587801791771048,9842,18213,Classic,Mastercard,50000,2856.86,47143.14,8,2026-07-12,2357.16,31.15,15000.0,8375,819,2021-07-03,07/30,Yes,Disabled,Active
2601,4423989079834431,1988,4452,Gold,Mastercard,200000,80189.78,119810.22,18,2026-07-10,5990.51,45.24,60000.0,3538,795,2025-07-02,07/30,Yes,Enabled,Active
2602,4850042596915190,5699,3851,Signature,RuPay,200000,191012.59,8987.41,12,2026-07-11,449.37,33.53,60000.0,22476,945,2022-07-03,07/30,Yes,Disabled,Active
2603,4140403319620389,8889,3840,Platinum,RuPay,50000,38791.17,11208.83,19,2026-07-29,560.44,47.32,15000.0,14872,138,2025-07-02,07/31,No,Disabled,Active
2604,4986942712161621,7830,7455,Gold,Mastercard,200000,129026.1,70973.9,24,2026-07-22,3548.69,44.03,60000.0,17489,136,2026-07-02,07/28,Yes,Disabled,Active
2605,4253567068857266,1676,9082,Gold,Visa,50000,10518.5,39481.5,12,2026-07-22,1974.08,33.8,15000.0,24193,518,2021-07-03,07/31,Yes,Disabled,Active
2606,4820793652352970,9790,19627,Classic,Visa,100000,43639.34,56360.66,22,2026-07-31,2818.03,30.72,30000.0,3553,292,2025-07-02,07/28,Yes,Disabled,Active
2607,4402278686189365,7878,2022,Classic,Visa,100000,86919.32,13080.68,11,2026-07-21,654.03,37.28,30000.0,19076,810,2022-07-03,07/30,Yes,Enabled,Expired
2608,4540165699933583,4523,9071,Classic,Visa,50000,45136.85,4863.15,7,2026-07-23,243.16,43.33,15000.0,5545,212,2024-07-02,07/31,Yes,Enabled,Active
2609,4777219222349576,9483,6959,Classic,Visa,50000,15740.91,34259.09,4,2026-07-26,1712.95,36.29,15000.0,10579,833,2024-07-02,07/30,Yes,Disabled,Active
2610,4173909767394955,6354,5637,Gold,Visa,50000,31853.31,18146.69,7,2026-07-11,907.33,36.62,15000.0,16784,769,2023-07-03,07/31,Yes,Enabled,Active
2611,4591946192126080,2319,5231,Gold,Mastercard,200000,63445.93,136554.07,16,2026-07-09,6827.7,41.98,60000.0,2892,321,2025-07-02,07/29,Yes,Enabled,Active
2612,4484207016968069,3119,14943,Classic,Mastercard,500000,409488.26,90511.74,14,2026-07-23,4525.59,39.68,150000.0,8386,658,2022-07-03,07/29,Yes,Disabled,Active
2613,4642387023357039,3820,15433,Gold,Visa,100000,20531.5,79468.5,8,2026-07-23,3973.43,34.3,30000.0,12935,902,2023-07-03,07/30,Yes,Disabled,Active
2614,4321397378338971,9601,16965,Gold,American Express,50000,20748.31,29251.69,24,2026-07-11,1462.58,35.76,15000.0,13748,881,2022-07-03,07/28,Yes,Disabled,Active
2615,4181150208640300,8704,5176,Signature,RuPay,50000,24234.7,25765.3,26,2026-07-29,1288.27,42.79,15000.0,18009,850,2023-07-03,07/29,Yes,Disabled,Active
2616,4511508878164533,2944,16431,Platinum,Visa,50000,25980.99,24019.01,8,2026-07-15,1200.95,43.7,15000.0,19734,724,2022-07-03,07/31,Yes,Disabled,Active
2617,4910372979010784,8227,7773,Gold,Visa,100000,30339.57,69660.43,20,2026-07-30,3483.02,40.57,30000.0,10603,565,2021-07-03,07/30,Yes,Disabled,Active
2618,4468317120021606,7733,2877,Platinum,American Express,50000,3840.5,46159.5,21,2026-07-18,2307.97,37.54,15000.0,7270,694,2026-07-02,07/28,Yes,Disabled,Active
2619,4661510981152705,2947,18385,Classic,Mastercard,100000,63752.54,36247.46,14,2026-07-25,1812.37,35.37,30000.0,1214,517,2025-07-02,07/31,Yes,Disabled,Active
2620,4131515218506083,4201,9554,Gold,RuPay,100000,32378.14,67621.86,8,2026-07-13,3381.09,30.57,30000.0,3545,477,2021-07-03,07/28,Yes,Enabled,Active
2621,4551822276926033,7232,6333,Gold,RuPay,50000,14715.43,35284.57,28,2026-07-16,1764.23,44.84,15000.0,12346,301,2022-07-03,07/28,Yes,Disabled,Active
2622,4858792652011866,9770,16186,Classic,Visa,100000,35749.43,64250.57,5,2026-07-23,3212.53,40.02,30000.0,22078,568,2025-07-02,07/29,Yes,Disabled,Active
2623,4144965916874271,8925,10357,Classic,RuPay,100000,5677.27,94322.73,22,2026-07-23,4716.14,33.6,30000.0,5562,983,2026-07-02,07/28,Yes,Enabled,Active
2624,4346712699011405,808,19609,Gold,RuPay,100000,21844.63,78155.37,5,2026-07-14,3907.77,42.53,30000.0,14502,240,2025-07-02,07/30,Yes,Enabled,Closed
2625,4041170720099218,6577,8970,Gold,Visa,50000,11765.41,38234.59,9,2026-07-15,1911.73,31.08,15000.0,11114,203,2025-07-02,07/31,Yes,Disabled,Active
2626,4504131583297511,5919,4600,Platinum,RuPay,50000,33960.75,16039.25,12,2026-07-13,801.96,46.33,15000.0,5489,630,2025-07-02,07/29,Yes,Disabled,Active
2627,4816335051006794,8879,2013,Platinum,Visa,100000,89749.41,10250.59,6,2026-08-01,512.53,33.02,30000.0,8579,734,2025-07-02,07/28,Yes,Disabled,Active
2628,4899882609749402,7419,17552,Classic,Visa,200000,102459.51,97540.49,15,2026-07-11,4877.02,41.8,60000.0,13637,103,2025-07-02,07/29,Yes,Disabled,Active
2629,4503602143803384,6880,5818,Gold,Visa,100000,67243.55,32756.45,19,2026-07-20,1637.82,36.43,30000.0,5165,206,2026-07-02,07/31,Yes,Enabled,Active
2630,4107354033247860,2624,17002,Gold,Visa,1000000,736179.13,263820.87,15,2026-07-23,13191.04,44.38,300000.0,12445,611,2023-07-03,07/31,Yes,Enabled,Active
2631,4670969340648556,1665,13303,Signature,American Express,50000,22186.28,27813.72,3,2026-07-18,1390.69,39.79,15000.0,4940,907,2026-07-02,07/28,Yes,Enabled,Active
2632,4561424677987278,3037,6224,Classic,Visa,100000,55574.21,44425.79,16,2026-07-16,2221.29,41.55,30000.0,11024,624,2023-07-03,07/30,Yes,Disabled,Active
2633,4254891771296915,2564,13808,Platinum,Mastercard,50000,27384.75,22615.25,28,2026-07-23,1130.76,47.42,15000.0,13707,290,2026-07-02,07/28,Yes,Enabled,Active
2634,4136415175366650,3391,2440,Gold,American Express,100000,52446.79,47553.21,1,2026-07-14,2377.66,46.34,30000.0,455,202,2025-07-02,07/28,No,Disabled,Active
2635,4114873577702710,375,4966,Gold,Mastercard,100000,72461.67,27538.33,27,2026-07-26,1376.92,45.61,30000.0,1382,520,2021-07-03,07/30,Yes,Disabled,Active
2636,4389268109176291,4609,17786,Gold,Mastercard,50000,31709.28,18290.72,11,2026-07-29,914.54,47.09,15000.0,18131,777,2021-07-03,07/29,Yes,Enabled,Active
2637,4572628934509333,9157,4082,Classic,Mastercard,500000,317493.85,182506.15,16,2026-07-16,9125.31,34.42,150000.0,15350,705,2023-07-03,07/30,Yes,Disabled,Active
2638,4532204719407443,1813,18299,Gold,Visa,50000,42675.99,7324.01,7,2026-07-31,366.2,38.32,15000.0,4310,356,2026-07-02,07/31,Yes,Enabled,Active
2639,4596141674993048,6073,16083,Classic,Mastercard,100000,84546.29,15453.71,10,2026-07-11,772.69,36.58,30000.0,1448,816,2022-07-03,07/28,Yes,Disabled,Active
2640,4882493201944435,8208,19527,Gold,Mastercard,100000,92717.16,7282.84,12,2026-07-09,364.14,36.07,30000.0,9362,161,2025-07-02,07/29,Yes,Enabled,Active
2641,4985919312328884,8949,11248,Platinum,Visa,50000,34203.6,15796.4,19,2026-07-18,789.82,39.28,15000.0,18755,781,2022-07-03,07/29,Yes,Disabled,Active
2642,4973419536277222,9908,10018,Classic,American Express,500000,196638.02,303361.98,26,2026-07-22,15168.1,40.41,150000.0,22715,670,2022-07-03,07/31,Yes,Disabled,Closed
2643,4767254474878893,8111,966,Classic,Visa,100000,47942.19,52057.81,8,2026-07-29,2602.89,33.89,30000.0,23821,802,2026-07-02,07/31,Yes,Disabled,Active
2644,4097873140616866,4785,5277,Platinum,Visa,200000,45333.1,154666.9,3,2026-08-01,7733.35,43.82,60000.0,9121,423,2026-07-02,07/28,Yes,Disabled,Active
2645,4762114382384683,4745,17640,Classic,Visa,50000,5281.12,44718.88,5,2026-08-01,2235.94,33.63,15000.0,1914,129,2023-07-03,07/31,Yes,Enabled,Active
2646,4338108594367988,5899,18757,Classic,Visa,100000,44959.48,55040.52,2,2026-07-15,2752.03,47.44,30000.0,19656,849,2024-07-02,07/28,Yes,Disabled,Active
2647,4387870669185101,3421,16856,Classic,Mastercard,100000,50335.16,49664.84,2,2026-07-31,2483.24,47.94,30000.0,11467,553,2025-07-02,07/28,Yes,Disabled,Active
2648,4134160118317470,2419,18615,Classic,Mastercard,100000,46395.64,53604.36,16,2026-07-27,2680.22,40.49,30000.0,16099,261,2026-07-02,07/30,No,Enabled,Active
2649,4381437627116678,1249,17788,Classic,American Express,100000,66549.59,33450.41,28,2026-07-19,1672.52,44.58,30000.0,21992,105,2021-07-03,07/30,Yes,Disabled,Active
2650,4524108826182360,1608,317,Classic,Mastercard,50000,49076.3,923.7,18,2026-07-21,46.19,35.75,15000.0,18558,633,2023-07-03,07/28,Yes,Disabled,Active
2651,4237899856792270,2703,1711,Classic,Visa,50000,24222.72,25777.28,3,2026-07-27,1288.86,41.26,15000.0,1517,990,2021-07-03,07/29,Yes,Disabled,Active
2652,4449152160304327,1885,19482,Classic,Mastercard,100000,78926.57,21073.43,11,2026-07-20,1053.67,40.59,30000.0,4988,382,2026-07-02,07/28,Yes,Disabled,Active
2653,4482585777369193,9732,15756,Gold,Visa,50000,10465.35,39534.65,26,2026-07-13,1976.73,32.56,15000.0,13509,995,2025-07-02,07/29,Yes,Disabled,Active
2654,4805987070426850,4668,4943,Classic,Visa,50000,4703.0,45297.0,22,2026-07-10,2264.85,31.2,15000.0,3535,971,2023-07-03,07/29,Yes,Enabled,Active
2655,4155072986479487,6827,9799,Classic,Mastercard,200000,129466.55,70533.45,6,2026-07-10,3526.67,30.26,60000.0,10769,522,2026-07-02,07/29,Yes,Disabled,Active
2656,4840526972460198,2014,666,Classic,Mastercard,100000,66864.15,33135.85,14,2026-07-27,1656.79,44.16,30000.0,22943,999,2024-07-02,07/28,Yes,Enabled,Active
2657,4930221123067304,4091,855,Classic,Visa,100000,79913.37,20086.63,6,2026-07-22,1004.33,41.67,30000.0,17273,285,2023-07-03,07/28,Yes,Enabled,Active
2658,4062834949315081,4511,19583,Platinum,American Express,50000,5787.91,44212.09,14,2026-07-26,2210.6,45.92,15000.0,15751,142,2022-07-03,07/29,Yes,Enabled,Active
2659,4127080420853314,5363,6136,Classic,Visa,1000000,199522.55,800477.45,7,2026-07-14,40023.87,47.0,300000.0,10101,963,2022-07-03,07/30,Yes,Disabled,Active
2660,4920194965555483,5611,10948,Platinum,Visa,500000,421579.39,78420.61,16,2026-07-11,3921.03,39.19,150000.0,7563,497,2026-07-02,07/29,No,Disabled,Active
2661,4879496977914987,2766,19181,Signature,Mastercard,50000,46110.29,3889.71,6,2026-07-24,194.49,42.75,15000.0,7953,888,2026-07-02,07/29,Yes,Disabled,Active
2662,4024331348568564,2109,19762,Gold,Visa,100000,46100.7,53899.3,4,2026-07-16,2694.97,46.79,30000.0,7428,774,2021-07-03,07/30,Yes,Disabled,Active
2663,4022468297322643,6254,12547,Classic,Mastercard,100000,53493.98,46506.02,21,2026-07-09,2325.3,36.13,30000.0,19369,481,2021-07-03,07/31,No,Disabled,Expired
2664,4083560307136712,8259,8551,Classic,Visa,50000,7455.74,42544.26,27,2026-07-17,2127.21,38.96,15000.0,947,184,2021-07-03,07/29,Yes,Enabled,Active
2665,4293057668510491,9991,2523,Gold,Visa,50000,24356.49,25643.51,16,2026-07-10,1282.18,46.43,15000.0,16108,210,2026-07-02,07/30,Yes,Disabled,Active
2666,4840011574268213,9110,4381,Gold,Mastercard,100000,95264.37,4735.63,28,2026-07-13,236.78,35.09,30000.0,14000,830,2026-07-02,07/28,Yes,Disabled,Active
2667,4469612708335593,5257,19062,Classic,Mastercard,200000,192805.41,7194.59,14,2026-07-09,359.73,46.07,60000.0,22224,960,2022-07-03,07/28,Yes,Disabled,Active
2668,4708265147496346,6059,13200,Signature,Mastercard,100000,43185.53,56814.47,12,2026-07-31,2840.72,34.63,30000.0,1034,706,2024-07-02,07/29,Yes,Disabled,Active
2669,4373067689657735,4019,2361,Classic,Visa,500000,356067.63,143932.37,26,2026-07-18,7196.62,39.42,150000.0,9755,705,2026-07-02,07/30,Yes,Disabled,Active
2670,4462557002628598,3776,274,Classic,Mastercard,100000,67081.61,32918.39,3,2026-07-17,1645.92,45.61,30000.0,8393,260,2025-07-02,07/28,No,Disabled,Active
2671,4902948717800642,1379,1552,Classic,Visa,1000000,121653.88,878346.12,21,2026-07-18,43917.31,46.3,300000.0,6232,812,2021-07-03,07/30,Yes,Disabled,Active
2672,4286233765249876,6003,5140,Classic,RuPay,50000,7667.47,42332.53,28,2026-07-26,2116.63,44.66,15000.0,16391,956,2021-07-03,07/30,Yes,Disabled,Active
2673,4159902546228906,9019,6926,Classic,Visa,1000000,587125.91,412874.09,27,2026-07-27,20643.7,37.86,300000.0,6531,610,2025-07-02,07/29,Yes,Disabled,Active
2674,4572112201540543,9332,16218,Classic,Mastercard,50000,15861.65,34138.35,16,2026-07-13,1706.92,46.9,15000.0,19453,971,2024-07-02,07/30,Yes,Enabled,Active
2675,4474998343533557,1387,2616,Classic,RuPay,100000,64837.55,35162.45,23,2026-07-19,1758.12,40.47,30000.0,12791,503,2023-07-03,07/31,Yes,Enabled,Active
2676,4475346493577790,9550,14694,Gold,Visa,100000,15413.2,84586.8,25,2026-07-10,4229.34,34.3,30000.0,4519,883,2023-07-03,07/30,No,Disabled,Expired
2677,4131261616942868,5901,15004,Gold,Mastercard,50000,33822.92,16177.08,10,2026-07-15,808.85,45.17,15000.0,21620,576,2024-07-02,07/29,Yes,Disabled,Active
2678,4742569161477900,8725,12995,Classic,Visa,500000,481676.71,18323.29,19,2026-07-31,916.16,45.56,150000.0,14681,716,2025-07-02,07/28,Yes,Enabled,Active
2679,4453174901630598,8990,19470,Classic,Visa,100000,20844.92,79155.08,24,2026-07-20,3957.75,43.29,30000.0,15027,195,2023-07-03,07/28,Yes,Disabled,Active
2680,4072388531470876,1508,17547,Platinum,Visa,100000,8264.7,91735.3,25,2026-07-26,4586.77,42.2,30000.0,14616,788,2023-07-03,07/30,Yes,Disabled,Active
2681,4042437547233665,8861,3197,Gold,RuPay,100000,35219.45,64780.55,16,2026-07-09,3239.03,31.0,30000.0,22246,760,2025-07-02,07/28,Yes,Disabled,Active
2682,4444554245752546,4442,17494,Gold,Visa,500000,242259.7,257740.3,12,2026-07-09,12887.01,45.63,150000.0,7339,187,2025-07-02,07/31,Yes,Disabled,Active
2683,4539214095976629,5258,9397,Platinum,Visa,200000,175709.48,24290.52,22,2026-07-12,1214.53,44.39,60000.0,11093,813,2022-07-03,07/28,Yes,Enabled,Blocked
2684,4498787651252298,482,13417,Classic,Mastercard,500000,254555.29,245444.71,10,2026-07-09,12272.24,37.11,150000.0,16019,218,2025-07-02,07/29,Yes,Disabled,Active
2685,4565464128169844,4293,11026,Gold,Visa,50000,6621.48,43378.52,24,2026-07-30,2168.93,36.61,15000.0,13614,347,2023-07-03,07/28,Yes,Disabled,Active
2686,4234019032032907,278,14914,Classic,Visa,200000,25022.87,174977.13,5,2026-07-10,8748.86,39.25,60000.0,3480,486,2021-07-03,07/29,Yes,Disabled,Active
2687,4225741317194597,9978,16071,Platinum,RuPay,200000,44584.42,155415.58,27,2026-07-14,7770.78,37.97,60000.0,1630,173,2025-07-02,07/30,No,Disabled,Active
2688,4228205466834996,6937,13522,Classic,RuPay,200000,40751.79,159248.21,22,2026-07-12,7962.41,41.79,60000.0,9952,253,2022-07-03,07/29,Yes,Disabled,Active
2689,4094166552925747,609,8587,Classic,RuPay,100000,29852.05,70147.95,12,2026-07-28,3507.4,35.6,30000.0,17809,254,2023-07-03,07/29,Yes,Disabled,Active
2690,4254607788749116,6702,11403,Classic,Mastercard,200000,181239.11,18760.89,19,2026-07-15,938.04,38.45,60000.0,3528,450,2021-07-03,07/30,Yes,Enabled,Active
2691,4753910121210682,5475,1546,Platinum,Mastercard,200000,171926.14,28073.86,15,2026-07-14,1403.69,31.55,60000.0,6622,210,2021-07-03,07/29,Yes,Disabled,Blocked
2692,4362643937340761,398,16701,Classic,RuPay,200000,66408.71,133591.29,7,2026-08-01,6679.56,40.34,60000.0,17328,828,2021-07-03,07/31,Yes,Disabled,Active
2693,4165205706581690,8105,18612,Classic,Visa,100000,5552.43,94447.57,8,2026-07-19,4722.38,37.06,30000.0,38,236,2026-07-02,07/30,Yes,Disabled,Active
2694,4113537077902952,53,17002,Gold,Mastercard,100000,82464.41,17535.59,18,2026-07-30,876.78,36.07,30000.0,22121,820,2021-07-03,07/31,Yes,Disabled,Active
2695,4285963002353137,3379,11120,Classic,Visa,200000,61412.48,138587.52,14,2026-07-18,6929.38,32.86,60000.0,24232,919,2021-07-03,07/29,Yes,Disabled,Active
2696,4558083934901401,7860,19488,Classic,RuPay,50000,45151.2,4848.8,14,2026-07-27,242.44,43.87,15000.0,13684,372,2025-07-02,07/30,Yes,Disabled,Active
2697,4812591721578465,8056,4255,Gold,RuPay,100000,53168.26,46831.74,1,2026-07-20,2341.59,41.97,30000.0,7369,761,2023-07-03,07/31,Yes,Disabled,Active
2698,4955828019573522,5167,8778,Gold,Visa,200000,158928.99,41071.01,5,2026-07-16,2053.55,30.28,60000.0,8072,644,2024-07-02,07/29,Yes,Disabled,Active
2699,4760361716791382,1896,9277,Platinum,Visa,200000,155424.93,44575.07,8,2026-07-29,2228.75,46.55,60000.0,5621,193,2026-07-02,07/28,Yes,Enabled,Active
2700,4625260869666061,557,16115,Platinum,RuPay,500000,466403.01,33596.99,12,2026-07-18,1679.85,37.67,150000.0,3602,275,2025-07-02,07/28,Yes,Disabled,Active
2701,4979841495996595,8748,12308,Classic,Visa,200000,157172.41,42827.59,14,2026-07-15,2141.38,32.25,60000.0,12737,531,2025-07-02,07/28,Yes,Disabled,Active
2702,4204842599272547,1238,11204,Gold,Mastercard,200000,33367.11,166632.89,20,2026-07-17,8331.64,39.99,60000.0,21290,660,2026-07-02,07/31,Yes,Disabled,Active
2703,4538438231150809,75,15306,Gold,Mastercard,50000,9630.53,40369.47,12,2026-07-24,2018.47,44.99,15000.0,22761,380,2022-07-03,07/30,Yes,Disabled,Active
2704,4517390581639644,1792,1793,Classic,Mastercard,100000,82828.43,17171.57,7,2026-07-21,858.58,36.55,30000.0,13169,998,2021-07-03,07/28,Yes,Enabled,Active
2705,4193847452767550,4143,8704,Platinum,RuPay,50000,19726.25,30273.75,7,2026-08-01,1513.69,43.62,15000.0,3675,625,2025-07-02,07/28,Yes,Disabled,Active
2706,4155428807785145,3736,4329,Signature,Mastercard,100000,64582.67,35417.33,6,2026-07-26,1770.87,45.96,30000.0,17441,918,2025-07-02,07/28,Yes,Disabled,Active
2707,4678877658797573,8093,7355,Gold,Visa,100000,57603.33,42396.67,16,2026-07-28,2119.83,38.4,30000.0,1078,465,2024-07-02,07/28,No,Disabled,Active
2708,4651844353927634,496,9533,Platinum,Visa,50000,24569.95,25430.05,2,2026-07-10,1271.5,41.36,15000.0,11686,683,2022-07-03,07/30,Yes,Disabled,Active
2709,4052990862770001,8937,15460,Classic,Mastercard,200000,174154.16,25845.84,16,2026-07-11,1292.29,30.99,60000.0,4380,686,2024-07-02,07/30,Yes,Disabled,Active
2710,4132604810601692,5225,12556,Classic,Visa,200000,167307.17,32692.83,25,2026-07-18,1634.64,31.67,60000.0,24434,321,2023-07-03,07/29,Yes,Enabled,Active
2711,4332387177752966,5463,10315,Gold,RuPay,100000,80786.38,19213.62,9,2026-07-13,960.68,38.64,30000.0,8044,863,2024-07-02,07/28,No,Disabled,Active
2712,4756684664515438,8058,4842,Platinum,Visa,1000000,52327.53,947672.47,27,2026-07-20,47383.62,45.46,300000.0,18909,332,2025-07-02,07/31,Yes,Disabled,Active
2713,4136628586266696,3959,3831,Classic,American Express,50000,6834.99,43165.01,28,2026-07-12,2158.25,40.48,15000.0,24323,393,2023-07-03,07/28,Yes,Disabled,Closed
2714,4851666755958476,8751,11733,Signature,Mastercard,100000,32303.21,67696.79,17,2026-07-19,3384.84,38.69,30000.0,18768,228,2021-07-03,07/28,Yes,Enabled,Active
2715,4800545169533404,3997,939,Platinum,American Express,100000,82202.43,17797.57,25,2026-07-15,889.88,37.26,30000.0,2343,826,2025-07-02,07/29,Yes,Enabled,Active
2716,4667338034694495,7981,19128,Platinum,Visa,100000,80543.75,19456.25,3,2026-07-10,972.81,30.53,30000.0,18200,891,2021-07-03,07/29,Yes,Disabled,Active
2717,4243177022288124,55,7809,Classic,Mastercard,200000,92191.36,107808.64,26,2026-07-30,5390.43,42.88,60000.0,16043,225,2021-07-03,07/29,Yes,Disabled,Active
2718,4045336452414677,4360,7924,Signature,RuPay,100000,40328.49,59671.51,12,2026-07-26,2983.58,36.03,30000.0,3900,152,2023-07-03,07/29,Yes,Enabled,Active
2719,4516114156556108,4520,1433,Gold,American Express,100000,99276.05,723.95,23,2026-07-31,36.2,47.39,30000.0,9443,913,2023-07-03,07/28,Yes,Disabled,Active
2720,4566658535675553,3370,4916,Gold,RuPay,1000000,701442.88,298557.12,4,2026-07-23,14927.86,46.93,300000.0,10682,930,2026-07-02,07/28,Yes,Enabled,Active
2721,4340269691503220,98,3122,Platinum,Visa,200000,189491.86,10508.14,17,2026-07-08,525.41,42.81,60000.0,23638,299,2021-07-03,07/31,Yes,Enabled,Active
2722,4334097156060449,138,4522,Classic,Visa,100000,13125.67,86874.33,18,2026-07-10,4343.72,45.55,30000.0,155,879,2025-07-02,07/29,Yes,Disabled,Active
2723,4989851129756996,8220,5242,Signature,Visa,100000,74911.05,25088.95,12,2026-07-28,1254.45,39.09,30000.0,18498,272,2023-07-03,07/31,Yes,Disabled,Active
2724,4242957187276455,5917,9452,Gold,RuPay,50000,49711.12,288.88,24,2026-07-30,14.44,43.94,15000.0,10539,437,2026-07-02,07/31,Yes,Disabled,Expired
2725,4085264936192149,2251,5467,Classic,RuPay,1000000,198393.37,801606.63,11,2026-07-20,40080.33,46.56,300000.0,5379,746,2024-07-02,07/31,Yes,Enabled,Active
2726,4393171137791652,4389,5691,Classic,Mastercard,500000,319688.58,180311.42,16,2026-07-10,9015.57,33.21,150000.0,15434,608,2026-07-02,07/28,Yes,Disabled,Active
2727,4618664938373668,2349,16034,Signature,Visa,50000,43262.58,6737.42,8,2026-07-13,336.87,47.98,15000.0,1310,267,2025-07-02,07/29,Yes,Disabled,Active
2728,4049738712219180,141,7234,Gold,Visa,200000,56677.72,143322.28,6,2026-07-16,7166.11,35.48,60000.0,11373,308,2026-07-02,07/31,Yes,Disabled,Active
2729,4864909902881062,9649,6175,Gold,RuPay,500000,461495.15,38504.85,13,2026-07-09,1925.24,39.63,150000.0,889,600,2021-07-03,07/29,Yes,Enabled,Active
2730,4684153958119052,6662,16099,Classic,Visa,100000,9245.45,90754.55,17,2026-07-18,4537.73,39.28,30000.0,8597,636,2025-07-02,07/31,Yes,Enabled,Blocked
2731,4062405003261047,5717,7611,Classic,Visa,200000,122519.83,77480.17,17,2026-07-08,3874.01,37.56,60000.0,10874,228,2024-07-02,07/31,Yes,Enabled,Active
2732,4230743773792226,5522,15759,Classic,Visa,100000,80712.66,19287.34,2,2026-07-28,964.37,39.23,30000.0,6428,593,2022-07-03,07/28,Yes,Disabled,Active
2733,4074429883650011,9967,7934,Classic,Mastercard,500000,234396.18,265603.82,2,2026-07-17,13280.19,45.8,150000.0,7141,291,2026-07-02,07/30,Yes,Disabled,Active
2734,4612389409593529,6605,10788,Classic,Visa,200000,194536.47,5463.53,8,2026-07-23,273.18,40.7,60000.0,364,207,2021-07-03,07/28,Yes,Disabled,Active
2735,4635448783291987,1469,7357,Platinum,Visa,200000,161878.16,38121.84,28,2026-07-16,1906.09,47.2,60000.0,14827,589,2022-07-03,07/28,Yes,Disabled,Active
2736,4492522844513457,877,7440,Classic,Visa,200000,176108.94,23891.06,6,2026-07-08,1194.55,31.24,60000.0,3204,789,2026-07-02,07/28,Yes,Enabled,Active
2737,4761873787317815,790,92,Classic,Visa,200000,186817.28,13182.72,13,2026-07-22,659.14,34.36,60000.0,19389,948,2023-07-03,07/29,Yes,Disabled,Active
2738,4087355196805109,7795,8128,Gold,Visa,200000,95269.95,104730.05,12,2026-07-29,5236.5,40.31,60000.0,2554,663,2026-07-02,07/28,No,Enabled,Active
2739,4851682649383236,1220,11010,Classic,Visa,50000,47134.23,2865.77,12,2026-07-17,143.29,46.11,15000.0,5473,896,2026-07-02,07/28,Yes,Disabled,Active
2740,4250259069789953,9050,10682,Gold,Visa,50000,11001.21,38998.79,28,2026-07-29,1949.94,38.59,15000.0,2872,718,2021-07-03,07/28,Yes,Disabled,Active
2741,4528230218987526,1573,16697,Classic,Visa,100000,79686.11,20313.89,18,2026-07-18,1015.69,40.65,30000.0,9163,732,2021-07-03,07/29,Yes,Enabled,Active
2742,4145370500237584,5078,5321,Classic,Visa,50000,12949.0,37051.0,11,2026-07-27,1852.55,43.78,15000.0,13619,259,2025-07-02,07/31,Yes,Disabled,Active
2743,4393784219697546,4313,19894,Platinum,Visa,200000,95469.16,104530.84,18,2026-07-07,5226.54,38.99,60000.0,1225,594,2021-07-03,07/31,Yes,Disabled,Active
2744,4146313549168408,8788,16081,Gold,Visa,50000,16348.31,33651.69,20,2026-07-13,1682.58,41.38,15000.0,3120,784,2026-07-02,07/29,Yes,Enabled,Active
2745,4866060146220895,9442,5844,Classic,RuPay,100000,96951.45,3048.55,15,2026-08-01,152.43,38.01,30000.0,1956,568,2024-07-02,07/30,Yes,Disabled,Active
2746,4511578355716999,2904,16717,Classic,Mastercard,50000,29335.79,20664.21,1,2026-07-31,1033.21,46.0,15000.0,17323,435,2022-07-03,07/30,Yes,Disabled,Active
2747,4718454975443987,2190,2810,Platinum,Mastercard,1000000,856396.02,143603.98,24,2026-08-01,7180.2,38.98,300000.0,5472,706,2023-07-03,07/30,Yes,Enabled,Active
2748,4770649927507874,7328,333,Classic,Visa,100000,61406.95,38593.05,5,2026-07-13,1929.65,46.34,30000.0,19301,202,2025-07-02,07/30,Yes,Disabled,Active
2749,4433818538384415,3252,2063,Classic,Visa,500000,269967.18,230032.82,24,2026-07-12,11501.64,31.29,150000.0,5208,788,2026-07-02,07/28,No,Disabled,Active
2750,4663551055566976,9186,10950,Classic,RuPay,50000,9148.67,40851.33,5,2026-08-01,2042.57,43.81,15000.0,13134,288,2021-07-03,07/30,Yes,Disabled,Active
2751,4182976879440959,3057,4344,Classic,RuPay,200000,44275.58,155724.42,1,2026-07-24,7786.22,40.84,60000.0,18752,473,2022-07-03,07/29,Yes,Disabled,Active
2752,4971120596051714,3327,14385,Classic,Visa,50000,45026.83,4973.17,10,2026-07-12,248.66,34.63,15000.0,20100,886,2026-07-02,07/29,Yes,Disabled,Active
2753,4429118762670984,3761,17284,Signature,Mastercard,100000,67297.54,32702.46,20,2026-07-18,1635.12,45.13,30000.0,9045,106,2023-07-03,07/29,Yes,Disabled,Active
2754,4232501473311092,4629,15944,Gold,Visa,500000,145162.41,354837.59,16,2026-07-14,17741.88,42.66,150000.0,18668,132,2024-07-02,07/28,Yes,Disabled,Active
2755,4904719152379791,1993,9322,Platinum,Visa,50000,30923.98,19076.02,25,2026-07-13,953.8,43.3,15000.0,20658,337,2024-07-02,07/31,No,Enabled,Active
2756,4945994422734300,5712,14857,Classic,Mastercard,500000,102145.78,397854.22,22,2026-07-22,19892.71,37.13,150000.0,5928,390,2026-07-02,07/30,No,Enabled,Active
2757,4345347720810471,1851,6593,Platinum,Mastercard,50000,47413.07,2586.93,26,2026-07-11,129.35,46.52,15000.0,17330,207,2024-07-02,07/31,Yes,Disabled,Active
2758,4395758964795853,2458,16065,Classic,RuPay,50000,23032.17,26967.83,22,2026-07-08,1348.39,41.61,15000.0,4445,379,2022-07-03,07/28,No,Disabled,Active
2759,4354304505070156,5604,16680,Gold,RuPay,1000000,844592.32,155407.68,7,2026-07-12,7770.38,41.63,300000.0,13967,942,2021-07-03,07/31,Yes,Enabled,Active
2760,4971450212431363,6784,7418,Platinum,Mastercard,200000,108820.89,91179.11,14,2026-07-13,4558.96,45.21,60000.0,6073,979,2025-07-02,07/29,No,Disabled,Expired
2761,4945286507255507,6946,7730,Classic,Visa,200000,17517.25,182482.75,25,2026-07-23,9124.14,43.88,60000.0,12608,524,2023-07-03,07/28,Yes,Disabled,Active
2762,4431128407517323,661,14417,Gold,RuPay,200000,96694.38,103305.62,25,2026-07-14,5165.28,41.15,60000.0,23955,430,2024-07-02,07/30,Yes,Disabled,Blocked
2763,4916498533469005,9394,17874,Classic,Visa,100000,87005.89,12994.11,14,2026-07-16,649.71,46.9,30000.0,16912,809,2026-07-02,07/29,Yes,Disabled,Active
2764,4343119939959719,8730,1691,Platinum,Mastercard,50000,30214.65,19785.35,25,2026-07-08,989.27,43.11,15000.0,1644,510,2022-07-03,07/28,Yes,Disabled,Active
2765,4024576206019103,5324,8716,Gold,Mastercard,50000,20364.59,29635.41,4,2026-07-14,1481.77,44.23,15000.0,1555,867,2022-07-03,07/28,Yes,Enabled,Closed
2766,4612870411898251,6223,1756,Gold,Visa,1000000,72492.32,927507.68,5,2026-07-09,46375.38,43.53,300000.0,24601,216,2025-07-02,07/29,Yes,Enabled,Active
2767,4929319536968854,9862,19065,Gold,Mastercard,50000,41483.83,8516.17,8,2026-07-12,425.81,46.12,15000.0,17093,960,2023-07-03,07/31,Yes,Enabled,Expired
2768,4138792997698429,766,4538,Classic,RuPay,200000,150429.21,49570.79,25,2026-07-07,2478.54,32.55,60000.0,15895,333,2021-07-03,07/30,Yes,Enabled,Active
2769,4848606841048788,3321,2628,Classic,Mastercard,200000,188533.27,11466.73,24,2026-07-24,573.34,41.42,60000.0,4594,310,2024-07-02,07/31,Yes,Disabled,Active
2770,4314945949865597,3107,18839,Gold,Mastercard,50000,34169.87,15830.13,25,2026-08-01,791.51,32.27,15000.0,16932,491,2025-07-02,07/28,Yes,Disabled,Active
2771,4032384922511097,7428,14284,Platinum,RuPay,1000000,385624.31,614375.69,14,2026-07-29,30718.78,37.56,300000.0,13268,358,2026-07-02,07/31,Yes,Enabled,Active
2772,4501174540446592,4528,3029,Classic,Visa,200000,65019.06,134980.94,16,2026-07-23,6749.05,36.51,60000.0,11004,256,2022-07-03,07/31,No,Disabled,Active
2773,4689812322386491,9796,11782,Platinum,Mastercard,50000,23895.89,26104.11,2,2026-08-01,1305.21,44.64,15000.0,2348,875,2023-07-03,07/31,Yes,Disabled,Active
2774,4743702939966150,460,18574,Platinum,Visa,200000,98644.74,101355.26,3,2026-07-23,5067.76,30.74,60000.0,24593,132,2022-07-03,07/31,Yes,Disabled,Active
2775,4928002036374068,5217,9098,Gold,RuPay,100000,8232.93,91767.07,27,2026-07-24,4588.35,41.12,30000.0,7818,385,2022-07-03,07/29,Yes,Disabled,Active
2776,4336982796406949,78,1013,Gold,Visa,50000,2673.62,47326.38,8,2026-07-23,2366.32,37.62,15000.0,12985,924,2026-07-02,07/28,No,Disabled,Active
2777,4714616901084361,5758,10194,Gold,Visa,50000,35456.19,14543.81,7,2026-07-27,727.19,38.53,15000.0,793,721,2026-07-02,07/28,Yes,Disabled,Active
2778,4200628021432064,9837,12541,Platinum,Visa,1000000,239954.98,760045.02,20,2026-07-30,38002.25,47.78,300000.0,2446,420,2022-07-03,07/30,Yes,Enabled,Active
2779,4287278671109033,678,7353,Classic,Mastercard,500000,112971.02,387028.98,9,2026-07-10,19351.45,47.25,150000.0,4227,545,2025-07-02,07/29,Yes,Disabled,Active
2780,4929319236963188,4095,14977,Gold,Mastercard,100000,7853.57,92146.43,9,2026-07-23,4607.32,45.46,30000.0,15881,535,2023-07-03,07/31,No,Disabled,Active
2781,4983795662570929,9971,19285,Platinum,Visa,500000,80915.08,419084.92,16,2026-07-14,20954.25,39.96,150000.0,17409,658,2023-07-03,07/31,Yes,Disabled,Active
2782,4184049841274955,3555,1789,Gold,Visa,50000,38115.4,11884.6,26,2026-07-07,594.23,39.35,15000.0,1546,889,2021-07-03,07/31,Yes,Disabled,Active
2783,4643500852677558,5284,16741,Gold,Visa,1000000,499127.35,500872.65,19,2026-07-20,25043.63,38.46,300000.0,175,405,2024-07-02,07/31,No,Disabled,Active
2784,4960751425567977,6426,18939,Platinum,Visa,50000,26383.07,23616.93,16,2026-07-21,1180.85,35.57,15000.0,23353,499,2022-07-03,07/29,Yes,Disabled,Active
2785,4574868403910566,8040,11472,Gold,Visa,50000,46585.68,3414.32,16,2026-07-22,170.72,39.18,15000.0,8597,332,2022-07-03,07/30,Yes,Disabled,Closed
2786,4106798298171549,4636,1156,Platinum,RuPay,200000,84812.6,115187.4,20,2026-07-21,5759.37,34.0,60000.0,24352,785,2021-07-03,07/31,Yes,Disabled,Active
2787,4049202459907751,7029,3930,Classic,Visa,50000,14711.22,35288.78,3,2026-07-15,1764.44,47.48,15000.0,20686,357,2025-07-02,07/29,Yes,Disabled,Blocked
2788,4302259127666262,9517,14609,Gold,Visa,100000,85489.32,14510.68,18,2026-07-12,725.53,46.37,30000.0,12154,310,2025-07-02,07/29,Yes,Disabled,Active
2789,4938969560473906,7675,12451,Classic,Visa,1000000,669604.71,330395.29,9,2026-07-13,16519.76,35.7,300000.0,12441,792,2021-07-03,07/29,Yes,Disabled,Active
2790,4180978265662438,349,11287,Platinum,Mastercard,50000,41330.81,8669.19,17,2026-07-15,433.46,46.88,15000.0,9241,455,2021-07-03,07/31,Yes,Enabled,Active
2791,4440882824520758,8733,14700,Gold,RuPay,500000,248775.12,251224.88,12,2026-07-14,12561.24,31.12,150000.0,21287,830,2024-07-02,07/30,Yes,Disabled,Active
2792,4682282558065796,1732,15259,Platinum,Mastercard,50000,9178.62,40821.38,24,2026-07-14,2041.07,30.68,15000.0,21862,479,2026-07-02,07/30,Yes,Disabled,Active
2793,4821330866633628,7112,12176,Gold,Mastercard,100000,58337.87,41662.13,25,2026-07-29,2083.11,31.31,30000.0,23772,554,2024-07-02,07/28,Yes,Enabled,Active
2794,4321481079587785,5672,11636,Gold,American Express,100000,17151.01,82848.99,23,2026-07-16,4142.45,45.86,30000.0,5480,145,2022-07-03,07/30,No,Disabled,Active
2795,4767162456257611,4644,5897,Platinum,Visa,200000,155526.28,44473.72,12,2026-07-09,2223.69,34.34,60000.0,9284,786,2026-07-02,07/28,Yes,Disabled,Active
2796,4037878153517247,3896,6613,Classic,RuPay,50000,19704.51,30295.49,16,2026-07-27,1514.77,40.1,15000.0,12478,421,2026-07-02,07/31,Yes,Disabled,Active
2797,4368609730488449,2221,2193,Signature,Visa,500000,131651.23,368348.77,15,2026-07-31,18417.44,39.63,150000.0,14497,282,2022-07-03,07/29,Yes,Enabled,Active
2798,4015114837278599,382,16277,Gold,Visa,200000,91516.88,108483.12,24,2026-07-11,5424.16,32.4,60000.0,4611,748,2024-07-02,07/30,Yes,Disabled,Active
2799,4136633274058662,9727,4245,Classic,Visa,500000,451115.36,48884.64,17,2026-07-25,2444.23,38.49,150000.0,6909,857,2024-07-02,07/31,Yes,Enabled,Active
2800,4176058504179778,5607,9110,Gold,Visa,50000,7258.69,42741.31,13,2026-07-18,2137.07,37.3,15000.0,15557,302,2022-07-03,07/31,Yes,Enabled,Active
2801,4631612572187989,9765,6353,Classic,RuPay,50000,31900.83,18099.17,19,2026-07-24,904.96,39.97,15000.0,19391,120,2026-07-02,07/30,Yes,Enabled,Active
2802,4385181023165012,4449,3535,Gold,Visa,100000,88824.3,11175.7,8,2026-07-23,558.79,42.05,30000.0,11281,172,2024-07-02,07/30,Yes,Disabled,Active
2803,4288440886921524,8491,17576,Classic,Visa,100000,25168.98,74831.02,13,2026-07-19,3741.55,33.62,30000.0,2689,465,2025-07-02,07/31,Yes,Disabled,Active
2804,4698360286533099,5392,13535,Classic,RuPay,50000,4023.29,45976.71,14,2026-07-11,2298.84,36.57,15000.0,17304,731,2023-07-03,07/31,Yes,Disabled,Active
2805,4650595041661138,8423,10527,Platinum,Mastercard,100000,46722.45,53277.55,13,2026-07-24,2663.88,30.37,30000.0,5617,534,2025-07-02,07/30,Yes,Enabled,Expired
2806,4304493053482180,1470,17652,Gold,Mastercard,200000,62872.15,137127.85,3,2026-07-15,6856.39,36.58,60000.0,13416,988,2024-07-02,07/28,Yes,Disabled,Active
2807,4316420894750098,6967,18377,Signature,Mastercard,500000,49498.98,450501.02,12,2026-07-27,22525.05,31.39,150000.0,8706,784,2025-07-02,07/28,Yes,Disabled,Active
2808,4768587268985836,2577,13198,Classic,Visa,50000,49406.05,593.95,28,2026-07-10,29.7,43.58,15000.0,16001,956,2024-07-02,07/31,No,Disabled,Active
2809,4687969306972416,8576,12261,Classic,Mastercard,50000,14969.35,35030.65,10,2026-07-30,1751.53,42.98,15000.0,3116,966,2024-07-02,07/30,Yes,Disabled,Active
2810,4303035294007789,8742,15131,Gold,Mastercard,100000,30211.11,69788.89,26,2026-07-18,3489.44,38.11,30000.0,18383,506,2025-07-02,07/28,Yes,Disabled,Active
2811,4315484649807869,9868,16277,Classic,Visa,50000,19580.98,30419.02,25,2026-07-21,1520.95,45.84,15000.0,2042,543,2026-07-02,07/30,Yes,Disabled,Active
2812,4657785295597194,8085,13870,Classic,Mastercard,100000,95514.29,4485.71,15,2026-07-24,224.29,42.12,30000.0,6497,683,2021-07-03,07/30,Yes,Disabled,Active
2813,4423840653325211,6163,12089,Classic,Visa,50000,4162.72,45837.28,27,2026-07-24,2291.86,41.59,15000.0,11930,985,2022-07-03,07/28,Yes,Enabled,Active
2814,4981037874977288,6724,1630,Platinum,Visa,100000,68543.95,31456.05,17,2026-07-14,1572.8,42.74,30000.0,8898,733,2025-07-02,07/28,Yes,Disabled,Active
2815,4895832497308912,5839,10854,Gold,Visa,500000,258200.64,241799.36,2,2026-07-19,12089.97,34.93,150000.0,20052,600,2023-07-03,07/31,Yes,Disabled,Active
2816,4795558003673862,6725,19228,Classic,Mastercard,1000000,163751.71,836248.29,7,2026-07-12,41812.41,46.58,300000.0,19648,670,2022-07-03,07/29,Yes,Disabled,Active
2817,4794680396554084,9507,12809,Classic,Visa,50000,32147.76,17852.24,4,2026-07-21,892.61,39.08,15000.0,5484,719,2025-07-02,07/28,Yes,Enabled,Active
2818,4939698343226016,631,4151,Signature,Mastercard,100000,31679.37,68320.63,8,2026-07-25,3416.03,43.35,30000.0,1143,681,2022-07-03,07/28,Yes,Disabled,Active
2819,4847025456943388,8055,469,Platinum,RuPay,50000,3206.48,46793.52,23,2026-07-11,2339.68,39.34,15000.0,7767,109,2024-07-02,07/30,Yes,Disabled,Active
2820,4065992718522488,8922,13922,Classic,Mastercard,100000,28535.44,71464.56,11,2026-08-01,3573.23,41.68,30000.0,9842,903,2024-07-02,07/29,Yes,Disabled,Active
2821,4367384019209171,7637,1581,Classic,Visa,50000,41175.96,8824.04,9,2026-07-23,441.2,39.25,15000.0,7331,588,2025-07-02,07/28,Yes,Disabled,Active
2822,4804719370923154,1970,12029,Gold,Visa,100000,71772.08,28227.92,5,2026-07-12,1411.4,42.42,30000.0,7883,970,2022-07-03,07/29,Yes,Disabled,Blocked
2823,4018673553337928,4643,2779,Gold,Mastercard,100000,34763.46,65236.54,27,2026-07-12,3261.83,47.11,30000.0,8104,680,2024-07-02,07/28,Yes,Disabled,Active
2824,4816113732626945,6838,6750,Gold,Mastercard,500000,110334.69,389665.31,1,2026-07-11,19483.27,41.54,150000.0,21446,897,2022-07-03,07/28,Yes,Enabled,Active
2825,4153981803676144,6959,15717,Classic,Visa,100000,86592.5,13407.5,19,2026-07-25,670.38,46.27,30000.0,13126,378,2026-07-02,07/29,Yes,Disabled,Active
2826,4817558216109418,3188,13873,Classic,Visa,100000,34848.54,65151.46,8,2026-07-23,3257.57,30.11,30000.0,942,225,2025-07-02,07/28,Yes,Disabled,Active
2827,4822618077671803,8391,1091,Platinum,Visa,100000,78052.8,21947.2,23,2026-07-22,1097.36,32.07,30000.0,17444,994,2021-07-03,07/28,Yes,Disabled,Active
2828,4676858084818517,4429,9807,Gold,Visa,50000,45156.49,4843.51,19,2026-07-19,242.18,34.33,15000.0,13551,440,2021-07-03,07/28,Yes,Disabled,Active
2829,4148651333705413,2718,11013,Classic,Visa,50000,49689.49,310.51,17,2026-08-01,15.53,47.83,15000.0,22345,152,2022-07-03,07/28,Yes,Disabled,Active
2830,4249684885029179,3145,9396,Classic,Visa,100000,47843.21,52156.79,27,2026-07-25,2607.84,40.24,30000.0,5100,596,2024-07-02,07/31,Yes,Disabled,Active
2831,4337805564261305,6190,3102,Gold,Mastercard,50000,12104.78,37895.22,19,2026-07-18,1894.76,41.76,15000.0,17516,885,2021-07-03,07/28,Yes,Disabled,Blocked
2832,4852994154959181,6060,14317,Platinum,American Express,500000,341229.29,158770.71,1,2026-08-01,7938.54,40.25,150000.0,16580,497,2026-07-02,07/30,Yes,Enabled,Closed
2833,4611142059362015,7325,3133,Gold,Mastercard,100000,71569.9,28430.1,9,2026-07-10,1421.51,43.06,30000.0,3578,885,2026-07-02,07/31,Yes,Disabled,Closed
2834,4328027588281080,8678,5785,Platinum,Mastercard,100000,35532.98,64467.02,6,2026-07-31,3223.35,33.64,30000.0,18232,477,2023-07-03,07/30,Yes,Disabled,Active
2835,4938773008550536,5647,10133,Classic,Visa,100000,86872.79,13127.21,14,2026-07-18,656.36,47.56,30000.0,21351,218,2026-07-02,07/31,No,Disabled,Active
2836,4492875524408386,5933,18617,Classic,Mastercard,100000,41042.46,58957.54,6,2026-07-25,2947.88,30.95,30000.0,889,527,2022-07-03,07/30,Yes,Enabled,Active
2837,4395238858925098,643,8049,Platinum,Visa,100000,22201.49,77798.51,18,2026-07-11,3889.93,30.99,30000.0,9184,531,2025-07-02,07/29,Yes,Enabled,Active
2838,4362124053433193,9155,8885,Gold,Visa,50000,20101.92,29898.08,4,2026-08-01,1494.9,31.99,15000.0,9165,559,2022-07-03,07/31,No,Enabled,Active
2839,4212578764077079,6107,18800,Gold,Mastercard,100000,97986.62,2013.38,28,2026-07-27,100.67,39.01,30000.0,15571,106,2024-07-02,07/31,Yes,Disabled,Active
2840,4576061797923376,2834,8067,Platinum,Visa,50000,39881.67,10118.33,24,2026-07-22,505.92,42.13,15000.0,7824,925,2026-07-02,07/28,Yes,Disabled,Active
2841,4904543209492357,440,15131,Gold,Mastercard,200000,23492.76,176507.24,25,2026-07-28,8825.36,37.24,60000.0,19031,453,2026-07-02,07/29,Yes,Disabled,Active
2842,4134643565868310,801,9940,Classic,Visa,100000,96020.48,3979.52,11,2026-07-28,198.98,39.4,30000.0,1776,275,2021-07-03,07/29,Yes,Disabled,Active
2843,4126155439189765,3581,14240,Classic,Mastercard,500000,48593.04,451406.96,22,2026-07-10,22570.35,34.58,150000.0,18824,180,2023-07-03,07/31,Yes,Disabled,Active
2844,4300192631230651,1902,19998,Gold,Visa,100000,38468.32,61531.68,16,2026-07-18,3076.58,40.42,30000.0,4862,210,2024-07-02,07/31,Yes,Enabled,Active
2845,4898483601217375,6871,12133,Gold,RuPay,50000,19988.58,30011.42,15,2026-07-11,1500.57,42.84,15000.0,5137,626,2024-07-02,07/31,Yes,Enabled,Active
2846,4307587071169043,623,19748,Classic,Visa,100000,95171.26,4828.74,3,2026-07-22,241.44,35.92,30000.0,7757,133,2021-07-03,07/28,Yes,Disabled,Active
2847,4386849227528803,2791,8275,Classic,Visa,100000,20494.65,79505.35,23,2026-07-08,3975.27,32.05,30000.0,2060,349,2024-07-02,07/31,Yes,Enabled,Active
2848,4833125213654251,4958,5877,Platinum,RuPay,100000,27226.37,72773.63,14,2026-07-14,3638.68,38.09,30000.0,23177,744,2022-07-03,07/31,Yes,Disabled,Active
2849,4689717931858958,9294,19124,Gold,Visa,50000,34933.51,15066.49,7,2026-07-07,753.32,44.02,15000.0,8828,769,2026-07-02,07/31,Yes,Disabled,Active
2850,4953335391077228,5029,13262,Gold,RuPay,500000,189529.2,310470.8,1,2026-07-17,15523.54,47.86,150000.0,6018,465,2022-07-03,07/31,Yes,Disabled,Active
2851,4067834545960845,4880,7948,Classic,Visa,1000000,530625.12,469374.88,16,2026-07-13,23468.74,30.13,300000.0,3391,206,2026-07-02,07/29,Yes,Disabled,Active
2852,4529127767732934,7395,8954,Gold,Visa,100000,67405.16,32594.84,27,2026-07-30,1629.74,46.67,30000.0,4717,897,2023-07-03,07/28,Yes,Enabled,Active
2853,4349254324323882,6337,19989,Classic,Mastercard,50000,11283.24,38716.76,2,2026-07-23,1935.84,36.84,15000.0,23203,435,2026-07-02,07/28,Yes,Enabled,Active
2854,4697248763630694,2674,1745,Classic,Visa,50000,39769.24,10230.76,17,2026-07-17,511.54,36.66,15000.0,6240,205,2021-07-03,07/29,Yes,Disabled,Expired
2855,4380357852446015,243,11515,Platinum,Mastercard,1000000,96773.34,903226.66,26,2026-07-26,45161.33,41.22,300000.0,24756,962,2022-07-03,07/28,Yes,Enabled,Active
2856,4359928514009948,8807,1404,Platinum,Mastercard,100000,45699.07,54300.93,16,2026-07-16,2715.05,36.06,30000.0,7975,381,2023-07-03,07/29,Yes,Disabled,Active
2857,4423641176605914,2240,2391,Platinum,RuPay,50000,22774.69,27225.31,25,2026-07-18,1361.27,42.51,15000.0,21543,181,2021-07-03,07/29,Yes,Disabled,Active
2858,4952822142287148,6419,11872,Gold,Mastercard,50000,15869.17,34130.83,10,2026-07-29,1706.54,34.72,15000.0,15736,344,2022-07-03,07/29,Yes,Disabled,Active
2859,4770896343836064,3691,14527,Classic,RuPay,100000,96190.46,3809.54,23,2026-07-10,190.48,30.32,30000.0,4700,555,2024-07-02,07/31,Yes,Disabled,Active
2860,4912093815583694,4020,13110,Gold,Visa,100000,35805.32,64194.68,15,2026-07-12,3209.73,42.85,30000.0,14828,232,2023-07-03,07/30,Yes,Disabled,Active
2861,4681723058499891,8623,5382,Gold,Visa,1000000,177633.41,822366.59,9,2026-07-16,41118.33,36.76,300000.0,21305,940,2025-07-02,07/31,Yes,Enabled,Blocked
2862,4563511120762246,2915,8442,Classic,Mastercard,500000,169474.76,330525.24,27,2026-08-01,16526.26,35.6,150000.0,3489,842,2023-07-03,07/31,Yes,Disabled,Active
2863,4657755500367026,9701,11622,Classic,Mastercard,200000,131109.97,68890.03,22,2026-07-12,3444.5,37.7,60000.0,9232,794,2021-07-03,07/28,Yes,Disabled,Active
2864,4731611973801485,3076,15014,Classic,Mastercard,1000000,696906.56,303093.44,26,2026-07-09,15154.67,40.73,300000.0,12780,566,2021-07-03,07/29,Yes,Disabled,Active
2865,4380601090410268,3538,895,Platinum,Visa,200000,23445.82,176554.18,13,2026-07-11,8827.71,37.78,60000.0,19425,906,2023-07-03,07/29,Yes,Disabled,Active
2866,4432959071095111,1522,15638,Classic,Visa,100000,79919.38,20080.62,8,2026-07-28,1004.03,43.49,30000.0,22753,702,2022-07-03,07/31,Yes,Disabled,Active
2867,4706615511895396,9066,19012,Classic,Visa,100000,33932.19,66067.81,12,2026-07-19,3303.39,38.43,30000.0,2246,967,2022-07-03,07/29,Yes,Enabled,Active
2868,4541705764440032,4800,4347,Gold,Mastercard,50000,36768.37,13231.63,9,2026-07-13,661.58,32.66,15000.0,11717,833,2022-07-03,07/31,Yes,Disabled,Active
2869,4847624042374339,5413,18572,Classic,Mastercard,50000,27032.71,22967.29,21,2026-07-08,1148.36,42.78,15000.0,19378,589,2024-07-02,07/29,Yes,Disabled,Active
2870,4373732222248869,3114,15109,Gold,Visa,100000,94558.96,5441.04,5,2026-07-14,272.05,31.0,30000.0,9209,622,2025-07-02,07/28,Yes,Disabled,Active
2871,4741413518975090,703,19651,Gold,Visa,200000,172090.7,27909.3,25,2026-07-18,1395.47,31.74,60000.0,9805,457,2026-07-02,07/30,Yes,Disabled,Active
2872,4500331246355778,9637,13223,Classic,Visa,200000,58994.34,141005.66,18,2026-07-17,7050.28,32.3,60000.0,2941,153,2026-07-02,07/31,Yes,Disabled,Active
2873,4847163283311309,8262,16801,Classic,RuPay,50000,28191.9,21808.1,18,2026-07-29,1090.4,44.54,15000.0,11204,289,2022-07-03,07/31,Yes,Disabled,Active
2874,4148448196526750,9029,12322,Gold,Mastercard,50000,20855.09,29144.91,22,2026-07-18,1457.25,31.07,15000.0,18381,334,2021-07-03,07/31,Yes,Disabled,Active
2875,4827691599766450,9821,1537,Gold,American Express,100000,28114.52,71885.48,11,2026-07-19,3594.27,42.14,30000.0,19446,638,2025-07-02,07/31,Yes,Disabled,Active
2876,4556891143203308,2019,6352,Classic,Mastercard,200000,52846.33,147153.67,18,2026-07-15,7357.68,30.05,60000.0,12977,919,2025-07-02,07/30,Yes,Disabled,Active
2877,4459759910738386,5842,5348,Gold,RuPay,100000,88099.4,11900.6,12,2026-07-21,595.03,42.37,30000.0,24324,495,2021-07-03,07/30,Yes,Disabled,Active
2878,4805002517491608,8109,2934,Platinum,Visa,200000,175116.44,24883.56,3,2026-07-11,1244.18,39.48,60000.0,14620,783,2021-07-03,07/29,Yes,Disabled,Active
2879,4437947303936582,8580,11934,Classic,Visa,50000,19008.79,30991.21,10,2026-08-01,1549.56,38.49,15000.0,13628,135,2021-07-03,07/31,Yes,Disabled,Active
2880,4674007199522662,2196,8145,Platinum,Visa,50000,41992.52,8007.48,5,2026-07-13,400.37,47.61,15000.0,5546,796,2021-07-03,07/30,Yes,Enabled,Active
2881,4983557009891200,1264,16239,Gold,Visa,100000,91314.12,8685.88,8,2026-07-15,434.29,47.78,30000.0,8535,502,2021-07-03,07/31,Yes,Disabled,Active
2882,4575809188583155,3113,19390,Platinum,Visa,100000,65298.74,34701.26,17,2026-07-24,1735.06,30.76,30000.0,9169,691,2021-07-03,07/28,Yes,Disabled,Active
2883,4931540472699658,5831,2834,Classic,RuPay,1000000,996544.49,3455.51,15,2026-07-28,172.78,43.14,300000.0,18217,910,2022-07-03,07/28,Yes,Disabled,Active
2884,4611237595371959,9463,9379,Platinum,American Express,100000,70551.56,29448.44,23,2026-07-08,1472.42,44.14,30000.0,18536,111,2024-07-02,07/29,Yes,Disabled,Expired
2885,4519454121978195,5193,9280,Gold,Visa,200000,155736.36,44263.64,20,2026-07-14,2213.18,30.45,60000.0,270,547,2022-07-03,07/31,Yes,Disabled,Active
2886,4575549707526172,9568,4484,Classic,Mastercard,50000,4393.21,45606.79,28,2026-07-30,2280.34,38.15,15000.0,2600,888,2021-07-03,07/30,Yes,Disabled,Active
2887,4149488018865831,7169,1640,Platinum,RuPay,200000,55540.54,144459.46,3,2026-07-09,7222.97,45.76,60000.0,14132,346,2025-07-02,07/29,Yes,Disabled,Active
2888,4416781777565827,3192,4394,Classic,Visa,100000,58740.24,41259.76,14,2026-07-16,2062.99,40.29,30000.0,11021,646,2023-07-03,07/30,Yes,Disabled,Active
2889,4080778416342000,9096,7942,Gold,RuPay,200000,193033.72,6966.28,16,2026-07-30,348.31,34.18,60000.0,6938,935,2026-07-02,07/28,Yes,Enabled,Active
2890,4879809928874222,2955,17640,Classic,Visa,200000,184084.23,15915.77,5,2026-07-15,795.79,42.91,60000.0,6140,687,2024-07-02,07/28,No,Disabled,Active
2891,4041703967282704,8463,7830,Classic,Visa,50000,12955.59,37044.41,10,2026-07-08,1852.22,43.85,15000.0,20535,977,2026-07-02,07/30,Yes,Enabled,Active
2892,4763103995943378,750,9286,Classic,Visa,50000,35209.77,14790.23,11,2026-07-11,739.51,43.05,15000.0,15754,859,2021-07-03,07/30,Yes,Disabled,Active
2893,4649440157424288,7859,11461,Classic,Visa,200000,62479.01,137520.99,13,2026-07-19,6876.05,46.25,60000.0,17266,899,2023-07-03,07/28,Yes,Disabled,Active
2894,4897451387630690,2526,7689,Classic,Visa,50000,46376.03,3623.97,24,2026-07-13,181.2,42.82,15000.0,23696,491,2023-07-03,07/30,Yes,Enabled,Active
2895,4655131647395697,3644,3165,Platinum,Mastercard,200000,14425.49,185574.51,14,2026-07-12,9278.73,33.1,60000.0,3116,369,2025-07-02,07/28,Yes,Disabled,Active
2896,4082288788793379,2949,14819,Classic,RuPay,500000,385188.9,114811.1,25,2026-07-29,5740.56,36.35,150000.0,3211,226,2025-07-02,07/29,Yes,Enabled,Active
2897,4234745774814841,6237,8412,Platinum,Mastercard,50000,30888.25,19111.75,6,2026-07-16,955.59,43.13,15000.0,3540,107,2026-07-02,07/31,Yes,Enabled,Active
2898,4480340100436769,8386,19182,Gold,Visa,100000,93563.58,6436.42,15,2026-07-21,321.82,33.99,30000.0,1889,208,2026-07-02,07/28,Yes,Enabled,Active
2899,4431231309916493,838,19728,Gold,RuPay,1000000,683181.76,316818.24,1,2026-07-10,15840.91,38.61,300000.0,23585,839,2026-07-02,07/30,Yes,Disabled,Active
2900,4872163108383152,1086,12844,Classic,Visa,200000,192959.99,7040.01,17,2026-07-30,352.0,36.66,60000.0,17971,880,2023-07-03,07/31,Yes,Enabled,Active
2901,4048346313057374,8506,17640,Gold,Visa,50000,28567.76,21432.24,11,2026-07-16,1071.61,31.21,15000.0,23228,993,2025-07-02,07/28,Yes,Disabled,Blocked
2902,4572628845848023,9987,8658,Classic,RuPay,100000,19622.61,80377.39,21,2026-07-17,4018.87,33.85,30000.0,8062,919,2022-07-03,07/31,Yes,Enabled,Active
2903,4579686064973981,8127,18158,Gold,Visa,500000,265020.86,234979.14,4,2026-07-13,11748.96,39.37,150000.0,10109,286,2026-07-02,07/28,Yes,Disabled,Blocked
2904,4443131825147780,3677,4365,Platinum,Visa,200000,62843.96,137156.04,26,2026-07-07,6857.8,38.72,60000.0,19469,965,2022-07-03,07/28,Yes,Disabled,Active
2905,4829010454174355,9795,15581,Classic,Visa,50000,48783.37,1216.63,12,2026-08-01,60.83,47.99,15000.0,20728,263,2022-07-03,07/28,Yes,Disabled,Active
2906,4543102954480837,4545,9209,Gold,American Express,50000,20791.14,29208.86,26,2026-07-24,1460.44,36.86,15000.0,1602,208,2026-07-02,07/28,Yes,Enabled,Active
2907,4155959374114702,4198,4985,Platinum,Visa,50000,35203.59,14796.41,5,2026-07-10,739.82,34.75,15000.0,1177,258,2024-07-02,07/29,Yes,Disabled,Active
2908,4631158273984936,8201,18674,Platinum,RuPay,50000,26468.22,23531.78,12,2026-07-14,1176.59,43.61,15000.0,8726,268,2024-07-02,07/30,Yes,Disabled,Active
2909,4175419356754142,847,17795,Platinum,Visa,100000,83554.39,16445.61,5,2026-07-16,822.28,44.82,30000.0,7419,182,2023-07-03,07/31,Yes,Disabled,Active
2910,4900484630274481,216,1037,Gold,RuPay,100000,50792.61,49207.39,11,2026-07-19,2460.37,41.84,30000.0,18983,559,2024-07-02,07/30,Yes,Disabled,Active
2911,4957763679557548,735,7817,Classic,Mastercard,50000,17033.11,32966.89,15,2026-07-13,1648.34,36.94,15000.0,11168,683,2025-07-02,07/31,Yes,Disabled,Active
2912,4388765470299089,2900,14641,Gold,American Express,500000,404234.59,95765.41,17,2026-07-27,4788.27,35.14,150000.0,3985,112,2023-07-03,07/31,Yes,Disabled,Active
2913,4491079528873509,4541,19968,Classic,Visa,200000,74711.39,125288.61,25,2026-07-27,6264.43,34.26,60000.0,497,456,2021-07-03,07/29,Yes,Disabled,Blocked
2914,4890970566719935,763,17248,Gold,Visa,500000,427930.29,72069.71,16,2026-07-27,3603.49,43.93,150000.0,24910,342,2022-07-03,07/30,Yes,Enabled,Active
2915,4773944066586758,4891,13848,Gold,Mastercard,500000,266930.65,233069.35,21,2026-07-27,11653.47,34.47,150000.0,16979,609,2024-07-02,07/28,Yes,Enabled,Active
2916,4737522736773880,4900,14786,Classic,Mastercard,50000,40382.13,9617.87,20,2026-07-18,480.89,30.36,15000.0,10353,379,2024-07-02,07/29,Yes,Disabled,Active
2917,4903116720526439,6427,17940,Platinum,Mastercard,50000,25305.55,24694.45,13,2026-07-24,1234.72,45.18,15000.0,12865,796,2023-07-03,07/31,Yes,Enabled,Active
2918,4484881855492359,2658,19274,Classic,Visa,50000,26944.23,23055.77,14,2026-07-19,1152.79,31.89,15000.0,7890,765,2024-07-02,07/31,Yes,Enabled,Active
2919,4805091710172109,7519,13196,Classic,Visa,100000,72587.44,27412.56,8,2026-07-07,1370.63,34.15,30000.0,16707,524,2025-07-02,07/28,Yes,Disabled,Active
2920,4200484669618215,9269,3196,Gold,Visa,100000,78019.61,21980.39,2,2026-07-28,1099.02,45.83,30000.0,4200,974,2024-07-02,07/28,Yes,Enabled,Active
2921,4113586162099061,102,14825,Signature,Visa,50000,39977.58,10022.42,9,2026-07-15,501.12,43.15,15000.0,17526,753,2024-07-02,07/30,Yes,Disabled,Active
2922,4399736766333343,2391,796,Signature,Mastercard,200000,105629.12,94370.88,25,2026-07-29,4718.54,33.72,60000.0,21908,355,2024-07-02,07/28,Yes,Disabled,Active
2923,4397202790097192,3390,4646,Gold,Mastercard,100000,71696.19,28303.81,14,2026-07-09,1415.19,40.68,30000.0,7979,120,2026-07-02,07/29,Yes,Disabled,Active
2924,4350580943747120,8621,17759,Gold,RuPay,50000,40157.52,9842.48,20,2026-07-16,492.12,37.25,15000.0,14315,260,2022-07-03,07/28,Yes,Disabled,Active
2925,4169432056061050,6383,19182,Platinum,Mastercard,50000,25776.47,24223.53,17,2026-07-31,1211.18,47.99,15000.0,8598,904,2024-07-02,07/31,Yes,Enabled,Active
2926,4223323653903298,8335,12047,Classic,Visa,100000,87456.39,12543.61,15,2026-07-26,627.18,42.85,30000.0,18830,441,2022-07-03,07/28,Yes,Disabled,Active
2927,4251941488782566,5938,8930,Classic,Visa,50000,42228.06,7771.94,22,2026-07-28,388.6,33.81,15000.0,13699,926,2025-07-02,07/28,Yes,Disabled,Active
2928,4300062856646753,8866,13469,Classic,Visa,50000,27403.0,22597.0,22,2026-07-26,1129.85,31.07,15000.0,20287,499,2026-07-02,07/30,Yes,Enabled,Active
2929,4261320524445265,8274,16484,Gold,RuPay,50000,45620.68,4379.32,12,2026-07-24,218.97,46.28,15000.0,10098,765,2024-07-02,07/30,Yes,Disabled,Active
2930,4718499586876263,4686,605,Classic,American Express,50000,9020.23,40979.77,2,2026-07-10,2048.99,43.83,15000.0,9032,703,2026-07-02,07/29,Yes,Enabled,Active
2931,4313234432823122,4269,19622,Classic,Visa,100000,15400.13,84599.87,1,2026-07-10,4229.99,47.44,30000.0,12588,920,2022-07-03,07/30,Yes,Disabled,Active
2932,4326803159713843,9515,4833,Gold,Mastercard,500000,295788.66,204211.34,27,2026-07-07,10210.57,37.03,150000.0,18615,133,2024-07-02,07/31,Yes,Disabled,Active
2933,4484649698334707,5615,2969,Gold,Visa,50000,37036.03,12963.97,22,2026-07-24,648.2,30.37,15000.0,4698,406,2025-07-02,07/28,No,Disabled,Active
2934,4738233987411463,7389,18618,Signature,Mastercard,50000,20895.63,29104.37,14,2026-07-21,1455.22,42.56,15000.0,18785,968,2023-07-03,07/28,Yes,Disabled,Closed
2935,4747935963987989,8539,13018,Platinum,Mastercard,200000,117250.07,82749.93,2,2026-07-28,4137.5,40.21,60000.0,5079,269,2023-07-03,07/29,Yes,Disabled,Active
2936,4643591644628720,9583,10350,Gold,Visa,100000,10976.54,89023.46,6,2026-07-23,4451.17,36.7,30000.0,7086,681,2025-07-02,07/28,No,Disabled,Active
2937,4664300603950995,2203,33,Classic,Mastercard,200000,23159.6,176840.4,7,2026-07-24,8842.02,34.11,60000.0,23201,153,2024-07-02,07/28,Yes,Disabled,Active
2938,4235162733422816,2467,14852,Classic,RuPay,50000,29955.88,20044.12,6,2026-07-14,1002.21,38.92,15000.0,14799,286,2026-07-02,07/30,No,Disabled,Active
2939,4353554123066921,2199,12886,Gold,Visa,50000,49241.24,758.76,28,2026-07-23,37.94,47.51,15000.0,23754,173,2022-07-03,07/29,Yes,Disabled,Active
2940,4016994524509540,4040,15294,Classic,Visa,100000,15496.72,84503.28,21,2026-07-29,4225.16,35.88,30000.0,4771,615,2021-07-03,07/30,Yes,Enabled,Active
2941,4004465994587133,7361,18501,Classic,Mastercard,50000,39182.16,10817.84,26,2026-07-28,540.89,42.86,15000.0,19952,315,2025-07-02,07/28,Yes,Disabled,Active
2942,4198630761222537,519,14915,Gold,Visa,50000,7730.2,42269.8,20,2026-07-26,2113.49,44.94,15000.0,16941,169,2023-07-03,07/30,Yes,Disabled,Active
2943,4282142094388871,1370,16422,Gold,Visa,100000,82288.77,17711.23,20,2026-07-15,885.56,44.32,30000.0,6444,108,2024-07-02,07/30,Yes,Disabled,Active
2944,4020398230624498,3561,847,Classic,RuPay,100000,60852.02,39147.98,7,2026-07-09,1957.4,33.33,30000.0,14232,950,2021-07-03,07/30,Yes,Enabled,Active
2945,4539041705543934,2261,8540,Gold,American Express,50000,10853.9,39146.1,7,2026-07-24,1957.31,40.22,15000.0,4254,973,2022-07-03,07/31,Yes,Disabled,Active
2946,4977681956115367,3450,12488,Gold,American Express,100000,14025.37,85974.63,16,2026-07-13,4298.73,41.67,30000.0,12119,746,2022-07-03,07/30,Yes,Enabled,Active
2947,4357547191820575,8045,941,Signature,Visa,100000,22878.75,77121.25,17,2026-07-15,3856.06,35.58,30000.0,24617,526,2024-07-02,07/28,Yes,Enabled,Active
2948,4194065701092032,7945,13231,Platinum,Visa,200000,80318.09,119681.91,19,2026-07-31,5984.1,42.27,60000.0,17699,208,2024-07-02,07/30,Yes,Disabled,Active
2949,4401422913942078,6412,3320,Classic,Visa,50000,47543.91,2456.09,24,2026-07-20,122.8,38.64,15000.0,10227,197,2021-07-03,07/31,Yes,Enabled,Active
2950,4253325081257275,7808,7131,Gold,Mastercard,200000,198507.69,1492.31,23,2026-07-08,74.62,41.73,60000.0,8225,392,2022-07-03,07/28,Yes,Disabled,Active
2951,4175664943040405,2959,1179,Platinum,Visa,50000,25457.43,24542.57,6,2026-07-30,1227.13,43.19,15000.0,12497,300,2026-07-02,07/29,Yes,Disabled,Active
2952,4445686920536522,2062,3930,Gold,RuPay,100000,90190.23,9809.77,25,2026-07-23,490.49,33.11,30000.0,6298,188,2024-07-02,07/30,Yes,Disabled,Active
2953,4406923051558203,2021,374,Classic,Visa,100000,95149.47,4850.53,23,2026-07-26,242.53,47.79,30000.0,11019,194,2023-07-03,07/30,Yes,Enabled,Active
2954,4484155143386548,7952,8624,Classic,RuPay,50000,2831.49,47168.51,24,2026-07-19,2358.43,39.23,15000.0,5342,343,2024-07-02,07/28,Yes,Enabled,Active
2955,4160597859268906,8765,4736,Gold,Visa,500000,291912.88,208087.12,27,2026-07-24,10404.36,42.45,150000.0,9697,684,2024-07-02,07/30,Yes,Enabled,Active
2956,4886589043326006,9815,16606,Classic,Visa,50000,13517.72,36482.28,8,2026-07-18,1824.11,30.81,15000.0,3019,438,2021-07-03,07/29,Yes,Enabled,Active
2957,4355800010617062,4865,7971,Classic,RuPay,200000,74540.41,125459.59,16,2026-07-23,6272.98,30.27,60000.0,3745,189,2022-07-03,07/28,Yes,Disabled,Active
2958,4389946273350740,5052,17754,Platinum,Visa,100000,22630.85,77369.15,27,2026-07-07,3868.46,33.57,30000.0,16211,426,2025-07-02,07/30,Yes,Disabled,Active
2959,4773254573274148,1602,169,Classic,Mastercard,200000,13922.21,186077.79,18,2026-07-24,9303.89,36.73,60000.0,22831,244,2022-07-03,07/28,Yes,Disabled,Active
2960,4135268831033471,9152,17008,Classic,Mastercard,200000,187672.42,12327.58,9,2026-07-09,616.38,44.26,60000.0,11866,498,2023-07-03,07/31,Yes,Enabled,Active
2961,4641828210421238,8862,1469,Classic,American Express,50000,22192.35,27807.65,22,2026-07-21,1390.38,40.88,15000.0,23238,916,2021-07-03,07/31,Yes,Disabled,Active
2962,4469514893185746,7605,8465,Gold,RuPay,50000,10651.63,39348.37,6,2026-07-27,1967.42,41.4,15000.0,19598,669,2023-07-03,07/31,No,Disabled,Active
2963,4530989081670076,2496,15638,Platinum,Visa,100000,90351.46,9648.54,20,2026-07-18,482.43,37.46,30000.0,5130,455,2026-07-02,07/30,Yes,Disabled,Active
2964,4190643443947072,7746,2032,Classic,Mastercard,50000,27251.84,22748.16,5,2026-07-30,1137.41,45.75,15000.0,6012,766,2024-07-02,07/30,No,Disabled,Closed
2965,4856421049907980,9182,10702,Classic,Visa,50000,32124.71,17875.29,3,2026-07-15,893.76,40.79,15000.0,24199,741,2021-07-03,07/30,Yes,Disabled,Active
2966,4647482227048145,2722,8184,Platinum,Visa,500000,444145.47,55854.53,12,2026-07-25,2792.73,38.51,150000.0,5069,895,2021-07-03,07/31,Yes,Disabled,Active
2967,4955103039579547,6895,11632,Classic,American Express,100000,27666.68,72333.32,24,2026-07-11,3616.67,46.84,30000.0,11408,486,2024-07-02,07/30,Yes,Disabled,Active
2968,4600455772135258,9518,2244,Classic,Visa,100000,52922.99,47077.01,13,2026-07-23,2353.85,46.27,30000.0,43,286,2022-07-03,07/28,Yes,Disabled,Active
2969,4241208259525752,7119,7678,Classic,RuPay,100000,74122.15,25877.85,2,2026-07-19,1293.89,37.08,30000.0,13256,141,2024-07-02,07/30,Yes,Enabled,Active
2970,4191183185156479,8073,1022,Signature,Mastercard,100000,5565.72,94434.28,11,2026-07-14,4721.71,38.55,30000.0,17469,734,2024-07-02,07/28,Yes,Disabled,Active
2971,4257424373954016,2700,5255,Signature,Mastercard,100000,42553.05,57446.95,1,2026-07-10,2872.35,47.18,30000.0,18696,241,2021-07-03,07/29,Yes,Disabled,Active
2972,4936081499478692,3607,407,Gold,Visa,200000,47476.69,152523.31,7,2026-07-30,7626.17,38.9,60000.0,17338,135,2022-07-03,07/29,Yes,Disabled,Active
2973,4642124520714222,2743,11085,Gold,Mastercard,50000,40800.04,9199.96,21,2026-07-21,460.0,42.12,15000.0,6123,991,2026-07-02,07/31,Yes,Disabled,Active
2974,4849532617988708,8794,7503,Classic,Visa,50000,6803.08,43196.92,16,2026-08-01,2159.85,47.33,15000.0,5380,199,2022-07-03,07/29,Yes,Disabled,Active
2975,4191594896281845,6681,10724,Classic,Visa,200000,37849.55,162150.45,10,2026-07-10,8107.52,30.08,60000.0,16243,860,2024-07-02,07/31,Yes,Disabled,Active
2976,4543040573744124,6747,15366,Gold,Visa,200000,68804.27,131195.73,15,2026-07-11,6559.79,44.19,60000.0,7924,776,2026-07-02,07/31,Yes,Enabled,Active
2977,4534191333806205,5334,6657,Classic,American Express,50000,38157.94,11842.06,23,2026-07-19,592.1,30.75,15000.0,21936,880,2026-07-02,07/28,Yes,Disabled,Active
2978,4196603313955123,4870,4775,Platinum,Visa,50000,43250.8,6749.2,22,2026-07-31,337.46,32.32,15000.0,23563,279,2023-07-03,07/28,Yes,Enabled,Active
2979,4823926687822029,1116,15205,Gold,Mastercard,100000,65113.62,34886.38,8,2026-07-26,1744.32,42.53,30000.0,23946,445,2021-07-03,07/30,Yes,Enabled,Active
2980,4879493302436284,7493,4647,Platinum,Mastercard,200000,67792.83,132207.17,12,2026-07-27,6610.36,35.5,60000.0,7680,689,2021-07-03,07/28,No,Enabled,Active
2981,4699116352984596,7502,4382,Classic,Visa,50000,20160.2,29839.8,26,2026-07-25,1491.99,41.83,15000.0,13438,816,2026-07-02,07/28,Yes,Disabled,Active
2982,4084216291005777,8803,5006,Platinum,Visa,50000,13575.24,36424.76,3,2026-07-21,1821.24,31.86,15000.0,23220,181,2022-07-03,07/28,Yes,Disabled,Active
2983,4502089542167424,5696,1826,Classic,Visa,50000,42752.59,7247.41,7,2026-07-15,362.37,40.18,15000.0,6285,649,2021-07-03,07/28,Yes,Disabled,Active
2984,4873098383606404,1646,12963,Signature,Mastercard,500000,458699.29,41300.71,21,2026-07-31,2065.04,45.03,150000.0,8615,565,2025-07-02,07/30,Yes,Enabled,Active
2985,4079663848859954,7893,10386,Classic,Visa,1000000,501230.78,498769.22,5,2026-08-01,24938.46,45.79,300000.0,24590,562,2023-07-03,07/29,Yes,Disabled,Active
2986,4269477275284920,9201,17180,Classic,RuPay,200000,149070.98,50929.02,10,2026-07-16,2546.45,35.99,60000.0,22612,797,2026-07-02,07/29,Yes,Enabled,Active
2987,4218793793185089,1456,6052,Gold,Mastercard,50000,13127.69,36872.31,22,2026-07-12,1843.62,47.73,15000.0,5542,960,2024-07-02,07/30,Yes,Disabled,Active
2988,4182194945489865,7184,8748,Classic,Visa,1000000,913591.69,86408.31,27,2026-07-11,4320.42,30.54,300000.0,18780,828,2023-07-03,07/30,Yes,Disabled,Active
2989,4318780968153314,8191,14051,Classic,Mastercard,50000,27389.08,22610.92,17,2026-07-22,1130.55,44.0,15000.0,18628,662,2023-07-03,07/31,No,Disabled,Active
2990,4851784393720633,2388,10569,Platinum,RuPay,50000,28548.01,21451.99,13,2026-07-24,1072.6,30.2,15000.0,16291,645,2025-07-02,07/29,Yes,Disabled,Expired
2991,4365347061417172,6021,10827,Classic,Visa,200000,82936.57,117063.43,10,2026-07-23,5853.17,31.8,60000.0,15394,144,2025-07-02,07/31,No,Disabled,Expired
2992,4089316848201986,5694,11234,Gold,Mastercard,1000000,447467.67,552532.33,2,2026-07-22,27626.62,43.31,300000.0,23295,407,2026-07-02,07/30,Yes,Enabled,Active
2993,4581752347881314,5185,19599,Classic,Mastercard,100000,56750.38,43249.62,14,2026-07-07,2162.48,38.88,30000.0,16204,760,2022-07-03,07/30,Yes,Enabled,Active
2994,4682975306344457,9323,19401,Gold,RuPay,500000,485607.21,14392.79,26,2026-07-21,719.64,34.84,150000.0,20473,288,2024-07-02,07/31,Yes,Enabled,Active
2995,4711800524080820,4718,1884,Classic,RuPay,50000,6557.04,43442.96,9,2026-07-08,2172.15,43.21,15000.0,1421,514,2025-07-02,07/31,Yes,Enabled,Active
2996,4332610816260974,6406,3479,Classic,Visa,1000000,432781.52,567218.48,14,2026-07-22,28360.92,43.08,300000.0,15949,118,2023-07-03,07/30,Yes,Disabled,Active
2997,4365999992085669,1986,16703,Classic,Visa,50000,24590.22,25409.78,27,2026-07-07,1270.49,41.47,15000.0,11484,734,2024-07-02,07/29,No,Disabled,Active
2998,4024001067214867,2670,4196,Platinum,RuPay,50000,27048.09,22951.91,10,2026-07-19,1147.6,44.22,15000.0,7507,942,2022-07-03,07/30,Yes,Enabled,Active
2999,4318602548368765,3081,12457,Platinum,Visa,100000,11527.02,88472.98,24,2026-07-26,4423.65,37.48,30000.0,14535,742,2026-07-02,07/29,No,Disabled,Active
3000,4041772177400649,8563,12072,Classic,Mastercard,500000,147237.35,352762.65,14,2026-07-28,17638.13,41.24,150000.0,10487,702,2021-07-03,07/30,Yes,Disabled,Active
3001,4371442350078802,7626,15163,Gold,Mastercard,100000,15177.49,84822.51,2,2026-07-11,4241.13,35.0,30000.0,5016,697,2024-07-02,07/31,Yes,Disabled,Active
3002,4437794439493067,7474,97,Gold,Visa,50000,10880.45,39119.55,8,2026-08-01,1955.98,38.49,15000.0,14021,588,2025-07-02,07/31,Yes,Enabled,Active
3003,4972254531471833,3219,13615,Classic,American Express,500000,365257.53,134742.47,6,2026-08-01,6737.12,34.43,150000.0,17071,921,2025-07-02,07/28,Yes,Disabled,Active
3004,4105482196648030,2991,17166,Classic,Visa,200000,38168.28,161831.72,17,2026-07-22,8091.59,35.62,60000.0,6828,703,2026-07-02,07/28,Yes,Enabled,Active
3005,4052315958476204,8588,3641,Classic,Visa,100000,34365.51,65634.49,3,2026-07-21,3281.72,35.49,30000.0,20775,208,2024-07-02,07/31,Yes,Disabled,Active
3006,4994374048866672,8324,17188,Gold,Mastercard,200000,59301.97,140698.03,13,2026-07-09,7034.9,31.77,60000.0,14662,272,2024-07-02,07/31,Yes,Disabled,Active
3007,4637906620070553,1637,10097,Classic,RuPay,100000,12520.09,87479.91,28,2026-07-10,4374.0,44.34,30000.0,5755,514,2023-07-03,07/29,Yes,Enabled,Active
3008,4026640778340832,4852,14478,Classic,Mastercard,50000,37970.45,12029.55,18,2026-07-19,601.48,34.56,15000.0,19700,983,2023-07-03,07/28,Yes,Disabled,Active
3009,4670554009720261,8474,15751,Gold,Visa,100000,26963.2,73036.8,3,2026-07-08,3651.84,42.8,30000.0,21224,837,2026-07-02,07/29,No,Disabled,Active
3010,4739346514299324,1474,19680,Classic,Mastercard,50000,44152.67,5847.33,1,2026-07-25,292.37,34.81,15000.0,11043,631,2023-07-03,07/29,Yes,Disabled,Active
3011,4011508865687748,5585,13685,Gold,Visa,50000,26400.08,23599.92,23,2026-07-10,1180.0,43.3,15000.0,1139,264,2026-07-02,07/28,Yes,Disabled,Active
3012,4144429170628031,6289,13062,Gold,Mastercard,50000,48863.86,1136.14,16,2026-07-27,56.81,40.88,15000.0,6569,187,2023-07-03,07/31,Yes,Disabled,Active
3013,4185874121669536,9998,12465,Gold,Visa,100000,20051.28,79948.72,4,2026-07-16,3997.44,42.93,30000.0,20319,550,2021-07-03,07/28,No,Disabled,Active
3014,4087894915951833,221,4366,Classic,Mastercard,50000,31881.5,18118.5,17,2026-07-18,905.93,34.46,15000.0,14581,876,2024-07-02,07/30,Yes,Disabled,Active
3015,4740244723150521,5958,8530,Platinum,Visa,100000,36769.76,63230.24,21,2026-07-31,3161.51,32.26,30000.0,10894,268,2021-07-03,07/30,Yes,Disabled,Active
3016,4235505198120536,3782,6146,Platinum,Visa,50000,17857.1,32142.9,18,2026-07-28,1607.15,42.51,15000.0,20999,292,2021-07-03,07/28,Yes,Disabled,Active
3017,4524167170147888,8659,4436,Platinum,Mastercard,50000,41160.38,8839.62,11,2026-07-09,441.98,42.47,15000.0,6444,231,2022-07-03,07/28,Yes,Disabled,Active
3018,4256356923924679,1718,15264,Gold,Mastercard,100000,77342.09,22657.91,7,2026-07-16,1132.9,36.41,30000.0,1638,691,2024-07-02,07/29,Yes,Enabled,Active
3019,4763954467720916,3592,1155,Platinum,Mastercard,50000,30579.65,19420.35,26,2026-07-21,971.02,30.88,15000.0,9885,753,2023-07-03,07/29,Yes,Disabled,Active
3020,4333296155347946,6535,410,Gold,American Express,100000,28559.39,71440.61,15,2026-07-29,3572.03,33.45,30000.0,615,810,2023-07-03,07/30,Yes,Enabled,Active
3021,4890848527685071,2387,16120,Gold,Mastercard,200000,192497.96,7502.04,1,2026-07-23,375.1,40.44,60000.0,20301,207,2021-07-03,07/29,Yes,Disabled,Active
3022,4570099855591166,8204,17448,Platinum,Mastercard,100000,36247.5,63752.5,28,2026-07-30,3187.62,30.61,30000.0,8071,156,2026-07-02,07/28,Yes,Disabled,Blocked
3023,4214874382299475,7730,11701,Platinum,Mastercard,100000,91680.99,8319.01,22,2026-07-31,415.95,40.56,30000.0,12501,893,2025-07-02,07/31,No,Disabled,Active
3024,4240783025767386,567,15308,Classic,Visa,200000,161670.22,38329.78,18,2026-07-24,1916.49,46.42,60000.0,14963,357,2022-07-03,07/30,Yes,Disabled,Active
3025,4094280659479724,8258,15741,Classic,Visa,500000,40928.38,459071.62,12,2026-07-30,22953.58,46.59,150000.0,19328,673,2023-07-03,07/31,Yes,Enabled,Active
3026,4881817365943440,7543,620,Platinum,Visa,100000,76149.91,23850.09,15,2026-07-28,1192.5,47.38,30000.0,5731,921,2025-07-02,07/29,Yes,Enabled,Active
3027,4594712598447922,6519,6192,Classic,Visa,50000,8219.84,41780.16,8,2026-07-17,2089.01,40.65,15000.0,18074,845,2024-07-02,07/31,Yes,Disabled,Active
3028,4874734009822370,6514,967,Classic,Mastercard,100000,66937.15,33062.85,25,2026-07-20,1653.14,41.55,30000.0,7326,728,2025-07-02,07/30,Yes,Disabled,Active
3029,4654841927806843,3352,10863,Classic,Mastercard,50000,38896.73,11103.27,23,2026-07-15,555.16,37.38,15000.0,22665,227,2022-07-03,07/28,Yes,Disabled,Active
3030,4732463432374032,5514,5943,Classic,Mastercard,200000,117530.81,82469.19,13,2026-07-20,4123.46,34.57,60000.0,13949,806,2024-07-02,07/28,No,Disabled,Active
3031,4713890780517464,7344,6991,Platinum,Visa,50000,3140.98,46859.02,18,2026-08-01,2342.95,34.05,15000.0,4577,312,2021-07-03,07/29,Yes,Enabled,Active
3032,4868894220465968,8717,2131,Gold,Mastercard,50000,45546.61,4453.39,7,2026-07-16,222.67,39.79,15000.0,5613,531,2024-07-02,07/30,Yes,Disabled,Active
3033,4850531836003967,9014,5474,Platinum,Mastercard,1000000,474193.39,525806.61,15,2026-07-08,26290.33,40.73,300000.0,10831,129,2026-07-02,07/31,Yes,Disabled,Active
3034,4687992552359978,2481,16687,Gold,American Express,200000,167820.19,32179.81,18,2026-07-09,1608.99,37.59,60000.0,9915,464,2025-07-02,07/31,Yes,Enabled,Active
3035,4493504431730584,9816,13422,Signature,Mastercard,500000,473992.09,26007.91,23,2026-07-16,1300.4,32.63,150000.0,13409,485,2023-07-03,07/28,Yes,Disabled,Active
3036,4177568842615561,2070,16887,Platinum,American Express,50000,12225.13,37774.87,3,2026-07-11,1888.74,41.78,15000.0,20563,526,2025-07-02,07/29,Yes,Disabled,Active
3037,4841282922538969,5396,19201,Gold,Visa,100000,57537.27,42462.73,27,2026-07-23,2123.14,47.26,30000.0,7421,102,2024-07-02,07/28,Yes,Enabled,Active
3038,4285326270253701,1263,16001,Classic,Visa,100000,15764.45,84235.55,1,2026-07-27,4211.78,37.48,30000.0,1125,369,2022-07-03,07/28,Yes,Enabled,Active
3039,4802732041641116,5860,632,Classic,Visa,50000,14533.3,35466.7,5,2026-07-20,1773.34,33.92,15000.0,476,186,2025-07-02,07/28,Yes,Disabled,Active
3040,4615614339167357,3467,16637,Classic,Mastercard,200000,128350.31,71649.69,28,2026-07-30,3582.48,34.26,60000.0,13055,646,2021-07-03,07/29,Yes,Disabled,Active
3041,4724761422678838,8907,14903,Signature,Mastercard,500000,434521.71,65478.29,17,2026-07-25,3273.91,45.01,150000.0,20150,781,2024-07-02,07/29,Yes,Disabled,Active
3042,4585828877577050,3089,2633,Classic,Mastercard,200000,102330.08,97669.92,28,2026-07-15,4883.5,30.64,60000.0,21207,239,2022-07-03,07/30,Yes,Disabled,Blocked
3043,4868969442279808,8383,19437,Classic,Mastercard,50000,46930.83,3069.17,3,2026-07-25,153.46,39.47,15000.0,8000,881,2021-07-03,07/29,Yes,Enabled,Active
3044,4828774286072837,8455,7749,Classic,Visa,100000,71796.41,28203.59,16,2026-07-26,1410.18,43.78,30000.0,6839,332,2022-07-03,07/30,No,Disabled,Active
3045,4411069525562848,7506,15770,Gold,Mastercard,50000,46634.88,3365.12,6,2026-07-31,168.26,31.01,15000.0,4320,656,2021-07-03,07/30,Yes,Disabled,Active
3046,4821945264157468,3926,10422,Classic,Visa,50000,30366.8,19633.2,24,2026-07-31,981.66,31.44,15000.0,13550,286,2023-07-03,07/29,Yes,Enabled,Active
3047,4124648907344036,4770,16139,Gold,Visa,50000,17570.71,32429.29,4,2026-07-15,1621.46,33.84,15000.0,21131,809,2023-07-03,07/28,No,Enabled,Active
3048,4324409943967343,7755,1928,Classic,Mastercard,50000,43816.25,6183.75,23,2026-07-21,309.19,35.66,15000.0,86,564,2025-07-02,07/30,Yes,Disabled,Active
3049,4260164413488708,9064,17721,Classic,Visa,200000,187095.75,12904.25,24,2026-07-19,645.21,44.35,60000.0,14745,264,2025-07-02,07/30,Yes,Enabled,Active
3050,4383943375449433,8373,7845,Classic,Mastercard,50000,48243.56,1756.44,14,2026-07-26,87.82,47.27,15000.0,19833,789,2024-07-02,07/28,Yes,Disabled,Active
3051,4049631914193877,5667,10520,Gold,Mastercard,50000,23473.32,26526.68,10,2026-07-16,1326.33,42.46,15000.0,6012,394,2026-07-02,07/31,Yes,Disabled,Active
3052,4597179598301720,3427,1349,Gold,RuPay,100000,85209.22,14790.78,2,2026-07-24,739.54,45.86,30000.0,20800,180,2021-07-03,07/31,Yes,Disabled,Active
3053,4553762382913005,4454,10622,Signature,RuPay,50000,24817.06,25182.94,28,2026-07-18,1259.15,37.21,15000.0,15652,538,2026-07-02,07/28,Yes,Enabled,Active
3054,4083293783310573,302,3141,Classic,Mastercard,50000,29644.42,20355.58,11,2026-07-27,1017.78,45.81,15000.0,13963,237,2024-07-02,07/28,Yes,Disabled,Active
3055,4173321922800924,7772,13097,Classic,American Express,100000,95086.83,4913.17,21,2026-07-15,245.66,47.2,30000.0,19729,913,2025-07-02,07/31,Yes,Disabled,Active
3056,4706183722493138,7731,3347,Classic,RuPay,200000,46861.0,153139.0,21,2026-07-19,7656.95,38.95,60000.0,16053,605,2023-07-03,07/28,Yes,Disabled,Active
3057,4887079819175229,5748,14567,Classic,Mastercard,100000,26349.96,73650.04,7,2026-07-09,3682.5,41.59,30000.0,23106,633,2022-07-03,07/28,Yes,Disabled,Active
3058,4246898786688500,6655,8621,Classic,Visa,50000,32008.54,17991.46,16,2026-07-14,899.57,33.74,15000.0,12017,148,2021-07-03,07/30,No,Disabled,Active
3059,4481315966428584,4399,9728,Classic,Visa,500000,192728.44,307271.56,13,2026-07-26,15363.58,44.06,150000.0,22602,773,2026-07-02,07/29,Yes,Disabled,Active
3060,4474203942078484,8686,14422,Classic,Visa,50000,37090.87,12909.13,21,2026-07-21,645.46,31.58,15000.0,20663,351,2024-07-02,07/31,Yes,Enabled,Closed
3061,4234226846704211,5228,5793,Classic,Mastercard,200000,187216.34,12783.66,24,2026-07-12,639.18,33.98,60000.0,19084,112,2022-07-03,07/31,Yes,Enabled,Active
3062,4362639531612657,697,16119,Platinum,Visa,100000,94150.75,5849.25,8,2026-07-20,292.46,35.28,30000.0,111,302,2026-07-02,07/31,Yes,Enabled,Active
3063,4963833668236203,896,14253,Signature,Visa,1000000,289276.55,710723.45,19,2026-07-17,35536.17,46.1,300000.0,5826,502,2025-07-02,07/30,Yes,Enabled,Active
3064,4430004053405272,7152,17624,Classic,Mastercard,50000,48622.93,1377.07,2,2026-07-19,68.85,40.13,15000.0,22113,248,2022-07-03,07/28,Yes,Disabled,Active
3065,4761280080198283,8175,10555,Classic,Mastercard,200000,101772.4,98227.6,21,2026-07-29,4911.38,40.06,60000.0,22433,991,2022-07-03,07/30,Yes,Disabled,Active
3066,4495546427963806,5388,18088,Classic,Mastercard,50000,44031.28,5968.72,12,2026-07-12,298.44,38.09,15000.0,19720,881,2025-07-02,07/31,Yes,Disabled,Active
3067,4620426900549489,5446,599,Classic,Mastercard,200000,77368.08,122631.92,3,2026-07-23,6131.6,30.49,60000.0,11260,700,2023-07-03,07/29,Yes,Disabled,Active
3068,4674973709823456,2909,17765,Platinum,Mastercard,200000,154606.59,45393.41,11,2026-07-13,2269.67,46.71,60000.0,829,687,2025-07-02,07/29,Yes,Disabled,Active
3069,4689582971573650,1363,6197,Platinum,Mastercard,100000,87631.09,12368.91,16,2026-07-30,618.45,44.34,30000.0,18388,877,2024-07-02,07/28,No,Disabled,Active
3070,4762084127778893,5301,18994,Gold,Visa,200000,130571.21,69428.79,15,2026-07-09,3471.44,42.32,60000.0,13740,615,2024-07-02,07/31,Yes,Disabled,Active
3071,4046261786284406,5020,9584,Gold,Visa,100000,87787.39,12212.61,12,2026-07-07,610.63,41.67,30000.0,1317,625,2024-07-02,07/28,Yes,Disabled,Active
3072,4094855532502700,7526,18007,Classic,Mastercard,50000,18304.51,31695.49,25,2026-07-23,1584.77,34.37,15000.0,14881,719,2023-07-03,07/28,Yes,Disabled,Active
3073,4081250527460780,4614,14521,Gold,RuPay,200000,90972.39,109027.61,24,2026-07-12,5451.38,34.43,60000.0,5668,780,2021-07-03,07/28,No,Disabled,Active
3074,4885239751437614,5285,2009,Classic,Visa,50000,11159.32,38840.68,4,2026-07-22,1942.03,32.75,15000.0,23874,383,2021-07-03,07/28,Yes,Disabled,Active
3075,4977011097692550,8916,12745,Classic,Mastercard,100000,9282.54,90717.46,19,2026-07-18,4535.87,40.32,30000.0,21099,974,2023-07-03,07/31,Yes,Enabled,Active
3076,4724930587276667,5299,3901,Classic,RuPay,50000,18537.17,31462.83,27,2026-07-18,1573.14,33.56,15000.0,943,227,2024-07-02,07/31,Yes,Disabled,Active
3077,4476675030593067,3274,14165,Classic,Visa,200000,57656.2,142343.8,10,2026-07-27,7117.19,41.48,60000.0,20334,300,2022-07-03,07/28,Yes,Enabled,Active
3078,4112684392324219,6166,12128,Classic,American Express,50000,5389.66,44610.34,5,2026-07-17,2230.52,36.24,15000.0,8011,404,2021-07-03,07/29,Yes,Enabled,Active
3079,4908713045636150,2717,10878,Gold,Visa,50000,17954.49,32045.51,1,2026-07-31,1602.28,44.03,15000.0,3831,812,2021-07-03,07/28,Yes,Disabled,Active
3080,4165153378150486,6523,12064,Classic,Visa,200000,145980.78,54019.22,12,2026-07-11,2700.96,39.18,60000.0,11825,759,2021-07-03,07/31,Yes,Disabled,Active
3081,4940550661988330,3527,4507,Gold,RuPay,200000,20409.6,179590.4,5,2026-07-10,8979.52,45.46,60000.0,12111,514,2021-07-03,07/29,Yes,Enabled,Active
3082,4828848162765408,868,15796,Classic,Visa,50000,34626.42,15373.58,15,2026-07-17,768.68,43.18,15000.0,11021,742,2022-07-03,07/29,Yes,Enabled,Active
3083,4682236193507795,8442,1558,Platinum,Mastercard,50000,40867.0,9133.0,10,2026-07-19,456.65,37.39,15000.0,23335,212,2025-07-02,07/28,Yes,Disabled,Active
3084,4139296693400619,7377,2976,Classic,Visa,100000,7248.23,92751.77,8,2026-07-08,4637.59,43.47,30000.0,15305,780,2026-07-02,07/30,Yes,Disabled,Active
3085,4224754256541328,2120,1228,Classic,RuPay,50000,7410.39,42589.61,11,2026-07-13,2129.48,34.49,15000.0,18973,760,2026-07-02,07/29,Yes,Disabled,Active
3086,4249001504618069,1819,6177,Gold,RuPay,100000,97962.29,2037.71,6,2026-07-23,101.89,46.21,30000.0,2809,184,2026-07-02,07/28,Yes,Disabled,Active
3087,4753724564820479,8975,13793,Platinum,Visa,100000,8456.28,91543.72,6,2026-07-23,4577.19,44.3,30000.0,9032,686,2023-07-03,07/28,Yes,Disabled,Active
3088,4210513548686734,7403,13983,Gold,RuPay,100000,73720.96,26279.04,21,2026-07-10,1313.95,32.51,30000.0,12797,953,2026-07-02,07/31,Yes,Enabled,Active
3089,4381085354820428,7972,6985,Classic,Visa,50000,29427.33,20572.67,9,2026-07-21,1028.63,35.0,15000.0,12431,404,2026-07-02,07/29,Yes,Enabled,Active
3090,4131936630608680,9462,7577,Classic,Visa,100000,70813.35,29186.65,14,2026-07-25,1459.33,42.8,30000.0,4467,327,2024-07-02,07/31,Yes,Disabled,Active
3091,4737701489954632,4756,2055,Platinum,Visa,50000,45373.82,4626.18,12,2026-07-29,231.31,39.06,15000.0,10378,854,2023-07-03,07/31,Yes,Disabled,Active
3092,4960473454492612,5634,14064,Gold,Mastercard,100000,10280.98,89719.02,10,2026-07-24,4485.95,47.95,30000.0,14658,178,2026-07-02,07/29,Yes,Enabled,Active
3093,4621426083403619,8745,1856,Platinum,Mastercard,200000,91395.51,108604.49,1,2026-07-09,5430.22,44.33,60000.0,24377,978,2022-07-03,07/29,Yes,Enabled,Active
3094,4688490256030935,7495,15208,Classic,Mastercard,100000,83374.15,16625.85,5,2026-07-08,831.29,36.37,30000.0,3594,233,2025-07-02,07/29,Yes,Disabled,Active
3095,4336814289391740,3652,13614,Platinum,Visa,50000,21533.99,28466.01,16,2026-07-24,1423.3,32.34,15000.0,2570,377,2024-07-02,07/31,Yes,Enabled,Active
3096,4934537280401458,3065,13571,Classic,RuPay,50000,41983.66,8016.34,15,2026-07-16,400.82,45.96,15000.0,19171,891,2024-07-02,07/31,Yes,Disabled,Active
3097,4163505625526633,3205,13399,Classic,Visa,100000,34405.86,65594.14,1,2026-07-23,3279.71,44.54,30000.0,19950,268,2023-07-03,07/29,Yes,Enabled,Active
3098,4292788420523428,7453,15247,Gold,Mastercard,100000,77369.55,22630.45,25,2026-07-19,1131.52,35.57,30000.0,17996,664,2023-07-03,07/29,Yes,Disabled,Active
3099,4571807688906916,6328,17323,Classic,Visa,50000,30897.11,19102.89,20,2026-07-13,955.14,35.92,15000.0,661,404,2022-07-03,07/30,Yes,Disabled,Active
3100,4611999031257596,5567,9652,Classic,Mastercard,200000,169723.46,30276.54,5,2026-07-08,1513.83,30.03,60000.0,19833,458,2024-07-02,07/28,Yes,Disabled,Active
3101,4050909806435170,4822,3313,Gold,Mastercard,200000,103295.26,96704.74,24,2026-07-09,4835.24,43.88,60000.0,3821,861,2023-07-03,07/28,Yes,Disabled,Active
3102,4384629480631202,7987,9431,Gold,Visa,50000,9672.31,40327.69,16,2026-07-15,2016.38,30.94,15000.0,13309,531,2024-07-02,07/30,Yes,Enabled,Active
3103,4630118256425350,4100,10071,Gold,RuPay,100000,95599.58,4400.42,25,2026-07-10,220.02,32.56,30000.0,7950,692,2026-07-02,07/29,Yes,Disabled,Active
3104,4799720618461483,8610,10057,Gold,Visa,50000,6591.63,43408.37,25,2026-07-15,2170.42,35.14,15000.0,2248,863,2022-07-03,07/31,Yes,Enabled,Active
3105,4175031220350566,2826,18093,Classic,Mastercard,100000,85202.18,14797.82,23,2026-07-28,739.89,44.11,30000.0,19747,630,2025-07-02,07/28,Yes,Disabled,Active
3106,4392505005642324,202,10408,Platinum,American Express,50000,37241.08,12758.92,16,2026-07-30,637.95,34.72,15000.0,7529,334,2025-07-02,07/30,Yes,Enabled,Active
3107,4881925727156261,9299,4672,Gold,Visa,100000,83098.97,16901.03,10,2026-07-23,845.05,37.88,30000.0,17242,558,2024-07-02,07/29,Yes,Disabled,Active
3108,4121528504690533,857,17018,Platinum,Visa,100000,8427.91,91572.09,10,2026-07-09,4578.6,47.61,30000.0,6765,282,2025-07-02,07/30,Yes,Disabled,Active
3109,4464029621106485,2421,9615,Classic,RuPay,50000,12123.26,37876.74,8,2026-07-15,1893.84,39.33,15000.0,12274,268,2026-07-02,07/30,Yes,Enabled,Active
3110,4809225920678648,3408,10680,Classic,Visa,100000,99986.3,13.7,7,2026-07-12,0.69,34.61,30000.0,8253,726,2025-07-02,07/30,Yes,Disabled,Active
3111,4170211631297433,704,13359,Platinum,Visa,100000,39474.04,60525.96,8,2026-07-09,3026.3,38.92,30000.0,4902,218,2026-07-02,07/31,Yes,Disabled,Active
3112,4636409027719543,951,13329,Classic,Visa,200000,167668.18,32331.82,25,2026-07-11,1616.59,37.05,60000.0,1031,619,2022-07-03,07/30,Yes,Disabled,Active
3113,4103322464213203,6811,19491,Gold,Visa,200000,80792.49,119207.51,4,2026-07-11,5960.38,42.52,60000.0,8111,950,2021-07-03,07/30,Yes,Disabled,Closed
3114,4188028857605889,5982,14160,Classic,Visa,1000000,973979.73,26020.27,16,2026-07-31,1301.01,44.34,300000.0,6428,863,2024-07-02,07/30,Yes,Disabled,Active
3115,4314858600891382,9798,12829,Gold,Mastercard,200000,179545.83,20454.17,6,2026-07-16,1022.71,44.19,60000.0,11101,659,2023-07-03,07/28,Yes,Disabled,Active
3116,4170235138548812,2854,18833,Classic,Visa,50000,49679.87,320.13,19,2026-07-17,16.01,43.2,15000.0,9988,747,2025-07-02,07/29,Yes,Enabled,Active
3117,4528760212185232,2556,4642,Classic,RuPay,500000,144169.26,355830.74,3,2026-07-23,17791.54,30.34,150000.0,16844,190,2024-07-02,07/31,Yes,Disabled,Active
3118,4991357068907824,2811,1800,Gold,Visa,200000,141195.24,58804.76,13,2026-07-26,2940.24,33.7,60000.0,9344,131,2025-07-02,07/31,Yes,Disabled,Active
3119,4475362376475172,3731,16077,Classic,Visa,50000,43035.26,6964.74,8,2026-07-07,348.24,44.63,15000.0,2923,906,2026-07-02,07/29,No,Disabled,Active
3120,4524454017554314,6425,18044,Gold,Mastercard,50000,16497.55,33502.45,24,2026-07-07,1675.12,36.65,15000.0,22035,218,2022-07-03,07/28,Yes,Disabled,Active
3121,4057779181531758,1695,5511,Classic,Visa,50000,19786.0,30214.0,6,2026-07-14,1510.7,32.99,15000.0,22751,310,2026-07-02,07/31,No,Enabled,Active
3122,4722849287171584,7070,590,Platinum,Visa,50000,23918.54,26081.46,5,2026-07-26,1304.07,34.96,15000.0,18748,593,2021-07-03,07/29,Yes,Enabled,Active
3123,4603914955123252,3957,19723,Classic,Mastercard,50000,35972.31,14027.69,7,2026-07-11,701.38,39.39,15000.0,9656,850,2026-07-02,07/30,Yes,Disabled,Active
3124,4287418579467943,6885,18718,Gold,Visa,50000,16768.59,33231.41,18,2026-07-24,1661.57,32.79,15000.0,13955,797,2026-07-02,07/31,Yes,Disabled,Active
3125,4964617410928795,3901,16718,Classic,Visa,50000,33497.08,16502.92,16,2026-07-09,825.15,43.68,15000.0,21098,489,2022-07-03,07/29,Yes,Enabled,Active
3126,4552128485143622,800,9295,Platinum,RuPay,1000000,588220.24,411779.76,25,2026-07-26,20588.99,47.9,300000.0,21495,842,2022-07-03,07/30,Yes,Disabled,Active
3127,4412003249728171,3590,18648,Classic,Mastercard,50000,22273.78,27726.22,18,2026-07-18,1386.31,35.47,15000.0,11358,424,2026-07-02,07/30,No,Disabled,Active
3128,4975037465787669,5915,4210,Gold,Visa,100000,53817.23,46182.77,18,2026-07-11,2309.14,30.13,30000.0,19694,153,2024-07-02,07/31,Yes,Disabled,Active
3129,4576818429867554,5708,13926,Gold,Visa,200000,103845.4,96154.6,11,2026-07-23,4807.73,33.5,60000.0,22424,403,2026-07-02,07/28,Yes,Disabled,Active
3130,4913955932164347,3707,15705,Classic,Mastercard,50000,48362.23,1637.77,20,2026-07-13,81.89,43.54,15000.0,5698,826,2021-07-03,07/30,Yes,Disabled,Active
3131,4359310643281928,7511,2342,Gold,Mastercard,1000000,320101.5,679898.5,1,2026-07-09,33994.93,46.71,300000.0,9776,430,2025-07-02,07/31,Yes,Enabled,Active
3132,4272323323004898,551,12250,Classic,Visa,200000,43011.7,156988.3,2,2026-07-07,7849.41,34.2,60000.0,18925,717,2021-07-03,07/30,No,Disabled,Active
3133,4206095810236235,2460,16258,Classic,RuPay,50000,21132.26,28867.74,15,2026-08-01,1443.39,35.3,15000.0,23973,962,2023-07-03,07/31,Yes,Disabled,Active
3134,4914986615520616,367,6679,Gold,Mastercard,200000,172027.94,27972.06,14,2026-07-30,1398.6,41.06,60000.0,148,617,2023-07-03,07/29,Yes,Disabled,Active
3135,4842348989866199,6638,7931,Classic,Visa,50000,37369.8,12630.2,17,2026-07-20,631.51,45.5,15000.0,17348,248,2022-07-03,07/30,Yes,Disabled,Active
3136,4294226670244612,5823,4911,Platinum,Mastercard,100000,28622.23,71377.77,18,2026-07-20,3568.89,32.27,30000.0,17442,235,2022-07-03,07/29,Yes,Disabled,Active
3137,4790827752815106,943,9223,Platinum,Mastercard,50000,42291.8,7708.2,11,2026-07-23,385.41,32.35,15000.0,22076,730,2022-07-03,07/28,Yes,Enabled,Active
3138,4385203131330415,186,16656,Gold,RuPay,100000,60667.62,39332.38,8,2026-07-16,1966.62,42.65,30000.0,17252,109,2022-07-03,07/31,Yes,Disabled,Active
3139,4364948874519603,9340,5314,Gold,American Express,50000,30968.37,19031.63,13,2026-07-25,951.58,31.89,15000.0,1806,439,2026-07-02,07/31,No,Disabled,Active
3140,4388066863944023,5309,329,Gold,Visa,100000,34361.99,65638.01,6,2026-07-31,3281.9,44.71,30000.0,22498,443,2025-07-02,07/28,Yes,Enabled,Active
3141,4990829503453040,8533,7917,Gold,Mastercard,100000,74280.22,25719.78,3,2026-07-31,1285.99,32.16,30000.0,17674,284,2021-07-03,07/30,Yes,Disabled,Active
3142,4214156192719668,5548,9460,Classic,RuPay,200000,176742.08,23257.92,6,2026-07-08,1162.9,40.7,60000.0,2098,815,2026-07-02,07/29,Yes,Disabled,Active
3143,4893467672948979,6555,2100,Classic,Mastercard,50000,25630.86,24369.14,6,2026-08-01,1218.46,35.82,15000.0,5752,199,2021-07-03,07/28,No,Enabled,Active
3144,4498330765091334,1347,17123,Gold,Visa,500000,52937.29,447062.71,18,2026-07-30,22353.14,43.27,150000.0,23658,128,2024-07-02,07/29,Yes,Disabled,Active
3145,4797266843493209,7527,309,Classic,Visa,50000,10909.11,39090.89,11,2026-07-15,1954.54,33.86,15000.0,6810,204,2023-07-03,07/31,Yes,Disabled,Active
3146,4339081360291504,1999,9394,Platinum,Visa,50000,17825.02,32174.98,14,2026-07-26,1608.75,37.21,15000.0,5841,534,2024-07-02,07/31,Yes,Disabled,Active
3147,4656315582302311,4228,18522,Gold,Mastercard,50000,46976.81,3023.19,12,2026-07-30,151.16,45.33,15000.0,17229,508,2021-07-03,07/28,Yes,Enabled,Active
3148,4026547905823950,1430,13041,Gold,Mastercard,50000,7760.14,42239.86,28,2026-07-18,2111.99,38.7,15000.0,6258,937,2023-07-03,07/29,Yes,Enabled,Active
3149,4613081479220886,4522,15291,Classic,Visa,200000,192152.88,7847.12,21,2026-07-25,392.36,32.65,60000.0,4026,759,2021-07-03,07/29,Yes,Disabled,Active
3150,4961230641216009,8345,16961,Gold,Mastercard,100000,47958.79,52041.21,4,2026-07-31,2602.06,32.88,30000.0,14760,126,2022-07-03,07/29,Yes,Disabled,Active
3151,4939493805143407,2712,12258,Platinum,Visa,100000,18549.5,81450.5,5,2026-07-31,4072.53,46.13,30000.0,12191,919,2023-07-03,07/31,No,Disabled,Active
3152,4262822985604276,4587,6813,Gold,Mastercard,500000,480529.03,19470.97,3,2026-07-27,973.55,36.23,150000.0,9859,142,2022-07-03,07/31,Yes,Enabled,Active
3153,4939587250043818,9681,2514,Gold,Visa,50000,21064.92,28935.08,12,2026-07-31,1446.75,39.54,15000.0,23073,289,2021-07-03,07/31,Yes,Disabled,Active
3154,4527104222915480,3786,11300,Gold,RuPay,50000,27308.14,22691.86,17,2026-07-22,1134.59,43.56,15000.0,9866,854,2022-07-03,07/30,Yes,Disabled,Active
3155,4523808367729447,9120,4038,Platinum,RuPay,50000,42657.5,7342.5,16,2026-07-25,367.12,39.79,15000.0,17619,956,2026-07-02,07/28,Yes,Enabled,Active
3156,4660910832561381,6536,13183,Gold,Mastercard,200000,40165.48,159834.52,6,2026-07-16,7991.73,46.83,60000.0,21082,657,2023-07-03,07/29,Yes,Disabled,Active
3157,4162632850257135,3319,3484,Classic,Mastercard,100000,27563.41,72436.59,23,2026-07-22,3621.83,35.8,30000.0,8574,830,2026-07-02,07/30,Yes,Disabled,Active
3158,4984972049480310,5159,9911,Gold,Visa,100000,94235.23,5764.77,5,2026-08-01,288.24,44.13,30000.0,18425,565,2021-07-03,07/29,Yes,Enabled,Active
3159,4878491457067570,1512,13979,Classic,RuPay,50000,27927.13,22072.87,4,2026-07-08,1103.64,34.57,15000.0,11948,599,2024-07-02,07/29,Yes,Disabled,Active
3160,4400313196595736,7814,12038,Platinum,RuPay,50000,11068.85,38931.15,4,2026-07-30,1946.56,32.41,15000.0,23933,267,2021-07-03,07/30,Yes,Enabled,Active
3161,4529278275563291,5247,11923,Signature,Mastercard,100000,94463.22,5536.78,23,2026-07-07,276.84,44.68,30000.0,5469,562,2022-07-03,07/31,Yes,Disabled,Active
3162,4311561855765334,5385,1197,Gold,Visa,50000,28042.11,21957.89,23,2026-07-09,1097.89,41.37,15000.0,5185,874,2026-07-02,07/28,Yes,Disabled,Active
3163,4002953630705884,3541,18595,Gold,Visa,200000,139160.91,60839.09,3,2026-07-25,3041.95,42.92,60000.0,8522,878,2023-07-03,07/28,Yes,Disabled,Active
3164,4011718434130167,3241,16481,Classic,RuPay,100000,12719.01,87280.99,7,2026-07-25,4364.05,45.52,30000.0,16074,555,2024-07-02,07/31,Yes,Disabled,Active
3165,4277564089751769,240,3296,Gold,Visa,500000,492465.07,7534.93,3,2026-07-30,376.75,47.89,150000.0,9442,761,2023-07-03,07/31,Yes,Disabled,Active
3166,4474933326338080,6041,15159,Platinum,Visa,50000,41142.03,8857.97,13,2026-07-27,442.9,35.1,15000.0,15668,413,2022-07-03,07/29,Yes,Enabled,Active
3167,4671319756125331,5031,10461,Gold,Mastercard,200000,108611.01,91388.99,6,2026-07-21,4569.45,38.28,60000.0,2482,983,2025-07-02,07/28,Yes,Disabled,Active
3168,4303131365056745,1617,15171,Classic,Mastercard,100000,48040.95,51959.05,3,2026-07-28,2597.95,35.39,30000.0,11888,352,2021-07-03,07/30,Yes,Enabled,Active
3169,4582985256331235,3683,1359,Classic,Mastercard,100000,38932.32,61067.68,3,2026-07-21,3053.38,33.22,30000.0,11864,628,2026-07-02,07/29,Yes,Disabled,Active
3170,4168538038202341,8766,13970,Platinum,RuPay,100000,42044.34,57955.66,24,2026-07-13,2897.78,33.59,30000.0,942,512,2023-07-03,07/28,Yes,Disabled,Active
3171,4383768480390866,3519,2817,Signature,Visa,50000,10249.13,39750.87,11,2026-07-22,1987.54,46.5,15000.0,20685,660,2023-07-03,07/29,Yes,Disabled,Active
3172,4093861494453501,9497,19563,Gold,RuPay,50000,18321.31,31678.69,16,2026-08-01,1583.93,38.68,15000.0,4406,996,2021-07-03,07/30,Yes,Enabled,Active
3173,4928953075976622,37,3988,Platinum,American Express,200000,149546.41,50453.59,28,2026-07-08,2522.68,34.43,60000.0,14488,409,2022-07-03,07/31,Yes,Enabled,Active
3174,4807214007883505,5774,12838,Platinum,Visa,100000,41663.56,58336.44,3,2026-07-25,2916.82,30.01,30000.0,3273,589,2024-07-02,07/29,Yes,Enabled,Active
3175,4820447021317659,1760,10594,Classic,Visa,100000,55044.04,44955.96,27,2026-07-16,2247.8,41.75,30000.0,4043,155,2023-07-03,07/30,Yes,Enabled,Active
3176,4280294811390968,1686,18462,Classic,Visa,50000,49010.63,989.37,23,2026-07-12,49.47,35.41,15000.0,16781,738,2023-07-03,07/30,Yes,Disabled,Expired
3177,4179914424601543,2281,3033,Classic,American Express,100000,50787.96,49212.04,28,2026-07-25,2460.6,46.77,30000.0,19106,104,2026-07-02,07/30,Yes,Enabled,Active
3178,4173800897623208,8711,3115,Classic,Mastercard,50000,35794.56,14205.44,11,2026-07-24,710.27,30.57,15000.0,20031,393,2021-07-03,07/30,Yes,Disabled,Active
3179,4069226430262987,7665,2743,Classic,Visa,50000,5590.15,44409.85,23,2026-07-07,2220.49,31.72,15000.0,1679,632,2024-07-02,07/30,Yes,Disabled,Active
3180,4466623224241018,9502,4296,Classic,Mastercard,100000,44902.32,55097.68,5,2026-07-20,2754.88,37.12,30000.0,4627,652,2021-07-03,07/29,Yes,Enabled,Active
3181,4209273392277119,6521,15816,Platinum,Visa,50000,44374.29,5625.71,18,2026-07-31,281.29,34.56,15000.0,11544,489,2024-07-02,07/29,No,Enabled,Active
3182,4687551191324724,513,7716,Signature,Visa,100000,89006.4,10993.6,9,2026-07-10,549.68,44.96,30000.0,16623,740,2022-07-03,07/31,Yes,Disabled,Active
3183,4226722850902494,4730,286,Classic,Visa,50000,25837.36,24162.64,9,2026-07-29,1208.13,30.16,15000.0,10915,299,2025-07-02,07/28,Yes,Disabled,Active
3184,4334651623490910,834,9725,Classic,Visa,50000,2654.03,47345.97,18,2026-07-16,2367.3,45.47,15000.0,2847,330,2021-07-03,07/29,Yes,Disabled,Active
3185,4297521868403282,6550,12869,Platinum,Visa,200000,73094.91,126905.09,11,2026-07-10,6345.25,31.43,60000.0,4154,780,2025-07-02,07/31,Yes,Enabled,Active
3186,4369878083573773,6942,13066,Classic,Visa,100000,97768.59,2231.41,9,2026-07-12,111.57,47.43,30000.0,1319,550,2022-07-03,07/29,Yes,Disabled,Active
3187,4432171426884856,8534,3243,Gold,Mastercard,100000,85573.64,14426.36,10,2026-07-27,721.32,31.45,30000.0,2847,880,2026-07-02,07/29,Yes,Disabled,Active
3188,4985011474429660,8122,196,Classic,Mastercard,50000,44398.18,5601.82,24,2026-07-27,280.09,47.47,15000.0,4143,332,2021-07-03,07/31,No,Disabled,Active
3189,4496267030603795,2671,5942,Gold,Mastercard,50000,32686.07,17313.93,19,2026-07-09,865.7,34.78,15000.0,6819,238,2021-07-03,07/31,Yes,Enabled,Active
3190,4012816545077933,1615,12800,Platinum,Visa,50000,22240.88,27759.12,19,2026-07-22,1387.96,32.73,15000.0,6968,800,2026-07-02,07/29,No,Enabled,Active
3191,4634853402562351,3749,8166,Gold,RuPay,100000,18581.74,81418.26,25,2026-07-19,4070.91,47.05,30000.0,795,193,2023-07-03,07/30,Yes,Disabled,Active
3192,4254758279532010,934,8323,Gold,RuPay,50000,24482.4,25517.6,26,2026-07-28,1275.88,32.86,15000.0,13818,349,2024-07-02,07/30,Yes,Enabled,Active
3193,4541635968659580,2150,15764,Gold,Visa,200000,25891.95,174108.05,11,2026-07-25,8705.4,41.0,60000.0,13353,283,2026-07-02,07/30,Yes,Disabled,Active
3194,4256399622820622,5495,17729,Classic,Visa,200000,168838.53,31161.47,22,2026-07-16,1558.07,36.84,60000.0,925,723,2021-07-03,07/29,Yes,Enabled,Expired
3195,4868330461875061,4010,10084,Classic,American Express,500000,237578.44,262421.56,13,2026-07-17,13121.08,34.62,150000.0,19867,715,2022-07-03,07/31,Yes,Disabled,Active
3196,4960212934274405,4324,709,Classic,RuPay,50000,42346.51,7653.49,1,2026-07-28,382.67,39.28,15000.0,8533,464,2022-07-03,07/30,Yes,Disabled,Active
3197,4113124540700663,5236,305,Gold,Mastercard,50000,24403.54,25596.46,18,2026-07-18,1279.82,34.66,15000.0,20426,700,2026-07-02,07/30,No,Disabled,Active
3198,4884167457297766,2568,16042,Gold,Mastercard,200000,187823.08,12176.92,11,2026-07-15,608.85,34.06,60000.0,16573,435,2025-07-02,07/28,Yes,Disabled,Active
3199,4545193759008668,7086,14641,Platinum,Visa,50000,33968.52,16031.48,18,2026-07-11,801.57,46.42,15000.0,1725,756,2023-07-03,07/29,Yes,Disabled,Active
3200,4985538150208540,3184,656,Classic,Visa,50000,25458.02,24541.98,7,2026-07-30,1227.1,45.91,15000.0,7323,903,2023-07-03,07/29,Yes,Disabled,Closed
3201,4243557151515938,5008,5732,Gold,American Express,100000,14566.64,85433.36,9,2026-07-30,4271.67,42.41,30000.0,8600,152,2023-07-03,07/28,Yes,Disabled,Active
3202,4167448991121120,3216,12222,Classic,Visa,100000,17733.08,82266.92,21,2026-07-18,4113.35,44.42,30000.0,15610,157,2025-07-02,07/31,Yes,Enabled,Active
3203,4050980087515789,7190,13708,Gold,RuPay,100000,9517.96,90482.04,2,2026-07-08,4524.1,34.15,30000.0,20469,676,2026-07-02,07/30,Yes,Disabled,Active
3204,4626137914725404,936,16501,Classic,RuPay,50000,5808.43,44191.57,23,2026-07-13,2209.58,38.0,15000.0,3042,458,2023-07-03,07/28,Yes,Enabled,Active
3205,4113433739879946,2851,6235,Platinum,RuPay,50000,13834.44,36165.56,24,2026-07-13,1808.28,31.4,15000.0,17765,478,2021-07-03,07/30,Yes,Disabled,Active
3206,4634452499298404,2884,1455,Classic,American Express,50000,31203.8,18796.2,16,2026-08-01,939.81,34.79,15000.0,13476,696,2021-07-03,07/30,Yes,Disabled,Active
3207,4272023649439587,7041,18505,Gold,Visa,100000,28595.23,71404.77,10,2026-07-20,3570.24,45.32,30000.0,13942,638,2024-07-02,07/28,Yes,Disabled,Active
3208,4489225127338787,5058,1915,Platinum,RuPay,100000,30609.94,69390.06,8,2026-07-27,3469.5,36.48,30000.0,4641,372,2024-07-02,07/30,Yes,Disabled,Active
3209,4304539145875946,1414,14952,Classic,American Express,200000,152958.5,47041.5,24,2026-07-13,2352.08,33.33,60000.0,19886,768,2025-07-02,07/29,Yes,Disabled,Blocked
3210,4916811888846418,6667,2351,Gold,Mastercard,200000,107176.88,92823.12,11,2026-07-22,4641.16,38.02,60000.0,8700,552,2023-07-03,07/31,Yes,Disabled,Active
3211,4629082900658605,7427,14254,Classic,Mastercard,100000,17877.94,82122.06,13,2026-08-01,4106.1,46.06,30000.0,4106,266,2025-07-02,07/31,Yes,Enabled,Active
3212,4221376300333019,5784,17584,Gold,RuPay,100000,58887.68,41112.32,13,2026-07-17,2055.62,39.25,30000.0,7486,148,2022-07-03,07/29,No,Disabled,Active
3213,4049342933902138,6559,19321,Classic,Visa,500000,455850.87,44149.13,24,2026-07-08,2207.46,46.36,150000.0,705,743,2024-07-02,07/29,Yes,Enabled,Active
3214,4819453524603566,2437,19215,Classic,Visa,500000,153034.43,346965.57,24,2026-08-01,17348.28,34.05,150000.0,15927,717,2025-07-02,07/28,Yes,Disabled,Active
3215,4100267883528218,5034,7807,Platinum,RuPay,100000,61124.7,38875.3,18,2026-07-23,1943.77,45.34,30000.0,16528,754,2022-07-03,07/31,Yes,Enabled,Active
3216,4389639521731636,4835,19190,Classic,Visa,50000,3789.29,46210.71,23,2026-07-23,2310.54,47.02,15000.0,11211,791,2025-07-02,07/29,Yes,Disabled,Active
3217,4102053214336459,695,18800,Classic,Visa,50000,7748.68,42251.32,11,2026-07-25,2112.57,36.42,15000.0,15247,860,2026-07-02,07/31,Yes,Disabled,Active
3218,4399535672963168,7532,5291,Gold,Visa,50000,37178.67,12821.33,13,2026-07-09,641.07,40.78,15000.0,3298,948,2025-07-02,07/29,Yes,Disabled,Active
3219,4233377629531300,8126,6659,Signature,RuPay,100000,35981.4,64018.6,12,2026-08-01,3200.93,45.47,30000.0,18470,300,2023-07-03,07/30,Yes,Disabled,Active
3220,4076233438647651,2566,13149,Classic,Mastercard,100000,7790.31,92209.69,8,2026-08-01,4610.48,31.42,30000.0,7957,419,2025-07-02,07/28,Yes,Disabled,Active
3221,4474266560906081,966,6064,Gold,Mastercard,500000,393104.58,106895.42,28,2026-07-19,5344.77,40.45,150000.0,20144,314,2026-07-02,07/30,Yes,Disabled,Active
3222,4913778882061960,1955,10012,Gold,Visa,50000,24801.81,25198.19,24,2026-07-21,1259.91,42.77,15000.0,11656,191,2024-07-02,07/29,Yes,Disabled,Active
3223,4971049834477660,2502,6845,Classic,Mastercard,100000,70060.58,29939.42,17,2026-07-16,1496.97,43.39,30000.0,1889,332,2021-07-03,07/28,Yes,Enabled,Active
3224,4304859412667245,9729,8003,Signature,Visa,50000,41475.73,8524.27,22,2026-07-25,426.21,46.94,15000.0,12706,527,2026-07-02,07/29,Yes,Disabled,Active
3225,4361176134923425,1500,12246,Classic,Visa,50000,14501.71,35498.29,2,2026-07-29,1774.91,33.56,15000.0,24057,546,2023-07-03,07/31,Yes,Disabled,Active
3226,4022109846028372,3059,17390,Classic,Mastercard,200000,177681.89,22318.11,13,2026-07-17,1115.91,40.44,60000.0,14881,737,2025-07-02,07/28,Yes,Disabled,Active
3227,4717562877373446,5681,9250,Classic,Visa,500000,451858.08,48141.92,11,2026-07-23,2407.1,37.04,150000.0,4762,952,2026-07-02,07/31,Yes,Disabled,Active
3228,4113347803641571,1159,12228,Classic,Visa,100000,69929.9,30070.1,7,2026-07-13,1503.51,35.27,30000.0,3214,273,2025-07-02,07/28,Yes,Disabled,Active
3229,4678782949767011,4185,12304,Gold,Visa,100000,39133.45,60866.55,8,2026-07-09,3043.33,44.55,30000.0,20609,959,2021-07-03,07/31,Yes,Disabled,Active
3230,4522283870945787,3183,11572,Platinum,Visa,50000,42761.03,7238.97,25,2026-07-16,361.95,35.91,15000.0,11379,507,2022-07-03,07/29,Yes,Disabled,Active
3231,4282281127997005,6949,18895,Signature,RuPay,100000,17449.48,82550.52,18,2026-07-22,4127.53,44.55,30000.0,13341,791,2021-07-03,07/28,Yes,Disabled,Active
3232,4167125321287289,4886,11311,Platinum,Visa,500000,413297.06,86702.94,9,2026-07-17,4335.15,33.68,150000.0,22185,916,2023-07-03,07/29,No,Enabled,Active
3233,4426733787831806,9344,13103,Classic,Mastercard,200000,87517.55,112482.45,19,2026-07-17,5624.12,38.53,60000.0,11361,351,2022-07-03,07/28,No,Enabled,Active
3234,4761812620734574,9830,7925,Platinum,Mastercard,1000000,901041.75,98958.25,18,2026-07-09,4947.91,44.34,300000.0,22205,466,2024-07-02,07/30,Yes,Disabled,Active
3235,4557361847108674,9537,15044,Gold,RuPay,50000,15938.03,34061.97,18,2026-07-07,1703.1,46.25,15000.0,24024,113,2021-07-03,07/30,Yes,Disabled,Active
3236,4893512122657935,3466,18700,Gold,Visa,50000,40610.12,9389.88,6,2026-07-24,469.49,44.99,15000.0,5114,193,2023-07-03,07/31,Yes,Disabled,Active
3237,4463197835227354,7135,12482,Platinum,Mastercard,50000,41542.4,8457.6,3,2026-07-13,422.88,37.32,15000.0,14985,332,2023-07-03,07/31,Yes,Enabled,Blocked
3238,4421917220628010,8636,11653,Platinum,Visa,50000,13768.55,36231.45,2,2026-07-08,1811.57,32.1,15000.0,20711,898,2022-07-03,07/29,Yes,Disabled,Active
3239,4597267797502767,5207,12878,Classic,Mastercard,100000,38073.79,61926.21,11,2026-07-24,3096.31,30.17,30000.0,21708,745,2023-07-03,07/30,Yes,Enabled,Active
3240,4551812902184195,4403,1662,Platinum,Mastercard,500000,327930.72,172069.28,19,2026-08-01,8603.46,35.35,150000.0,6455,427,2024-07-02,07/29,No,Enabled,Active
3241,4131160682875879,6774,18832,Gold,Visa,500000,459010.65,40989.35,3,2026-07-11,2049.47,41.12,150000.0,20138,189,2023-07-03,07/28,Yes,Disabled,Active
3242,4506193882617901,5286,8746,Gold,Mastercard,500000,113383.12,386616.88,3,2026-07-26,19330.84,31.57,150000.0,17586,960,2023-07-03,07/31,No,Disabled,Active
3243,4111040187737096,9322,2862,Gold,Visa,200000,163099.62,36900.38,20,2026-07-31,1845.02,30.17,60000.0,99,994,2024-07-02,07/29,Yes,Disabled,Active
3244,4667169751699244,4546,5636,Gold,Visa,200000,92709.92,107290.08,15,2026-07-08,5364.5,38.15,60000.0,2384,737,2023-07-03,07/28,Yes,Disabled,Active
3245,4493242847889917,1367,1003,Platinum,Visa,100000,58271.11,41728.89,20,2026-07-09,2086.44,36.5,30000.0,23270,733,2026-07-02,07/28,No,Disabled,Active
3246,4318373093718445,9524,17095,Platinum,Mastercard,200000,79282.2,120717.8,19,2026-07-20,6035.89,39.14,60000.0,4354,929,2023-07-03,07/30,Yes,Disabled,Active
3247,4123894487604515,2367,6801,Gold,Visa,100000,26268.51,73731.49,7,2026-08-01,3686.57,35.46,30000.0,19167,528,2023-07-03,07/30,Yes,Enabled,Active
3248,4747006054635176,1150,19461,Classic,Visa,100000,89330.35,10669.65,17,2026-07-28,533.48,32.04,30000.0,24116,919,2026-07-02,07/28,Yes,Enabled,Active
3249,4449761926704172,1533,11835,Classic,Visa,500000,375526.19,124473.81,19,2026-07-10,6223.69,33.49,150000.0,20453,330,2021-07-03,07/28,Yes,Disabled,Active
3250,4422040581396705,2578,19254,Classic,Visa,200000,91828.34,108171.66,20,2026-07-17,5408.58,36.81,60000.0,18779,880,2025-07-02,07/31,Yes,Disabled,Active
3251,4164961102913183,8238,505,Gold,RuPay,500000,200517.48,299482.52,25,2026-07-25,14974.13,46.18,150000.0,9498,812,2022-07-03,07/29,Yes,Disabled,Active
3252,4192629615944467,5075,15688,Classic,Visa,50000,23854.52,26145.48,5,2026-07-28,1307.27,45.11,15000.0,12655,256,2023-07-03,07/31,Yes,Disabled,Active
3253,4739051276610561,8363,15254,Platinum,Visa,50000,32483.01,17516.99,14,2026-07-19,875.85,40.3,15000.0,3426,988,2022-07-03,07/28,Yes,Enabled,Active
3254,4964691258273952,2942,654,Platinum,American Express,500000,196218.8,303781.2,13,2026-07-31,15189.06,42.7,150000.0,11265,823,2022-07-03,07/31,Yes,Disabled,Active
3255,4199867629788395,79,1439,Gold,RuPay,50000,23411.24,26588.76,14,2026-07-12,1329.44,33.0,15000.0,16241,187,2021-07-03,07/29,Yes,Enabled,Active
3256,4904781432217990,3970,7038,Classic,Mastercard,100000,76753.22,23246.78,25,2026-07-29,1162.34,43.86,30000.0,21145,384,2026-07-02,07/31,Yes,Disabled,Expired
3257,4133237711159127,8601,14817,Classic,Visa,50000,3445.13,46554.87,25,2026-07-28,2327.74,31.94,15000.0,3348,630,2023-07-03,07/30,Yes,Enabled,Active
3258,4346168722265043,1599,14761,Platinum,Visa,50000,7669.05,42330.95,5,2026-07-30,2116.55,30.67,15000.0,21052,201,2025-07-02,07/30,Yes,Disabled,Active
3259,4423183134654642,7256,3450,Classic,Visa,200000,179465.85,20534.15,26,2026-07-19,1026.71,31.27,60000.0,12004,445,2026-07-02,07/29,Yes,Disabled,Active
3260,4106354612712152,8523,13645,Classic,Visa,500000,356917.56,143082.44,11,2026-07-07,7154.12,32.8,150000.0,19024,690,2022-07-03,07/29,Yes,Disabled,Active
3261,4692431325212870,4601,2208,Gold,Visa,100000,99812.21,187.79,9,2026-07-14,9.39,39.2,30000.0,7795,480,2026-07-02,07/31,Yes,Disabled,Active
3262,4644669819544943,7664,5923,Platinum,Visa,50000,37990.86,12009.14,21,2026-07-07,600.46,40.61,15000.0,3547,605,2023-07-03,07/31,Yes,Disabled,Active
3263,4336676033308825,5350,19496,Classic,Mastercard,1000000,317942.59,682057.41,24,2026-07-12,34102.87,37.14,300000.0,20944,314,2023-07-03,07/28,Yes,Disabled,Active
3264,4391883206395662,8947,6326,Platinum,Mastercard,50000,34383.42,15616.58,6,2026-07-16,780.83,45.58,15000.0,1464,459,2025-07-02,07/29,Yes,Disabled,Active
3265,4891188084560670,7790,18356,Classic,Visa,50000,6623.96,43376.04,6,2026-07-27,2168.8,39.28,15000.0,15428,153,2024-07-02,07/31,No,Disabled,Active
3266,4716723939547937,5610,7843,Platinum,Mastercard,50000,16990.85,33009.15,23,2026-07-30,1650.46,42.0,15000.0,3366,660,2025-07-02,07/30,Yes,Disabled,Active
3267,4075971778596440,4029,5517,Classic,Mastercard,50000,41731.72,8268.28,2,2026-07-07,413.41,41.38,15000.0,3853,893,2026-07-02,07/28,Yes,Disabled,Active
3268,4997474588505782,9205,15459,Signature,RuPay,100000,22802.06,77197.94,3,2026-07-21,3859.9,37.01,30000.0,6908,946,2024-07-02,07/31,Yes,Enabled,Active
3269,4850627150871178,5818,15170,Gold,Visa,50000,9919.8,40080.2,2,2026-07-28,2004.01,35.66,15000.0,1863,786,2022-07-03,07/30,Yes,Disabled,Active
3270,4372796993542549,3637,11735,Classic,Visa,200000,183987.71,16012.29,25,2026-07-31,800.61,39.02,60000.0,24983,430,2026-07-02,07/28,Yes,Disabled,Active
3271,4901106415266897,4004,19800,Gold,Mastercard,200000,149554.3,50445.7,11,2026-07-29,2522.28,34.23,60000.0,1727,772,2024-07-02,07/29,Yes,Enabled,Active
3272,4771415928721147,1371,12126,Gold,Visa,50000,40978.03,9021.97,5,2026-07-08,451.1,32.36,15000.0,21358,229,2022-07-03,07/30,Yes,Disabled,Expired
3273,4556677986967047,7222,5989,Gold,Visa,50000,46621.24,3378.76,13,2026-07-30,168.94,30.54,15000.0,3421,309,2021-07-03,07/30,Yes,Disabled,Active
3274,4170394107481542,4632,9398,Gold,Visa,100000,73539.47,26460.53,26,2026-07-22,1323.03,45.37,30000.0,22806,195,2026-07-02,07/29,Yes,Enabled,Active
3275,4601798029219553,253,5450,Gold,RuPay,200000,146694.77,53305.23,21,2026-07-10,2665.26,45.41,60000.0,17192,860,2026-07-02,07/30,No,Enabled,Active
3276,4992141082234429,6520,11516,Platinum,Visa,50000,48954.34,1045.66,25,2026-07-19,52.28,42.27,15000.0,7979,336,2026-07-02,07/31,Yes,Disabled,Active
3277,4873798631993476,6235,10299,Classic,Visa,50000,12585.99,37414.01,24,2026-07-25,1870.7,33.06,15000.0,279,312,2025-07-02,07/28,Yes,Disabled,Active
3278,4794271596758861,1807,16534,Gold,Mastercard,200000,83118.1,116881.9,21,2026-07-12,5844.1,30.25,60000.0,1663,996,2023-07-03,07/29,Yes,Disabled,Active
3279,4564652629012368,8450,10342,Classic,Mastercard,200000,12592.83,187407.17,10,2026-07-07,9370.36,33.13,60000.0,15304,645,2023-07-03,07/30,Yes,Disabled,Active
3280,4008952675931589,268,16016,Platinum,Visa,50000,30139.45,19860.55,21,2026-07-08,993.03,41.35,15000.0,426,965,2021-07-03,07/30,Yes,Enabled,Active
3281,4562557922216564,2252,11553,Gold,Visa,200000,195857.95,4142.05,20,2026-07-15,207.1,46.88,60000.0,10000,426,2023-07-03,07/30,Yes,Disabled,Active
3282,4697587900135716,1842,3165,Platinum,Mastercard,200000,177168.58,22831.42,27,2026-07-20,1141.57,35.34,60000.0,24616,547,2025-07-02,07/28,Yes,Disabled,Active
3283,4006867559166656,4405,2227,Gold,Mastercard,200000,157661.9,42338.1,20,2026-07-31,2116.91,44.18,60000.0,2033,782,2026-07-02,07/28,Yes,Enabled,Expired
3284,4764684026975083,8110,856,Platinum,RuPay,50000,45086.69,4913.31,8,2026-07-07,245.67,33.96,15000.0,13217,444,2022-07-03,07/30,Yes,Disabled,Active
3285,4018282570706313,1378,13837,Gold,Visa,50000,36590.87,13409.13,16,2026-07-24,670.46,42.74,15000.0,9958,792,2025-07-02,07/31,Yes,Disabled,Active
3286,4218868256827937,6396,3311,Gold,Mastercard,200000,130936.51,69063.49,5,2026-07-25,3453.17,31.44,60000.0,13865,669,2024-07-02,07/31,Yes,Disabled,Active
3287,4381865227414141,3747,7114,Gold,Visa,50000,48072.82,1927.18,16,2026-07-18,96.36,32.57,15000.0,1045,305,2021-07-03,07/30,Yes,Disabled,Active
3288,4642347742787391,4634,3202,Gold,Mastercard,50000,12764.77,37235.23,11,2026-07-14,1861.76,33.83,15000.0,4485,671,2024-07-02,07/28,Yes,Enabled,Active
3289,4024840819291056,6083,12718,Classic,Mastercard,50000,12570.07,37429.93,3,2026-07-08,1871.5,44.0,15000.0,339,673,2023-07-03,07/29,Yes,Enabled,Active
3290,4837884287299611,7710,16519,Classic,Mastercard,100000,44658.06,55341.94,8,2026-08-01,2767.1,31.67,30000.0,14544,920,2021-07-03,07/30,Yes,Enabled,Active
3291,4003748380748047,9046,5748,Platinum,Visa,500000,229768.74,270231.26,1,2026-07-17,13511.56,46.86,150000.0,19145,315,2026-07-02,07/30,No,Disabled,Active
3292,4156836064594696,4058,4798,Classic,Visa,100000,90163.14,9836.86,27,2026-07-31,491.84,39.74,30000.0,5461,580,2021-07-03,07/31,Yes,Disabled,Active
3293,4564173303114224,4504,4304,Gold,Visa,1000000,271120.82,728879.18,22,2026-07-23,36443.96,32.38,300000.0,2456,185,2021-07-03,07/29,Yes,Disabled,Active
3294,4140312505514091,6772,13021,Gold,RuPay,100000,99017.2,982.8,2,2026-07-19,49.14,34.98,30000.0,17739,939,2025-07-02,07/29,Yes,Disabled,Active
3295,4170981500775367,928,17209,Gold,Mastercard,500000,395009.87,104990.13,1,2026-07-25,5249.51,35.56,150000.0,19640,971,2024-07-02,07/28,Yes,Disabled,Active
3296,4679913487369020,7662,4032,Signature,Mastercard,50000,33660.65,16339.35,10,2026-07-29,816.97,46.57,15000.0,12466,409,2021-07-03,07/30,Yes,Enabled,Active
3297,4340799324146385,6797,17870,Classic,Visa,50000,10861.71,39138.29,1,2026-07-29,1956.91,34.53,15000.0,20980,396,2022-07-03,07/30,Yes,Enabled,Active
3298,4641509862080123,2195,14933,Classic,Mastercard,500000,356731.82,143268.18,14,2026-07-22,7163.41,45.47,150000.0,11823,749,2021-07-03,07/31,Yes,Disabled,Active
3299,4321951364538129,6350,14433,Classic,Visa,200000,191194.97,8805.03,4,2026-07-13,440.25,37.76,60000.0,4826,550,2023-07-03,07/31,Yes,Disabled,Active
3300,4981524256648340,7915,8905,Classic,Mastercard,1000000,679338.65,320661.35,5,2026-07-07,16033.07,35.25,300000.0,9772,512,2025-07-02,07/30,Yes,Enabled,Active
3301,4173255023630814,3006,8712,Classic,Visa,200000,76599.98,123400.02,16,2026-07-27,6170.0,36.69,60000.0,3918,412,2022-07-03,07/29,No,Disabled,Active
3302,4406229273206912,4441,7618,Platinum,Mastercard,100000,33868.99,66131.01,2,2026-07-07,3306.55,43.57,30000.0,19740,892,2021-07-03,07/29,Yes,Disabled,Active
3303,4568093596586762,6200,6102,Platinum,Visa,1000000,959443.33,40556.67,7,2026-07-12,2027.83,32.67,300000.0,14249,913,2022-07-03,07/29,Yes,Disabled,Active
3304,4010298472224872,341,172,Classic,Mastercard,100000,90944.32,9055.68,13,2026-07-23,452.78,30.33,30000.0,8126,946,2026-07-02,07/31,Yes,Disabled,Active
3305,4296915600929718,6226,17569,Classic,American Express,50000,23378.72,26621.28,4,2026-07-26,1331.06,39.97,15000.0,12999,391,2021-07-03,07/29,Yes,Enabled,Active
3306,4597473308810724,5890,4893,Classic,Visa,50000,12921.92,37078.08,6,2026-07-15,1853.9,30.41,15000.0,7409,823,2022-07-03,07/29,Yes,Enabled,Active
3307,4289863140288912,3616,16714,Classic,Mastercard,100000,92291.01,7708.99,26,2026-07-23,385.45,31.27,30000.0,19473,720,2025-07-02,07/30,Yes,Disabled,Active
3308,4011150931422372,9418,17054,Platinum,Mastercard,100000,76890.31,23109.69,16,2026-07-21,1155.48,38.03,30000.0,7915,770,2023-07-03,07/29,No,Enabled,Active
3309,4474432337210491,9771,12326,Gold,Visa,500000,133715.12,366284.88,25,2026-08-01,18314.24,46.41,150000.0,16599,711,2022-07-03,07/30,No,Disabled,Active
3310,4939206861253349,3483,15718,Classic,Visa,500000,137131.67,362868.33,5,2026-08-01,18143.42,32.16,150000.0,13141,252,2022-07-03,07/29,Yes,Disabled,Active
3311,4354281178972306,839,18134,Classic,Mastercard,50000,16316.98,33683.02,11,2026-07-14,1684.15,44.53,15000.0,17872,374,2021-07-03,07/29,Yes,Disabled,Active
3312,4716234682023076,8624,7838,Classic,RuPay,200000,66813.72,133186.28,23,2026-07-17,6659.31,47.73,60000.0,14287,530,2021-07-03,07/30,Yes,Disabled,Active
3313,4717553183005478,7732,1619,Platinum,Visa,200000,164588.52,35411.48,12,2026-07-25,1770.57,39.04,60000.0,16753,698,2025-07-02,07/30,Yes,Disabled,Active
3314,4264318259447553,6156,17609,Platinum,Visa,100000,60960.22,39039.78,13,2026-07-21,1951.99,42.05,30000.0,2215,363,2024-07-02,07/31,Yes,Enabled,Active
3315,4515377668496829,7559,12646,Classic,Mastercard,500000,359999.15,140000.85,4,2026-07-28,7000.04,33.15,150000.0,24027,844,2022-07-03,07/28,No,Enabled,Closed
3316,4898511537171313,9056,6800,Platinum,Mastercard,500000,465229.74,34770.26,23,2026-07-18,1738.51,46.27,150000.0,222,453,2026-07-02,07/29,Yes,Enabled,Active
3317,4412531397100158,265,19660,Classic,Mastercard,50000,17849.86,32150.14,11,2026-07-11,1607.51,45.66,15000.0,11837,876,2023-07-03,07/31,Yes,Enabled,Active
3318,4467028711056193,7840,7126,Classic,Visa,50000,3704.2,46295.8,2,2026-07-20,2314.79,43.29,15000.0,6780,625,2023-07-03,07/29,Yes,Disabled,Active
3319,4442071064472445,2153,7323,Platinum,Mastercard,100000,96120.43,3879.57,21,2026-07-30,193.98,47.53,30000.0,6560,796,2021-07-03,07/30,Yes,Disabled,Active
3320,4556703287864450,2856,776,Classic,RuPay,200000,50007.66,149992.34,15,2026-07-13,7499.62,41.92,60000.0,4811,707,2024-07-02,07/31,Yes,Disabled,Active
3321,4213895657315711,713,2113,Classic,Visa,200000,44234.48,155765.52,4,2026-07-28,7788.28,39.57,60000.0,21725,317,2025-07-02,07/29,Yes,Disabled,Active
3322,4046178344021005,3597,3839,Classic,Visa,50000,31680.28,18319.72,20,2026-07-12,915.99,32.46,15000.0,6490,690,2023-07-03,07/31,Yes,Disabled,Active
3323,4844555791260031,7404,16770,Classic,Mastercard,50000,38253.68,11746.32,10,2026-07-09,587.32,46.21,15000.0,24300,264,2021-07-03,07/30,Yes,Disabled,Active
3324,4457746854940022,7391,5079,Classic,Visa,100000,61461.62,38538.38,27,2026-07-07,1926.92,47.6,30000.0,24753,587,2022-07-03,07/28,Yes,Enabled,Active
3325,4911299350986244,6651,13372,Gold,American Express,200000,52580.43,147419.57,18,2026-07-24,7370.98,37.58,60000.0,2530,955,2023-07-03,07/28,Yes,Enabled,Active
3326,4577370867879760,1942,1493,Classic,RuPay,200000,53616.4,146383.6,3,2026-07-30,7319.18,47.91,60000.0,18013,559,2026-07-02,07/28,Yes,Enabled,Active
3327,4955161060276089,1720,10507,Classic,American Express,200000,116606.15,83393.85,10,2026-07-10,4169.69,33.3,60000.0,2053,436,2021-07-03,07/31,Yes,Disabled,Active
3328,4186109720105204,6642,1330,Gold,Mastercard,50000,8200.31,41799.69,23,2026-07-28,2089.98,40.72,15000.0,8036,511,2024-07-02,07/30,Yes,Disabled,Active
3329,4455665215508542,6043,6191,Platinum,Visa,100000,73894.21,26105.79,19,2026-07-15,1305.29,42.3,30000.0,22517,210,2025-07-02,07/29,Yes,Disabled,Active
3330,4690635488473612,4817,10848,Gold,Mastercard,50000,38142.04,11857.96,11,2026-07-30,592.9,45.63,15000.0,3674,362,2021-07-03,07/30,Yes,Disabled,Active
3331,4976111388771885,5646,6689,Signature,RuPay,100000,96325.31,3674.69,16,2026-07-12,183.73,47.42,30000.0,15001,584,2021-07-03,07/28,Yes,Disabled,Active
3332,4374006144891797,2873,139,Classic,Mastercard,100000,96581.53,3418.47,9,2026-07-25,170.92,32.94,30000.0,15794,199,2023-07-03,07/31,Yes,Disabled,Active
3333,4662103644238695,6865,17920,Gold,RuPay,50000,31648.82,18351.18,13,2026-07-20,917.56,32.07,15000.0,7581,347,2021-07-03,07/29,Yes,Enabled,Active
3334,4877121687631323,5000,12682,Gold,Mastercard,200000,101391.23,98608.77,28,2026-07-19,4930.44,43.67,60000.0,16452,598,2025-07-02,07/29,Yes,Disabled,Active
3335,4282794922154868,9699,12930,Platinum,Visa,50000,20254.57,29745.43,20,2026-07-18,1487.27,48.0,15000.0,5202,602,2022-07-03,07/31,Yes,Disabled,Active
3336,4220227700232469,3508,15720,Signature,RuPay,50000,17403.09,32596.91,7,2026-07-25,1629.85,45.91,15000.0,17461,343,2025-07-02,07/30,Yes,Enabled,Active
3337,4896538744740145,1360,7637,Gold,Visa,200000,129874.22,70125.78,21,2026-07-15,3506.29,40.71,60000.0,457,921,2023-07-03,07/28,Yes,Disabled,Active
3338,4432469636609299,5048,4745,Classic,Mastercard,50000,5906.6,44093.4,6,2026-07-18,2204.67,35.99,15000.0,2651,418,2023-07-03,07/28,Yes,Disabled,Active
3339,4166810932419819,6969,4549,Classic,Mastercard,200000,24885.44,175114.56,7,2026-07-13,8755.73,33.41,60000.0,9104,658,2024-07-02,07/31,Yes,Disabled,Active
3340,4324595162666557,6430,12784,Classic,RuPay,50000,12699.21,37300.79,20,2026-07-10,1865.04,45.62,15000.0,17803,998,2022-07-03,07/30,Yes,Enabled,Active
3341,4650643294765521,1693,505,Classic,Mastercard,100000,65631.42,34368.58,25,2026-07-19,1718.43,40.11,30000.0,8247,624,2026-07-02,07/28,Yes,Enabled,Active
3342,4839914833372660,8571,13009,Classic,Visa,200000,12935.36,187064.64,27,2026-07-21,9353.23,41.67,60000.0,6754,804,2026-07-02,07/28,Yes,Disabled,Active
3343,4144803617533332,6599,18370,Platinum,Visa,200000,52150.49,147849.51,22,2026-07-28,7392.48,47.02,60000.0,12279,383,2025-07-02,07/31,Yes,Disabled,Active
3344,4155064596025211,487,16007,Gold,Mastercard,200000,17314.4,182685.6,7,2026-07-29,9134.28,42.33,60000.0,5479,274,2024-07-02,07/29,Yes,Disabled,Active
3345,4882839120639902,8477,4919,Classic,Visa,1000000,934555.46,65444.54,5,2026-07-18,3272.23,40.38,300000.0,16032,286,2026-07-02,07/30,No,Enabled,Active
3346,4536488933097348,2874,13389,Gold,Mastercard,500000,114733.07,385266.93,17,2026-07-08,19263.35,40.09,150000.0,22655,928,2022-07-03,07/28,Yes,Enabled,Active
3347,4050661156690401,8049,10268,Classic,American Express,1000000,70653.91,929346.09,22,2026-07-18,46467.3,35.42,300000.0,3539,748,2025-07-02,07/28,Yes,Enabled,Active
3348,4712555147062181,2303,5106,Gold,Visa,50000,15903.5,34096.5,2,2026-07-14,1704.83,41.05,15000.0,21718,643,2021-07-03,07/31,Yes,Disabled,Active
3349,4588152793514340,8026,14257,Gold,Mastercard,50000,3586.62,46413.38,14,2026-07-23,2320.67,36.89,15000.0,23116,548,2021-07-03,07/31,Yes,Disabled,Active
3350,4730276537738671,4414,8464,Classic,Mastercard,50000,23435.64,26564.36,18,2026-07-20,1328.22,31.63,15000.0,20884,330,2023-07-03,07/28,Yes,Disabled,Active
3351,4994491877791231,1380,17037,Classic,Visa,200000,36235.08,163764.92,3,2026-07-30,8188.25,46.72,60000.0,14002,761,2024-07-02,07/31,Yes,Disabled,Active
3352,4757022411794011,2652,17533,Gold,Mastercard,500000,267276.6,232723.4,26,2026-07-29,11636.17,43.33,150000.0,8196,400,2025-07-02,07/29,Yes,Disabled,Active
3353,4921387802578016,5768,14485,Classic,Mastercard,100000,64131.16,35868.84,23,2026-07-26,1793.44,35.92,30000.0,11695,206,2022-07-03,07/30,Yes,Disabled,Active
3354,4258078915209231,2398,4686,Classic,Visa,200000,74278.54,125721.46,21,2026-07-13,6286.07,41.93,60000.0,4893,118,2022-07-03,07/29,Yes,Disabled,Active
3355,4114316200976094,8833,11951,Classic,Visa,100000,47707.02,52292.98,3,2026-07-16,2614.65,36.86,30000.0,14038,206,2023-07-03,07/30,Yes,Disabled,Active
3356,4918905766410383,7503,8154,Gold,RuPay,50000,38782.37,11217.63,7,2026-07-29,560.88,39.54,15000.0,356,992,2025-07-02,07/28,Yes,Enabled,Active
3357,4586931546771722,2191,11475,Classic,Visa,200000,20098.01,179901.99,22,2026-07-22,8995.1,44.08,60000.0,9057,288,2023-07-03,07/30,Yes,Disabled,Active
3358,4686937973231380,4215,9807,Classic,American Express,100000,93729.66,6270.34,9,2026-07-08,313.52,36.82,30000.0,10080,412,2025-07-02,07/30,Yes,Disabled,Active
3359,4716640086515460,5565,11261,Classic,RuPay,50000,24411.21,25588.79,13,2026-07-12,1279.44,36.33,15000.0,16912,318,2021-07-03,07/30,Yes,Disabled,Active
3360,4429039561439856,781,7997,Classic,Visa,100000,5354.28,94645.72,7,2026-07-23,4732.29,43.45,30000.0,9189,865,2021-07-03,07/29,Yes,Disabled,Active
3361,4688797727219067,1111,17782,Gold,Visa,200000,93741.31,106258.69,3,2026-07-27,5312.93,46.32,60000.0,1262,625,2021-07-03,07/30,Yes,Disabled,Active
3362,4719659867364631,6145,17711,Platinum,Visa,200000,81214.8,118785.2,16,2026-07-23,5939.26,42.26,60000.0,22888,966,2024-07-02,07/31,Yes,Disabled,Active
3363,4465066198717108,6437,9435,Gold,Visa,50000,16812.2,33187.8,23,2026-07-26,1659.39,41.4,15000.0,12451,824,2026-07-02,07/31,Yes,Disabled,Active
3364,4969747805620844,3372,12321,Gold,Visa,1000000,529270.76,470729.24,14,2026-07-10,23536.46,35.49,300000.0,22183,137,2024-07-02,07/30,Yes,Disabled,Active
3365,4230476625958343,486,1858,Classic,Mastercard,50000,20628.65,29371.35,27,2026-07-27,1468.57,36.39,15000.0,11674,163,2026-07-02,07/31,Yes,Disabled,Active
3366,4648874016357924,2272,17754,Classic,American Express,200000,60219.83,139780.17,17,2026-07-18,6989.01,43.85,60000.0,12371,923,2025-07-02,07/30,Yes,Enabled,Active
3367,4527199007908858,7896,1683,Platinum,Mastercard,500000,337537.7,162462.3,14,2026-07-26,8123.11,47.18,150000.0,11929,448,2024-07-02,07/29,Yes,Enabled,Active
3368,4502002843692418,1040,5837,Classic,RuPay,100000,35563.49,64436.51,22,2026-07-24,3221.83,37.33,30000.0,2411,897,2024-07-02,07/28,Yes,Disabled,Active
3369,4377564755613256,5747,2962,Platinum,RuPay,50000,8205.57,41794.43,16,2026-08-01,2089.72,44.58,15000.0,23547,955,2024-07-02,07/30,Yes,Disabled,Active
3370,4029596562870433,1088,2286,Classic,Mastercard,100000,54903.76,45096.24,27,2026-07-10,2254.81,44.92,30000.0,3072,651,2025-07-02,07/29,No,Enabled,Active
3371,4864684016896284,9954,4280,Classic,Visa,50000,24694.66,25305.34,9,2026-07-23,1265.27,42.53,15000.0,23798,163,2021-07-03,07/29,Yes,Enabled,Active
3372,4920459653243669,1199,8857,Gold,RuPay,500000,130913.63,369086.37,26,2026-07-30,18454.32,43.39,150000.0,15543,214,2023-07-03,07/28,Yes,Enabled,Active
3373,4616021730601947,5828,11600,Platinum,American Express,100000,28660.75,71339.25,1,2026-08-01,3566.96,34.65,30000.0,19769,215,2023-07-03,07/30,Yes,Enabled,Active
3374,4832459732187004,2639,18972,Platinum,Visa,200000,60794.22,139205.78,8,2026-07-17,6960.29,43.82,60000.0,9811,576,2026-07-02,07/30,Yes,Enabled,Active
3375,4584721886553234,6686,18243,Classic,Visa,200000,73929.67,126070.33,27,2026-08-01,6303.52,43.52,60000.0,81,237,2021-07-03,07/31,Yes,Enabled,Active
3376,4201587335662814,6238,17590,Classic,Visa,50000,43944.56,6055.44,1,2026-07-27,302.77,39.37,15000.0,5636,913,2024-07-02,07/28,Yes,Disabled,Active
3377,4956332175660426,9812,10038,Gold,Visa,50000,10744.31,39255.69,13,2026-07-24,1962.78,36.65,15000.0,10780,185,2024-07-02,07/31,Yes,Enabled,Active
3378,4307516183973386,3218,10915,Platinum,RuPay,500000,87615.96,412384.04,22,2026-07-16,20619.2,33.61,150000.0,19020,586,2024-07-02,07/28,Yes,Disabled,Active
3379,4057288946144755,6806,17158,Classic,American Express,500000,170890.69,329109.31,9,2026-07-13,16455.47,45.15,150000.0,12592,488,2025-07-02,07/31,Yes,Disabled,Active
3380,4581378897120965,1165,7199,Gold,Visa,1000000,313050.61,686949.39,11,2026-07-11,34347.47,41.45,300000.0,11053,491,2025-07-02,07/30,Yes,Disabled,Active
3381,4393704857377418,7507,17095,Classic,Visa,50000,35826.03,14173.97,4,2026-07-23,708.7,35.26,15000.0,19694,808,2021-07-03,07/29,Yes,Disabled,Active
3382,4929273104861774,9689,3124,Classic,Mastercard,500000,483294.51,16705.49,28,2026-07-18,835.27,43.11,150000.0,4788,312,2022-07-03,07/31,Yes,Disabled,Active
3383,4176536573715382,2202,8813,Classic,Visa,50000,29375.33,20624.67,6,2026-07-18,1031.23,36.55,15000.0,13179,280,2021-07-03,07/29,Yes,Disabled,Active
3384,4356431042275657,9548,10387,Platinum,Mastercard,500000,376922.03,123077.97,6,2026-07-13,6153.9,32.15,150000.0,6600,696,2022-07-03,07/29,Yes,Enabled,Active
3385,4634725867660538,3394,19434,Classic,American Express,50000,16866.47,33133.53,28,2026-08-01,1656.68,42.83,15000.0,20983,281,2025-07-02,07/31,Yes,Disabled,Active
3386,4406654399869275,9112,17190,Classic,Visa,100000,52292.2,47707.8,4,2026-07-23,2385.39,35.61,30000.0,20605,606,2026-07-02,07/31,Yes,Enabled,Active
3387,4281940363565797,3703,12569,Classic,Mastercard,100000,31223.92,68776.08,21,2026-08-01,3438.8,34.93,30000.0,23657,273,2026-07-02,07/28,Yes,Enabled,Active
3388,4029717214740688,8515,16962,Gold,Mastercard,500000,267221.64,232778.36,17,2026-07-08,11638.92,45.81,150000.0,67,674,2022-07-03,07/29,Yes,Disabled,Active
3389,4678566183325487,5191,5331,Platinum,American Express,50000,6520.89,43479.11,6,2026-07-17,2173.96,37.37,15000.0,9687,629,2021-07-03,07/29,Yes,Enabled,Active
3390,4612303077873383,6510,10818,Classic,Visa,50000,29644.5,20355.5,21,2026-07-20,1017.78,31.17,15000.0,4943,258,2025-07-02,07/28,Yes,Enabled,Active
3391,4171311580878040,6299,785,Gold,American Express,50000,39152.37,10847.63,20,2026-07-18,542.38,43.49,15000.0,20941,856,2021-07-03,07/29,Yes,Disabled,Active
3392,4546943039466312,7087,99,Gold,Visa,50000,15555.58,34444.42,7,2026-07-29,1722.22,36.15,15000.0,5982,403,2025-07-02,07/30,Yes,Enabled,Blocked
3393,4067292811651849,3301,17411,Gold,Visa,100000,81970.99,18029.01,3,2026-07-12,901.45,37.94,30000.0,19403,309,2022-07-03,07/30,Yes,Enabled,Active
3394,4039034750408769,8066,8420,Gold,American Express,100000,95781.35,4218.65,25,2026-07-09,210.93,39.03,30000.0,19127,189,2023-07-03,07/31,Yes,Disabled,Active
3395,4799166516083266,8456,9507,Classic,Mastercard,50000,14815.38,35184.62,28,2026-08-01,1759.23,35.69,15000.0,7083,909,2022-07-03,07/28,Yes,Disabled,Active
3396,4060259936448173,2280,16473,Gold,Mastercard,50000,21434.23,28565.77,1,2026-07-26,1428.29,34.59,15000.0,10102,263,2025-07-02,07/28,Yes,Disabled,Active
3397,4506951681319591,5692,5069,Platinum,Visa,200000,121387.55,78612.45,1,2026-07-08,3930.62,43.17,60000.0,3808,146,2022-07-03,07/31,Yes,Disabled,Active
3398,4029811026461351,3024,13607,Gold,Mastercard,50000,43021.4,6978.6,2,2026-07-15,348.93,47.64,15000.0,20027,743,2026-07-02,07/29,No,Disabled,Active
3399,4857455626977772,3725,2949,Platinum,Visa,200000,118968.75,81031.25,22,2026-07-09,4051.56,47.45,60000.0,9170,558,2022-07-03,07/31,Yes,Disabled,Active
3400,4500701809270557,3999,18419,Classic,Visa,1000000,868716.1,131283.9,24,2026-08-01,6564.19,37.82,300000.0,20333,457,2025-07-02,07/30,Yes,Disabled,Active
3401,4260140574518016,2682,18067,Signature,Mastercard,200000,22039.14,177960.86,22,2026-07-27,8898.04,33.92,60000.0,13291,781,2022-07-03,07/28,Yes,Disabled,Active
3402,4677848021914862,4768,2574,Platinum,Mastercard,100000,35090.05,64909.95,8,2026-07-20,3245.5,33.59,30000.0,16883,819,2025-07-02,07/30,Yes,Enabled,Active
3403,4876263995689543,21,2996,Gold,Visa,200000,119980.54,80019.46,6,2026-07-10,4000.97,34.06,60000.0,7520,495,2025-07-02,07/28,Yes,Disabled,Active
3404,4507222128920098,6342,11766,Classic,Mastercard,100000,69735.32,30264.68,24,2026-07-28,1513.23,38.64,30000.0,10636,231,2023-07-03,07/28,No,Disabled,Active
3405,4856254432448834,7329,1161,Classic,RuPay,50000,17373.75,32626.25,4,2026-07-23,1631.31,40.11,15000.0,13342,786,2023-07-03,07/29,Yes,Disabled,Active
3406,4573562487174944,764,9553,Classic,Visa,100000,14052.16,85947.84,9,2026-08-01,4297.39,42.06,30000.0,5755,605,2023-07-03,07/29,Yes,Enabled,Active
3407,4846039341856165,5988,3255,Gold,Visa,200000,70161.38,129838.62,12,2026-07-29,6491.93,33.18,60000.0,4634,382,2023-07-03,07/28,Yes,Disabled,Active
3408,4234906315353009,3756,14095,Gold,Mastercard,50000,28519.43,21480.57,27,2026-07-12,1074.03,44.5,15000.0,4289,194,2023-07-03,07/31,Yes,Disabled,Active
3409,4807963821087319,5201,15261,Classic,Visa,200000,81129.01,118870.99,25,2026-07-29,5943.55,42.32,60000.0,18499,806,2021-07-03,07/29,Yes,Enabled,Active
3410,4835658072073202,7688,4673,Classic,Mastercard,100000,99025.9,974.1,16,2026-07-25,48.71,42.38,30000.0,11641,993,2026-07-02,07/31,Yes,Disabled,Active
3411,4938857293442832,5713,1058,Classic,Visa,100000,83166.96,16833.04,27,2026-07-07,841.65,45.28,30000.0,3666,156,2026-07-02,07/31,Yes,Disabled,Active
3412,4744409269250588,2935,8125,Classic,Visa,50000,44483.6,5516.4,13,2026-07-20,275.82,32.56,15000.0,12154,248,2024-07-02,07/31,Yes,Disabled,Active
3413,4264540573419133,7059,1908,Classic,Visa,500000,341786.62,158213.38,10,2026-07-08,7910.67,37.45,150000.0,24626,745,2022-07-03,07/29,Yes,Disabled,Active
3414,4934475334539386,6974,11175,Gold,Visa,1000000,856710.99,143289.01,17,2026-07-23,7164.45,35.29,300000.0,22438,774,2026-07-02,07/31,Yes,Enabled,Active
3415,4356339458199537,4379,6857,Platinum,Visa,50000,40259.24,9740.76,3,2026-07-25,487.04,39.91,15000.0,13171,293,2023-07-03,07/31,Yes,Disabled,Active
3416,4000479762517483,9856,11391,Classic,Visa,100000,65085.56,34914.44,16,2026-07-10,1745.72,38.73,30000.0,17565,409,2021-07-03,07/31,Yes,Disabled,Active
3417,4067320306944510,1785,9431,Classic,Mastercard,200000,180133.28,19866.72,20,2026-07-14,993.34,47.56,60000.0,7271,503,2023-07-03,07/31,Yes,Disabled,Active
3418,4441384994511589,3520,15908,Gold,Visa,100000,61303.51,38696.49,16,2026-07-17,1934.82,35.42,30000.0,19358,484,2026-07-02,07/28,Yes,Disabled,Active
3419,4363531349043680,8287,15687,Signature,Mastercard,50000,29809.64,20190.36,27,2026-07-17,1009.52,47.66,15000.0,11362,914,2023-07-03,07/29,Yes,Enabled,Active
3420,4272441128302162,4053,19708,Platinum,Visa,200000,91401.96,108598.04,23,2026-07-12,5429.9,45.43,60000.0,15339,100,2026-07-02,07/28,Yes,Disabled,Blocked
3421,4210006418670568,7593,18150,Gold,Visa,500000,230464.67,269535.33,17,2026-07-20,13476.77,44.22,150000.0,24858,497,2023-07-03,07/31,No,Disabled,Active
3422,4751861447886571,2645,18859,Gold,Mastercard,50000,14379.15,35620.85,27,2026-07-15,1781.04,36.93,15000.0,24328,165,2026-07-02,07/31,Yes,Disabled,Active
3423,4466492469857286,2324,11376,Classic,Visa,200000,31588.05,168411.95,25,2026-07-15,8420.6,39.92,60000.0,14555,882,2022-07-03,07/30,Yes,Enabled,Active
3424,4838984091436323,2767,5892,Classic,RuPay,100000,11605.31,88394.69,2,2026-07-17,4419.73,41.32,30000.0,3655,462,2022-07-03,07/28,Yes,Enabled,Active
3425,4766970182916367,4484,11407,Platinum,RuPay,50000,39485.39,10514.61,28,2026-07-11,525.73,33.24,15000.0,19812,679,2026-07-02,07/28,No,Disabled,Active
3426,4130212286579193,4735,7055,Classic,Visa,50000,47556.14,2443.86,19,2026-07-25,122.19,38.3,15000.0,7726,651,2022-07-03,07/28,Yes,Disabled,Active
3427,4935350162998958,1070,14670,Gold,Visa,50000,49722.06,277.94,19,2026-07-14,13.9,40.61,15000.0,20371,628,2026-07-02,07/31,Yes,Enabled,Active
3428,4459360326755060,4638,999,Platinum,Mastercard,100000,68786.86,31213.14,19,2026-07-29,1560.66,34.64,30000.0,2257,434,2023-07-03,07/29,No,Disabled,Closed
3429,4969110318841859,3976,15088,Platinum,Mastercard,100000,41551.43,58448.57,6,2026-07-31,2922.43,46.65,30000.0,5208,182,2021-07-03,07/31,Yes,Disabled,Active
3430,4320779086620612,6458,11713,Platinum,Mastercard,500000,95248.51,404751.49,21,2026-07-20,20237.57,35.93,150000.0,13712,954,2024-07-02,07/29,Yes,Disabled,Active
3431,4652015823943361,8642,5572,Classic,RuPay,50000,48224.72,1775.28,13,2026-07-28,88.76,40.48,15000.0,5030,913,2021-07-03,07/28,Yes,Disabled,Active
3432,4507347262626011,5592,9322,Classic,American Express,50000,45943.03,4056.97,5,2026-07-22,202.85,38.72,15000.0,17868,181,2026-07-02,07/30,No,Disabled,Active
3433,4270593661178998,6245,2828,Classic,Mastercard,50000,44857.94,5142.06,20,2026-07-09,257.1,33.74,15000.0,11097,901,2024-07-02,07/30,Yes,Enabled,Active
3434,4575893551740248,397,10307,Classic,RuPay,100000,47921.43,52078.57,16,2026-07-26,2603.93,33.41,30000.0,5796,828,2021-07-03,07/28,Yes,Disabled,Active
3435,4028583460930331,377,8178,Classic,Visa,200000,133362.65,66637.35,14,2026-07-11,3331.87,40.33,60000.0,22441,561,2022-07-03,07/28,Yes,Disabled,Active
3436,4479558894702044,9281,13986,Signature,Visa,50000,14947.49,35052.51,14,2026-07-29,1752.63,34.51,15000.0,11731,411,2024-07-02,07/28,Yes,Enabled,Blocked
3437,4567272051352994,8651,5073,Platinum,Mastercard,200000,187221.0,12779.0,4,2026-07-14,638.95,32.52,60000.0,21085,393,2021-07-03,07/28,Yes,Disabled,Active
3438,4441639430932292,7117,6233,Signature,Mastercard,500000,163200.02,336799.98,17,2026-07-31,16840.0,46.98,150000.0,24979,385,2026-07-02,07/30,Yes,Disabled,Active
3439,4233956748455972,3765,13884,Classic,Visa,200000,23840.84,176159.16,6,2026-07-12,8807.96,40.03,60000.0,12684,514,2024-07-02,07/28,Yes,Disabled,Active
3440,4620050028595056,134,15931,Classic,Visa,500000,214523.82,285476.18,15,2026-07-25,14273.81,30.24,150000.0,12529,106,2025-07-02,07/29,Yes,Disabled,Closed
3441,4329859238167132,1018,3627,Gold,Visa,200000,184903.93,15096.07,4,2026-07-24,754.8,33.65,60000.0,24202,370,2023-07-03,07/31,Yes,Disabled,Active
3442,4230710119202007,1295,811,Gold,Mastercard,50000,24388.63,25611.37,1,2026-07-08,1280.57,43.81,15000.0,23972,150,2022-07-03,07/30,Yes,Enabled,Active
3443,4683003660938382,9194,12209,Platinum,Mastercard,100000,76040.05,23959.95,20,2026-07-07,1198.0,44.86,30000.0,15231,229,2023-07-03,07/30,No,Disabled,Active
3444,4511927633838309,3740,609,Gold,Mastercard,100000,58440.05,41559.95,1,2026-07-30,2078.0,44.97,30000.0,6901,773,2021-07-03,07/31,Yes,Disabled,Active
3445,4131417471716569,6,14137,Classic,Mastercard,50000,7954.61,42045.39,17,2026-07-29,2102.27,35.16,15000.0,3269,533,2025-07-02,07/30,Yes,Disabled,Active
3446,4000159576048264,3505,12575,Classic,Mastercard,200000,123296.07,76703.93,4,2026-07-08,3835.2,34.33,60000.0,9163,589,2026-07-02,07/31,Yes,Disabled,Active
3447,4875131408394933,8517,17326,Signature,Mastercard,100000,7225.41,92774.59,26,2026-07-09,4638.73,37.16,30000.0,24031,716,2023-07-03,07/29,Yes,Disabled,Active
3448,4554584697038786,5641,14264,Classic,Visa,100000,24985.64,75014.36,9,2026-08-01,3750.72,41.4,30000.0,21593,272,2025-07-02,07/28,Yes,Disabled,Active
3449,4399913596460930,7641,9863,Classic,Mastercard,50000,45268.35,4731.65,4,2026-07-09,236.58,37.82,15000.0,11515,636,2026-07-02,07/31,Yes,Disabled,Active
3450,4724772072079025,5325,14557,Gold,Visa,100000,87701.8,12298.2,4,2026-07-12,614.91,36.94,30000.0,797,157,2023-07-03,07/30,Yes,Disabled,Active
3451,4381512414133889,7500,9711,Classic,Mastercard,50000,42746.12,7253.88,16,2026-07-13,362.69,39.1,15000.0,6391,534,2025-07-02,07/28,Yes,Enabled,Active
3452,4693691587073774,1303,9584,Gold,Mastercard,500000,273662.26,226337.74,2,2026-07-14,11316.89,43.99,150000.0,15668,487,2025-07-02,07/29,Yes,Disabled,Active
3453,4722863751018090,2245,13033,Classic,Mastercard,500000,216493.9,283506.1,23,2026-07-16,14175.31,34.26,150000.0,13558,736,2021-07-03,07/30,Yes,Disabled,Active
3454,4815605671698095,765,7578,Gold,Mastercard,200000,164755.52,35244.48,4,2026-07-19,1762.22,33.15,60000.0,16762,631,2024-07-02,07/31,Yes,Disabled,Active
3455,4856675122426197,7342,10693,Classic,Mastercard,50000,15189.74,34810.26,2,2026-07-29,1740.51,40.81,15000.0,14528,633,2023-07-03,07/29,Yes,Disabled,Active
3456,4168306832079671,2953,7642,Classic,RuPay,100000,72528.96,27471.04,19,2026-07-29,1373.55,30.31,30000.0,8788,511,2021-07-03,07/30,Yes,Disabled,Active
3457,4222689974924365,2052,8004,Gold,Visa,100000,40633.74,59366.26,21,2026-07-08,2968.31,37.49,30000.0,18151,691,2024-07-02,07/31,Yes,Disabled,Active
3458,4944636167051694,676,17680,Gold,Mastercard,50000,34990.53,15009.47,11,2026-07-27,750.47,43.44,15000.0,8646,850,2021-07-03,07/29,Yes,Enabled,Active
3459,4582889341573515,3047,5789,Classic,RuPay,100000,75476.95,24523.05,22,2026-07-20,1226.15,38.69,30000.0,23787,561,2024-07-02,07/31,Yes,Disabled,Active
3460,4512913405057112,5444,2298,Classic,Mastercard,200000,17794.85,182205.15,11,2026-07-17,9110.26,43.69,60000.0,23078,215,2025-07-02,07/30,Yes,Disabled,Active
3461,4769207940428405,5316,18624,Classic,American Express,200000,74531.92,125468.08,28,2026-07-14,6273.4,37.06,60000.0,13064,574,2026-07-02,07/29,Yes,Enabled,Active
3462,4908588556795098,1356,949,Classic,Visa,50000,8347.48,41652.52,27,2026-07-30,2082.63,35.56,15000.0,6388,906,2025-07-02,07/28,Yes,Disabled,Active
3463,4966364997611541,8302,14761,Platinum,RuPay,50000,30905.18,19094.82,19,2026-07-07,954.74,39.19,15000.0,23496,355,2024-07-02,07/31,Yes,Disabled,Active
3464,4918872172337170,3247,5973,Gold,Visa,50000,41314.45,8685.55,2,2026-08-01,434.28,47.78,15000.0,22319,658,2026-07-02,07/31,Yes,Disabled,Active
3465,4780615396064789,5125,4154,Platinum,Visa,100000,78328.72,21671.28,26,2026-07-29,1083.56,45.55,30000.0,20933,343,2023-07-03,07/29,Yes,Disabled,Active
3466,4142643043317182,2503,19511,Classic,Mastercard,50000,32672.69,17327.31,3,2026-07-15,866.37,37.46,15000.0,4092,188,2022-07-03,07/28,Yes,Disabled,Active
3467,4882301562917689,9844,5130,Classic,Visa,500000,396917.62,103082.38,10,2026-07-23,5154.12,38.4,150000.0,7465,459,2024-07-02,07/30,Yes,Enabled,Expired
3468,4061622353080240,5730,3950,Classic,Visa,100000,7147.85,92852.15,21,2026-07-18,4642.61,31.84,30000.0,8605,726,2022-07-03,07/31,Yes,Enabled,Active
3469,4471703280092895,6187,8425,Gold,Visa,100000,37979.03,62020.97,3,2026-07-30,3101.05,30.41,30000.0,1120,236,2022-07-03,07/29,Yes,Disabled,Active
3470,4366987123704360,7513,12941,Classic,Visa,500000,393018.01,106981.99,3,2026-07-07,5349.1,34.72,150000.0,5188,251,2023-07-03,07/31,Yes,Disabled,Active
3471,4681111105153452,3517,12423,Platinum,Mastercard,200000,168764.66,31235.34,7,2026-07-16,1561.77,34.97,60000.0,15477,626,2021-07-03,07/31,Yes,Disabled,Active
3472,4004551413053410,5370,13394,Classic,Mastercard,100000,62276.66,37723.34,24,2026-07-22,1886.17,38.34,30000.0,10461,402,2021-07-03,07/29,Yes,Disabled,Active
3473,4739535712581050,748,2742,Gold,Visa,500000,415646.82,84353.18,14,2026-07-30,4217.66,44.88,150000.0,22195,138,2026-07-02,07/30,Yes,Disabled,Active
3474,4531385604048738,9276,596,Platinum,Mastercard,50000,11888.24,38111.76,24,2026-07-24,1905.59,33.22,15000.0,1797,543,2023-07-03,07/28,Yes,Disabled,Active
3475,4152878281882322,780,8196,Platinum,Visa,100000,52579.84,47420.16,19,2026-07-09,2371.01,35.08,30000.0,7104,929,2023-07-03,07/30,Yes,Disabled,Active
3476,4253541176717297,9,7906,Classic,Mastercard,50000,44915.99,5084.01,18,2026-07-11,254.2,38.3,15000.0,18892,538,2025-07-02,07/28,No,Enabled,Active
3477,4273646842525711,1749,13678,Classic,Mastercard,50000,32563.15,17436.85,8,2026-07-17,871.84,40.04,15000.0,2811,541,2023-07-03,07/30,Yes,Enabled,Active
3478,4053807682895402,8429,12965,Signature,Visa,500000,266268.83,233731.17,21,2026-07-30,11686.56,34.55,150000.0,2143,975,2023-07-03,07/29,Yes,Disabled,Active
3479,4691884969260616,639,10055,Gold,RuPay,100000,19846.57,80153.43,7,2026-07-31,4007.67,40.33,30000.0,13377,127,2022-07-03,07/31,Yes,Disabled,Active
3480,4165936848013685,6631,11787,Gold,RuPay,100000,54591.89,45408.11,20,2026-07-07,2270.41,33.73,30000.0,5582,193,2024-07-02,07/31,Yes,Disabled,Active
3481,4098938914864707,8054,17390,Classic,Mastercard,50000,6124.67,43875.33,6,2026-07-13,2193.77,33.85,15000.0,1354,312,2022-07-03,07/28,Yes,Enabled,Active
3482,4880833657347216,1853,8943,Gold,Visa,50000,12128.29,37871.71,27,2026-07-11,1893.59,44.58,15000.0,11719,775,2022-07-03,07/30,No,Enabled,Active
3483,4789973038944196,4256,15698,Platinum,Visa,50000,44457.27,5542.73,27,2026-07-23,277.14,34.89,15000.0,10436,174,2025-07-02,07/30,No,Enabled,Active
3484,4516153208233934,5571,1889,Platinum,Visa,50000,13415.79,36584.21,16,2026-07-08,1829.21,32.87,15000.0,8178,612,2026-07-02,07/30,Yes,Disabled,Active
3485,4737133729976311,3646,2523,Gold,RuPay,50000,25498.0,24502.0,16,2026-07-20,1225.1,36.48,15000.0,4055,916,2025-07-02,07/28,Yes,Disabled,Active
3486,4141034756726163,77,15362,Classic,Visa,50000,42588.64,7411.36,13,2026-07-30,370.57,41.02,15000.0,23737,805,2023-07-03,07/31,Yes,Disabled,Active
3487,4072153837086183,8357,12169,Classic,Visa,200000,118841.67,81158.33,27,2026-07-09,4057.92,41.17,60000.0,19886,903,2024-07-02,07/31,Yes,Enabled,Expired
3488,4462671930745949,8775,9921,Classic,Visa,50000,33404.88,16595.12,20,2026-07-22,829.76,33.98,15000.0,15678,166,2024-07-02,07/31,Yes,Disabled,Active
3489,4630831013318363,2815,3919,Classic,Visa,100000,75296.49,24703.51,25,2026-07-16,1235.18,32.98,30000.0,5975,923,2022-07-03,07/31,Yes,Disabled,Active
3490,4034270926632535,988,18685,Platinum,Mastercard,100000,93507.64,6492.36,28,2026-07-14,324.62,43.27,30000.0,22441,928,2021-07-03,07/30,No,Enabled,Active
3491,4291932620934025,3460,9465,Classic,Visa,100000,13494.66,86505.34,22,2026-07-08,4325.27,45.68,30000.0,23169,420,2024-07-02,07/29,Yes,Enabled,Active
3492,4983824671767258,5686,19648,Platinum,Visa,50000,36429.05,13570.95,12,2026-07-07,678.55,43.39,15000.0,22859,110,2026-07-02,07/30,Yes,Disabled,Active
3493,4463104007416913,1083,10688,Gold,Visa,200000,135736.44,64263.56,20,2026-07-23,3213.18,34.03,60000.0,2134,790,2024-07-02,07/28,No,Disabled,Active
3494,4212383823952643,3914,6084,Platinum,Visa,200000,68506.35,131493.65,21,2026-07-08,6574.68,32.62,60000.0,63,421,2021-07-03,07/28,Yes,Enabled,Active
3495,4561108993681774,581,758,Platinum,Visa,50000,42968.18,7031.82,4,2026-07-15,351.59,40.32,15000.0,12069,198,2021-07-03,07/31,Yes,Disabled,Active
3496,4235666168358178,1876,2224,Classic,Visa,100000,31889.52,68110.48,15,2026-07-26,3405.52,38.56,30000.0,11102,123,2023-07-03,07/30,Yes,Enabled,Active
3497,4395967664758627,9264,8821,Platinum,Visa,200000,107989.5,92010.5,11,2026-07-14,4600.53,36.34,60000.0,15159,285,2025-07-02,07/30,Yes,Enabled,Active
3498,4895638068778797,732,10380,Platinum,RuPay,100000,65332.64,34667.36,14,2026-07-07,1733.37,47.41,30000.0,2435,769,2026-07-02,07/30,Yes,Disabled,Active
3499,4391078229405013,5987,12062,Classic,Visa,200000,126878.68,73121.32,11,2026-07-26,3656.07,37.67,60000.0,22120,180,2023-07-03,07/31,Yes,Disabled,Active
3500,4045839483607606,840,9372,Platinum,Visa,50000,37388.27,12611.73,15,2026-07-26,630.59,46.01,15000.0,11925,811,2022-07-03,07/31,No,Disabled,Active
3501,4968750209147359,9304,5032,Gold,Visa,100000,40064.08,59935.92,15,2026-07-27,2996.8,45.61,30000.0,14778,849,2024-07-02,07/29,Yes,Enabled,Active
3502,4561352958650489,2567,4375,Platinum,Mastercard,50000,42574.96,7425.04,9,2026-07-31,371.25,39.72,15000.0,19921,529,2023-07-03,07/30,Yes,Disabled,Active
3503,4132046385327774,3012,6711,Classic,RuPay,100000,92753.42,7246.58,19,2026-07-09,362.33,32.11,30000.0,18690,627,2021-07-03,07/29,Yes,Disabled,Active
3504,4145721566856029,7182,16897,Signature,RuPay,100000,50640.4,49359.6,7,2026-07-16,2467.98,35.5,30000.0,9431,362,2022-07-03,07/31,Yes,Disabled,Active
3505,4173811925177572,1124,6986,Platinum,Visa,1000000,232390.67,767609.33,6,2026-07-11,38380.47,46.7,300000.0,24320,320,2022-07-03,07/29,Yes,Disabled,Active
3506,4733310427609885,3136,5476,Classic,Mastercard,50000,22884.0,27116.0,16,2026-07-31,1355.8,42.3,15000.0,14075,428,2023-07-03,07/29,Yes,Enabled,Active
3507,4661250056781069,8655,15047,Platinum,Visa,500000,331689.13,168310.87,6,2026-07-16,8415.54,34.59,150000.0,4442,343,2025-07-02,07/29,Yes,Disabled,Active
3508,4091738361587305,6170,18940,Classic,RuPay,100000,93709.57,6290.43,3,2026-07-07,314.52,42.64,30000.0,10907,697,2023-07-03,07/31,Yes,Enabled,Active
3509,4442882401340449,1091,15046,Classic,Visa,50000,41686.69,8313.31,12,2026-07-22,415.67,38.37,15000.0,10219,638,2021-07-03,07/29,No,Enabled,Active
3510,4460744380831996,7603,16443,Classic,Visa,50000,6985.79,43014.21,11,2026-07-30,2150.71,35.59,15000.0,8205,782,2024-07-02,07/30,Yes,Enabled,Active
3511,4874689325418388,6859,13946,Platinum,Visa,50000,18994.05,31005.95,10,2026-08-01,1550.3,43.49,15000.0,8607,980,2026-07-02,07/29,Yes,Enabled,Active
3512,4407728997422769,1171,3211,Gold,Mastercard,50000,42177.97,7822.03,15,2026-07-07,391.1,42.95,15000.0,10476,645,2023-07-03,07/30,Yes,Disabled,Active
3513,4088229092458252,561,9946,Classic,Mastercard,50000,31653.33,18346.67,17,2026-07-24,917.33,38.51,15000.0,23762,559,2024-07-02,07/31,Yes,Disabled,Active
3514,4658528847521007,9679,17998,Classic,Mastercard,100000,39073.07,60926.93,18,2026-07-12,3046.35,45.52,30000.0,18061,903,2023-07-03,07/29,Yes,Enabled,Active
3515,4485202061479529,4615,1939,Classic,Mastercard,200000,134232.03,65767.97,27,2026-07-13,3288.4,32.92,60000.0,11625,171,2024-07-02,07/30,Yes,Enabled,Active
3516,4200171409811679,70,68,Classic,Visa,50000,32575.01,17424.99,26,2026-07-12,871.25,38.58,15000.0,1653,546,2025-07-02,07/30,Yes,Enabled,Active
3517,4550094404861332,9499,2096,Classic,RuPay,100000,95948.57,4051.43,11,2026-07-16,202.57,44.3,30000.0,18585,359,2024-07-02,07/31,No,Disabled,Active
3518,4050545584649777,6551,2950,Classic,Visa,50000,8822.08,41177.92,5,2026-07-14,2058.9,47.97,15000.0,18898,351,2023-07-03,07/31,Yes,Enabled,Active
3519,4865178753633454,1345,19673,Gold,RuPay,1000000,406223.45,593776.55,24,2026-07-22,29688.83,32.92,300000.0,23317,628,2021-07-03,07/28,Yes,Disabled,Active
3520,4863119483013476,3606,3366,Gold,RuPay,50000,46436.27,3563.73,25,2026-07-09,178.19,41.93,15000.0,10261,591,2023-07-03,07/29,Yes,Disabled,Active
3521,4223689035328941,2877,15637,Gold,Visa,500000,69341.78,430658.22,5,2026-07-19,21532.91,41.02,150000.0,4283,496,2022-07-03,07/30,Yes,Disabled,Active
3522,4046610266182917,7375,8494,Classic,Mastercard,200000,77119.12,122880.88,14,2026-07-14,6144.04,41.0,60000.0,9116,481,2023-07-03,07/29,Yes,Enabled,Active
3523,4411582504377317,1746,14593,Gold,Visa,1000000,609503.96,390496.04,14,2026-07-22,19524.8,34.73,300000.0,3947,652,2022-07-03,07/28,Yes,Disabled,Active
3524,4169284330134684,5146,13409,Classic,Mastercard,100000,5062.29,94937.71,20,2026-07-13,4746.89,41.99,30000.0,3620,891,2023-07-03,07/29,Yes,Disabled,Active
3525,4856828032840449,6130,19992,Classic,Visa,100000,25229.35,74770.65,23,2026-07-22,3738.53,40.2,30000.0,2349,629,2022-07-03,07/30,Yes,Disabled,Active
3526,4757136659795511,9311,10081,Platinum,Mastercard,50000,13489.68,36510.32,14,2026-07-31,1825.52,31.5,15000.0,20919,958,2021-07-03,07/30,Yes,Disabled,Active
3527,4671858689438866,3373,18881,Classic,Visa,50000,16906.94,33093.06,12,2026-07-08,1654.65,39.09,15000.0,7953,260,2021-07-03,07/29,Yes,Enabled,Active
3528,4814837277081009,5047,18052,Classic,Visa,50000,30484.5,19515.5,16,2026-07-24,975.78,33.22,15000.0,22511,421,2023-07-03,07/31,Yes,Disabled,Active
3529,4375721257439346,5625,2015,Classic,Mastercard,100000,35741.45,64258.55,2,2026-07-25,3212.93,31.52,30000.0,21083,526,2026-07-02,07/31,Yes,Disabled,Active
3530,4890273306782002,3625,11106,Classic,RuPay,500000,77870.93,422129.07,2,2026-07-21,21106.45,42.19,150000.0,9696,993,2021-07-03,07/28,Yes,Disabled,Active
3531,4740295860200105,7521,4616,Gold,Visa,50000,49040.9,959.1,9,2026-07-09,47.96,33.4,15000.0,12894,822,2026-07-02,07/31,Yes,Disabled,Active
3532,4106977625381361,7756,7266,Signature,Visa,500000,276660.31,223339.69,17,2026-07-21,11166.98,46.92,150000.0,2964,678,2026-07-02,07/29,Yes,Disabled,Active
3533,4424001919148994,7863,7793,Gold,RuPay,50000,25750.14,24249.86,16,2026-07-29,1212.49,36.32,15000.0,17181,747,2021-07-03,07/29,Yes,Disabled,Active
3534,4960556047509773,8470,17257,Platinum,Mastercard,500000,47935.17,452064.83,27,2026-07-15,22603.24,36.44,150000.0,8533,956,2024-07-02,07/30,Yes,Disabled,Active
3535,4119266196478077,6165,13360,Classic,Visa,50000,49288.18,711.82,19,2026-07-10,35.59,44.15,15000.0,12712,670,2022-07-03,07/31,Yes,Disabled,Active
3536,4814743102294831,1009,9857,Classic,Mastercard,200000,138388.69,61611.31,4,2026-07-25,3080.57,44.75,60000.0,20448,530,2021-07-03,07/30,Yes,Disabled,Active
3537,4845923967484845,4830,17036,Classic,Visa,100000,39769.41,60230.59,24,2026-07-22,3011.53,35.99,30000.0,19128,233,2021-07-03,07/29,Yes,Enabled,Active
3538,4508560641045709,5981,15184,Classic,Mastercard,200000,98856.25,101143.75,17,2026-07-16,5057.19,44.02,60000.0,3578,769,2025-07-02,07/31,No,Disabled,Active
3539,4995517080584951,6741,1030,Classic,Visa,1000000,222595.45,777404.55,22,2026-07-17,38870.23,31.93,300000.0,14235,976,2023-07-03,07/31,Yes,Disabled,Active
3540,4787250029302551,2880,10809,Platinum,Visa,50000,5456.08,44543.92,4,2026-07-19,2227.2,46.11,15000.0,2546,319,2026-07-02,07/30,Yes,Enabled,Active
3541,4250036184440454,3518,11201,Classic,RuPay,100000,9283.44,90716.56,26,2026-07-11,4535.83,30.08,30000.0,8830,670,2025-07-02,07/31,Yes,Disabled,Active
3542,4372306205273908,7193,4501,Classic,Visa,100000,35572.07,64427.93,28,2026-07-27,3221.4,37.22,30000.0,9780,415,2021-07-03,07/28,Yes,Enabled,Active
3543,4896524099720499,8065,10725,Classic,Mastercard,100000,39184.51,60815.49,9,2026-07-15,3040.77,36.2,30000.0,18224,226,2025-07-02,07/30,Yes,Disabled,Active
3544,4105527513758062,2030,18628,Classic,Visa,100000,44410.55,55589.45,27,2026-07-25,2779.47,39.64,30000.0,124,832,2025-07-02,07/29,Yes,Disabled,Active
3545,4682888876640815,2269,15902,Gold,Mastercard,50000,29662.57,20337.43,8,2026-07-16,1016.87,38.28,15000.0,18886,555,2024-07-02,07/28,No,Enabled,Active
3546,4835000619530674,9156,11891,Classic,Visa,100000,28234.55,71765.45,26,2026-07-19,3588.27,34.4,30000.0,12649,488,2022-07-03,07/31,Yes,Disabled,Active
3547,4624845898371155,691,17128,Platinum,Visa,100000,48653.48,51346.52,6,2026-07-19,2567.33,47.72,30000.0,15741,145,2025-07-02,07/31,Yes,Disabled,Active
3548,4630437835035568,7747,280,Platinum,Visa,50000,32699.58,17300.42,16,2026-07-08,865.02,42.87,15000.0,23597,388,2026-07-02,07/30,Yes,Disabled,Active
3549,4235660576787558,9645,6982,Platinum,Visa,50000,44722.14,5277.86,14,2026-07-12,263.89,42.81,15000.0,3970,336,2021-07-03,07/28,Yes,Disabled,Active
3550,4683543150805943,4924,16511,Classic,Visa,100000,84580.46,15419.54,4,2026-07-25,770.98,40.29,30000.0,24972,601,2024-07-02,07/31,No,Disabled,Active
3551,4224507401439570,9691,4494,Classic,Visa,500000,289337.92,210662.08,2,2026-07-19,10533.1,47.79,150000.0,9711,310,2023-07-03,07/31,Yes,Enabled,Active
3552,4494386935923199,8008,13632,Platinum,Visa,500000,267697.22,232302.78,15,2026-07-21,11615.14,45.45,150000.0,16662,713,2025-07-02,07/29,Yes,Enabled,Active
3553,4738831844657403,4978,8601,Classic,American Express,500000,315880.0,184120.0,13,2026-07-26,9206.0,35.25,150000.0,15872,974,2026-07-02,07/28,Yes,Disabled,Active
3554,4234328618269875,2335,12448,Gold,Mastercard,100000,64297.12,35702.88,13,2026-07-09,1785.14,42.6,30000.0,12987,525,2022-07-03,07/28,Yes,Enabled,Active
3555,4566118367254367,9434,1137,Classic,Visa,50000,27998.74,22001.26,19,2026-07-24,1100.06,41.82,15000.0,22715,537,2024-07-02,07/30,Yes,Disabled,Blocked
3556,4982771682626894,6899,6101,Gold,Mastercard,50000,29417.61,20582.39,23,2026-07-28,1029.12,39.49,15000.0,5324,594,2024-07-02,07/29,Yes,Disabled,Active
3557,4174073496489323,220,13944,Platinum,Visa,50000,8799.17,41200.83,18,2026-07-16,2060.04,39.02,15000.0,1279,788,2021-07-03,07/28,Yes,Enabled,Active
3558,4767319801808271,5394,10727,Classic,Mastercard,50000,37436.15,12563.85,18,2026-07-13,628.19,33.81,15000.0,15899,706,2025-07-02,07/31,Yes,Disabled,Active
3559,4319688910215924,8574,11610,Gold,Visa,50000,10344.82,39655.18,27,2026-07-09,1982.76,44.41,15000.0,22617,540,2022-07-03,07/30,Yes,Disabled,Active
3560,4487367437297061,1684,11085,Platinum,Visa,100000,68280.72,31719.28,5,2026-07-19,1585.96,34.2,30000.0,1713,870,2022-07-03,07/29,Yes,Disabled,Active
3561,4747306117271466,4242,1357,Platinum,Mastercard,50000,31952.67,18047.33,14,2026-07-07,902.37,35.22,15000.0,5382,737,2023-07-03,07/31,Yes,Enabled,Active
3562,4473349038690050,4972,897,Classic,RuPay,200000,105027.79,94972.21,21,2026-07-27,4748.61,43.93,60000.0,12433,573,2025-07-02,07/28,Yes,Disabled,Active
3563,4520657316802239,4175,16266,Platinum,Mastercard,500000,120224.09,379775.91,27,2026-07-09,18988.8,33.91,150000.0,20979,834,2025-07-02,07/30,Yes,Disabled,Active
3564,4717694394208030,9783,1574,Classic,Visa,50000,11809.45,38190.55,1,2026-07-17,1909.53,47.77,15000.0,11616,716,2024-07-02,07/29,Yes,Disabled,Active
3565,4219100861102207,8460,5450,Classic,Visa,100000,30554.54,69445.46,24,2026-07-09,3472.27,35.02,30000.0,3360,563,2026-07-02,07/31,Yes,Disabled,Active
3566,4733719878745270,3210,15039,Gold,Visa,100000,78509.66,21490.34,17,2026-07-26,1074.52,31.49,30000.0,21704,949,2026-07-02,07/31,Yes,Disabled,Active
3567,4111745364103684,2422,10264,Gold,Visa,200000,108406.11,91593.89,25,2026-07-08,4579.69,33.8,60000.0,896,158,2022-07-03,07/31,Yes,Disabled,Active
3568,4059292522348580,5294,15899,Classic,Visa,100000,69000.86,30999.14,24,2026-07-26,1549.96,46.19,30000.0,6017,171,2026-07-02,07/31,Yes,Disabled,Active
3569,4256981007009739,448,16197,Classic,Mastercard,500000,66092.51,433907.49,26,2026-07-14,21695.37,40.74,150000.0,1949,489,2026-07-02,07/31,Yes,Disabled,Active
3570,4234623101089634,6421,8004,Gold,Mastercard,100000,52361.47,47638.53,26,2026-07-21,2381.93,38.48,30000.0,15439,455,2023-07-03,07/29,Yes,Disabled,Active
3571,4029198414291931,7394,4279,Platinum,Visa,500000,36061.73,463938.27,11,2026-07-23,23196.91,47.66,150000.0,17714,298,2026-07-02,07/29,Yes,Enabled,Active
3572,4383929286338943,6737,13288,Classic,Mastercard,50000,32878.09,17121.91,27,2026-07-15,856.1,42.68,15000.0,14518,289,2026-07-02,07/28,Yes,Disabled,Active
3573,4054431714341497,3162,2346,Platinum,Visa,50000,4700.29,45299.71,16,2026-07-10,2264.99,35.37,15000.0,19637,835,2026-07-02,07/29,Yes,Disabled,Active
3574,4991876999051089,924,13865,Classic,Mastercard,100000,92956.57,7043.43,23,2026-07-15,352.17,46.9,30000.0,13176,590,2026-07-02,07/28,Yes,Enabled,Active
3575,4736764711764746,9758,5990,Classic,Visa,50000,34814.77,15185.23,14,2026-07-16,759.26,30.07,15000.0,19494,171,2024-07-02,07/28,Yes,Enabled,Active
3576,4055936431741953,9760,19868,Classic,Visa,1000000,852363.71,147636.29,17,2026-07-16,7381.81,35.96,300000.0,9319,903,2022-07-03,07/30,No,Enabled,Active
3577,4646829380580177,7437,11821,Platinum,RuPay,200000,158259.18,41740.82,3,2026-07-24,2087.04,30.68,60000.0,20771,679,2026-07-02,07/30,Yes,Disabled,Active
3578,4426885604990888,7536,4404,Gold,Mastercard,200000,24521.99,175478.01,24,2026-07-20,8773.9,47.06,60000.0,19110,112,2026-07-02,07/28,Yes,Disabled,Active
3579,4111854872140672,582,11819,Classic,Mastercard,100000,56055.0,43945.0,9,2026-07-20,2197.25,35.72,30000.0,23439,348,2025-07-02,07/28,Yes,Enabled,Active
3580,4734020634867513,4328,16845,Classic,Visa,100000,78520.65,21479.35,14,2026-07-30,1073.97,46.21,30000.0,8916,968,2025-07-02,07/30,Yes,Disabled,Active
3581,4608028271637260,99,9937,Classic,Visa,200000,144336.53,55663.47,13,2026-07-22,2783.17,42.05,60000.0,9852,113,2024-07-02,07/31,Yes,Disabled,Active
3582,4635807773613111,7050,16530,Platinum,RuPay,100000,12187.5,87812.5,14,2026-07-20,4390.62,40.75,30000.0,17346,649,2025-07-02,07/31,Yes,Disabled,Active
3583,4908671234121271,2593,17730,Classic,RuPay,50000,41967.92,8032.08,27,2026-07-11,401.6,39.43,15000.0,17478,308,2024-07-02,07/30,Yes,Disabled,Active
3584,4612516216963535,1082,10389,Platinum,Mastercard,50000,38695.26,11304.74,17,2026-07-29,565.24,31.91,15000.0,4859,376,2025-07-02,07/29,Yes,Disabled,Active
3585,4612097708510635,3169,3419,Classic,Mastercard,50000,16783.18,33216.82,26,2026-07-14,1660.84,31.72,15000.0,1497,317,2022-07-03,07/31,Yes,Disabled,Active
3586,4139824390885548,4657,11690,Platinum,Visa,200000,23560.12,176439.88,9,2026-07-15,8821.99,40.07,60000.0,21063,668,2023-07-03,07/30,Yes,Disabled,Active
3587,4647983783059988,3448,9145,Classic,Mastercard,100000,17643.33,82356.67,4,2026-07-18,4117.83,37.36,30000.0,23831,888,2026-07-02,07/28,Yes,Disabled,Active
3588,4425376875650245,2994,7618,Platinum,Mastercard,500000,350017.77,149982.23,13,2026-07-25,7499.11,31.23,150000.0,1158,450,2023-07-03,07/31,No,Disabled,Active
3589,4872445709482648,6693,7782,Platinum,Mastercard,200000,186476.71,13523.29,18,2026-07-14,676.16,46.51,60000.0,21265,175,2026-07-02,07/30,No,Enabled,Active
3590,4843272001634565,5595,8804,Gold,Visa,50000,35278.71,14721.29,1,2026-07-27,736.06,35.16,15000.0,21645,678,2025-07-02,07/30,Yes,Disabled,Active
3591,4992878511335333,1416,19249,Signature,Visa,200000,11279.24,188720.76,21,2026-07-17,9436.04,40.42,60000.0,12681,396,2021-07-03,07/29,Yes,Disabled,Active
3592,4829498276360733,8971,8522,Classic,Visa,100000,33856.56,66143.44,12,2026-07-22,3307.17,36.28,30000.0,19112,457,2021-07-03,07/30,Yes,Disabled,Active
3593,4073135731274648,3859,3987,Classic,Mastercard,50000,11115.59,38884.41,6,2026-07-15,1944.22,36.87,15000.0,11595,726,2024-07-02,07/28,Yes,Disabled,Active
3594,4703319707776024,6311,8115,Classic,RuPay,50000,16540.37,33459.63,17,2026-07-20,1672.98,35.51,15000.0,17142,747,2023-07-03,07/29,Yes,Disabled,Active
3595,4332117160492162,598,3800,Classic,Mastercard,50000,41467.83,8532.17,13,2026-08-01,426.61,47.59,15000.0,24538,395,2024-07-02,07/29,Yes,Disabled,Active
3596,4358783812180521,9911,12006,Platinum,Visa,100000,53751.3,46248.7,16,2026-07-13,2312.43,34.06,30000.0,17293,485,2026-07-02,07/29,Yes,Disabled,Active
3597,4945325461810902,4812,470,Classic,Visa,200000,133361.96,66638.04,13,2026-08-01,3331.9,44.53,60000.0,23359,769,2026-07-02,07/30,Yes,Enabled,Active
3598,4992225114321058,554,11169,Classic,Mastercard,50000,21239.44,28760.56,5,2026-07-11,1438.03,38.12,15000.0,3948,961,2023-07-03,07/30,Yes,Enabled,Active
3599,4706694832020826,113,19368,Classic,Mastercard,1000000,433135.14,566864.86,8,2026-07-17,28343.24,43.7,300000.0,12225,474,2023-07-03,07/30,Yes,Disabled,Active
3600,4407939589990570,8513,13325,Classic,Visa,50000,46779.95,3220.05,20,2026-07-21,161.0,40.93,15000.0,3536,948,2023-07-03,07/29,Yes,Disabled,Active
3601,4682466104183606,1768,3152,Gold,Visa,500000,261494.97,238505.03,22,2026-07-23,11925.25,44.11,150000.0,14735,945,2025-07-02,07/29,Yes,Disabled,Active
3602,4728695765784354,327,9304,Platinum,Visa,200000,31847.75,168152.25,1,2026-08-01,8407.61,31.83,60000.0,10213,276,2022-07-03,07/31,Yes,Disabled,Active
3603,4262158262383517,8285,8637,Platinum,Visa,100000,6986.36,93013.64,25,2026-07-24,4650.68,40.94,30000.0,22178,822,2022-07-03,07/28,No,Enabled,Active
3604,4209946753169466,3261,18059,Gold,Mastercard,100000,17134.54,82865.46,7,2026-07-13,4143.27,41.84,30000.0,19379,674,2025-07-02,07/28,Yes,Enabled,Active
3605,4170677322615911,6951,12840,Platinum,RuPay,500000,226859.47,273140.53,11,2026-07-27,13657.03,42.14,150000.0,24086,136,2025-07-02,07/29,Yes,Disabled,Active
3606,4814845131529211,2347,1325,Classic,Mastercard,50000,3028.28,46971.72,2,2026-07-30,2348.59,42.89,15000.0,12104,660,2026-07-02,07/28,Yes,Disabled,Active
3607,4011898445414166,5150,17963,Classic,Mastercard,50000,45881.41,4118.59,20,2026-08-01,205.93,30.69,15000.0,16999,808,2026-07-02,07/30,Yes,Disabled,Active
3608,4054412083832090,5838,9284,Signature,Visa,50000,4623.82,45376.18,20,2026-07-15,2268.81,39.17,15000.0,16543,408,2024-07-02,07/30,Yes,Enabled,Active
3609,4313714074863636,4105,2823,Gold,Visa,100000,21465.04,78534.96,24,2026-07-27,3926.75,42.96,30000.0,7032,135,2025-07-02,07/31,Yes,Disabled,Active
3610,4645322544019717,9073,19115,Classic,Mastercard,100000,47358.06,52641.94,16,2026-07-11,2632.1,32.65,30000.0,6294,434,2024-07-02,07/29,No,Disabled,Active
3611,4889534092016259,7639,10450,Classic,Visa,200000,136420.69,63579.31,17,2026-07-09,3178.97,39.91,60000.0,3580,395,2023-07-03,07/29,Yes,Enabled,Active
3612,4570924750201687,3470,6896,Platinum,Mastercard,1000000,115254.89,884745.11,16,2026-07-15,44237.26,37.67,300000.0,18924,474,2022-07-03,07/31,Yes,Disabled,Active
3613,4012226265236169,5750,8703,Classic,Visa,100000,14724.9,85275.1,26,2026-07-10,4263.76,39.02,30000.0,909,279,2025-07-02,07/30,Yes,Disabled,Active
3614,4469219952269086,7525,7284,Signature,Mastercard,100000,78443.86,21556.14,19,2026-07-27,1077.81,36.11,30000.0,14897,949,2026-07-02,07/29,Yes,Enabled,Active
3615,4738803798861013,6543,7562,Classic,Mastercard,200000,164260.4,35739.6,20,2026-07-17,1786.98,31.87,60000.0,23452,335,2023-07-03,07/31,Yes,Enabled,Active
3616,4633483547086035,5248,11283,Classic,Visa,50000,48413.59,1586.41,9,2026-07-30,79.32,31.8,15000.0,13276,658,2025-07-02,07/28,Yes,Disabled,Active
3617,4776770349073456,4396,4114,Classic,Visa,50000,21747.23,28252.77,18,2026-07-15,1412.64,33.8,15000.0,17224,781,2026-07-02,07/31,Yes,Enabled,Active
3618,4206881035969210,9094,2154,Classic,Mastercard,200000,76426.98,123573.02,15,2026-07-23,6178.65,45.49,60000.0,5828,493,2025-07-02,07/31,Yes,Enabled,Active
3619,4138052300108226,6473,57,Gold,Visa,500000,409000.5,90999.5,1,2026-07-10,4549.98,34.61,150000.0,708,404,2025-07-02,07/28,Yes,Disabled,Active
3620,4262937649707023,1251,4283,Platinum,Visa,100000,36443.5,63556.5,18,2026-07-12,3177.83,44.25,30000.0,18488,977,2021-07-03,07/31,Yes,Disabled,Active
3621,4312169763571163,8445,11275,Classic,Mastercard,50000,19506.99,30493.01,13,2026-07-26,1524.65,37.5,15000.0,6599,880,2021-07-03,07/30,Yes,Disabled,Active
3622,4471079897910192,685,849,Gold,Visa,100000,71859.8,28140.2,11,2026-08-01,1407.01,40.91,30000.0,6013,693,2022-07-03,07/31,Yes,Enabled,Active
3623,4215343799407122,8520,18316,Platinum,Visa,50000,37099.99,12900.01,11,2026-07-16,645.0,36.55,15000.0,5633,774,2023-07-03,07/29,Yes,Disabled,Active
3624,4703144670923502,7251,12259,Classic,Visa,200000,85033.16,114966.84,11,2026-07-24,5748.34,31.89,60000.0,9842,388,2024-07-02,07/30,Yes,Enabled,Active
3625,4002864113754798,4189,816,Gold,Visa,500000,104840.68,395159.32,1,2026-07-16,19757.97,37.91,150000.0,19044,414,2021-07-03,07/29,Yes,Disabled,Active
3626,4624890406464505,7370,3192,Platinum,Visa,100000,52262.03,47737.97,4,2026-07-10,2386.9,44.44,30000.0,13265,231,2021-07-03,07/31,Yes,Disabled,Active
3627,4680507774832612,1273,19469,Classic,Visa,100000,39227.89,60772.11,19,2026-07-28,3038.61,35.56,30000.0,13589,919,2021-07-03,07/30,Yes,Disabled,Active
3628,4845850099833406,4395,13379,Gold,Visa,50000,20733.51,29266.49,10,2026-07-18,1463.32,36.55,15000.0,9038,836,2025-07-02,07/31,No,Disabled,Active
3629,4405726635025951,2677,13019,Classic,Mastercard,50000,26432.32,23567.68,15,2026-07-19,1178.38,38.49,15000.0,17048,897,2024-07-02,07/28,Yes,Disabled,Active
3630,4962932490672880,3201,18949,Classic,Mastercard,500000,321804.98,178195.02,22,2026-07-29,8909.75,30.27,150000.0,2312,998,2024-07-02,07/31,Yes,Enabled,Active
3631,4201763925907063,4805,4084,Classic,Visa,50000,45025.11,4974.89,17,2026-07-28,248.74,46.26,15000.0,20562,689,2026-07-02,07/30,Yes,Enabled,Active
3632,4028340379868833,5197,12396,Platinum,Visa,500000,65376.61,434623.39,2,2026-07-15,21731.17,43.14,150000.0,14169,910,2021-07-03,07/31,Yes,Disabled,Active
3633,4037330364202050,9880,8877,Classic,RuPay,500000,391809.37,108190.63,23,2026-07-24,5409.53,47.77,150000.0,15037,530,2024-07-02,07/31,Yes,Enabled,Expired
3634,4984708960084358,7236,3428,Classic,Mastercard,100000,79900.87,20099.13,17,2026-07-31,1004.96,33.62,30000.0,5762,779,2022-07-03,07/28,Yes,Disabled,Active
3635,4061076280160845,5580,10312,Classic,Mastercard,200000,130106.04,69893.96,2,2026-07-10,3494.7,42.04,60000.0,14665,544,2021-07-03,07/29,Yes,Disabled,Active
3636,4689704836981523,5269,1387,Classic,Visa,100000,81256.62,18743.38,13,2026-08-01,937.17,32.31,30000.0,8727,778,2024-07-02,07/28,Yes,Disabled,Active
3637,4010059190420560,542,10894,Signature,Visa,50000,25770.68,24229.32,11,2026-07-17,1211.47,41.45,15000.0,8222,732,2026-07-02,07/29,Yes,Disabled,Active
3638,4924918370742022,2541,11034,Classic,Visa,200000,109701.54,90298.46,3,2026-07-15,4514.92,31.88,60000.0,21215,349,2025-07-02,07/28,Yes,Enabled,Active
3639,4185793027717421,5724,297,Signature,RuPay,100000,72053.47,27946.53,19,2026-07-13,1397.33,42.11,30000.0,23887,256,2022-07-03,07/28,Yes,Enabled,Active
3640,4584160690856439,3584,16029,Platinum,Mastercard,200000,10927.0,189073.0,27,2026-07-22,9453.65,41.49,60000.0,9805,415,2023-07-03,07/29,Yes,Disabled,Active
3641,4869535736113603,5980,8845,Platinum,Mastercard,50000,46182.1,3817.9,24,2026-07-23,190.9,43.76,15000.0,16584,148,2026-07-02,07/30,Yes,Disabled,Active
3642,4345491050947546,6779,17809,Classic,Visa,500000,272092.52,227907.48,21,2026-07-18,11395.37,35.68,150000.0,18944,807,2023-07-03,07/28,Yes,Disabled,Active
3643,4700487654785634,8727,15992,Classic,Visa,1000000,200467.97,799532.03,27,2026-07-15,39976.6,32.46,300000.0,12386,488,2026-07-02,07/28,No,Disabled,Active
3644,4325651846598400,8750,9883,Classic,Visa,100000,79060.45,20939.55,26,2026-07-31,1046.98,40.6,30000.0,9502,412,2025-07-02,07/29,Yes,Disabled,Active
3645,4321364763700927,707,14160,Gold,Visa,200000,42042.66,157957.34,11,2026-07-13,7897.87,47.63,60000.0,14968,125,2021-07-03,07/31,Yes,Enabled,Active
3646,4734648430696106,8863,19334,Classic,Mastercard,50000,39450.09,10549.91,19,2026-07-08,527.5,45.27,15000.0,16574,623,2025-07-02,07/28,No,Disabled,Active
3647,4041056070107686,9536,11924,Classic,RuPay,100000,26243.99,73756.01,25,2026-07-29,3687.8,34.96,30000.0,19837,719,2025-07-02,07/29,Yes,Disabled,Active
3648,4367162403968534,7642,10124,Classic,Visa,50000,46002.06,3997.94,12,2026-07-07,199.9,35.16,15000.0,14130,475,2022-07-03,07/30,Yes,Enabled,Blocked
3649,4965043444741850,5016,15376,Platinum,RuPay,50000,43351.91,6648.09,1,2026-07-08,332.4,33.34,15000.0,17062,455,2024-07-02,07/29,Yes,Enabled,Active
3650,4192270793838921,4988,6720,Classic,Visa,500000,61825.94,438174.06,20,2026-07-21,21908.7,39.4,150000.0,3780,692,2021-07-03,07/30,Yes,Disabled,Active
3651,4231681415108634,451,14027,Gold,Visa,50000,10074.68,39925.32,24,2026-07-26,1996.27,39.68,15000.0,15477,951,2025-07-02,07/31,Yes,Enabled,Active
3652,4360567165598354,2534,7638,Classic,Mastercard,50000,23567.44,26432.56,26,2026-07-27,1321.63,31.7,15000.0,22989,994,2026-07-02,07/28,Yes,Enabled,Active
3653,4596909827685549,8627,7918,Gold,Visa,100000,98831.18,1168.82,19,2026-07-21,58.44,45.85,30000.0,23404,368,2021-07-03,07/31,Yes,Enabled,Active
3654,4605977972663332,6076,13150,Gold,Visa,100000,48367.55,51632.45,8,2026-07-07,2581.62,31.65,30000.0,21396,732,2023-07-03,07/30,Yes,Disabled,Active
3655,4383781462811189,5391,5730,Gold,Visa,200000,111747.61,88252.39,28,2026-07-27,4412.62,31.27,60000.0,11693,872,2026-07-02,07/30,Yes,Enabled,Closed
3656,4723005079958939,6068,9052,Gold,RuPay,50000,7890.39,42109.61,11,2026-07-21,2105.48,38.26,15000.0,15843,783,2022-07-03,07/28,Yes,Disabled,Active
3657,4857483958229346,8284,12032,Classic,Mastercard,50000,44798.2,5201.8,21,2026-07-23,260.09,39.7,15000.0,15912,454,2024-07-02,07/30,Yes,Enabled,Active
3658,4888273626469881,979,4717,Platinum,Mastercard,200000,39475.23,160524.77,15,2026-07-13,8026.24,39.32,60000.0,114,248,2021-07-03,07/31,Yes,Enabled,Active
3659,4350693581000177,104,2882,Signature,Visa,500000,95341.5,404658.5,5,2026-07-13,20232.93,36.23,150000.0,12156,461,2021-07-03,07/31,Yes,Enabled,Active
3660,4524092078774876,5800,9333,Classic,American Express,50000,49221.06,778.94,25,2026-07-29,38.95,38.88,15000.0,14138,693,2024-07-02,07/28,Yes,Disabled,Active
3661,4104171590633820,7883,4413,Classic,Mastercard,100000,60032.53,39967.47,10,2026-07-14,1998.37,32.53,30000.0,5420,991,2021-07-03,07/28,Yes,Disabled,Active
3662,4613884097512000,7548,16064,Classic,Mastercard,100000,36387.95,63612.05,7,2026-07-17,3180.6,33.18,30000.0,1209,136,2023-07-03,07/29,No,Enabled,Active
3663,4998708965870388,93,13486,Classic,Visa,100000,18630.56,81369.44,15,2026-07-27,4068.47,42.13,30000.0,2987,657,2024-07-02,07/28,Yes,Disabled,Active
3664,4974909888603551,1343,5641,Classic,Mastercard,100000,74801.72,25198.28,26,2026-07-16,1259.91,38.28,30000.0,21444,860,2023-07-03,07/29,Yes,Enabled,Active
3665,4066846491240819,9219,8150,Gold,RuPay,200000,101242.13,98757.87,18,2026-07-15,4937.89,34.73,60000.0,15146,818,2026-07-02,07/30,Yes,Disabled,Active
3666,4724512550032201,2841,7261,Classic,Visa,50000,30030.41,19969.59,22,2026-07-12,998.48,47.95,15000.0,19134,269,2023-07-03,07/31,Yes,Enabled,Active
3667,4766679518149828,4285,8126,Classic,Mastercard,200000,102476.38,97523.62,17,2026-07-13,4876.18,43.87,60000.0,9692,617,2025-07-02,07/30,Yes,Disabled,Active
3668,4924704911676703,4238,12164,Classic,RuPay,100000,90898.27,9101.73,26,2026-07-17,455.09,42.64,30000.0,10813,565,2023-07-03,07/30,Yes,Enabled,Active
3669,4611353190475815,5905,17514,Gold,Visa,50000,27621.27,22378.73,27,2026-07-22,1118.94,38.71,15000.0,6908,696,2025-07-02,07/29,Yes,Enabled,Active
3670,4766681626070445,2124,12397,Classic,Visa,50000,36859.9,13140.1,17,2026-07-21,657.01,30.19,15000.0,22010,549,2021-07-03,07/28,Yes,Disabled,Active
3671,4119662906039557,1368,12565,Signature,Visa,50000,32250.18,17749.82,2,2026-07-26,887.49,35.26,15000.0,2162,131,2023-07-03,07/28,Yes,Disabled,Active
3672,4464898006435123,6542,13850,Platinum,Visa,50000,41404.84,8595.16,14,2026-07-28,429.76,30.21,15000.0,6543,761,2025-07-02,07/29,Yes,Enabled,Active
3673,4477657196975981,6633,7908,Classic,Mastercard,200000,159696.6,40303.4,6,2026-07-13,2015.17,37.7,60000.0,11115,514,2023-07-03,07/30,Yes,Enabled,Active
3674,4373085842224843,6606,9188,Classic,Visa,50000,17577.76,32422.24,3,2026-07-13,1621.11,33.14,15000.0,19647,961,2026-07-02,07/30,Yes,Enabled,Active
3675,4433338238656511,6618,12736,Classic,Mastercard,50000,46821.55,3178.45,8,2026-07-28,158.92,37.01,15000.0,10315,256,2022-07-03,07/28,Yes,Disabled,Active
3676,4434687980762334,6005,5115,Classic,Mastercard,50000,19349.64,30650.36,8,2026-07-11,1532.52,43.36,15000.0,23019,385,2024-07-02,07/30,Yes,Disabled,Active
3677,4880329631151933,968,3720,Gold,Mastercard,200000,118928.63,81071.37,13,2026-07-28,4053.57,40.09,60000.0,11725,158,2022-07-03,07/29,Yes,Disabled,Active
3678,4580062944701989,6320,17125,Platinum,Mastercard,50000,48005.14,1994.86,3,2026-07-07,99.74,32.49,15000.0,19576,273,2021-07-03,07/31,Yes,Disabled,Active
3679,4670813272124077,241,9184,Classic,RuPay,50000,14529.69,35470.31,20,2026-07-14,1773.52,43.33,15000.0,7833,516,2024-07-02,07/31,Yes,Disabled,Active
3680,4213912449482769,7800,11085,Classic,Visa,50000,14350.9,35649.1,6,2026-07-13,1782.45,38.61,15000.0,21901,294,2022-07-03,07/31,Yes,Disabled,Active
3681,4916881957817810,6460,15392,Classic,Mastercard,50000,24379.43,25620.57,7,2026-07-23,1281.03,30.94,15000.0,7415,514,2022-07-03,07/30,Yes,Disabled,Active
3682,4131139097095904,2229,3786,Gold,Mastercard,200000,50277.95,149722.05,8,2026-07-21,7486.1,45.88,60000.0,3540,506,2026-07-02,07/31,Yes,Disabled,Active
3683,4854055547708131,9640,14886,Platinum,Visa,50000,21935.36,28064.64,18,2026-08-01,1403.23,45.76,15000.0,646,442,2021-07-03,07/28,Yes,Enabled,Active
3684,4947230864211089,524,19568,Classic,Mastercard,50000,4155.29,45844.71,4,2026-07-31,2292.24,38.46,15000.0,16183,226,2025-07-02,07/30,Yes,Enabled,Active
3685,4338573951567940,2155,3449,Classic,Visa,100000,90002.58,9997.42,14,2026-07-11,499.87,30.31,30000.0,14243,481,2026-07-02,07/31,Yes,Enabled,Active
3686,4230218367270418,5836,8008,Gold,Visa,200000,104954.55,95045.45,14,2026-07-11,4752.27,46.71,60000.0,14593,411,2021-07-03,07/29,Yes,Disabled,Active
3687,4328360732628626,4724,3953,Gold,Visa,50000,14451.95,35548.05,15,2026-07-24,1777.4,36.36,15000.0,1104,241,2026-07-02,07/29,Yes,Disabled,Active
3688,4748241714386075,5141,7138,Classic,Visa,100000,92279.67,7720.33,26,2026-07-12,386.02,45.49,30000.0,4036,819,2023-07-03,07/30,Yes,Enabled,Active
3689,4748874238404036,632,1324,Gold,Visa,50000,9609.2,40390.8,26,2026-07-27,2019.54,31.8,15000.0,23990,901,2021-07-03,07/31,Yes,Enabled,Active
3690,4371397792304896,4065,16996,Classic,Visa,200000,130797.58,69202.42,10,2026-07-17,3460.12,33.9,60000.0,11855,757,2025-07-02,07/30,Yes,Disabled,Active
3691,4946557405886015,9590,10573,Gold,Mastercard,200000,155649.25,44350.75,19,2026-07-11,2217.54,33.77,60000.0,4557,918,2021-07-03,07/31,Yes,Disabled,Active
3692,4342923490949105,6707,2390,Classic,Mastercard,50000,20213.62,29786.38,7,2026-07-10,1489.32,35.82,15000.0,11988,219,2022-07-03,07/30,Yes,Disabled,Active
3693,4078459791094871,8987,8586,Platinum,RuPay,200000,101585.54,98414.46,8,2026-07-28,4920.72,31.61,60000.0,14928,447,2022-07-03,07/30,Yes,Enabled,Active
3694,4770462222491877,455,14826,Platinum,Mastercard,50000,40071.85,9928.15,21,2026-07-30,496.41,44.76,15000.0,23936,727,2025-07-02,07/31,Yes,Disabled,Active
3695,4000741704117179,6881,324,Classic,American Express,500000,460540.74,39459.26,11,2026-07-27,1972.96,31.46,150000.0,9231,573,2024-07-02,07/28,Yes,Disabled,Active
3696,4885852058466459,8602,11394,Classic,American Express,50000,32230.46,17769.54,14,2026-07-07,888.48,40.28,15000.0,5917,403,2023-07-03,07/30,Yes,Enabled,Active
3697,4574822958836791,6330,7267,Classic,RuPay,50000,49912.94,87.06,4,2026-07-28,4.35,44.52,15000.0,8469,879,2025-07-02,07/31,Yes,Disabled,Active
3698,4256878228925371,3013,6271,Classic,Visa,50000,14554.53,35445.47,12,2026-07-21,1772.27,45.07,15000.0,19031,377,2026-07-02,07/28,Yes,Disabled,Active
3699,4942509550646126,8632,15727,Classic,Mastercard,200000,86684.97,113315.03,18,2026-07-07,5665.75,44.86,60000.0,24064,175,2022-07-03,07/28,Yes,Disabled,Active
3700,4744785210043652,2090,14185,Gold,Mastercard,50000,30154.78,19845.22,12,2026-07-22,992.26,38.06,15000.0,24472,259,2025-07-02,07/28,Yes,Enabled,Active
3701,4008123068924442,8746,1934,Classic,Mastercard,200000,178846.58,21153.42,24,2026-07-10,1057.67,42.03,60000.0,12930,622,2025-07-02,07/28,Yes,Enabled,Active
3702,4018029762434419,4702,3165,Gold,Visa,50000,13468.83,36531.17,2,2026-08-01,1826.56,46.41,15000.0,24364,325,2022-07-03,07/30,Yes,Disabled,Active
3703,4509918768596782,5523,16945,Gold,Visa,100000,5199.7,94800.3,27,2026-07-23,4740.02,41.76,30000.0,24884,927,2026-07-02,07/28,Yes,Enabled,Expired
3704,4862096707875426,7736,12043,Gold,Visa,100000,5367.14,94632.86,22,2026-07-14,4731.64,33.31,30000.0,14361,415,2025-07-02,07/30,Yes,Enabled,Active
3705,4054400593801054,945,4576,Platinum,Visa,50000,38406.38,11593.62,22,2026-07-23,579.68,35.31,15000.0,17550,934,2024-07-02,07/30,Yes,Disabled,Active
3706,4546435287554324,1872,3654,Gold,RuPay,100000,86880.49,13119.51,10,2026-07-10,655.98,31.52,30000.0,16657,903,2022-07-03,07/30,Yes,Disabled,Active
3707,4725628937281888,6069,16076,Platinum,Visa,50000,41622.08,8377.92,12,2026-07-08,418.9,44.08,15000.0,14392,646,2023-07-03,07/30,Yes,Disabled,Active
3708,4781412505389582,4169,11706,Classic,RuPay,100000,74333.77,25666.23,10,2026-07-20,1283.31,44.48,30000.0,15070,808,2024-07-02,07/31,Yes,Disabled,Active
3709,4694908187790898,22,3247,Platinum,RuPay,500000,44661.54,455338.46,5,2026-07-16,22766.92,40.96,150000.0,22393,162,2023-07-03,07/28,Yes,Enabled,Active
3710,4595453771331326,361,7075,Classic,RuPay,50000,42045.18,7954.82,3,2026-07-25,397.74,46.83,15000.0,13104,396,2021-07-03,07/30,Yes,Disabled,Active
3711,4238921981325088,8721,19598,Signature,Visa,100000,83309.55,16690.45,22,2026-07-16,834.52,43.07,30000.0,5200,450,2024-07-02,07/31,Yes,Disabled,Active
3712,4834711377972574,2004,9095,Classic,RuPay,1000000,508778.64,491221.36,22,2026-07-27,24561.07,42.01,300000.0,16423,401,2025-07-02,07/30,Yes,Enabled,Active
3713,4396377814067998,9228,140,Platinum,Mastercard,100000,11595.35,88404.65,12,2026-07-29,4420.23,34.9,30000.0,15,587,2024-07-02,07/31,Yes,Enabled,Active
3714,4411025745579944,3865,1506,Classic,Visa,100000,91002.36,8997.64,10,2026-07-08,449.88,44.07,30000.0,17315,175,2023-07-03,07/30,Yes,Disabled,Active
3715,4819313909946685,8249,7835,Platinum,RuPay,50000,15071.96,34928.04,14,2026-07-10,1746.4,44.72,15000.0,10618,492,2021-07-03,07/29,Yes,Enabled,Active
3716,4734864934312221,3138,11409,Classic,Visa,1000000,717924.69,282075.31,2,2026-07-27,14103.77,41.94,300000.0,2225,375,2022-07-03,07/31,Yes,Disabled,Active
3717,4034800929251598,8330,2449,Classic,Mastercard,50000,25238.67,24761.33,27,2026-07-16,1238.07,39.49,15000.0,5963,117,2026-07-02,07/30,Yes,Disabled,Active
3718,4684779733851235,1467,6788,Classic,Visa,50000,35270.11,14729.89,24,2026-07-11,736.49,41.32,15000.0,2992,779,2025-07-02,07/31,Yes,Enabled,Active
3719,4965039212799746,290,19280,Gold,Visa,200000,51614.74,148385.26,28,2026-07-20,7419.26,39.89,60000.0,9190,800,2024-07-02,07/29,Yes,Enabled,Active
3720,4503710217125199,4530,5885,Gold,Visa,200000,156644.59,43355.41,19,2026-07-09,2167.77,40.19,60000.0,8512,491,2025-07-02,07/31,No,Disabled,Active
3721,4188296085948227,5850,4955,Gold,RuPay,50000,9807.54,40192.46,21,2026-07-21,2009.62,47.29,15000.0,23325,683,2021-07-03,07/30,Yes,Disabled,Active
3722,4985792017455188,6345,11684,Classic,Visa,100000,18327.11,81672.89,5,2026-07-13,4083.64,37.13,30000.0,10175,942,2024-07-02,07/31,No,Disabled,Active
3723,4128010315998660,5372,14961,Classic,RuPay,200000,185294.1,14705.9,8,2026-07-28,735.3,37.35,60000.0,13695,609,2026-07-02,07/31,No,Disabled,Active
3724,4614022738669091,3436,13569,Classic,Mastercard,50000,24212.38,25787.62,3,2026-07-13,1289.38,41.75,15000.0,17367,776,2021-07-03,07/30,Yes,Disabled,Active
3725,4843030537446198,1840,19329,Gold,Visa,100000,5313.97,94686.03,26,2026-07-15,4734.3,31.39,30000.0,21281,484,2023-07-03,07/31,Yes,Disabled,Active
3726,4648663925199291,2637,17400,Classic,Visa,100000,92149.79,7850.21,3,2026-07-29,392.51,44.04,30000.0,22311,297,2026-07-02,07/29,Yes,Disabled,Active
3727,4672590801825318,6936,18550,Classic,RuPay,100000,32821.83,67178.17,3,2026-07-23,3358.91,35.47,30000.0,6370,314,2025-07-02,07/31,Yes,Disabled,Active
3728,4891361298695905,3410,4024,Classic,Visa,50000,47629.17,2370.83,13,2026-07-07,118.54,41.12,15000.0,9644,454,2025-07-02,07/28,No,Disabled,Active
3729,4706463986602770,7324,15465,Classic,Visa,50000,15646.01,34353.99,25,2026-07-10,1717.7,41.47,15000.0,7456,534,2023-07-03,07/31,No,Disabled,Active
3730,4919424904523552,2621,6935,Platinum,Visa,100000,56843.23,43156.77,26,2026-07-21,2157.84,40.01,30000.0,4456,158,2023-07-03,07/28,Yes,Disabled,Active
3731,4891401161662404,8877,10495,Signature,Mastercard,100000,55883.08,44116.92,5,2026-07-12,2205.85,45.54,30000.0,5808,313,2023-07-03,07/30,No,Enabled,Active
3732,4754476720898747,8307,10524,Platinum,Mastercard,100000,57750.63,42249.37,28,2026-07-23,2112.47,38.06,30000.0,24912,859,2023-07-03,07/31,Yes,Disabled,Active
3733,4152678048447655,4683,6884,Gold,Mastercard,100000,31065.94,68934.06,26,2026-07-14,3446.7,45.28,30000.0,11754,558,2021-07-03,07/31,Yes,Enabled,Active
3734,4399088877393977,3055,2646,Classic,Mastercard,50000,8955.49,41044.51,19,2026-07-17,2052.23,30.6,15000.0,11089,357,2026-07-02,07/29,Yes,Disabled,Closed
3735,4250320158089368,6343,19723,Gold,Visa,100000,44862.18,55137.82,25,2026-07-29,2756.89,42.51,30000.0,9403,416,2023-07-03,07/31,Yes,Enabled,Active
3736,4725815534492856,4113,4380,Signature,Mastercard,50000,7687.81,42312.19,20,2026-08-01,2115.61,45.63,15000.0,2422,355,2024-07-02,07/28,Yes,Disabled,Active
3737,4168513458319963,5516,17846,Gold,Visa,50000,26308.17,23691.83,14,2026-07-25,1184.59,44.97,15000.0,9616,674,2022-07-03,07/30,Yes,Disabled,Active
3738,4175048134155745,432,1627,Platinum,Visa,50000,19948.25,30051.75,4,2026-07-10,1502.59,33.45,15000.0,7820,597,2021-07-03,07/31,Yes,Enabled,Expired
3739,4860967096279541,7195,13166,Gold,Visa,50000,45091.36,4908.64,21,2026-07-13,245.43,47.05,15000.0,24741,175,2023-07-03,07/31,Yes,Enabled,Active
3740,4947854044462439,1829,8275,Gold,RuPay,500000,298063.91,201936.09,27,2026-07-07,10096.8,41.3,150000.0,5342,997,2024-07-02,07/28,Yes,Disabled,Active
3741,4592319570692052,4226,17126,Classic,RuPay,50000,33605.94,16394.06,27,2026-07-31,819.7,38.48,15000.0,7936,653,2025-07-02,07/30,Yes,Disabled,Active
3742,4046592166304306,6288,1554,Platinum,RuPay,500000,486764.72,13235.28,6,2026-07-22,661.76,43.25,150000.0,6622,577,2026-07-02,07/31,Yes,Enabled,Active
3743,4321261852967449,3285,7990,Gold,Visa,100000,10398.22,89601.78,16,2026-07-15,4480.09,39.15,30000.0,10110,819,2023-07-03,07/28,Yes,Disabled,Active
3744,4794883001784007,565,14874,Classic,Mastercard,200000,106834.31,93165.69,4,2026-07-16,4658.28,36.85,60000.0,5823,908,2022-07-03,07/28,Yes,Enabled,Active
3745,4778171560064221,3811,14175,Gold,RuPay,50000,28695.49,21304.51,23,2026-07-18,1065.23,44.02,15000.0,16719,593,2021-07-03,07/28,Yes,Disabled,Active
3746,4898474692636714,2313,13305,Classic,American Express,200000,44078.8,155921.2,9,2026-07-18,7796.06,47.75,60000.0,22896,202,2022-07-03,07/29,Yes,Disabled,Active
3747,4667659729163863,2546,10511,Signature,Visa,100000,90631.83,9368.17,5,2026-07-16,468.41,33.87,30000.0,11780,278,2026-07-02,07/31,Yes,Enabled,Closed
3748,4311346822720786,6600,6326,Gold,Visa,100000,78579.02,21420.98,5,2026-07-12,1071.05,32.43,30000.0,4878,344,2024-07-02,07/28,Yes,Enabled,Active
3749,4849815790416053,708,3841,Platinum,Visa,100000,30138.08,69861.92,26,2026-07-28,3493.1,30.5,30000.0,19964,766,2024-07-02,07/29,Yes,Disabled,Blocked
3750,4103103854159001,7138,18099,Classic,RuPay,1000000,702874.33,297125.67,5,2026-07-27,14856.28,33.87,300000.0,19533,233,2024-07-02,07/28,Yes,Disabled,Active
3751,4325272063274744,3742,14189,Classic,Visa,50000,4613.05,45386.95,9,2026-07-18,2269.35,33.19,15000.0,1754,790,2022-07-03,07/30,Yes,Enabled,Active
3752,4086730683776344,66,4905,Gold,Mastercard,50000,28718.77,21281.23,6,2026-07-11,1064.06,40.79,15000.0,13501,797,2024-07-02,07/31,Yes,Enabled,Closed
3753,4091000891129575,3023,38,Classic,Visa,100000,31078.38,68921.62,21,2026-07-10,3446.08,30.13,30000.0,14724,628,2023-07-03,07/28,Yes,Disabled,Active
3754,4317526665080571,1644,13497,Classic,Visa,500000,206465.3,293534.7,28,2026-07-15,14676.74,32.67,150000.0,19569,326,2022-07-03,07/29,Yes,Enabled,Closed
3755,4835764586399730,2389,19744,Classic,Mastercard,200000,147075.16,52924.84,28,2026-07-11,2646.24,45.45,60000.0,24580,584,2026-07-02,07/29,Yes,Disabled,Active
3756,4799198485918680,4619,14138,Gold,RuPay,500000,300120.82,199879.18,24,2026-07-08,9993.96,39.44,150000.0,14751,496,2022-07-03,07/31,Yes,Disabled,Active
3757,4690095718129250,2490,19359,Classic,Mastercard,50000,31107.67,18892.33,2,2026-07-23,944.62,33.72,15000.0,20606,586,2023-07-03,07/31,Yes,Disabled,Active
3758,4673957065225379,7718,18617,Platinum,Visa,100000,7336.91,92663.09,23,2026-07-28,4633.15,38.45,30000.0,11551,785,2025-07-02,07/29,Yes,Enabled,Active
3759,4261427814703431,5102,18570,Gold,RuPay,100000,30642.84,69357.16,17,2026-07-17,3467.86,41.38,30000.0,1795,290,2023-07-03,07/28,Yes,Enabled,Active
3760,4040475064195587,7400,13985,Classic,Mastercard,50000,34649.13,15350.87,3,2026-07-18,767.54,45.84,15000.0,23819,362,2024-07-02,07/30,Yes,Disabled,Closed
3761,4435267549275158,3801,16504,Classic,RuPay,50000,14318.03,35681.97,9,2026-07-19,1784.1,35.31,15000.0,8097,780,2026-07-02,07/31,Yes,Disabled,Active
3762,4884405932993884,3017,13282,Classic,Mastercard,50000,8939.68,41060.32,12,2026-07-17,2053.02,47.16,15000.0,17175,862,2023-07-03,07/30,Yes,Disabled,Active
3763,4413228074806103,8954,7364,Classic,Visa,500000,256272.4,243727.6,8,2026-07-10,12186.38,34.54,150000.0,23608,604,2026-07-02,07/30,No,Disabled,Active
3764,4012067043780408,4042,4251,Platinum,Visa,200000,184406.11,15593.89,19,2026-07-11,779.69,47.64,60000.0,20674,788,2024-07-02,07/31,Yes,Enabled,Active
3765,4714504282301634,1601,18731,Gold,Visa,50000,20060.31,29939.69,27,2026-07-10,1496.98,43.36,15000.0,7808,587,2021-07-03,07/29,Yes,Disabled,Active
3766,4605357792782015,6001,14048,Classic,Visa,100000,96439.52,3560.48,4,2026-07-16,178.02,33.22,30000.0,2451,744,2026-07-02,07/31,Yes,Enabled,Active
3767,4926011090962606,7323,351,Gold,Mastercard,100000,38072.86,61927.14,28,2026-08-01,3096.36,32.37,30000.0,13408,954,2022-07-03,07/31,Yes,Disabled,Active
3768,4058246042925094,8662,4791,Classic,Mastercard,100000,39462.36,60537.64,12,2026-07-31,3026.88,45.42,30000.0,3144,827,2021-07-03,07/29,Yes,Disabled,Active
3769,4358321128924104,2009,9829,Platinum,Mastercard,200000,155392.4,44607.6,15,2026-07-08,2230.38,34.22,60000.0,9403,229,2023-07-03,07/30,Yes,Enabled,Active
3770,4765724539770799,8913,8502,Platinum,Visa,500000,93483.95,406516.05,13,2026-07-28,20325.8,36.14,150000.0,8157,454,2022-07-03,07/29,Yes,Disabled,Active
3771,4792246714065213,7307,8809,Classic,Mastercard,50000,16408.42,33591.58,24,2026-07-18,1679.58,43.89,15000.0,6415,497,2025-07-02,07/28,Yes,Disabled,Active
3772,4503170276198360,3360,748,Platinum,RuPay,50000,33668.18,16331.82,20,2026-07-22,816.59,42.11,15000.0,22658,238,2024-07-02,07/29,Yes,Disabled,Active
3773,4303527715796328,196,9094,Platinum,Visa,200000,191172.95,8827.05,14,2026-07-26,441.35,36.31,60000.0,10600,547,2021-07-03,07/30,Yes,Disabled,Active
3774,4937784434454716,1909,1919,Classic,Mastercard,100000,32384.09,67615.91,16,2026-08-01,3380.8,41.73,30000.0,19975,119,2022-07-03,07/29,Yes,Disabled,Active
3775,4241478382699105,4437,12984,Platinum,Mastercard,50000,11835.23,38164.77,25,2026-07-22,1908.24,46.44,15000.0,3146,922,2024-07-02,07/31,Yes,Disabled,Active
3776,4041507951744961,7899,6208,Classic,Mastercard,200000,158177.97,41822.03,16,2026-07-09,2091.1,42.62,60000.0,24959,815,2021-07-03,07/29,Yes,Disabled,Active
3777,4316539038731726,5210,2444,Classic,RuPay,200000,198750.23,1249.77,12,2026-07-27,62.49,32.33,60000.0,5012,692,2022-07-03,07/30,Yes,Enabled,Active
3778,4592251284290528,6760,16710,Classic,Visa,50000,47057.69,2942.31,20,2026-07-16,147.12,33.01,15000.0,15573,928,2024-07-02,07/31,Yes,Disabled,Active
3779,4233382565393929,9603,9776,Classic,Mastercard,50000,25239.48,24760.52,21,2026-07-10,1238.03,33.27,15000.0,16257,564,2022-07-03,07/28,Yes,Disabled,Active
3780,4861734404959685,6321,10440,Gold,Mastercard,100000,98105.29,1894.71,20,2026-07-16,94.74,31.62,30000.0,2715,370,2021-07-03,07/30,Yes,Enabled,Active
3781,4986320425849326,12,4420,Classic,Visa,50000,17580.89,32419.11,15,2026-08-01,1620.96,39.32,15000.0,4846,446,2025-07-02,07/28,Yes,Disabled,Active
3782,4851144528365311,6218,18543,Platinum,Mastercard,200000,106264.16,93735.84,7,2026-08-01,4686.79,37.41,60000.0,11291,521,2021-07-03,07/31,Yes,Disabled,Active
3783,4175703466937020,7573,2162,Classic,Visa,100000,75259.27,24740.73,8,2026-07-19,1237.04,45.27,30000.0,5605,901,2026-07-02,07/31,Yes,Disabled,Active
3784,4492421170106115,3083,16702,Platinum,RuPay,100000,75193.41,24806.59,15,2026-07-30,1240.33,37.74,30000.0,17721,719,2021-07-03,07/28,Yes,Enabled,Closed
3785,4897417671000562,9284,9214,Gold,Mastercard,50000,41015.25,8984.75,6,2026-07-13,449.24,42.21,15000.0,20236,520,2023-07-03,07/28,Yes,Enabled,Active
3786,4934095598070276,6986,8839,Classic,Mastercard,50000,6785.41,43214.59,3,2026-07-12,2160.73,34.5,15000.0,24410,735,2023-07-03,07/29,Yes,Disabled,Active
3787,4712538001518266,2520,2996,Platinum,American Express,500000,322394.53,177605.47,26,2026-07-09,8880.27,46.73,150000.0,20546,377,2024-07-02,07/28,Yes,Disabled,Active
3788,4069042932551734,852,16603,Classic,RuPay,50000,42067.88,7932.12,19,2026-07-18,396.61,36.11,15000.0,22659,940,2022-07-03,07/29,Yes,Enabled,Active
3789,4059031529694591,8346,18111,Platinum,Mastercard,50000,8839.05,41160.95,18,2026-07-27,2058.05,44.31,15000.0,11510,602,2022-07-03,07/31,Yes,Enabled,Active
3790,4129721210841494,4341,6287,Gold,Visa,1000000,442972.64,557027.36,20,2026-07-30,27851.37,41.85,300000.0,3930,509,2023-07-03,07/29,Yes,Enabled,Active
3791,4508775815968063,1952,2692,Platinum,Mastercard,200000,52580.9,147419.1,28,2026-07-12,7370.96,32.36,60000.0,13009,791,2022-07-03,07/28,Yes,Disabled,Active
3792,4333726767717383,3440,13677,Classic,Visa,100000,99898.22,101.78,7,2026-07-10,5.09,35.11,30000.0,16738,196,2022-07-03,07/30,No,Disabled,Active
3793,4622474517274979,4031,1307,Classic,Mastercard,100000,17489.14,82510.86,27,2026-07-28,4125.54,47.86,30000.0,12504,435,2021-07-03,07/30,Yes,Disabled,Active
3794,4185318559255333,491,19730,Classic,Visa,100000,13718.95,86281.05,26,2026-07-13,4314.05,30.6,30000.0,20885,487,2025-07-02,07/31,No,Disabled,Active
3795,4958870823213662,9185,5636,Platinum,Visa,200000,34986.01,165013.99,14,2026-07-12,8250.7,39.87,60000.0,10571,647,2024-07-02,07/29,Yes,Disabled,Active
3796,4142033800639416,5830,10072,Classic,American Express,200000,183223.84,16776.16,9,2026-07-27,838.81,42.49,60000.0,23923,848,2024-07-02,07/29,Yes,Disabled,Active
3797,4349077426684648,2293,8539,Platinum,Mastercard,1000000,416168.51,583831.49,5,2026-07-14,29191.57,33.56,300000.0,17878,635,2022-07-03,07/31,Yes,Disabled,Active
3798,4791048434296615,6609,789,Platinum,Mastercard,50000,16996.35,33003.65,8,2026-07-18,1650.18,36.92,15000.0,23947,522,2026-07-02,07/31,Yes,Disabled,Closed
3799,4990606133977512,8952,14487,Classic,Mastercard,50000,33383.59,16616.41,24,2026-07-22,830.82,40.63,15000.0,4545,706,2022-07-03,07/31,Yes,Disabled,Active
3800,4993911319974155,1897,4295,Platinum,Visa,50000,13404.39,36595.61,7,2026-07-15,1829.78,37.46,15000.0,22024,955,2021-07-03,07/31,Yes,Enabled,Active
3801,4035292500326127,4258,18935,Classic,Visa,100000,81303.84,18696.16,5,2026-07-30,934.81,31.67,30000.0,434,399,2022-07-03,07/30,Yes,Disabled,Active
3802,4037670062180429,3384,13475,Gold,RuPay,50000,18134.82,31865.18,11,2026-07-21,1593.26,46.01,15000.0,13685,208,2023-07-03,07/31,No,Disabled,Active
3803,4633398608267614,5742,16879,Platinum,Mastercard,500000,85254.48,414745.52,20,2026-07-10,20737.28,32.23,150000.0,10266,206,2022-07-03,07/29,No,Enabled,Active
3804,4145026436210372,3052,9415,Classic,Mastercard,500000,213113.25,286886.75,6,2026-07-23,14344.34,30.03,150000.0,19873,421,2023-07-03,07/31,Yes,Enabled,Active
3805,4178943026829661,9541,15904,Gold,Mastercard,100000,54584.75,45415.25,7,2026-07-18,2270.76,47.06,30000.0,2800,338,2021-07-03,07/28,No,Enabled,Active
3806,4245454962499002,6436,6811,Platinum,Mastercard,50000,49995.76,4.24,1,2026-07-24,0.21,40.49,15000.0,569,823,2021-07-03,07/31,Yes,Enabled,Active
3807,4526630666051203,696,10579,Classic,Mastercard,100000,53225.6,46774.4,4,2026-07-26,2338.72,35.01,30000.0,13540,581,2022-07-03,07/31,Yes,Enabled,Active
3808,4737381006321742,9984,10927,Platinum,Visa,200000,87887.5,112112.5,4,2026-07-08,5605.62,34.22,60000.0,19256,301,2024-07-02,07/29,Yes,Enabled,Active
3809,4452639279318335,8430,14374,Classic,Visa,100000,36379.32,63620.68,2,2026-07-15,3181.03,35.3,30000.0,14852,682,2022-07-03,07/30,No,Disabled,Active
3810,4910669937071590,6739,11719,Classic,Mastercard,200000,12244.19,187755.81,28,2026-07-15,9387.79,36.67,60000.0,8869,507,2024-07-02,07/30,Yes,Disabled,Active
3811,4483828168160622,1094,1309,Gold,Visa,100000,17992.54,82007.46,18,2026-07-07,4100.37,40.4,30000.0,8542,195,2022-07-03,07/31,No,Disabled,Active
3812,4325006068751160,5221,18297,Gold,Mastercard,100000,15900.84,84099.16,19,2026-07-17,4204.96,45.95,30000.0,17137,895,2025-07-02,07/28,Yes,Disabled,Active
3813,4414911542607289,3231,4596,Classic,Visa,200000,167952.79,32047.21,20,2026-08-01,1602.36,43.45,60000.0,1227,543,2022-07-03,07/29,Yes,Enabled,Active
3814,4818290866805164,614,16377,Gold,Mastercard,100000,20201.56,79798.44,13,2026-07-13,3989.92,47.08,30000.0,4934,902,2024-07-02,07/28,No,Enabled,Active
3815,4052865974567877,4849,5457,Classic,Visa,50000,6633.43,43366.57,5,2026-07-19,2168.33,32.28,15000.0,23550,919,2023-07-03,07/31,No,Disabled,Active
3816,4928899249372772,7770,13260,Gold,Mastercard,200000,46295.52,153704.48,9,2026-07-26,7685.22,40.79,60000.0,10005,358,2025-07-02,07/28,Yes,Disabled,Active
3817,4843253363871242,7975,2677,Platinum,Mastercard,200000,157800.89,42199.11,20,2026-07-13,2109.96,38.22,60000.0,8106,104,2024-07-02,07/28,Yes,Enabled,Active
3818,4930547444054179,3564,3030,Platinum,Visa,50000,41618.12,8381.88,13,2026-07-23,419.09,45.28,15000.0,9928,229,2025-07-02,07/29,Yes,Enabled,Active
3819,4985881351634678,5427,88,Classic,Mastercard,50000,26110.3,23889.7,26,2026-08-01,1194.49,46.49,15000.0,2685,405,2025-07-02,07/28,Yes,Enabled,Active
3820,4728554419290533,9229,7402,Classic,Visa,50000,32775.06,17224.94,14,2026-07-17,861.25,43.18,15000.0,17451,941,2022-07-03,07/31,Yes,Disabled,Active
3821,4244669730722765,1940,17016,Classic,Mastercard,100000,15817.57,84182.43,2,2026-07-24,4209.12,36.12,30000.0,8269,385,2025-07-02,07/28,Yes,Enabled,Blocked
3822,4339027688383945,2390,18272,Classic,Visa,100000,94253.99,5746.01,6,2026-07-23,287.3,43.41,30000.0,21332,461,2024-07-02,07/30,Yes,Enabled,Active
3823,4145881172341139,2139,18938,Platinum,Mastercard,100000,57506.43,42493.57,11,2026-07-13,2124.68,32.75,30000.0,24080,269,2024-07-02,07/30,Yes,Enabled,Active
3824,4846291826095544,8278,8250,Classic,Visa,100000,60056.94,39943.06,3,2026-07-25,1997.15,43.56,30000.0,13752,507,2025-07-02,07/31,Yes,Enabled,Active
3825,4367113315694220,7578,8776,Classic,RuPay,100000,62236.76,37763.24,16,2026-07-11,1888.16,41.61,30000.0,4470,280,2021-07-03,07/30,Yes,Enabled,Active
3826,4093729452365412,5741,14337,Gold,Visa,500000,217738.46,282261.54,20,2026-07-24,14113.08,35.65,150000.0,20749,786,2022-07-03,07/30,Yes,Disabled,Active
3827,4350894290487564,6025,15465,Classic,Mastercard,500000,456850.98,43149.02,23,2026-07-16,2157.45,36.38,150000.0,510,162,2023-07-03,07/30,No,Enabled,Active
3828,4827455626345448,2673,8256,Classic,Mastercard,100000,38402.16,61597.84,18,2026-07-13,3079.89,33.99,30000.0,18758,118,2022-07-03,07/28,Yes,Enabled,Active
3829,4145922309489969,2606,14160,Gold,American Express,100000,80940.8,19059.2,18,2026-08-01,952.96,45.8,30000.0,1787,198,2023-07-03,07/31,Yes,Enabled,Active
3830,4384851940100331,3709,5618,Platinum,Visa,500000,377180.66,122819.34,1,2026-07-29,6140.97,37.15,150000.0,9994,232,2024-07-02,07/29,Yes,Enabled,Active
3831,4897774374429561,2228,4999,Signature,Visa,200000,46902.9,153097.1,4,2026-07-21,7654.86,41.32,60000.0,19278,897,2021-07-03,07/30,Yes,Disabled,Active
3832,4186980399191105,1914,6114,Signature,RuPay,50000,16708.29,33291.71,14,2026-07-17,1664.59,39.02,15000.0,22238,983,2023-07-03,07/28,Yes,Disabled,Active
3833,4289927536903425,612,12500,Classic,Visa,100000,65239.08,34760.92,22,2026-07-16,1738.05,32.14,30000.0,23647,874,2023-07-03,07/31,Yes,Enabled,Active
3834,4767742088540125,1661,10908,Platinum,Mastercard,100000,97950.59,2049.41,2,2026-07-27,102.47,32.09,30000.0,20920,417,2026-07-02,07/31,Yes,Disabled,Active
3835,4906580033831843,7022,8395,Platinum,Visa,100000,7090.79,92909.21,26,2026-07-07,4645.46,34.82,30000.0,16399,757,2025-07-02,07/30,Yes,Disabled,Active
3836,4256595973591359,4790,9815,Platinum,Visa,200000,40287.89,159712.11,23,2026-07-24,7985.61,43.8,60000.0,8738,882,2021-07-03,07/28,No,Enabled,Active
3837,4275973392937668,893,16443,Gold,American Express,50000,9784.81,40215.19,13,2026-07-08,2010.76,31.31,15000.0,15959,404,2025-07-02,07/31,Yes,Disabled,Active
3838,4004690282230776,1274,17090,Classic,RuPay,100000,20688.82,79311.18,4,2026-07-23,3965.56,38.07,30000.0,9677,977,2026-07-02,07/31,Yes,Enabled,Active
3839,4580770040005313,866,19118,Platinum,Visa,100000,23400.73,76599.27,7,2026-07-08,3829.96,33.73,30000.0,6166,317,2024-07-02,07/29,Yes,Enabled,Closed
3840,4087619965920091,6857,12542,Classic,Mastercard,200000,108852.98,91147.02,5,2026-07-07,4557.35,47.81,60000.0,19011,938,2025-07-02,07/31,Yes,Enabled,Active
3841,4792380174439092,6832,4797,Classic,Visa,200000,59369.3,140630.7,10,2026-07-18,7031.54,36.75,60000.0,19232,519,2022-07-03,07/28,No,Disabled,Active
3842,4819345901219002,7378,2551,Classic,Mastercard,50000,18120.65,31879.35,21,2026-07-19,1593.97,34.62,15000.0,5451,580,2022-07-03,07/28,Yes,Enabled,Active
3843,4398685183673898,2573,19787,Classic,Mastercard,200000,40403.79,159596.21,4,2026-07-07,7979.81,38.61,60000.0,18110,517,2026-07-02,07/31,Yes,Disabled,Active
3844,4803594703182273,3331,18883,Gold,Mastercard,100000,58447.13,41552.87,18,2026-07-07,2077.64,36.9,30000.0,12768,872,2021-07-03,07/31,No,Disabled,Active
3845,4003370173732567,990,10178,Classic,Visa,50000,8101.63,41898.37,7,2026-07-26,2094.92,37.5,15000.0,9228,868,2021-07-03,07/28,Yes,Disabled,Active
3846,4159237307682514,4391,2359,Classic,American Express,50000,34352.89,15647.11,3,2026-07-30,782.36,38.17,15000.0,11084,135,2021-07-03,07/28,No,Disabled,Active
3847,4066620183307888,2936,9647,Classic,RuPay,50000,31061.78,18938.22,1,2026-07-26,946.91,44.09,15000.0,21256,640,2022-07-03,07/30,Yes,Disabled,Active
3848,4659020681054822,1701,3375,Gold,Mastercard,200000,140678.36,59321.64,5,2026-07-26,2966.08,34.97,60000.0,17078,280,2025-07-02,07/29,Yes,Disabled,Active
3849,4786285726259885,6614,15027,Classic,Mastercard,1000000,80830.0,919170.0,27,2026-07-28,45958.5,30.34,300000.0,8427,101,2023-07-03,07/29,Yes,Disabled,Active
3850,4872818453360453,7107,3236,Platinum,Visa,1000000,997009.55,2990.45,7,2026-07-11,149.52,44.87,300000.0,12363,733,2022-07-03,07/31,Yes,Disabled,Active
3851,4218166296482907,3796,16883,Gold,Mastercard,100000,36936.46,63063.54,12,2026-07-27,3153.18,39.22,30000.0,104,152,2026-07-02,07/30,Yes,Disabled,Active
3852,4126388600556360,9678,7663,Classic,Mastercard,100000,40257.07,59742.93,19,2026-07-19,2987.15,32.66,30000.0,18282,448,2024-07-02,07/28,Yes,Disabled,Active
3853,4996891222261380,9250,8001,Signature,Mastercard,100000,14353.81,85646.19,5,2026-07-07,4282.31,39.57,30000.0,11401,508,2022-07-03,07/28,No,Disabled,Active
3854,4268965078405216,741,12802,Classic,Visa,100000,89550.29,10449.71,13,2026-07-14,522.49,42.81,30000.0,8472,360,2025-07-02,07/30,Yes,Enabled,Active
3855,4417889464111950,9952,14548,Gold,Visa,100000,75712.82,24287.18,19,2026-07-28,1214.36,41.44,30000.0,4621,451,2021-07-03,07/31,No,Disabled,Active
3856,4700742806538441,7721,15535,Gold,Visa,500000,169598.04,330401.96,9,2026-07-26,16520.1,42.62,150000.0,19858,947,2023-07-03,07/31,Yes,Disabled,Active
3857,4319492290516225,9038,19744,Classic,Visa,100000,25141.99,74858.01,19,2026-07-23,3742.9,42.58,30000.0,3729,195,2022-07-03,07/30,Yes,Enabled,Active
3858,4892536286999533,8392,9392,Platinum,RuPay,50000,45292.01,4707.99,24,2026-07-25,235.4,35.63,15000.0,2141,880,2021-07-03,07/30,Yes,Disabled,Active
3859,4004010541969071,5709,4460,Platinum,Mastercard,50000,40393.16,9606.84,5,2026-07-18,480.34,30.48,15000.0,11116,796,2021-07-03,07/28,Yes,Disabled,Closed
3860,4421372319405206,4943,9592,Classic,Mastercard,100000,57204.98,42795.02,12,2026-07-18,2139.75,37.38,30000.0,9397,837,2021-07-03,07/29,Yes,Disabled,Active
3861,4332314894127306,331,16791,Platinum,Mastercard,200000,31800.24,168199.76,26,2026-07-15,8409.99,45.1,60000.0,14365,921,2021-07-03,07/28,No,Enabled,Closed
3862,4579767807956995,1762,14450,Gold,Visa,50000,37911.7,12088.3,10,2026-07-12,604.41,47.63,15000.0,17092,864,2021-07-03,07/30,Yes,Enabled,Active
3863,4433015674760754,2686,18354,Gold,Visa,50000,32043.02,17956.98,15,2026-07-08,897.85,33.91,15000.0,2923,639,2026-07-02,07/29,No,Disabled,Active
3864,4062650654158869,8254,8354,Gold,Visa,100000,7542.9,92457.1,11,2026-07-26,4622.86,30.87,30000.0,11805,980,2021-07-03,07/30,Yes,Disabled,Active
3865,4455464164274182,8795,8597,Classic,Mastercard,50000,16897.24,33102.76,17,2026-07-15,1655.14,45.82,15000.0,6284,243,2023-07-03,07/29,Yes,Enabled,Active
3866,4917143756303640,5826,19167,Platinum,Visa,100000,31953.83,68046.17,23,2026-07-24,3402.31,38.35,30000.0,6954,925,2021-07-03,07/30,Yes,Disabled,Active
3867,4909839767706361,7604,6589,Classic,Visa,200000,197119.36,2880.64,10,2026-07-16,144.03,47.81,60000.0,6291,922,2023-07-03,07/31,Yes,Disabled,Active
3868,4575012713343475,8635,14463,Classic,RuPay,500000,174231.17,325768.83,23,2026-07-22,16288.44,46.39,150000.0,1709,984,2023-07-03,07/31,Yes,Enabled,Active
3869,4751523686637538,6537,2308,Classic,Visa,100000,37089.3,62910.7,10,2026-07-29,3145.53,46.82,30000.0,14290,877,2022-07-03,07/28,Yes,Enabled,Active
3870,4615220525253278,4207,17170,Gold,RuPay,100000,65044.82,34955.18,18,2026-07-23,1747.76,31.27,30000.0,148,308,2023-07-03,07/30,Yes,Disabled,Active
3871,4320894371406317,402,2177,Classic,Mastercard,200000,27221.7,172778.3,23,2026-07-12,8638.91,47.98,60000.0,22019,425,2023-07-03,07/30,Yes,Enabled,Active
3872,4626496213303187,6490,17710,Classic,Mastercard,500000,330888.94,169111.06,27,2026-07-21,8455.55,40.44,150000.0,10902,151,2025-07-02,07/28,Yes,Disabled,Active
3873,4575483079569659,2449,8022,Classic,Visa,50000,5431.5,44568.5,10,2026-07-10,2228.43,47.26,15000.0,11191,723,2026-07-02,07/28,Yes,Disabled,Active
3874,4884033168448086,8753,18830,Classic,Mastercard,100000,41191.5,58808.5,15,2026-07-24,2940.43,47.28,30000.0,13589,950,2025-07-02,07/31,Yes,Disabled,Active
3875,4074268296114983,9992,11506,Classic,Visa,50000,47029.56,2970.44,25,2026-07-07,148.52,31.88,15000.0,17993,288,2025-07-02,07/31,Yes,Enabled,Closed
3876,4265214541612239,255,1995,Classic,Visa,50000,34973.23,15026.77,9,2026-07-26,751.34,40.41,15000.0,14272,117,2021-07-03,07/31,Yes,Disabled,Active
3877,4015626237714696,3313,17715,Classic,Visa,1000000,589582.32,410417.68,25,2026-07-19,20520.88,45.22,300000.0,5595,981,2021-07-03,07/30,Yes,Disabled,Active
3878,4044631396387628,3705,14370,Classic,Visa,50000,26942.35,23057.65,28,2026-07-09,1152.88,33.83,15000.0,5648,675,2023-07-03,07/29,No,Enabled,Active
3879,4569966024422816,9938,7547,Classic,Mastercard,50000,46887.94,3112.06,24,2026-07-24,155.6,37.17,15000.0,20815,730,2021-07-03,07/31,Yes,Enabled,Active
3880,4534488858321376,6988,15946,Platinum,RuPay,100000,72286.23,27713.77,13,2026-07-07,1385.69,38.5,30000.0,18596,839,2023-07-03,07/30,Yes,Disabled,Closed
3881,4102580515065773,2047,1306,Classic,Mastercard,50000,11364.66,38635.34,4,2026-07-22,1931.77,35.22,15000.0,2082,755,2022-07-03,07/31,Yes,Disabled,Closed
3882,4142576381671033,776,10668,Gold,RuPay,100000,14139.24,85860.76,10,2026-07-18,4293.04,47.86,30000.0,10085,535,2025-07-02,07/31,Yes,Disabled,Active
3883,4540784042724474,6847,16209,Classic,Visa,50000,15942.27,34057.73,12,2026-08-01,1702.89,38.6,15000.0,2738,760,2026-07-02,07/28,No,Disabled,Active
3884,4822367321741358,835,9666,Classic,Visa,50000,31769.41,18230.59,1,2026-07-11,911.53,37.04,15000.0,7357,660,2021-07-03,07/28,Yes,Disabled,Active
3885,4765599791188020,9745,18592,Gold,RuPay,100000,46795.71,53204.29,24,2026-07-10,2660.21,41.17,30000.0,15738,368,2024-07-02,07/28,Yes,Disabled,Active
3886,4042775020871990,995,2512,Platinum,Mastercard,50000,25048.51,24951.49,5,2026-07-11,1247.57,34.07,15000.0,3384,485,2025-07-02,07/31,Yes,Enabled,Active
3887,4107816751975922,7280,272,Platinum,Mastercard,50000,18525.55,31474.45,16,2026-07-23,1573.72,35.27,15000.0,12128,177,2022-07-03,07/30,Yes,Disabled,Active
3888,4312148362539888,7668,7753,Gold,Visa,200000,36843.13,163156.87,22,2026-07-19,8157.84,33.12,60000.0,6779,660,2024-07-02,07/29,No,Enabled,Expired
3889,4423720775022822,1821,2904,Gold,Visa,50000,26947.33,23052.67,2,2026-07-24,1152.63,31.64,15000.0,17848,977,2025-07-02,07/29,Yes,Disabled,Active
3890,4001081994063858,7464,19088,Classic,Visa,100000,52274.38,47725.62,24,2026-07-30,2386.28,33.17,30000.0,12960,659,2024-07-02,07/29,Yes,Enabled,Active
3891,4706548979982018,8452,15328,Platinum,Visa,100000,56328.84,43671.16,16,2026-07-09,2183.56,43.73,30000.0,23150,362,2024-07-02,07/30,Yes,Disabled,Active
3892,4438678984517908,8117,4775,Classic,Visa,200000,124004.7,75995.3,23,2026-07-13,3799.77,46.2,60000.0,12667,154,2026-07-02,07/29,Yes,Disabled,Active
3893,4521173254765914,3050,1792,Gold,Mastercard,1000000,571834.68,428165.32,21,2026-07-19,21408.27,38.49,300000.0,19488,772,2021-07-03,07/30,Yes,Enabled,Active
3894,4673871176875023,5623,11589,Platinum,American Express,1000000,105567.95,894432.05,12,2026-07-09,44721.6,44.5,300000.0,13913,790,2021-07-03,07/28,Yes,Disabled,Active
3895,4293702511267602,5164,8917,Classic,Mastercard,50000,41014.24,8985.76,23,2026-07-24,449.29,46.34,15000.0,17233,444,2021-07-03,07/28,No,Disabled,Active
3896,4810358610646422,5282,6709,Platinum,Visa,200000,155996.55,44003.45,25,2026-07-31,2200.17,37.27,60000.0,4731,435,2024-07-02,07/28,Yes,Disabled,Active
3897,4903022047678532,689,3040,Classic,Mastercard,50000,19551.39,30448.61,22,2026-07-18,1522.43,43.63,15000.0,15613,396,2021-07-03,07/29,Yes,Disabled,Active
3898,4146264225570371,4771,7654,Classic,RuPay,200000,88877.67,111122.33,22,2026-07-10,5556.12,44.85,60000.0,15471,631,2024-07-02,07/29,Yes,Disabled,Active
3899,4321097919550699,4802,1980,Classic,Visa,50000,43379.72,6620.28,26,2026-07-24,331.01,37.98,15000.0,6390,997,2025-07-02,07/31,Yes,Enabled,Active
3900,4696902026776222,2121,16914,Platinum,Visa,200000,20169.17,179830.83,19,2026-07-12,8991.54,34.18,60000.0,6461,653,2024-07-02,07/31,Yes,Enabled,Active
3901,4363644833624379,615,9009,Signature,Visa,200000,62184.03,137815.97,21,2026-07-20,6890.8,41.43,60000.0,22786,242,2021-07-03,07/28,Yes,Enabled,Active
3902,4680740281515260,7629,266,Classic,Mastercard,50000,47420.72,2579.28,28,2026-07-12,128.96,38.39,15000.0,5662,801,2021-07-03,07/29,Yes,Disabled,Active
3903,4095521290953514,529,649,Gold,Mastercard,100000,40026.24,59973.76,25,2026-07-26,2998.69,39.02,30000.0,369,331,2024-07-02,07/30,Yes,Enabled,Active
3904,4831411206250993,1620,17103,Gold,Visa,500000,371620.82,128379.18,6,2026-07-17,6418.96,34.22,150000.0,18488,373,2023-07-03,07/28,No,Enabled,Active
3905,4758294843674654,7601,5073,Classic,Mastercard,50000,21934.49,28065.51,7,2026-07-25,1403.28,47.35,15000.0,5247,952,2023-07-03,07/28,No,Disabled,Active
3906,4827782145497006,3633,11548,Gold,Mastercard,100000,17144.75,82855.25,12,2026-07-24,4142.76,33.66,30000.0,3840,678,2025-07-02,07/29,Yes,Disabled,Active
3907,4960921035187500,1056,17987,Gold,RuPay,50000,36812.97,13187.03,3,2026-07-10,659.35,42.25,15000.0,24234,580,2023-07-03,07/31,Yes,Disabled,Active
3908,4698271747079025,8998,8765,Classic,Mastercard,200000,148950.56,51049.44,3,2026-07-11,2552.47,39.14,60000.0,9424,863,2021-07-03,07/30,Yes,Enabled,Active
3909,4842088299948387,6922,9249,Classic,Mastercard,50000,43554.22,6445.78,16,2026-07-07,322.29,37.14,15000.0,24830,471,2021-07-03,07/30,Yes,Disabled,Active
3910,4839950300133824,8188,6277,Classic,Visa,100000,93834.78,6165.22,15,2026-07-22,308.26,30.15,30000.0,22537,525,2021-07-03,07/30,Yes,Enabled,Active
3911,4167796280315423,8847,10534,Platinum,Mastercard,200000,64399.1,135600.9,4,2026-07-14,6780.05,30.53,60000.0,10703,517,2025-07-02,07/31,No,Enabled,Active
3912,4270442959621900,3777,18016,Gold,RuPay,100000,79599.13,20400.87,13,2026-07-10,1020.04,37.2,30000.0,11452,721,2025-07-02,07/29,Yes,Disabled,Blocked
3913,4260418059942646,8141,12620,Classic,Visa,100000,69348.04,30651.96,28,2026-07-27,1532.6,43.0,30000.0,13098,341,2025-07-02,07/30,Yes,Disabled,Active
3914,4755140918554374,1377,17524,Classic,Visa,50000,23394.51,26605.49,4,2026-07-29,1330.27,41.55,15000.0,12709,819,2026-07-02,07/30,Yes,Disabled,Expired
3915,4135222010791914,6610,11445,Gold,RuPay,1000000,96498.31,903501.69,4,2026-07-14,45175.08,36.65,300000.0,4456,770,2024-07-02,07/31,Yes,Disabled,Active
3916,4058075256724489,3549,12280,Signature,Mastercard,1000000,450091.78,549908.22,16,2026-07-10,27495.41,34.25,300000.0,12737,213,2025-07-02,07/28,Yes,Disabled,Active
3917,4801605532686852,9336,13474,Classic,American Express,1000000,795978.78,204021.22,27,2026-07-29,10201.06,32.33,300000.0,17242,130,2023-07-03,07/29,Yes,Disabled,Active
3918,4798593389606997,3236,13401,Platinum,Mastercard,500000,46008.04,453991.96,8,2026-07-26,22699.6,36.51,150000.0,18330,563,2024-07-02,07/31,Yes,Disabled,Active
3919,4715966362946705,6407,9237,Classic,Visa,50000,12608.13,37391.87,8,2026-07-17,1869.59,37.52,15000.0,21979,311,2026-07-02,07/31,Yes,Enabled,Active
3920,4893791598910202,9753,18938,Platinum,Mastercard,500000,124926.92,375073.08,21,2026-07-10,18753.65,30.45,150000.0,3447,726,2022-07-03,07/31,Yes,Disabled,Active
3921,4256588362992853,6495,4966,Gold,Visa,100000,64445.54,35554.46,21,2026-07-21,1777.72,32.68,30000.0,5629,303,2022-07-03,07/30,Yes,Enabled,Active
3922,4788471471767611,5597,6444,Classic,Visa,100000,42232.05,57767.95,13,2026-07-30,2888.4,38.7,30000.0,16054,870,2023-07-03,07/31,Yes,Disabled,Active
3923,4939283714946105,3496,19042,Gold,RuPay,200000,74593.81,125406.19,6,2026-07-28,6270.31,42.93,60000.0,21370,183,2023-07-03,07/30,Yes,Disabled,Active
3924,4364192427432648,6410,4213,Platinum,Visa,100000,30775.56,69224.44,18,2026-07-12,3461.22,42.23,30000.0,4158,433,2025-07-02,07/29,No,Enabled,Active
3925,4108972932822486,8173,1063,Platinum,Mastercard,100000,19860.37,80139.63,24,2026-07-15,4006.98,35.09,30000.0,14200,563,2025-07-02,07/28,Yes,Disabled,Active
3926,4191856096536691,1759,704,Gold,Visa,200000,99563.74,100436.26,3,2026-07-26,5021.81,44.48,60000.0,23583,666,2026-07-02,07/29,Yes,Disabled,Active
3927,4688697865127580,1534,15964,Platinum,Visa,50000,43484.56,6515.44,27,2026-07-12,325.77,31.87,15000.0,6952,784,2026-07-02,07/28,Yes,Enabled,Active
3928,4747335645709842,2253,4207,Classic,Visa,500000,328613.33,171386.67,25,2026-07-11,8569.33,40.47,150000.0,5707,821,2021-07-03,07/30,Yes,Disabled,Active
3929,4855233527437202,7997,7345,Platinum,RuPay,500000,426386.44,73613.56,19,2026-07-13,3680.68,39.29,150000.0,22397,309,2022-07-03,07/28,Yes,Enabled,Active
3930,4917036062995151,3654,4524,Platinum,Visa,200000,51137.65,148862.35,25,2026-07-25,7443.12,47.96,60000.0,15425,619,2025-07-02,07/30,Yes,Enabled,Active
3931,4452115401188315,1218,6892,Gold,RuPay,50000,43471.53,6528.47,9,2026-07-19,326.42,40.21,15000.0,22704,409,2022-07-03,07/31,No,Disabled,Active
3932,4224015434063779,284,2765,Gold,RuPay,200000,152076.15,47923.85,5,2026-07-14,2396.19,46.37,60000.0,22856,298,2023-07-03,07/28,Yes,Disabled,Active
3933,4685122695081732,6834,9094,Platinum,Visa,50000,12989.07,37010.93,23,2026-07-16,1850.55,44.59,15000.0,862,403,2022-07-03,07/29,Yes,Disabled,Active
3934,4461175792417401,8538,14035,Platinum,Mastercard,100000,99145.51,854.49,23,2026-07-23,42.72,34.18,30000.0,22175,534,2026-07-02,07/30,Yes,Disabled,Active
3935,4379057414816678,5055,3911,Classic,Mastercard,100000,94582.88,5417.12,2,2026-07-16,270.86,34.38,30000.0,23369,175,2025-07-02,07/29,Yes,Disabled,Active
3936,4948836448173267,8812,9178,Gold,Visa,100000,71418.01,28581.99,18,2026-07-20,1429.1,43.32,30000.0,23303,825,2023-07-03,07/28,No,Disabled,Active
3937,4876323886030470,5303,9632,Classic,American Express,200000,79824.0,120176.0,13,2026-07-11,6008.8,35.69,60000.0,5841,618,2025-07-02,07/29,Yes,Disabled,Active
3938,4919354189539781,9824,4796,Classic,Mastercard,50000,18731.12,31268.88,4,2026-07-09,1563.44,31.24,15000.0,2073,366,2024-07-02,07/28,Yes,Enabled,Active
3939,4198226796985996,4087,18084,Classic,Mastercard,200000,29742.28,170257.72,3,2026-07-28,8512.89,41.96,60000.0,18592,921,2023-07-03,07/30,Yes,Disabled,Active
3940,4256005431280180,3376,16620,Platinum,Mastercard,50000,47243.06,2756.94,4,2026-08-01,137.85,35.07,15000.0,13229,774,2023-07-03,07/30,Yes,Enabled,Active
3941,4579911938971771,4512,3332,Gold,Visa,100000,45181.0,54819.0,11,2026-07-18,2740.95,39.86,30000.0,23223,439,2022-07-03,07/31,Yes,Enabled,Active
3942,4374176862511417,7016,14186,Classic,Mastercard,50000,11615.82,38384.18,16,2026-07-30,1919.21,46.06,15000.0,3674,635,2026-07-02,07/31,Yes,Disabled,Active
3943,4703799336043427,7491,6652,Signature,Visa,200000,192511.68,7488.32,8,2026-07-29,374.42,34.22,60000.0,8757,316,2022-07-03,07/30,Yes,Disabled,Active
3944,4988124313720631,719,9986,Gold,Mastercard,100000,76499.66,23500.34,22,2026-07-08,1175.02,35.86,30000.0,2955,284,2024-07-02,07/28,Yes,Disabled,Active
3945,4818290064767102,8103,5192,Gold,RuPay,100000,31168.49,68831.51,11,2026-07-09,3441.58,40.57,30000.0,13849,288,2021-07-03,07/30,Yes,Enabled,Active
3946,4652377194966098,6391,17070,Platinum,American Express,50000,4731.47,45268.53,25,2026-07-28,2263.43,46.78,15000.0,15024,705,2025-07-02,07/29,Yes,Enabled,Active
3947,4880458675641051,6340,19412,Gold,RuPay,100000,81450.33,18549.67,18,2026-07-18,927.48,36.29,30000.0,14887,686,2024-07-02,07/31,Yes,Disabled,Active
3948,4179973746991506,7546,11161,Classic,Visa,100000,75792.2,24207.8,26,2026-07-24,1210.39,47.27,30000.0,490,276,2021-07-03,07/29,Yes,Disabled,Active
3949,4711126583923156,7847,13655,Platinum,Visa,50000,26747.52,23252.48,5,2026-07-12,1162.62,43.32,15000.0,9444,127,2024-07-02,07/29,Yes,Disabled,Active
3950,4733467806709276,5265,7683,Signature,Visa,50000,18690.82,31309.18,20,2026-07-23,1565.46,37.07,15000.0,20765,359,2024-07-02,07/28,Yes,Disabled,Active
3951,4200376003913426,4308,9180,Classic,Visa,100000,70915.78,29084.22,15,2026-07-07,1454.21,45.7,30000.0,23894,445,2026-07-02,07/30,Yes,Disabled,Active
3952,4067169968162033,9547,11827,Platinum,RuPay,200000,197352.59,2647.41,12,2026-07-14,132.37,39.11,60000.0,12445,475,2023-07-03,07/28,Yes,Disabled,Active
3953,4498996379253044,5168,9297,Platinum,RuPay,500000,315299.59,184700.41,20,2026-07-19,9235.02,31.42,150000.0,15688,264,2023-07-03,07/29,Yes,Disabled,Active
3954,4226624407169644,8695,17632,Platinum,Visa,200000,62841.11,137158.89,1,2026-07-12,6857.94,47.85,60000.0,1352,675,2022-07-03,07/28,Yes,Disabled,Active
3955,4609744682030519,160,11186,Signature,Mastercard,100000,19063.38,80936.62,18,2026-07-10,4046.83,31.93,30000.0,12391,684,2025-07-02,07/28,Yes,Enabled,Active
3956,4436718164893677,7597,8283,Classic,Visa,50000,24244.0,25756.0,18,2026-07-17,1287.8,33.26,15000.0,4413,657,2022-07-03,07/29,Yes,Enabled,Active
3957,4622236987116956,5844,18130,Classic,Visa,50000,39286.48,10713.52,15,2026-08-01,535.68,41.23,15000.0,24565,463,2026-07-02,07/29,Yes,Enabled,Active
3958,4762786719741005,7457,2619,Classic,RuPay,100000,10830.75,89169.25,6,2026-07-19,4458.46,39.78,30000.0,18118,766,2025-07-02,07/30,Yes,Enabled,Blocked
3959,4877309988774847,9200,17252,Gold,Visa,200000,190506.91,9493.09,5,2026-07-07,474.65,38.18,60000.0,1139,986,2022-07-03,07/28,Yes,Disabled,Active
3960,4875844230968665,8492,17705,Platinum,RuPay,50000,10136.65,39863.35,20,2026-07-26,1993.17,45.77,15000.0,6169,374,2023-07-03,07/29,Yes,Disabled,Active
3961,4982320064372376,3971,19138,Classic,Mastercard,50000,12781.83,37218.17,28,2026-07-11,1860.91,44.0,15000.0,209,929,2025-07-02,07/29,Yes,Disabled,Active
3962,4543276275444413,2819,15429,Gold,Visa,500000,128165.66,371834.34,16,2026-07-17,18591.72,36.3,150000.0,11960,656,2024-07-02,07/29,Yes,Disabled,Active
3963,4066531048563002,6713,7408,Platinum,Visa,100000,85963.65,14036.35,16,2026-07-21,701.82,47.75,30000.0,11470,296,2025-07-02,07/29,Yes,Disabled,Closed
3964,4082511554056646,4116,12744,Classic,Visa,50000,10533.46,39466.54,14,2026-07-13,1973.33,44.99,15000.0,13112,798,2021-07-03,07/29,Yes,Disabled,Active
3965,4026841014920468,8172,18922,Gold,Visa,200000,122776.53,77223.47,19,2026-07-08,3861.17,46.76,60000.0,18596,350,2024-07-02,07/29,No,Disabled,Active
3966,4652568082206287,7445,17608,Classic,Mastercard,100000,64260.3,35739.7,28,2026-07-10,1786.98,35.1,30000.0,9917,589,2024-07-02,07/29,Yes,Disabled,Active
3967,4708098637817127,2216,5187,Classic,Mastercard,500000,422899.97,77100.03,3,2026-07-20,3855.0,45.15,150000.0,24158,271,2022-07-03,07/28,Yes,Enabled,Active
3968,4064508996687357,6991,19507,Gold,American Express,200000,158696.35,41303.65,8,2026-07-12,2065.18,38.05,60000.0,19205,364,2021-07-03,07/31,No,Enabled,Active
3969,4874525157604086,214,1750,Classic,Mastercard,200000,160084.68,39915.32,6,2026-07-18,1995.77,47.15,60000.0,17769,379,2022-07-03,07/31,Yes,Disabled,Active
3970,4937477327850664,6870,10961,Gold,RuPay,50000,7020.08,42979.92,11,2026-07-23,2149.0,45.26,15000.0,19296,366,2023-07-03,07/31,Yes,Enabled,Active
3971,4174954057675022,9061,14584,Classic,RuPay,50000,26273.26,23726.74,1,2026-07-22,1186.34,31.21,15000.0,15734,217,2024-07-02,07/28,Yes,Enabled,Active
3972,4160079659471572,1795,10180,Classic,Visa,50000,28000.58,21999.42,5,2026-07-30,1099.97,30.53,15000.0,12108,576,2026-07-02,07/29,Yes,Disabled,Active
3973,4883577574330278,6322,8823,Classic,Mastercard,50000,46127.48,3872.52,9,2026-07-25,193.63,34.51,15000.0,2953,848,2024-07-02,07/31,Yes,Disabled,Active
3974,4239046795326263,2302,8209,Platinum,Mastercard,50000,28424.25,21575.75,13,2026-07-27,1078.79,47.03,15000.0,4142,950,2022-07-03,07/30,Yes,Disabled,Active
3975,4191254152742541,480,8518,Gold,RuPay,1000000,152252.58,847747.42,1,2026-07-08,42387.37,35.19,300000.0,10074,456,2022-07-03,07/31,Yes,Enabled,Active
3976,4461390668998314,6287,2432,Classic,Mastercard,200000,109537.69,90462.31,23,2026-07-14,4523.12,34.03,60000.0,292,587,2025-07-02,07/30,Yes,Enabled,Active
3977,4044294562540030,4338,16718,Classic,Visa,500000,293412.76,206587.24,22,2026-07-07,10329.36,35.67,150000.0,21442,523,2022-07-03,07/31,Yes,Enabled,Active
3978,4304332492966475,2929,6478,Gold,Visa,50000,12997.28,37002.72,23,2026-07-09,1850.14,42.33,15000.0,10198,948,2025-07-02,07/28,Yes,Disabled,Active
3979,4076317418577914,7357,11211,Gold,RuPay,50000,7962.17,42037.83,14,2026-07-10,2101.89,31.97,15000.0,21777,774,2022-07-03,07/28,Yes,Disabled,Active
3980,4694758620975839,1907,12355,Platinum,Visa,50000,19655.25,30344.75,14,2026-07-15,1517.24,32.01,15000.0,11745,560,2023-07-03,07/29,Yes,Enabled,Active
3981,4824891355701617,9942,4284,Classic,Visa,50000,10518.68,39481.32,27,2026-07-28,1974.07,31.52,15000.0,18989,493,2021-07-03,07/31,Yes,Disabled,Active
3982,4462013770475109,7868,19918,Classic,RuPay,1000000,761318.83,238681.17,18,2026-07-28,11934.06,33.38,300000.0,17171,226,2024-07-02,07/28,Yes,Disabled,Active
3983,4501886341497545,8185,750,Platinum,Visa,100000,80250.12,19749.88,5,2026-07-22,987.49,36.91,30000.0,8255,393,2024-07-02,07/31,Yes,Enabled,Active
3984,4096683615504994,8536,6484,Signature,Visa,1000000,367577.86,632422.14,13,2026-07-28,31621.11,30.58,300000.0,2402,568,2026-07-02,07/29,Yes,Enabled,Expired
3985,4036862699662880,1976,4170,Gold,Mastercard,50000,8113.39,41886.61,3,2026-08-01,2094.33,42.88,15000.0,9870,743,2024-07-02,07/28,Yes,Disabled,Active
3986,4380729720310873,2184,9793,Classic,Visa,500000,199094.65,300905.35,11,2026-07-27,15045.27,41.42,150000.0,20432,245,2021-07-03,07/31,Yes,Enabled,Active
3987,4635636915709420,7387,18239,Gold,Visa,200000,31037.95,168962.05,21,2026-08-01,8448.1,47.92,60000.0,18323,977,2025-07-02,07/30,Yes,Enabled,Active
3988,4818870694823989,459,16311,Classic,Visa,50000,26956.7,23043.3,3,2026-07-10,1152.16,38.85,15000.0,14321,159,2025-07-02,07/28,No,Disabled,Closed
3989,4565257298299493,1798,15997,Gold,Visa,100000,9739.44,90260.56,2,2026-07-19,4513.03,31.87,30000.0,11748,289,2024-07-02,07/28,Yes,Enabled,Active
3990,4215848228253033,4717,2653,Gold,Visa,50000,37577.9,12422.1,27,2026-07-26,621.11,41.82,15000.0,18411,388,2023-07-03,07/31,Yes,Disabled,Active
3991,4901103591162549,7774,14847,Classic,RuPay,500000,154556.69,345443.31,22,2026-07-18,17272.17,44.83,150000.0,17580,204,2023-07-03,07/29,Yes,Enabled,Blocked
3992,4088007534537516,2907,16791,Gold,Visa,100000,99596.06,403.94,2,2026-07-09,20.2,41.54,30000.0,18912,345,2022-07-03,07/31,Yes,Enabled,Active
3993,4686826759355494,1424,3892,Signature,Visa,500000,395408.54,104591.46,19,2026-07-27,5229.57,33.49,150000.0,23421,819,2021-07-03,07/30,No,Disabled,Active
3994,4324756333926646,9124,774,Classic,Mastercard,50000,44648.58,5351.42,8,2026-07-26,267.57,33.83,15000.0,2480,832,2022-07-03,07/28,Yes,Disabled,Active
3995,4069407795537538,1938,13980,Classic,Mastercard,200000,15564.33,184435.67,8,2026-07-26,9221.78,31.19,60000.0,19841,566,2023-07-03,07/30,Yes,Disabled,Active
3996,4781188274140534,9256,9886,Classic,Visa,200000,109955.04,90044.96,11,2026-07-25,4502.25,41.42,60000.0,4695,894,2024-07-02,07/29,Yes,Enabled,Active
3997,4895328727231865,8537,12917,Gold,Visa,50000,31645.33,18354.67,26,2026-07-26,917.73,31.97,15000.0,21678,173,2025-07-02,07/31,Yes,Enabled,Active
3998,4782722305634291,5715,12964,Classic,American Express,200000,199624.36,375.64,20,2026-07-31,18.78,39.72,60000.0,8676,612,2024-07-02,07/31,Yes,Disabled,Active
3999,4740025993953016,9253,12749,Gold,Mastercard,100000,54177.74,45822.26,24,2026-07-20,2291.11,37.17,30000.0,22294,809,2025-07-02,07/29,Yes,Disabled,Active
4000,4837133236777628,7489,9274,Gold,Visa,500000,400217.78,99782.22,13,2026-07-26,4989.11,38.51,150000.0,16920,249,2021-07-03,07/31,No,Disabled,Active
4001,4148220238320192,9251,15579,Classic,American Express,100000,69155.53,30844.47,8,2026-07-30,1542.22,36.21,30000.0,12325,669,2026-07-02,07/31,Yes,Enabled,Active
4002,4433187337066572,5763,18597,Gold,Mastercard,200000,56134.56,143865.44,4,2026-07-24,7193.27,40.45,60000.0,22430,518,2022-07-03,07/29,Yes,Enabled,Active
4003,4398731440080851,7996,4266,Classic,Visa,50000,16763.12,33236.88,15,2026-07-13,1661.84,37.56,15000.0,17194,587,2021-07-03,07/30,Yes,Disabled,Active
4004,4121260282816662,2881,14733,Gold,Mastercard,50000,14940.68,35059.32,25,2026-07-21,1752.97,43.84,15000.0,13127,330,2022-07-03,07/28,Yes,Disabled,Active
4005,4246306969918162,4651,14995,Platinum,Visa,50000,34651.91,15348.09,11,2026-07-15,767.4,30.36,15000.0,22575,421,2024-07-02,07/29,Yes,Disabled,Active
4006,4730129396120609,4618,6752,Gold,Mastercard,500000,79678.77,420321.23,17,2026-07-16,21016.06,33.55,150000.0,4434,295,2024-07-02,07/30,Yes,Enabled,Active
4007,4685740284619832,6621,9834,Gold,Visa,100000,96870.1,3129.9,2,2026-07-18,156.5,47.89,30000.0,3768,138,2024-07-02,07/29,Yes,Disabled,Active
4008,4411729536965907,4613,8522,Signature,RuPay,50000,48346.87,1653.13,12,2026-07-19,82.66,32.58,15000.0,2296,186,2025-07-02,07/30,Yes,Enabled,Closed
4009,4672070930172013,1543,10793,Classic,Visa,200000,149586.41,50413.59,28,2026-07-08,2520.68,33.45,60000.0,19980,731,2022-07-03,07/30,Yes,Enabled,Active
4010,4904995979709133,4033,17144,Classic,Mastercard,50000,18003.38,31996.62,5,2026-07-30,1599.83,31.25,15000.0,12010,721,2024-07-02,07/29,Yes,Disabled,Active
4011,4231237974175496,7319,2843,Classic,Mastercard,100000,74555.88,25444.12,10,2026-07-17,1272.21,32.27,30000.0,21464,515,2024-07-02,07/31,Yes,Disabled,Active
4012,4142670627252668,8871,12644,Classic,Mastercard,50000,5044.48,44955.52,3,2026-07-19,2247.78,41.74,15000.0,2834,164,2025-07-02,07/31,Yes,Disabled,Active
4013,4290315559395785,6344,10440,Gold,Visa,500000,488462.26,11537.74,23,2026-07-10,576.89,40.91,150000.0,3201,602,2023-07-03,07/29,Yes,Disabled,Active
4014,4577153713349683,4018,821,Platinum,Mastercard,100000,76687.19,23312.81,12,2026-07-15,1165.64,40.39,30000.0,17806,498,2022-07-03,07/29,Yes,Disabled,Active
4015,4918039257982257,311,19489,Classic,Mastercard,100000,69066.41,30933.59,23,2026-07-13,1546.68,35.84,30000.0,22038,459,2021-07-03,07/30,Yes,Disabled,Active
4016,4192685537063209,740,3849,Gold,Mastercard,200000,163084.07,36915.93,12,2026-07-07,1845.8,34.45,60000.0,22193,958,2025-07-02,07/30,Yes,Disabled,Active
4017,4667483918814240,461,12101,Classic,Visa,100000,30839.1,69160.9,16,2026-07-20,3458.05,45.67,30000.0,13021,961,2024-07-02,07/30,Yes,Disabled,Active
4018,4283149550228489,1906,14721,Classic,Visa,100000,50921.88,49078.12,18,2026-07-10,2453.91,35.56,30000.0,6515,819,2021-07-03,07/28,Yes,Disabled,Active
4019,4226379213937992,4929,1316,Classic,Visa,1000000,562850.67,437149.33,13,2026-07-27,21857.47,37.53,300000.0,24496,390,2024-07-02,07/30,Yes,Disabled,Active
4020,4127646465357397,1793,11279,Platinum,RuPay,100000,42215.45,57784.55,6,2026-08-01,2889.23,43.48,30000.0,19998,999,2025-07-02,07/31,Yes,Disabled,Active
4021,4158359773280486,164,17609,Platinum,RuPay,1000000,768004.76,231995.24,23,2026-07-17,11599.76,41.6,300000.0,22050,193,2026-07-02,07/30,Yes,Disabled,Active
4022,4974632331550322,7258,2310,Platinum,RuPay,100000,22548.02,77451.98,17,2026-07-08,3872.6,47.04,30000.0,10857,218,2025-07-02,07/30,Yes,Disabled,Active
4023,4298374809282697,3916,14058,Platinum,Visa,100000,86663.38,13336.62,1,2026-07-26,666.83,36.95,30000.0,18572,735,2024-07-02,07/28,Yes,Disabled,Active
4024,4962379193544977,6556,15819,Platinum,Mastercard,200000,86073.43,113926.57,11,2026-07-26,5696.33,37.79,60000.0,21158,306,2021-07-03,07/28,Yes,Disabled,Active
4025,4631525830183918,7172,8108,Classic,Visa,50000,8955.22,41044.78,18,2026-07-12,2052.24,39.25,15000.0,5565,715,2024-07-02,07/28,Yes,Disabled,Active
4026,4610089278158817,6279,14256,Classic,RuPay,100000,99551.04,448.96,22,2026-07-25,22.45,30.43,30000.0,23847,157,2026-07-02,07/29,Yes,Enabled,Active
4027,4687189613868534,1651,6828,Platinum,Visa,100000,36791.08,63208.92,17,2026-07-12,3160.45,34.15,30000.0,16232,634,2026-07-02,07/28,Yes,Enabled,Active
4028,4034770337589922,1069,10710,Platinum,Visa,100000,40055.95,59944.05,3,2026-07-25,2997.2,31.23,30000.0,13041,498,2021-07-03,07/31,Yes,Disabled,Active
4029,4403149177881272,2792,18900,Classic,Visa,200000,43189.21,156810.79,24,2026-07-19,7840.54,39.42,60000.0,11335,521,2023-07-03,07/28,Yes,Disabled,Active
4030,4889025071085950,8994,6253,Classic,Mastercard,100000,49090.25,50909.75,5,2026-07-19,2545.49,33.61,30000.0,19473,530,2024-07-02,07/31,Yes,Enabled,Active
4031,4427576029999753,1454,17206,Classic,American Express,50000,30011.14,19988.86,5,2026-07-26,999.44,39.26,15000.0,8153,847,2021-07-03,07/30,Yes,Disabled,Active
4032,4783846214563486,7749,1441,Platinum,Visa,100000,66845.41,33154.59,10,2026-07-21,1657.73,32.1,30000.0,21955,233,2024-07-02,07/29,Yes,Disabled,Active
4033,4345264103727137,488,6415,Classic,Mastercard,50000,45595.56,4404.44,27,2026-07-17,220.22,34.0,15000.0,11344,261,2024-07-02,07/31,Yes,Disabled,Active
4034,4154664963531239,180,16652,Platinum,Visa,100000,13380.75,86619.25,8,2026-07-23,4330.96,30.07,30000.0,8217,690,2024-07-02,07/28,Yes,Enabled,Active
4035,4773739765657766,8003,19247,Gold,Visa,200000,66423.81,133576.19,17,2026-07-12,6678.81,40.62,60000.0,15704,934,2025-07-02,07/28,Yes,Enabled,Active
4036,4025936517435044,4806,8390,Classic,Mastercard,50000,5485.16,44514.84,26,2026-07-27,2225.74,43.93,15000.0,22254,326,2022-07-03,07/29,Yes,Enabled,Active
4037,4107055760100323,8458,3375,Gold,Mastercard,200000,117446.92,82553.08,19,2026-07-26,4127.65,47.49,60000.0,118,938,2024-07-02,07/30,Yes,Enabled,Active
4038,4907397460342491,6886,2496,Classic,Visa,1000000,744667.95,255332.05,27,2026-07-27,12766.6,30.14,300000.0,7578,848,2022-07-03,07/31,Yes,Disabled,Active
4039,4709433246291779,909,18030,Classic,Visa,50000,11469.16,38530.84,14,2026-07-12,1926.54,36.93,15000.0,21704,604,2026-07-02,07/30,Yes,Enabled,Active
4040,4508775815532377,4312,5981,Classic,Visa,100000,38213.58,61786.42,19,2026-07-29,3089.32,34.02,30000.0,7723,669,2026-07-02,07/31,Yes,Disabled,Active
4041,4620293052498850,2990,5041,Gold,Mastercard,500000,161836.47,338163.53,24,2026-07-07,16908.18,41.26,150000.0,14335,970,2022-07-03,07/29,Yes,Disabled,Active
4042,4419163482454078,595,660,Gold,Visa,100000,64999.0,35001.0,7,2026-07-08,1750.05,43.29,30000.0,7801,498,2026-07-02,07/30,Yes,Disabled,Active
4043,4697568989866663,7697,5956,Classic,Mastercard,500000,174875.66,325124.34,1,2026-07-14,16256.22,34.4,150000.0,24108,266,2024-07-02,07/28,Yes,Disabled,Active
4044,4325352530095735,5772,2081,Platinum,Visa,200000,140403.79,59596.21,1,2026-07-27,2979.81,43.31,60000.0,19293,957,2026-07-02,07/28,Yes,Disabled,Active
4045,4441276982319924,8524,19214,Gold,Mastercard,50000,15853.23,34146.77,27,2026-07-26,1707.34,35.73,15000.0,11831,857,2025-07-02,07/28,Yes,Enabled,Active
4046,4269915017829134,6837,15392,Gold,Visa,50000,19125.86,30874.14,2,2026-07-15,1543.71,33.44,15000.0,3736,414,2022-07-03,07/30,Yes,Disabled,Active
4047,4810735511964515,4801,10136,Platinum,Mastercard,100000,94159.37,5840.63,15,2026-07-18,292.03,36.42,30000.0,14224,760,2022-07-03,07/28,Yes,Disabled,Active
4048,4387370834194489,828,201,Platinum,Visa,100000,70470.5,29529.5,22,2026-07-18,1476.48,39.79,30000.0,11934,251,2026-07-02,07/30,Yes,Disabled,Active
4049,4830507288778741,2758,3430,Gold,Visa,500000,300767.45,199232.55,18,2026-07-24,9961.63,30.41,150000.0,7391,365,2026-07-02,07/28,Yes,Disabled,Active
4050,4369943924308660,8769,15392,Classic,RuPay,100000,44397.21,55602.79,17,2026-07-07,2780.14,47.57,30000.0,6197,225,2024-07-02,07/30,Yes,Disabled,Active
4051,4037655347074490,2643,14613,Classic,Mastercard,500000,322403.22,177596.78,14,2026-07-13,8879.84,34.64,150000.0,6211,597,2021-07-03,07/31,Yes,Disabled,Active
4052,4993515053329206,1118,13053,Gold,Mastercard,100000,20018.73,79981.27,12,2026-07-24,3999.06,45.2,30000.0,9342,218,2025-07-02,07/31,Yes,Enabled,Active
4053,4054620963233307,9838,9425,Classic,Visa,200000,51770.23,148229.77,10,2026-07-14,7411.49,46.84,60000.0,22265,949,2024-07-02,07/30,Yes,Disabled,Active
4054,4041012116849384,3579,14594,Classic,RuPay,100000,47851.37,52148.63,25,2026-07-23,2607.43,45.04,30000.0,2276,488,2025-07-02,07/28,Yes,Enabled,Active
4055,4772060419678228,8781,18494,Classic,Visa,50000,22606.61,27393.39,10,2026-07-26,1369.67,35.14,15000.0,10495,545,2022-07-03,07/30,Yes,Disabled,Active
4056,4215608913399832,3992,17401,Signature,Visa,200000,58930.19,141069.81,9,2026-07-28,7053.49,34.36,60000.0,23919,825,2026-07-02,07/30,Yes,Enabled,Active
4057,4961103459935719,5319,17508,Classic,Mastercard,50000,16430.77,33569.23,4,2026-07-18,1678.46,44.45,15000.0,3253,996,2023-07-03,07/28,Yes,Disabled,Active
4058,4504813871581468,2600,9558,Classic,Mastercard,100000,96083.04,3916.96,10,2026-07-17,195.85,45.77,30000.0,23161,590,2022-07-03,07/30,Yes,Disabled,Active
4059,4085145573444088,1428,4180,Signature,RuPay,100000,26902.49,73097.51,21,2026-07-12,3654.88,30.8,30000.0,6186,552,2026-07-02,07/29,Yes,Disabled,Active
4060,4013121594571149,7300,3574,Classic,Mastercard,1000000,405246.95,594753.05,20,2026-07-16,29737.65,31.54,300000.0,18646,450,2023-07-03,07/28,Yes,Disabled,Active
4061,4503700418134782,4604,19404,Gold,Mastercard,100000,88198.91,11801.09,23,2026-07-25,590.05,41.83,30000.0,9784,717,2021-07-03,07/29,Yes,Disabled,Active
4062,4939396317643581,5682,13817,Signature,Mastercard,50000,44836.1,5163.9,13,2026-07-09,258.19,44.44,15000.0,17554,807,2021-07-03,07/31,Yes,Disabled,Active
4063,4829349251846858,5028,15934,Classic,Mastercard,50000,6102.97,43897.03,1,2026-07-18,2194.85,33.32,15000.0,2410,539,2022-07-03,07/30,No,Disabled,Active
4064,4824223179728455,2924,227,Classic,Visa,100000,24633.85,75366.15,27,2026-07-29,3768.31,37.2,30000.0,9679,367,2021-07-03,07/28,Yes,Disabled,Active
4065,4936102702866996,6261,7689,Gold,Mastercard,200000,156194.9,43805.1,22,2026-07-25,2190.26,38.91,60000.0,16071,753,2021-07-03,07/31,No,Disabled,Active
4066,4592334274459778,5453,3396,Gold,Mastercard,50000,43645.38,6354.62,11,2026-07-19,317.73,31.56,15000.0,17328,229,2022-07-03,07/30,Yes,Enabled,Active
4067,4797446933344455,4825,5341,Platinum,Visa,500000,220109.14,279890.86,5,2026-07-08,13994.54,43.32,150000.0,3095,941,2022-07-03,07/29,Yes,Disabled,Active
4068,4276851019306761,1437,2185,Gold,Visa,50000,23501.07,26498.93,28,2026-07-31,1324.95,37.08,15000.0,6875,571,2022-07-03,07/28,Yes,Disabled,Active
4069,4809350245500929,3100,8754,Platinum,Mastercard,100000,68068.8,31931.2,6,2026-07-07,1596.56,32.9,30000.0,11146,249,2025-07-02,07/31,Yes,Disabled,Active
4070,4855711369499879,7724,19787,Gold,Visa,100000,7872.48,92127.52,19,2026-07-20,4606.38,32.23,30000.0,17572,139,2022-07-03,07/29,Yes,Disabled,Active
4071,4449640432523492,6553,2003,Platinum,Mastercard,200000,102158.63,97841.37,11,2026-07-28,4892.07,47.08,60000.0,9736,101,2026-07-02,07/29,Yes,Disabled,Active
4072,4606574333823227,2413,15320,Gold,RuPay,200000,66260.24,133739.76,19,2026-07-20,6686.99,36.43,60000.0,24105,497,2026-07-02,07/31,Yes,Disabled,Active
4073,4434112990307674,7576,13871,Platinum,Mastercard,500000,241355.73,258644.27,17,2026-07-19,12932.21,36.21,150000.0,3216,669,2023-07-03,07/29,Yes,Disabled,Expired
4074,4048728416547140,7764,8978,Gold,RuPay,100000,88451.65,11548.35,18,2026-07-17,577.42,40.03,30000.0,18049,834,2023-07-03,07/31,Yes,Disabled,Active
4075,4233070896789694,15,5311,Classic,Mastercard,50000,35499.99,14500.01,4,2026-07-09,725.0,37.25,15000.0,8273,697,2025-07-02,07/30,Yes,Disabled,Active
4076,4470061617026196,7695,4962,Classic,Visa,1000000,914870.58,85129.42,20,2026-07-11,4256.47,32.02,300000.0,17590,986,2021-07-03,07/28,No,Disabled,Active
4077,4543177635384635,4693,2464,Classic,Mastercard,50000,18434.55,31565.45,23,2026-07-13,1578.27,35.69,15000.0,5235,664,2026-07-02,07/28,Yes,Disabled,Closed
4078,4128647783581685,3208,76,Platinum,Visa,50000,32594.06,17405.94,17,2026-07-16,870.3,30.4,15000.0,16666,266,2026-07-02,07/29,Yes,Disabled,Active
4079,4033393387824899,4649,8137,Classic,RuPay,500000,336809.88,163190.12,13,2026-07-30,8159.51,36.82,150000.0,24032,388,2026-07-02,07/28,Yes,Enabled,Active
4080,4803806749902500,266,2618,Gold,Visa,50000,7909.6,42090.4,6,2026-07-16,2104.52,43.03,15000.0,4074,757,2026-07-02,07/30,Yes,Disabled,Active
4081,4561676147501829,1492,11534,Classic,Visa,200000,115969.21,84030.79,4,2026-07-29,4201.54,39.15,60000.0,14120,193,2026-07-02,07/28,Yes,Enabled,Active
4082,4376280719624663,9118,4095,Platinum,Mastercard,50000,22341.79,27658.21,2,2026-07-15,1382.91,44.2,15000.0,16404,105,2024-07-02,07/28,Yes,Disabled,Active
4083,4208092128923822,2607,2136,Classic,RuPay,200000,150643.58,49356.42,7,2026-07-07,2467.82,41.99,60000.0,22308,876,2021-07-03,07/29,Yes,Enabled,Active
4084,4077505283131197,5009,13859,Platinum,Visa,200000,109797.1,90202.9,4,2026-07-21,4510.14,42.43,60000.0,4530,886,2025-07-02,07/28,Yes,Disabled,Active
4085,4394581940848040,7705,10230,Classic,Visa,50000,3784.3,46215.7,7,2026-07-14,2310.78,45.25,15000.0,6295,692,2025-07-02,07/29,Yes,Disabled,Active
4086,4328405409675034,5240,3606,Platinum,Mastercard,100000,89031.56,10968.44,24,2026-07-11,548.42,45.9,30000.0,653,799,2024-07-02,07/30,No,Enabled,Active
4087,4568341571855991,9187,7210,Classic,Mastercard,50000,29370.04,20629.96,19,2026-07-26,1031.5,30.9,15000.0,9748,935,2022-07-03,07/31,Yes,Disabled,Active
4088,4730641270770415,853,17517,Gold,Visa,50000,15485.65,34514.35,28,2026-07-26,1725.72,44.69,15000.0,9507,501,2023-07-03,07/30,Yes,Disabled,Active
4089,4788025689630257,8481,12135,Classic,Mastercard,200000,177383.35,22616.65,23,2026-07-07,1130.83,43.81,60000.0,7265,979,2022-07-03,07/28,Yes,Disabled,Active
4090,4356746062061884,1153,15846,Gold,American Express,100000,62101.27,37898.73,14,2026-07-20,1894.94,37.51,30000.0,5403,445,2022-07-03,07/29,Yes,Disabled,Active
4091,4339133853736808,8508,18019,Gold,Visa,50000,9183.41,40816.59,12,2026-07-27,2040.83,47.06,15000.0,9894,994,2021-07-03,07/29,Yes,Disabled,Active
4092,4919808059363763,638,3278,Classic,Visa,50000,22262.7,27737.3,28,2026-07-24,1386.87,45.91,15000.0,3601,693,2026-07-02,07/31,Yes,Enabled,Active
4093,4370093117274643,1950,12893,Platinum,American Express,50000,6806.85,43193.15,22,2026-07-31,2159.66,42.31,15000.0,11622,358,2026-07-02,07/30,Yes,Disabled,Active
4094,4016861528916614,2842,15409,Platinum,Mastercard,100000,80257.15,19742.85,3,2026-07-14,987.14,37.96,30000.0,20016,887,2024-07-02,07/28,Yes,Disabled,Active
4095,4750574900228742,2618,19329,Classic,Visa,50000,17423.05,32576.95,8,2026-07-22,1628.85,45.3,15000.0,13123,574,2025-07-02,07/30,Yes,Enabled,Closed
4096,4119536055917337,9405,17257,Classic,Mastercard,50000,23418.73,26581.27,18,2026-07-28,1329.06,33.27,15000.0,12753,244,2024-07-02,07/29,Yes,Disabled,Active
4097,4870918953329991,5212,19412,Signature,Mastercard,100000,77368.2,22631.8,5,2026-07-23,1131.59,30.98,30000.0,3242,912,2023-07-03,07/28,Yes,Disabled,Active
4098,4686620948550614,8393,3706,Classic,Visa,50000,5508.29,44491.71,24,2026-07-29,2224.59,42.55,15000.0,16065,944,2024-07-02,07/28,Yes,Enabled,Active
4099,4657125419653904,5808,9833,Classic,American Express,50000,23219.57,26780.43,13,2026-07-19,1339.02,38.48,15000.0,3034,973,2022-07-03,07/28,Yes,Disabled,Active
4100,4213982168863322,5489,18435,Classic,Mastercard,500000,115611.57,384388.43,14,2026-07-26,19219.42,30.38,150000.0,12833,223,2024-07-02,07/29,Yes,Enabled,Active
4101,4414837972996278,6804,15425,Gold,Visa,50000,11759.0,38241.0,25,2026-07-14,1912.05,45.68,15000.0,15230,208,2023-07-03,07/28,Yes,Disabled,Active
4102,4910337633408657,2751,13503,Gold,Visa,200000,33085.57,166914.43,28,2026-07-14,8345.72,42.97,60000.0,3019,504,2023-07-03,07/28,Yes,Disabled,Active
4103,4470122840041901,3659,7044,Classic,Mastercard,50000,18498.11,31501.89,11,2026-07-09,1575.09,45.77,15000.0,16396,704,2023-07-03,07/31,Yes,Disabled,Active
4104,4028944081715717,7734,2716,Gold,Visa,50000,12024.0,37976.0,14,2026-07-29,1898.8,38.3,15000.0,3843,785,2023-07-03,07/29,Yes,Disabled,Active
4105,4149456025314196,2173,6959,Classic,Visa,200000,42088.32,157911.68,14,2026-07-24,7895.58,43.36,60000.0,16307,669,2023-07-03,07/29,Yes,Enabled,Active
4106,4310946414078062,6983,10703,Classic,Mastercard,50000,4772.84,45227.16,18,2026-07-26,2261.36,40.07,15000.0,6160,311,2024-07-02,07/28,Yes,Disabled,Active
4107,4410418040703619,2045,19897,Platinum,Visa,500000,397916.69,102083.31,10,2026-07-29,5104.17,42.27,150000.0,3075,500,2021-07-03,07/31,Yes,Disabled,Closed
4108,4526510212428494,5679,9336,Platinum,Visa,50000,7125.53,42874.47,22,2026-07-10,2143.72,38.62,15000.0,11790,160,2026-07-02,07/30,Yes,Disabled,Active
4109,4663507125784301,556,5289,Gold,RuPay,200000,78533.28,121466.72,17,2026-07-25,6073.34,40.66,60000.0,14635,115,2022-07-03,07/31,Yes,Enabled,Active
4110,4916996607987024,2872,3110,Gold,Mastercard,100000,14245.22,85754.78,23,2026-07-16,4287.74,38.52,30000.0,23167,700,2024-07-02,07/30,Yes,Disabled,Active
4111,4108061190227267,8250,5082,Signature,Visa,50000,25757.18,24242.82,11,2026-08-01,1212.14,45.8,15000.0,12506,971,2022-07-03,07/31,Yes,Disabled,Active
4112,4374448449656964,886,15951,Platinum,Visa,50000,48528.85,1471.15,12,2026-07-15,73.56,41.45,15000.0,22014,413,2024-07-02,07/28,Yes,Enabled,Active
4113,4713291284640634,11,17974,Gold,RuPay,100000,38701.6,61298.4,17,2026-07-27,3064.92,45.58,30000.0,19537,567,2025-07-02,07/31,Yes,Enabled,Active
4114,4111402600411313,395,1234,Classic,Visa,200000,99775.06,100224.94,12,2026-07-15,5011.25,36.52,60000.0,15207,689,2021-07-03,07/30,Yes,Disabled,Closed
4115,4411829745533858,6428,4877,Gold,Visa,50000,42505.65,7494.35,18,2026-07-16,374.72,39.79,15000.0,3523,307,2025-07-02,07/28,Yes,Disabled,Active
4116,4758360604603014,7314,16638,Platinum,Mastercard,100000,32607.33,67392.67,16,2026-08-01,3369.63,40.31,30000.0,8480,172,2022-07-03,07/29,Yes,Disabled,Active
4117,4036715270044196,3438,6098,Platinum,Mastercard,50000,29054.77,20945.23,20,2026-07-24,1047.26,42.88,15000.0,15393,983,2025-07-02,07/30,Yes,Disabled,Active
4118,4159614717915932,6932,105,Gold,Mastercard,100000,56749.32,43250.68,18,2026-07-13,2162.53,39.19,30000.0,12645,173,2024-07-02,07/29,Yes,Disabled,Active
4119,4353932302119303,3392,19566,Gold,Mastercard,500000,41929.04,458070.96,10,2026-07-18,22903.55,36.49,150000.0,17135,922,2025-07-02,07/29,Yes,Disabled,Active
4120,4612185216427096,7061,17527,Gold,American Express,500000,144483.11,355516.89,15,2026-07-10,17775.84,36.71,150000.0,12000,716,2022-07-03,07/30,Yes,Disabled,Active
4121,4985083430156984,3103,16928,Signature,Visa,50000,19331.18,30668.82,22,2026-07-28,1533.44,30.91,15000.0,2351,221,2026-07-02,07/28,Yes,Disabled,Active
4122,4200660324268811,8928,18123,Classic,Visa,50000,6372.54,43627.46,9,2026-07-28,2181.37,45.13,15000.0,19603,988,2022-07-03,07/29,Yes,Enabled,Active
4123,4946342942519427,4474,17844,Gold,RuPay,50000,6063.78,43936.22,9,2026-07-11,2196.81,32.62,15000.0,3320,415,2026-07-02,07/29,No,Enabled,Active
4124,4552687224829484,3075,11335,Gold,Visa,50000,25340.64,24659.36,15,2026-07-09,1232.97,42.1,15000.0,8662,960,2026-07-02,07/30,Yes,Disabled,Active
4125,4923707738819859,831,14253,Platinum,RuPay,100000,25143.39,74856.61,11,2026-07-27,3742.83,37.91,30000.0,4818,358,2021-07-03,07/29,Yes,Disabled,Active
4126,4983635622167942,7413,2026,Classic,Mastercard,50000,4197.54,45802.46,8,2026-07-27,2290.12,31.11,15000.0,15630,537,2024-07-02,07/29,Yes,Disabled,Closed
4127,4739325538129593,4736,10485,Classic,Visa,100000,10881.86,89118.14,9,2026-07-12,4455.91,40.05,30000.0,14010,158,2025-07-02,07/28,Yes,Disabled,Closed
4128,4999292002554867,5333,11388,Gold,Mastercard,200000,171240.02,28759.98,27,2026-07-07,1438.0,35.77,60000.0,8380,422,2023-07-03,07/31,Yes,Disabled,Active
4129,4597935996011842,5630,12857,Platinum,American Express,50000,35595.82,14404.18,6,2026-07-25,720.21,41.06,15000.0,14440,932,2023-07-03,07/31,Yes,Disabled,Active
4130,4771150671106165,1848,3585,Platinum,Visa,50000,21144.72,28855.28,16,2026-07-14,1442.76,47.31,15000.0,16585,402,2022-07-03,07/29,Yes,Disabled,Active
4131,4060255002203654,1333,8872,Classic,Visa,50000,2749.36,47250.64,15,2026-07-23,2362.53,33.18,15000.0,4668,116,2026-07-02,07/28,Yes,Disabled,Active
4132,4046488032704965,8911,11714,Gold,Mastercard,100000,71228.64,28771.36,11,2026-07-10,1438.57,40.23,30000.0,21345,767,2023-07-03,07/29,Yes,Disabled,Active
4133,4352992939170068,604,16357,Classic,Visa,50000,30933.28,19066.72,17,2026-07-19,953.34,43.22,15000.0,20202,593,2026-07-02,07/29,Yes,Disabled,Active
4134,4706808895634704,274,11843,Signature,Mastercard,50000,35080.25,14919.75,17,2026-07-22,745.99,41.96,15000.0,23478,861,2025-07-02,07/31,No,Disabled,Expired
4135,4267281297249966,2416,12493,Gold,Visa,200000,136772.99,63227.01,22,2026-07-29,3161.35,45.41,60000.0,15762,971,2023-07-03,07/31,Yes,Disabled,Active
4136,4316261428340698,165,16969,Platinum,Mastercard,50000,33652.17,16347.83,15,2026-07-24,817.39,46.55,15000.0,11135,150,2022-07-03,07/31,Yes,Disabled,Active
4137,4000766270445260,2611,6830,Gold,Visa,200000,41245.94,158754.06,15,2026-07-28,7937.7,37.89,60000.0,17970,489,2023-07-03,07/31,Yes,Disabled,Active
4138,4289182793091320,2140,15926,Classic,Mastercard,200000,90180.16,109819.84,19,2026-07-11,5490.99,31.58,60000.0,8392,945,2025-07-02,07/28,Yes,Disabled,Active
4139,4090998658449540,8555,13749,Classic,Visa,50000,11158.78,38841.22,15,2026-07-29,1942.06,39.03,15000.0,679,915,2023-07-03,07/31,Yes,Enabled,Active
4140,4534440167536741,608,12971,Classic,Mastercard,50000,42110.33,7889.67,6,2026-07-22,394.48,41.43,15000.0,9300,333,2022-07-03,07/31,Yes,Disabled,Active
4141,4202623207561680,2801,14787,Classic,Visa,200000,24154.6,175845.4,2,2026-07-14,8792.27,46.02,60000.0,17050,601,2022-07-03,07/30,Yes,Disabled,Active
4142,4515361556655290,1394,3957,Classic,Mastercard,500000,231796.18,268203.82,6,2026-07-21,13410.19,40.47,150000.0,495,870,2024-07-02,07/30,No,Enabled,Active
4143,4224363319104011,9326,210,Gold,RuPay,50000,10005.99,39994.01,11,2026-07-19,1999.7,46.89,15000.0,4763,270,2021-07-03,07/29,Yes,Disabled,Active
4144,4317038502775151,1319,6554,Classic,Mastercard,200000,130072.98,69927.02,11,2026-07-31,3496.35,41.34,60000.0,7115,404,2025-07-02,07/28,Yes,Enabled,Active
4145,4265681786494693,6100,16590,Gold,Visa,100000,77139.48,22860.52,22,2026-08-01,1143.03,39.96,30000.0,20539,427,2023-07-03,07/29,Yes,Disabled,Active
4146,4887661863656502,4482,1705,Classic,Mastercard,100000,45269.68,54730.32,23,2026-07-08,2736.52,40.15,30000.0,407,316,2026-07-02,07/28,Yes,Disabled,Active
4147,4372973193636612,6203,831,Platinum,Visa,100000,18115.84,81884.16,17,2026-07-30,4094.21,35.25,30000.0,16320,642,2025-07-02,07/28,Yes,Disabled,Active
4148,4506708040282433,2769,19415,Classic,Mastercard,50000,41831.91,8168.09,22,2026-07-17,408.4,30.16,15000.0,9916,499,2022-07-03,07/29,Yes,Disabled,Active
4149,4236232975022972,4867,19507,Platinum,Mastercard,100000,39946.93,60053.07,23,2026-07-31,3002.65,46.03,30000.0,2477,515,2024-07-02,07/31,Yes,Disabled,Active
4150,4454249677365512,5027,8151,Gold,Visa,50000,5130.61,44869.39,4,2026-07-24,2243.47,44.94,15000.0,12427,258,2024-07-02,07/28,Yes,Disabled,Active
4151,4563582841831833,6894,6607,Classic,Visa,50000,12655.63,37344.37,6,2026-07-09,1867.22,37.03,15000.0,22049,354,2024-07-02,07/30,Yes,Enabled,Active
4152,4771331158401963,5957,10521,Gold,Mastercard,1000000,876233.53,123766.47,18,2026-07-30,6188.32,33.48,300000.0,17516,507,2026-07-02,07/29,Yes,Disabled,Active
4153,4559713470605565,254,12724,Classic,Visa,200000,86628.2,113371.8,18,2026-07-27,5668.59,42.45,60000.0,18455,658,2025-07-02,07/30,Yes,Enabled,Active
4154,4412437619169322,8438,15092,Classic,American Express,200000,118643.37,81356.63,5,2026-07-30,4067.83,43.08,60000.0,9549,273,2025-07-02,07/30,Yes,Disabled,Active
4155,4156211880020378,6688,7527,Classic,Mastercard,100000,87166.2,12833.8,5,2026-07-07,641.69,32.0,30000.0,4439,901,2021-07-03,07/29,Yes,Disabled,Active
4156,4971461989623980,1352,1142,Gold,Visa,500000,124242.8,375757.2,5,2026-07-12,18787.86,33.31,150000.0,21416,560,2026-07-02,07/31,Yes,Disabled,Active
4157,4737518641462991,4976,1646,Gold,Visa,50000,42149.29,7850.71,7,2026-07-31,392.54,47.87,15000.0,933,525,2025-07-02,07/29,Yes,Disabled,Active
4158,4012584962610786,3557,6882,Signature,Mastercard,100000,66868.3,33131.7,24,2026-07-11,1656.59,47.89,30000.0,5257,758,2026-07-02,07/30,Yes,Disabled,Active
4159,4054194155718810,1287,13279,Platinum,American Express,1000000,515645.55,484354.45,3,2026-07-08,24217.72,35.4,300000.0,23915,236,2023-07-03,07/30,Yes,Enabled,Active
4160,4369469477243766,439,18872,Classic,Mastercard,50000,26845.4,23154.6,3,2026-07-15,1157.73,41.68,15000.0,13024,520,2021-07-03,07/29,No,Disabled,Active
4161,4532442181390972,830,2575,Platinum,Mastercard,100000,80121.82,19878.18,27,2026-07-30,993.91,35.87,30000.0,18567,620,2022-07-03,07/28,Yes,Disabled,Expired
4162,4705686838277928,8015,13162,Classic,Mastercard,100000,49710.16,50289.84,16,2026-07-20,2514.49,46.09,30000.0,24950,480,2024-07-02,07/28,Yes,Disabled,Active
4163,4544580724828180,6441,15550,Gold,RuPay,200000,85649.98,114350.02,17,2026-07-08,5717.5,37.72,60000.0,8036,924,2026-07-02,07/28,Yes,Disabled,Active
4164,4284034147197469,8878,9913,Classic,Mastercard,50000,27665.01,22334.99,10,2026-07-17,1116.75,32.29,15000.0,2495,511,2024-07-02,07/30,Yes,Disabled,Active
4165,4224486026896964,3353,4748,Classic,Visa,50000,16759.73,33240.27,19,2026-08-01,1662.01,36.74,15000.0,15920,797,2026-07-02,07/30,Yes,Disabled,Active
4166,4727089623712982,9520,10679,Platinum,Visa,50000,29249.18,20750.82,21,2026-07-08,1037.54,36.05,15000.0,13815,170,2023-07-03,07/30,Yes,Disabled,Active
4167,4925542600886207,4540,2322,Gold,Visa,50000,4430.48,45569.52,24,2026-07-11,2278.48,45.16,15000.0,15411,808,2024-07-02,07/29,Yes,Enabled,Expired
4168,4482308742582170,4425,17124,Classic,Mastercard,100000,52839.61,47160.39,6,2026-07-23,2358.02,33.76,30000.0,361,347,2023-07-03,07/31,Yes,Enabled,Active
4169,4154255591476173,2174,5466,Gold,RuPay,100000,14417.86,85582.14,12,2026-07-07,4279.11,40.51,30000.0,9208,902,2023-07-03,07/28,Yes,Disabled,Active
4170,4462006111317366,5412,8159,Classic,Visa,100000,53080.78,46919.22,25,2026-07-11,2345.96,41.83,30000.0,14921,510,2025-07-02,07/30,No,Enabled,Active
4171,4762340716571278,8912,11180,Platinum,Visa,100000,31220.61,68779.39,6,2026-07-18,3438.97,42.88,30000.0,19399,271,2023-07-03,07/30,No,Enabled,Active
4172,4003460853146182,6787,17234,Gold,RuPay,50000,17371.64,32628.36,4,2026-07-24,1631.42,30.27,15000.0,6852,955,2023-07-03,07/31,Yes,Disabled,Active
4173,4576703664872918,1946,19370,Classic,Mastercard,1000000,642237.07,357762.93,25,2026-07-22,17888.15,47.1,300000.0,9981,651,2022-07-03,07/31,Yes,Disabled,Active
4174,4194181735640202,786,3514,Platinum,Mastercard,50000,35519.78,14480.22,25,2026-07-17,724.01,39.42,15000.0,13288,164,2026-07-02,07/30,Yes,Disabled,Active
4175,4227090023113336,9606,14508,Platinum,American Express,100000,70907.07,29092.93,25,2026-07-26,1454.65,39.45,30000.0,16138,783,2022-07-03,07/30,Yes,Disabled,Active
4176,4410548102731061,6998,132,Signature,Visa,50000,49260.44,739.56,22,2026-07-10,36.98,40.08,15000.0,8287,829,2022-07-03,07/29,No,Disabled,Active
4177,4532274827697476,4684,18659,Classic,Visa,1000000,927526.29,72473.71,23,2026-07-16,3623.69,34.72,300000.0,16295,107,2022-07-03,07/31,Yes,Disabled,Active
4178,4114280458848528,4503,8022,Gold,Visa,200000,31543.33,168456.67,19,2026-07-07,8422.83,37.43,60000.0,6675,842,2022-07-03,07/29,Yes,Disabled,Active
4179,4511549523531464,4022,3006,Classic,Mastercard,50000,30597.2,19402.8,20,2026-07-08,970.14,43.17,15000.0,19663,411,2026-07-02,07/30,Yes,Disabled,Active
4180,4017496222612542,1259,5677,Platinum,Visa,500000,266988.25,233011.75,11,2026-07-20,11650.59,41.87,150000.0,2574,212,2025-07-02,07/31,Yes,Disabled,Active
4181,4547323698680342,447,2625,Gold,Visa,50000,19004.46,30995.54,7,2026-07-14,1549.78,38.83,15000.0,10974,480,2026-07-02,07/30,Yes,Enabled,Active
4182,4385200207831109,8726,4385,Gold,American Express,500000,305636.04,194363.96,9,2026-07-28,9718.2,32.45,150000.0,3870,382,2022-07-03,07/31,Yes,Disabled,Active
4183,4788552796694054,32,2951,Classic,Visa,100000,94971.07,5028.93,15,2026-07-13,251.45,42.51,30000.0,10514,148,2022-07-03,07/31,Yes,Enabled,Active
4184,4491239123397490,9746,6269,Gold,Visa,100000,70405.53,29594.47,7,2026-07-18,1479.72,46.78,30000.0,4218,686,2021-07-03,07/29,No,Disabled,Active
4185,4289340416978571,9564,7681,Platinum,Visa,100000,67125.32,32874.68,22,2026-07-10,1643.73,45.98,30000.0,6638,327,2024-07-02,07/28,Yes,Disabled,Blocked
4186,4637324565412399,8531,9962,Platinum,Mastercard,100000,31320.48,68679.52,16,2026-07-29,3433.98,37.5,30000.0,2843,175,2025-07-02,07/31,Yes,Enabled,Active
4187,4331078255708416,5424,18631,Gold,Mastercard,1000000,702771.65,297228.35,24,2026-07-18,14861.42,31.88,300000.0,8877,193,2025-07-02,07/28,Yes,Disabled,Active
4188,4762310824023765,7046,13298,Gold,Visa,50000,25805.0,24195.0,16,2026-07-17,1209.75,40.91,15000.0,15055,681,2023-07-03,07/28,Yes,Enabled,Active
4189,4482637023170696,4917,13964,Platinum,RuPay,100000,90755.95,9244.05,16,2026-07-13,462.2,47.11,30000.0,18242,948,2024-07-02,07/29,Yes,Disabled,Active
4190,4704925735885041,3935,7149,Gold,Visa,50000,37694.77,12305.23,28,2026-07-25,615.26,39.44,15000.0,11931,975,2022-07-03,07/28,Yes,Disabled,Active
4191,4981700004574671,1636,3569,Classic,Mastercard,200000,63682.31,136317.69,23,2026-08-01,6815.88,34.05,60000.0,2694,173,2022-07-03,07/28,Yes,Disabled,Active
4192,4604773795519046,795,10738,Gold,Visa,50000,35791.15,14208.85,8,2026-07-31,710.44,33.17,15000.0,3958,388,2025-07-02,07/28,Yes,Disabled,Active
4193,4749953631365164,211,3360,Classic,Visa,200000,93038.06,106961.94,1,2026-07-11,5348.1,31.11,60000.0,7031,660,2025-07-02,07/31,Yes,Enabled,Active
4194,4804815706940322,9298,6206,Gold,Visa,500000,301468.51,198531.49,26,2026-07-14,9926.57,46.68,150000.0,14873,700,2024-07-02,07/30,Yes,Enabled,Active
4195,4814276097914412,1400,16573,Classic,Mastercard,50000,48637.27,1362.73,10,2026-07-22,68.14,47.71,15000.0,2990,806,2022-07-03,07/31,No,Disabled,Active
4196,4513816098791127,5229,9112,Classic,Visa,200000,170898.74,29101.26,18,2026-07-07,1455.06,46.01,60000.0,6820,775,2023-07-03,07/29,Yes,Enabled,Active
4197,4604988035988256,7647,17198,Gold,Mastercard,100000,57007.17,42992.83,2,2026-07-27,2149.64,35.83,30000.0,14200,367,2026-07-02,07/28,Yes,Disabled,Active
4198,4904961612455648,672,5654,Gold,RuPay,100000,19874.37,80125.63,22,2026-07-29,4006.28,43.1,30000.0,7571,380,2021-07-03,07/31,Yes,Disabled,Active
4199,4981157670690312,9500,2419,Gold,Mastercard,100000,77620.77,22379.23,15,2026-07-28,1118.96,41.01,30000.0,13635,361,2021-07-03,07/28,Yes,Disabled,Active
4200,4739527418065100,947,8760,Platinum,American Express,50000,11653.74,38346.26,19,2026-07-21,1917.31,42.12,15000.0,12325,986,2024-07-02,07/29,Yes,Enabled,Active
4201,4534134467850608,7384,17913,Classic,RuPay,500000,330747.87,169252.13,5,2026-07-16,8462.61,32.46,150000.0,23129,207,2025-07-02,07/29,Yes,Disabled,Active
4202,4036617381944413,3257,3851,Classic,Visa,50000,21849.9,28150.1,18,2026-07-09,1407.51,45.16,15000.0,7298,601,2026-07-02,07/28,Yes,Enabled,Active
4203,4909248843877213,8088,12183,Classic,RuPay,500000,371061.69,128938.31,3,2026-07-23,6446.92,38.17,150000.0,13055,480,2026-07-02,07/28,Yes,Enabled,Active
4204,4272014558836771,4007,16081,Classic,Mastercard,50000,49775.06,224.94,11,2026-07-23,11.25,45.38,15000.0,18694,875,2024-07-02,07/31,Yes,Disabled,Active
4205,4308711076400099,5416,17386,Classic,Mastercard,200000,110129.89,89870.11,23,2026-08-01,4493.51,31.1,60000.0,1414,799,2026-07-02,07/28,Yes,Disabled,Active
4206,4439769335575312,6149,12924,Platinum,Mastercard,100000,51606.85,48393.15,11,2026-07-19,2419.66,44.08,30000.0,10827,839,2026-07-02,07/31,Yes,Enabled,Active
4207,4128269093017676,747,13354,Classic,RuPay,200000,112907.82,87092.18,5,2026-07-23,4354.61,42.95,60000.0,9172,763,2023-07-03,07/31,Yes,Disabled,Active
4208,4449161498431847,5259,15016,Gold,Visa,50000,22688.31,27311.69,2,2026-07-14,1365.58,44.3,15000.0,9940,454,2022-07-03,07/28,Yes,Disabled,Blocked
4209,4453136849908726,4458,10958,Platinum,Visa,200000,155438.08,44561.92,11,2026-07-17,2228.1,47.84,60000.0,15161,877,2021-07-03,07/31,Yes,Disabled,Expired
4210,4558035718034206,3175,15524,Classic,Mastercard,50000,34506.56,15493.44,23,2026-07-12,774.67,34.84,15000.0,253,873,2024-07-02,07/31,Yes,Disabled,Active
4211,4720147294063443,1515,6768,Classic,RuPay,100000,17833.43,82166.57,28,2026-07-25,4108.33,41.21,30000.0,3718,161,2024-07-02,07/28,Yes,Disabled,Active
4212,4400645234592164,7436,3468,Gold,Visa,50000,23220.92,26779.08,15,2026-07-08,1338.95,42.52,15000.0,7092,128,2023-07-03,07/31,Yes,Disabled,Active
4213,4554633765162646,3125,6604,Platinum,Visa,50000,26935.72,23064.28,14,2026-07-31,1153.21,44.4,15000.0,1256,914,2022-07-03,07/30,Yes,Disabled,Active
4214,4773268425048596,3027,11624,Gold,Mastercard,200000,148577.51,51422.49,28,2026-07-19,2571.12,47.42,60000.0,8910,804,2024-07-02,07/28,Yes,Disabled,Active
4215,4488862748993748,9752,4350,Classic,Mastercard,200000,24300.29,175699.71,21,2026-07-13,8784.99,42.2,60000.0,12529,774,2023-07-03,07/31,Yes,Disabled,Active
4216,4787614428040477,6906,17070,Platinum,Mastercard,50000,17858.03,32141.97,27,2026-07-22,1607.1,40.77,15000.0,5259,283,2023-07-03,07/28,Yes,Disabled,Active
4217,4470787174277223,366,18107,Classic,RuPay,50000,46891.7,3108.3,8,2026-07-29,155.42,31.81,15000.0,805,747,2021-07-03,07/30,Yes,Disabled,Active
4218,4286172978410491,2157,17484,Classic,RuPay,200000,105765.53,94234.47,25,2026-07-15,4711.72,33.45,60000.0,21060,366,2022-07-03,07/31,Yes,Disabled,Active
4219,4833866632093511,3603,16180,Classic,RuPay,500000,316160.5,183839.5,14,2026-07-09,9191.98,30.2,150000.0,4258,543,2026-07-02,07/30,Yes,Disabled,Active
4220,4938240479632393,3810,16428,Platinum,Mastercard,200000,60299.73,139700.27,12,2026-07-21,6985.01,31.24,60000.0,20444,381,2024-07-02,07/29,Yes,Disabled,Active
4221,4895773101251648,2158,13264,Gold,RuPay,500000,464411.06,35588.94,17,2026-07-08,1779.45,31.31,150000.0,7716,702,2026-07-02,07/30,Yes,Disabled,Active
4222,4845345029453367,1854,4969,Platinum,Visa,50000,16490.57,33509.43,18,2026-07-17,1675.47,34.57,15000.0,1872,151,2026-07-02,07/29,Yes,Enabled,Active
4223,4024064511966470,9663,15354,Gold,Visa,100000,22010.37,77989.63,22,2026-07-11,3899.48,40.85,30000.0,19444,970,2025-07-02,07/29,Yes,Disabled,Active
4224,4658846509704818,4623,3877,Classic,Mastercard,50000,45587.75,4412.25,25,2026-08-01,220.61,44.42,15000.0,20106,941,2023-07-03,07/31,Yes,Disabled,Active
4225,4626885538542973,505,17690,Gold,RuPay,200000,195130.07,4869.93,28,2026-07-25,243.5,38.95,60000.0,24898,967,2024-07-02,07/29,No,Disabled,Active
4226,4245199995630982,1239,16521,Gold,Visa,100000,99715.06,284.94,5,2026-07-09,14.25,34.57,30000.0,17621,299,2021-07-03,07/31,Yes,Enabled,Active
4227,4377611220614632,5706,8811,Signature,American Express,500000,287572.98,212427.02,3,2026-07-08,10621.35,42.64,150000.0,7839,523,2025-07-02,07/28,Yes,Disabled,Active
4228,4580258920024868,5468,10360,Gold,Visa,200000,58741.63,141258.37,3,2026-07-16,7062.92,37.61,60000.0,19870,645,2025-07-02,07/28,Yes,Disabled,Active
4229,4528437533302234,8270,13786,Classic,RuPay,50000,33116.93,16883.07,24,2026-07-11,844.15,34.49,15000.0,9401,323,2022-07-03,07/29,Yes,Disabled,Active
4230,4011710405814556,7130,10593,Gold,RuPay,100000,79940.07,20059.93,12,2026-08-01,1003.0,43.09,30000.0,21416,648,2021-07-03,07/29,No,Disabled,Active
4231,4186570895132650,5474,5030,Platinum,Mastercard,50000,33469.38,16530.62,22,2026-07-29,826.53,42.36,15000.0,19832,787,2021-07-03,07/30,Yes,Disabled,Active
4232,4886218088759655,2817,8107,Classic,Mastercard,50000,28872.04,21127.96,6,2026-07-27,1056.4,43.9,15000.0,15838,347,2021-07-03,07/28,Yes,Enabled,Active
4233,4257774959481364,4436,11000,Classic,Mastercard,100000,18466.06,81533.94,24,2026-07-12,4076.7,37.67,30000.0,18715,215,2025-07-02,07/28,No,Disabled,Active
4234,4404189817133689,8955,11155,Gold,Visa,100000,45192.06,54807.94,26,2026-07-08,2740.4,41.16,30000.0,17348,718,2024-07-02,07/31,Yes,Enabled,Active
4235,4825715368981889,8783,14025,Gold,Visa,100000,19383.71,80616.29,9,2026-07-25,4030.81,45.12,30000.0,8820,818,2022-07-03,07/30,Yes,Enabled,Active
4236,4399012020311506,1864,17586,Gold,Visa,200000,158534.65,41465.35,25,2026-07-17,2073.27,39.21,60000.0,2208,468,2023-07-03,07/31,Yes,Disabled,Active
4237,4064337976305118,4536,8804,Classic,RuPay,50000,9722.65,40277.35,23,2026-07-21,2013.87,39.78,15000.0,6521,319,2021-07-03,07/31,Yes,Disabled,Active
4238,4112533706178443,6058,2897,Classic,Visa,50000,46056.75,3943.25,4,2026-07-09,197.16,33.96,15000.0,10200,314,2021-07-03,07/31,No,Enabled,Active
4239,4063675991767479,3172,10951,Classic,Visa,50000,13309.42,36690.58,14,2026-07-22,1834.53,46.11,15000.0,9192,952,2026-07-02,07/29,Yes,Disabled,Active
4240,4540671935291989,4281,14404,Classic,Mastercard,100000,77576.36,22423.64,15,2026-07-08,1121.18,42.98,30000.0,10754,599,2026-07-02,07/31,Yes,Disabled,Closed
4241,4325036054267921,3430,18867,Classic,Visa,100000,84857.45,15142.55,10,2026-07-18,757.13,33.71,30000.0,8546,280,2022-07-03,07/31,Yes,Disabled,Active
4242,4308817878776646,9914,7312,Gold,Visa,50000,42102.03,7897.97,28,2026-07-13,394.9,45.32,15000.0,9707,104,2021-07-03,07/29,Yes,Disabled,Active
4243,4611188550136715,5629,19463,Platinum,Visa,50000,26882.81,23117.19,23,2026-07-14,1155.86,41.61,15000.0,7467,508,2024-07-02,07/28,Yes,Disabled,Active
4244,4815401802060710,3890,15472,Gold,Visa,200000,45501.58,154498.42,20,2026-07-14,7724.92,41.36,60000.0,16851,354,2022-07-03,07/29,Yes,Enabled,Active
4245,4794081064146201,6645,16729,Gold,Visa,50000,40913.28,9086.72,7,2026-07-28,454.34,39.43,15000.0,24411,951,2024-07-02,07/29,Yes,Disabled,Active
4246,4215111573664833,1931,14552,Classic,Mastercard,100000,31434.22,68565.78,6,2026-07-30,3428.29,36.53,30000.0,15583,658,2021-07-03,07/31,Yes,Disabled,Active
4247,4803800042852358,3902,13910,Classic,Visa,100000,43031.77,56968.23,13,2026-07-27,2848.41,31.38,30000.0,14675,710,2021-07-03,07/28,Yes,Disabled,Active
4248,4302654797275371,6128,715,Classic,Visa,50000,10209.38,39790.62,20,2026-07-21,1989.53,46.3,15000.0,15292,691,2026-07-02,07/29,No,Enabled,Blocked
4249,4728483683901069,647,3632,Classic,RuPay,50000,35515.88,14484.12,26,2026-07-17,724.21,42.65,15000.0,23504,369,2021-07-03,07/28,Yes,Enabled,Active
4250,4016691305246097,3235,16156,Gold,Visa,200000,32459.57,167540.43,11,2026-07-24,8377.02,41.22,60000.0,11557,506,2025-07-02,07/28,Yes,Disabled,Closed
4251,4763958780425776,285,3719,Gold,Mastercard,100000,42707.46,57292.54,24,2026-07-22,2864.63,46.24,30000.0,14586,738,2023-07-03,07/28,Yes,Disabled,Active
4252,4674935669964845,4114,14815,Gold,Mastercard,50000,7984.43,42015.57,17,2026-07-13,2100.78,39.25,15000.0,1402,866,2023-07-03,07/31,Yes,Disabled,Active
4253,4984690222862741,4680,6962,Platinum,Visa,50000,22832.84,27167.16,16,2026-07-27,1358.36,45.31,15000.0,13675,328,2025-07-02,07/29,Yes,Enabled,Active
4254,4419019263273416,4234,8083,Classic,Visa,50000,44951.37,5048.63,24,2026-07-08,252.43,34.8,15000.0,10799,151,2022-07-03,07/28,Yes,Enabled,Active
4255,4495001186958847,9457,1940,Signature,RuPay,500000,231513.79,268486.21,20,2026-07-26,13424.31,38.98,150000.0,7472,326,2026-07-02,07/31,Yes,Disabled,Closed
4256,4319237699734026,5551,10424,Gold,Visa,1000000,639819.03,360180.97,24,2026-07-17,18009.05,31.73,300000.0,12424,138,2025-07-02,07/28,Yes,Enabled,Active
4257,4851286769029258,5082,4889,Classic,Mastercard,50000,21840.19,28159.81,22,2026-07-30,1407.99,36.62,15000.0,17310,539,2024-07-02,07/30,Yes,Disabled,Active
4258,4806025926458958,1208,11915,Classic,Visa,100000,53806.53,46193.47,11,2026-07-27,2309.67,37.56,30000.0,18755,594,2024-07-02,07/31,No,Disabled,Active
4259,4288674651078546,986,3824,Platinum,Mastercard,100000,24879.72,75120.28,6,2026-07-29,3756.01,45.29,30000.0,14353,902,2025-07-02,07/29,Yes,Disabled,Active
4260,4804437862855939,6957,4628,Platinum,RuPay,50000,26337.87,23662.13,27,2026-07-22,1183.11,44.56,15000.0,23498,377,2022-07-03,07/29,Yes,Enabled,Active
4261,4151192709358135,1417,10185,Gold,Visa,100000,39654.88,60345.12,3,2026-07-28,3017.26,39.69,30000.0,3014,727,2024-07-02,07/31,Yes,Disabled,Active
4262,4090978599329718,7058,18592,Platinum,RuPay,500000,182060.79,317939.21,16,2026-07-27,15896.96,38.44,150000.0,12522,664,2026-07-02,07/28,Yes,Disabled,Active
4263,4033073610377177,6582,10084,Gold,American Express,50000,44036.6,5963.4,18,2026-07-29,298.17,39.48,15000.0,16815,870,2025-07-02,07/29,Yes,Disabled,Active
4264,4259326463347353,1579,15950,Classic,Visa,200000,148375.04,51624.96,5,2026-07-24,2581.25,39.41,60000.0,4568,318,2026-07-02,07/30,Yes,Disabled,Active
4265,4583713870119030,8385,7803,Classic,Visa,200000,191327.31,8672.69,10,2026-07-30,433.63,41.67,60000.0,14435,966,2024-07-02,07/30,Yes,Enabled,Active
4266,4505281453985682,6090,8794,Classic,Visa,50000,11199.71,38800.29,8,2026-07-17,1940.01,43.86,15000.0,5996,735,2024-07-02,07/31,Yes,Enabled,Active
4267,4310553655565248,3469,6898,Platinum,Visa,100000,19577.73,80422.27,19,2026-07-31,4021.11,45.73,30000.0,18099,494,2021-07-03,07/31,Yes,Disabled,Active
4268,4183830274803160,9700,8032,Classic,Mastercard,200000,121367.09,78632.91,3,2026-07-16,3931.65,35.19,60000.0,12848,636,2024-07-02,07/28,Yes,Disabled,Active
4269,4207420412714424,8874,4706,Platinum,Visa,50000,31503.87,18496.13,26,2026-07-11,924.81,47.0,15000.0,2668,893,2025-07-02,07/30,No,Enabled,Active
4270,4075174001086996,9730,19198,Classic,Mastercard,100000,36617.28,63382.72,19,2026-07-27,3169.14,30.02,30000.0,20580,342,2026-07-02,07/28,Yes,Enabled,Active
4271,4754559094670732,9940,7999,Gold,Visa,200000,191052.49,8947.51,6,2026-07-14,447.38,35.26,60000.0,10705,839,2022-07-03,07/28,Yes,Enabled,Active
4272,4141305472683948,9725,6142,Classic,Mastercard,200000,56465.11,143534.89,13,2026-07-26,7176.74,40.46,60000.0,18305,766,2022-07-03,07/31,Yes,Disabled,Active
4273,4846723953521233,1212,4200,Signature,Visa,100000,33944.41,66055.59,2,2026-07-24,3302.78,38.64,30000.0,11905,806,2022-07-03,07/29,Yes,Disabled,Active
4274,4600918696417685,4875,19816,Platinum,American Express,500000,170897.84,329102.16,12,2026-07-20,16455.11,38.63,150000.0,5271,306,2021-07-03,07/30,Yes,Disabled,Active
4275,4129257602361899,8540,12434,Gold,Mastercard,500000,435581.44,64418.56,9,2026-07-09,3220.93,33.59,150000.0,1688,108,2024-07-02,07/31,Yes,Disabled,Active
4276,4264334077398380,2620,9936,Platinum,Visa,100000,26477.76,73522.24,18,2026-07-08,3676.11,47.54,30000.0,9428,132,2021-07-03,07/28,Yes,Enabled,Active
4277,4886530293437743,549,4803,Platinum,Visa,200000,170866.7,29133.3,12,2026-07-18,1456.66,41.98,60000.0,14593,558,2023-07-03,07/31,Yes,Disabled,Active
4278,4976952684617704,6680,4325,Gold,Visa,200000,196533.34,3466.66,25,2026-08-01,173.33,41.53,60000.0,22232,810,2024-07-02,07/30,Yes,Disabled,Active
4279,4006300341569727,3180,2411,Platinum,RuPay,500000,382668.4,117331.6,2,2026-07-28,5866.58,37.22,150000.0,5837,164,2026-07-02,07/29,Yes,Disabled,Active
4280,4400184643750184,9217,8381,Classic,Mastercard,50000,36079.53,13920.47,13,2026-07-07,696.02,39.94,15000.0,3112,308,2026-07-02,07/29,Yes,Enabled,Active
4281,4831940974795347,3256,15358,Platinum,Visa,200000,165409.56,34590.44,22,2026-07-16,1729.52,46.24,60000.0,24228,330,2023-07-03,07/31,Yes,Disabled,Active
4282,4717194245914144,7393,2721,Classic,Visa,50000,39374.72,10625.28,11,2026-07-28,531.26,36.81,15000.0,24667,409,2022-07-03,07/30,Yes,Enabled,Active
4283,4782559014073916,2672,16023,Gold,RuPay,50000,10271.15,39728.85,3,2026-07-17,1986.44,37.94,15000.0,21698,805,2025-07-02,07/30,Yes,Disabled,Active
4284,4116368394962581,2263,9110,Gold,Visa,500000,479290.25,20709.75,9,2026-07-18,1035.49,46.97,150000.0,5840,888,2021-07-03,07/29,Yes,Disabled,Active
4285,4006278825786771,8557,11761,Classic,RuPay,50000,49821.58,178.42,25,2026-07-11,8.92,40.08,15000.0,8033,576,2024-07-02,07/31,Yes,Disabled,Expired
4286,4097633213775398,3754,7132,Classic,American Express,100000,42968.53,57031.47,13,2026-07-25,2851.57,47.04,30000.0,6266,921,2021-07-03,07/30,Yes,Disabled,Active
4287,4550450097047754,8178,11780,Classic,Visa,50000,30474.25,19525.75,9,2026-07-11,976.29,35.49,15000.0,3105,835,2026-07-02,07/29,Yes,Disabled,Active
4288,4218744392826692,5105,17032,Gold,Visa,100000,82634.24,17365.76,7,2026-07-29,868.29,46.65,30000.0,22328,939,2024-07-02,07/29,No,Disabled,Active
4289,4000583695609943,7418,8611,Platinum,Visa,200000,18253.59,181746.41,28,2026-07-08,9087.32,40.04,60000.0,5846,195,2024-07-02,07/28,Yes,Disabled,Active
4290,4964752935311049,5761,9084,Classic,Visa,1000000,649685.11,350314.89,23,2026-07-16,17515.74,43.62,300000.0,10784,925,2024-07-02,07/28,Yes,Disabled,Active
4291,4496587149777146,5884,7993,Classic,Visa,50000,32192.01,17807.99,8,2026-07-28,890.4,43.29,15000.0,2147,914,2026-07-02,07/29,Yes,Enabled,Expired
4292,4477721342451704,922,2360,Gold,Visa,50000,40385.09,9614.91,15,2026-07-20,480.75,47.02,15000.0,18009,115,2021-07-03,07/28,Yes,Disabled,Active
4293,4227404867840738,3396,18824,Classic,Visa,100000,70025.46,29974.54,18,2026-07-26,1498.73,39.47,30000.0,2345,449,2022-07-03,07/30,Yes,Enabled,Active
4294,4804738909469514,9023,10105,Classic,American Express,100000,57970.88,42029.12,9,2026-07-20,2101.46,46.97,30000.0,17783,252,2026-07-02,07/30,Yes,Disabled,Active
4295,4528643319111490,1215,14424,Gold,Visa,50000,41785.64,8214.36,24,2026-07-21,410.72,38.46,15000.0,1909,933,2025-07-02,07/31,Yes,Enabled,Active
4296,4687912750546610,4642,16704,Platinum,Visa,200000,53392.08,146607.92,15,2026-07-18,7330.4,34.57,60000.0,6675,368,2022-07-03,07/28,Yes,Disabled,Active
4297,4433131468815208,6671,933,Gold,Visa,200000,185065.25,14934.75,23,2026-07-22,746.74,36.87,60000.0,4938,773,2025-07-02,07/30,Yes,Disabled,Active
4298,4353889541588042,4774,3574,Platinum,Mastercard,100000,99019.64,980.36,4,2026-07-15,49.02,41.08,30000.0,24671,172,2022-07-03,07/30,Yes,Enabled,Active
4299,4507568663750349,8355,16127,Classic,RuPay,200000,136911.26,63088.74,26,2026-07-18,3154.44,33.88,60000.0,5704,600,2025-07-02,07/30,Yes,Disabled,Active
4300,4319477245621646,6162,9079,Classic,Mastercard,200000,65313.12,134686.88,11,2026-07-11,6734.34,32.08,60000.0,24784,378,2024-07-02,07/30,Yes,Disabled,Active
4301,4571620926352521,4610,18242,Signature,Mastercard,50000,22755.74,27244.26,13,2026-07-10,1362.21,43.39,15000.0,13585,655,2023-07-03,07/30,No,Disabled,Active
4302,4792115774956365,9071,5591,Classic,Mastercard,200000,13315.69,186684.31,3,2026-07-07,9334.22,31.53,60000.0,12245,726,2023-07-03,07/31,Yes,Enabled,Active
4303,4249519945845264,2344,1288,Platinum,Mastercard,50000,3002.1,46997.9,19,2026-07-17,2349.89,41.1,15000.0,4783,755,2023-07-03,07/30,Yes,Enabled,Active
4304,4038605380534416,8782,1249,Classic,RuPay,200000,117552.61,82447.39,6,2026-07-20,4122.37,36.74,60000.0,20017,717,2023-07-03,07/31,Yes,Enabled,Closed
4305,4489980626245858,5769,15417,Classic,Visa,200000,175944.52,24055.48,8,2026-07-20,1202.77,30.69,60000.0,10134,150,2023-07-03,07/29,Yes,Enabled,Active
4306,4913331117453627,3367,795,Gold,Mastercard,50000,6626.53,43373.47,10,2026-07-14,2168.67,44.82,15000.0,9565,967,2024-07-02,07/28,Yes,Disabled,Active
4307,4053461676242975,2164,11583,Platinum,Visa,200000,23790.87,176209.13,10,2026-07-11,8810.46,46.02,60000.0,17170,721,2023-07-03,07/29,Yes,Disabled,Active
4308,4852176271471865,9674,16043,Gold,Visa,50000,16870.46,33129.54,7,2026-07-23,1656.48,43.28,15000.0,3559,726,2022-07-03,07/29,Yes,Disabled,Active
4309,4183225854646688,5365,5227,Gold,RuPay,200000,35905.87,164094.13,28,2026-07-26,8204.71,38.52,60000.0,8095,941,2025-07-02,07/31,Yes,Enabled,Active
4310,4235929759019284,3978,3407,Classic,RuPay,200000,108379.22,91620.78,8,2026-07-11,4581.04,44.64,60000.0,11286,850,2024-07-02,07/28,Yes,Disabled,Active
4311,4047616138325243,4687,6757,Classic,Mastercard,500000,254613.03,245386.97,15,2026-07-07,12269.35,37.21,150000.0,1525,966,2024-07-02,07/30,Yes,Disabled,Active
4312,4000116272797627,4989,2639,Classic,Mastercard,100000,93141.35,6858.65,24,2026-07-20,342.93,41.08,30000.0,10686,564,2026-07-02,07/30,Yes,Disabled,Active
4313,4303712316343071,3876,137,Classic,Visa,200000,161301.3,38698.7,10,2026-07-28,1934.93,37.41,60000.0,5482,446,2021-07-03,07/30,Yes,Disabled,Active
4314,4321136733664275,7807,10848,Signature,Mastercard,100000,43399.55,56600.45,11,2026-07-17,2830.02,43.65,30000.0,11634,519,2024-07-02,07/29,Yes,Disabled,Active
4315,4585795447259065,1411,7258,Platinum,Mastercard,200000,97597.96,102402.04,8,2026-07-29,5120.1,47.52,60000.0,21621,390,2026-07-02,07/31,Yes,Disabled,Active
4316,4205974341534533,2257,17844,Classic,Mastercard,1000000,769575.36,230424.64,4,2026-07-25,11521.23,40.25,300000.0,9778,421,2021-07-03,07/31,Yes,Disabled,Active
4317,4046899095209843,3302,12057,Classic,Mastercard,50000,5387.9,44612.1,6,2026-07-24,2230.61,35.41,15000.0,7726,740,2021-07-03,07/28,Yes,Enabled,Active
4318,4484783098743613,1179,3453,Classic,Mastercard,500000,319543.16,180456.84,3,2026-07-30,9022.84,46.83,150000.0,9451,979,2022-07-03,07/28,Yes,Disabled,Active
4319,4590193853049049,5065,6597,Gold,Mastercard,50000,27166.05,22833.95,14,2026-07-16,1141.7,42.08,15000.0,19506,739,2024-07-02,07/29,No,Disabled,Active
4320,4348814320389640,8883,3149,Classic,Visa,200000,63339.52,136660.48,15,2026-08-01,6833.02,44.94,60000.0,21052,434,2023-07-03,07/30,Yes,Disabled,Active
4321,4527075366088249,5578,12907,Classic,Visa,50000,49387.46,612.54,17,2026-07-09,30.63,44.59,15000.0,1401,124,2023-07-03,07/30,Yes,Disabled,Active
4322,4099947054152796,3291,15233,Classic,Visa,50000,38571.98,11428.02,6,2026-07-09,571.4,38.69,15000.0,2456,503,2024-07-02,07/30,Yes,Enabled,Active
4323,4023847019972225,9386,1135,Gold,Visa,500000,478796.98,21203.02,20,2026-07-19,1060.15,44.58,150000.0,3933,636,2022-07-03,07/30,Yes,Disabled,Active
4324,4949351073813546,3243,13995,Platinum,Visa,100000,9349.25,90650.75,21,2026-07-29,4532.54,44.16,30000.0,13661,185,2024-07-02,07/29,No,Disabled,Active
4325,4683075202106495,2716,9764,Platinum,Visa,200000,15436.12,184563.88,12,2026-07-25,9228.19,40.05,60000.0,10653,393,2026-07-02,07/31,Yes,Disabled,Active
4326,4451719379225326,6445,1935,Classic,Mastercard,50000,24514.05,25485.95,6,2026-07-24,1274.3,36.45,15000.0,20119,833,2026-07-02,07/31,Yes,Disabled,Active
4327,4309064675007579,1947,3777,Platinum,Visa,50000,15074.39,34925.61,27,2026-07-13,1746.28,36.46,15000.0,24281,916,2023-07-03,07/31,Yes,Disabled,Active
4328,4393474090237098,404,6125,Classic,Visa,200000,72328.76,127671.24,10,2026-07-11,6383.56,35.65,60000.0,24558,773,2025-07-02,07/29,Yes,Disabled,Active
4329,4494724905598787,3893,7119,Signature,Visa,50000,9540.57,40459.43,22,2026-07-30,2022.97,43.02,15000.0,4165,550,2024-07-02,07/31,Yes,Enabled,Active
4330,4010544093315106,5778,1722,Gold,Visa,100000,71037.14,28962.86,7,2026-07-12,1448.14,41.84,30000.0,19657,391,2021-07-03,07/30,Yes,Enabled,Active
4331,4474063384817963,6197,1258,Platinum,Mastercard,50000,24497.58,25502.42,19,2026-07-22,1275.12,35.7,15000.0,7531,757,2026-07-02,07/30,No,Enabled,Active
4332,4006895798851432,166,2853,Classic,Visa,50000,31104.64,18895.36,8,2026-07-11,944.77,37.59,15000.0,7066,680,2026-07-02,07/30,Yes,Disabled,Active
4333,4097509424148584,2768,10515,Classic,Visa,50000,10446.47,39553.53,5,2026-08-01,1977.68,46.73,15000.0,2634,819,2026-07-02,07/30,Yes,Disabled,Active
4334,4047125153825855,2483,9333,Signature,Visa,500000,464969.79,35030.21,17,2026-07-13,1751.51,36.16,150000.0,20116,958,2022-07-03,07/28,Yes,Disabled,Active
4335,4999714275142559,7714,257,Platinum,Visa,100000,52882.77,47117.23,14,2026-07-26,2355.86,46.28,30000.0,2639,113,2025-07-02,07/29,Yes,Disabled,Blocked
4336,4505545070737814,7001,11707,Gold,Visa,100000,42770.64,57229.36,8,2026-07-19,2861.47,31.47,30000.0,19951,413,2026-07-02,07/31,Yes,Enabled,Active
4337,4090684831844159,4028,4671,Gold,RuPay,50000,8169.06,41830.94,9,2026-07-19,2091.55,30.92,15000.0,5530,915,2022-07-03,07/31,Yes,Disabled,Active
4338,4321685739473389,7341,13135,Classic,Mastercard,50000,43879.33,6120.67,8,2026-07-21,306.03,34.45,15000.0,9048,642,2026-07-02,07/28,Yes,Enabled,Active
4339,4517890361534223,805,4550,Signature,Visa,1000000,204848.55,795151.45,2,2026-07-15,39757.57,37.43,300000.0,19012,525,2022-07-03,07/31,Yes,Disabled,Active
4340,4224467203751413,1868,14759,Platinum,RuPay,200000,59409.34,140590.66,25,2026-07-18,7029.53,30.37,60000.0,21110,365,2025-07-02,07/31,Yes,Disabled,Active
4341,4122637310999167,1101,11826,Gold,RuPay,200000,197643.71,2356.29,22,2026-07-27,117.81,35.61,60000.0,5260,823,2021-07-03,07/28,Yes,Enabled,Active
4342,4205472594889778,7021,15321,Classic,Mastercard,100000,34353.85,65646.15,23,2026-07-11,3282.31,33.06,30000.0,23828,349,2021-07-03,07/29,Yes,Disabled,Active
4343,4082151194119473,8806,3161,Gold,Visa,100000,13633.12,86366.88,12,2026-07-16,4318.34,44.61,30000.0,8684,113,2021-07-03,07/31,Yes,Disabled,Active
4344,4491246353091399,2629,4828,Gold,Visa,500000,107798.58,392201.42,19,2026-08-01,19610.07,41.48,150000.0,12093,536,2024-07-02,07/28,Yes,Disabled,Active
4345,4901312914018853,2208,8117,Signature,Mastercard,200000,189115.2,10884.8,3,2026-07-12,544.24,33.74,60000.0,19912,381,2022-07-03,07/28,Yes,Enabled,Active
4346,4383967083633253,3415,4017,Platinum,Mastercard,100000,47555.2,52444.8,1,2026-07-20,2622.24,47.28,30000.0,21922,963,2021-07-03,07/31,Yes,Enabled,Active
4347,4409430799124031,7426,8630,Signature,American Express,50000,14929.65,35070.35,21,2026-07-18,1753.52,40.87,15000.0,11614,434,2022-07-03,07/31,Yes,Disabled,Active
4348,4248251319663342,5289,16130,Platinum,Visa,50000,44002.83,5997.17,27,2026-07-23,299.86,34.73,15000.0,19679,819,2022-07-03,07/29,Yes,Disabled,Active
4349,4536309261723931,6503,4465,Gold,Visa,50000,21158.07,28841.93,14,2026-07-20,1442.1,45.05,15000.0,7274,542,2025-07-02,07/30,Yes,Disabled,Active
4350,4226724280918746,1540,11542,Classic,Mastercard,50000,13300.21,36699.79,24,2026-07-27,1834.99,34.29,15000.0,11123,207,2023-07-03,07/28,Yes,Disabled,Active
4351,4118366311283594,3619,6779,Classic,American Express,50000,33962.93,16037.07,12,2026-07-27,801.85,30.76,15000.0,23130,733,2026-07-02,07/30,Yes,Disabled,Active
4352,4398891791649308,7209,1676,Gold,Visa,50000,34848.8,15151.2,12,2026-07-29,757.56,44.32,15000.0,3687,504,2026-07-02,07/30,No,Disabled,Active
4353,4023671581577084,9735,2113,Signature,Visa,50000,29743.49,20256.51,27,2026-07-20,1012.83,47.23,15000.0,5934,892,2022-07-03,07/31,Yes,Enabled,Active
4354,4264923535342982,3969,19333,Gold,RuPay,1000000,378801.72,621198.28,19,2026-07-11,31059.91,42.06,300000.0,12713,729,2023-07-03,07/28,Yes,Disabled,Active
4355,4197442218635137,4232,19842,Gold,Mastercard,50000,45410.64,4589.36,26,2026-07-30,229.47,39.44,15000.0,3437,960,2024-07-02,07/29,Yes,Disabled,Active
4356,4006108422874315,3064,7693,Signature,Mastercard,500000,59036.13,440963.87,8,2026-07-21,22048.19,39.93,150000.0,10473,970,2026-07-02,07/30,Yes,Disabled,Active
4357,4887141064435537,5984,8583,Platinum,RuPay,100000,6961.28,93038.72,4,2026-07-15,4651.94,39.61,30000.0,2195,157,2025-07-02,07/28,Yes,Disabled,Active
4358,4237358293350337,7758,8811,Platinum,Mastercard,100000,77009.11,22990.89,10,2026-07-22,1149.54,46.42,30000.0,19672,401,2024-07-02,07/29,Yes,Disabled,Active
4359,4377189298456800,9579,17619,Signature,Mastercard,50000,3568.86,46431.14,5,2026-07-13,2321.56,32.22,15000.0,12886,840,2026-07-02,07/28,Yes,Disabled,Active
4360,4864010090908088,538,904,Platinum,RuPay,500000,199647.51,300352.49,8,2026-07-12,15017.62,41.36,150000.0,15976,999,2022-07-03,07/28,Yes,Disabled,Active
4361,4099446113851827,2549,13141,Classic,Visa,1000000,893530.08,106469.92,14,2026-07-18,5323.5,33.92,300000.0,11717,674,2023-07-03,07/28,Yes,Disabled,Active
4362,4278819303177056,4152,12327,Classic,Visa,500000,124091.73,375908.27,15,2026-07-29,18795.41,44.14,150000.0,17169,707,2024-07-02,07/29,Yes,Disabled,Active
4363,4666212163826336,3305,15257,Gold,Visa,100000,40706.65,59293.35,15,2026-07-15,2964.67,42.23,30000.0,2586,452,2022-07-03,07/28,No,Disabled,Active
4364,4610154266970053,1112,340,Gold,Visa,50000,13296.88,36703.12,21,2026-07-10,1835.16,47.6,15000.0,22553,324,2023-07-03,07/28,Yes,Disabled,Active
4365,4324263697349482,8010,5239,Gold,Visa,200000,47341.52,152658.48,7,2026-07-10,7632.92,34.01,60000.0,20490,168,2021-07-03,07/30,No,Enabled,Active
4366,4752891225149345,9239,19158,Gold,Visa,200000,51573.21,148426.79,12,2026-07-24,7421.34,38.59,60000.0,20745,224,2024-07-02,07/30,Yes,Disabled,Active
4367,4646539817510878,238,10966,Classic,Mastercard,100000,58495.63,41504.37,7,2026-07-20,2075.22,46.21,30000.0,357,474,2022-07-03,07/28,Yes,Disabled,Active
4368,4520380724536919,6008,19023,Gold,Visa,200000,72891.11,127108.89,12,2026-07-09,6355.44,32.18,60000.0,16131,866,2026-07-02,07/28,Yes,Enabled,Closed
4369,4249141958236028,7786,16587,Classic,Visa,500000,198755.4,301244.6,25,2026-07-31,15062.23,36.6,150000.0,12137,388,2026-07-02,07/31,Yes,Disabled,Active
4370,4267230668979931,9075,14696,Platinum,Visa,500000,376759.85,123240.15,7,2026-08-01,6162.01,39.96,150000.0,1014,179,2022-07-03,07/31,Yes,Disabled,Active
4371,4002447636763565,8902,186,Classic,Mastercard,50000,8861.97,41138.03,15,2026-07-18,2056.9,34.16,15000.0,6960,244,2026-07-02,07/28,Yes,Enabled,Active
4372,4256115150348818,2044,842,Classic,Mastercard,50000,47499.33,2500.67,19,2026-07-22,125.03,41.33,15000.0,20271,435,2023-07-03,07/28,Yes,Enabled,Active
4373,4400703992403709,271,688,Platinum,Mastercard,100000,75733.29,24266.71,3,2026-07-17,1213.34,34.44,30000.0,9778,859,2022-07-03,07/29,Yes,Enabled,Active
4374,4810676943744791,6557,5838,Classic,Visa,100000,11033.59,88966.41,7,2026-07-11,4448.32,35.31,30000.0,21551,594,2023-07-03,07/30,Yes,Enabled,Active
4375,4185484480394969,6088,13092,Gold,RuPay,1000000,103855.26,896144.74,23,2026-07-07,44807.24,35.69,300000.0,19025,475,2023-07-03,07/31,Yes,Disabled,Active
4376,4964100923613085,6545,19342,Gold,Mastercard,100000,18842.3,81157.7,16,2026-07-31,4057.89,37.62,30000.0,13003,964,2021-07-03,07/29,Yes,Disabled,Active
4377,4394015938836636,1632,9180,Gold,Visa,50000,38314.36,11685.64,21,2026-07-29,584.28,33.01,15000.0,4109,626,2022-07-03,07/28,Yes,Disabled,Active
4378,4268842567082343,9494,6799,Platinum,RuPay,50000,30867.3,19132.7,28,2026-07-21,956.64,35.64,15000.0,5480,896,2023-07-03,07/31,Yes,Disabled,Active
4379,4539969266107759,8041,11301,Platinum,Mastercard,100000,49962.25,50037.75,18,2026-07-29,2501.89,33.33,30000.0,22712,432,2023-07-03,07/28,Yes,Disabled,Active
4380,4735953933441855,3803,2897,Classic,Visa,200000,86917.06,113082.94,2,2026-07-16,5654.15,46.34,60000.0,18311,798,2022-07-03,07/30,Yes,Enabled,Active
4381,4733643088677177,4138,1228,Platinum,Visa,500000,229728.71,270271.29,6,2026-07-13,13513.56,34.42,150000.0,16357,354,2023-07-03,07/31,Yes,Disabled,Active
4382,4759776090425660,9474,7811,Gold,Visa,100000,73381.53,26618.47,8,2026-07-24,1330.92,31.81,30000.0,23378,651,2026-07-02,07/30,Yes,Disabled,Active
4383,4523526822695410,5206,2636,Gold,Mastercard,100000,66849.88,33150.12,13,2026-07-17,1657.51,37.29,30000.0,6453,319,2023-07-03,07/31,Yes,Disabled,Active
4384,4929278794866128,1015,17185,Platinum,Visa,50000,27612.53,22387.47,4,2026-08-01,1119.37,44.74,15000.0,20751,922,2023-07-03,07/30,Yes,Enabled,Active
4385,4939701260833295,7862,17904,Platinum,Mastercard,200000,190492.82,9507.18,4,2026-07-26,475.36,37.99,60000.0,12575,840,2024-07-02,07/31,Yes,Disabled,Active
4386,4085395994422817,251,10122,Classic,Mastercard,200000,106413.48,93586.52,18,2026-07-11,4679.33,35.57,60000.0,20267,677,2025-07-02,07/31,Yes,Enabled,Active
4387,4889968308402604,1982,16885,Platinum,Visa,1000000,771959.21,228040.79,1,2026-08-01,11402.04,45.96,300000.0,749,940,2022-07-03,07/29,Yes,Disabled,Active
4388,4286466963608178,8237,4717,Classic,Mastercard,50000,23074.33,26925.67,4,2026-07-29,1346.28,39.37,15000.0,17318,642,2024-07-02,07/29,Yes,Disabled,Active
4389,4777038338639327,7924,18521,Platinum,RuPay,100000,83451.71,16548.29,6,2026-07-14,827.41,45.2,30000.0,2241,236,2026-07-02,07/28,Yes,Enabled,Active
4390,4841479333539817,5852,7805,Gold,Visa,200000,124545.17,75454.83,18,2026-07-27,3772.74,33.28,60000.0,9461,695,2021-07-03,07/28,Yes,Disabled,Active
4391,4344118972472042,3655,11523,Gold,RuPay,500000,127060.13,372939.87,25,2026-07-09,18646.99,34.73,150000.0,17484,242,2024-07-02,07/28,Yes,Disabled,Active
4392,4784979832803070,1455,10870,Gold,Visa,200000,23735.86,176264.14,15,2026-07-31,8813.21,33.91,60000.0,18846,607,2026-07-02,07/28,Yes,Disabled,Active
4393,4258812848537491,8025,9792,Gold,Visa,100000,35359.5,64640.5,22,2026-07-29,3232.03,36.63,30000.0,18004,967,2025-07-02,07/30,Yes,Enabled,Active
4394,4194082776887275,7879,18722,Classic,RuPay,50000,22467.35,27532.65,9,2026-07-17,1376.63,42.63,15000.0,3966,436,2023-07-03,07/30,Yes,Disabled,Active
4395,4390888792755148,4517,9376,Classic,Mastercard,100000,73095.55,26904.45,12,2026-07-19,1345.22,32.53,30000.0,22882,445,2022-07-03,07/29,Yes,Disabled,Expired
4396,4960302890940455,2866,1243,Platinum,Visa,200000,57931.49,142068.51,5,2026-07-17,7103.43,46.59,60000.0,4103,248,2023-07-03,07/31,Yes,Disabled,Active
4397,4336437033138054,2821,18613,Gold,Mastercard,100000,31425.26,68574.74,13,2026-07-29,3428.74,40.77,30000.0,11718,554,2021-07-03,07/29,Yes,Disabled,Active
4398,4651550128593999,1340,14714,Classic,Visa,50000,6420.78,43579.22,25,2026-07-20,2178.96,43.8,15000.0,5352,943,2021-07-03,07/29,Yes,Enabled,Active
4399,4600402009968252,2119,1940,Platinum,Visa,50000,3975.21,46024.79,21,2026-07-13,2301.24,39.05,15000.0,5024,361,2024-07-02,07/29,Yes,Enabled,Active
4400,4960937376665648,6147,7494,Classic,Visa,100000,58985.6,41014.4,26,2026-07-20,2050.72,39.53,30000.0,5036,944,2026-07-02,07/31,Yes,Enabled,Active
4401,4350475715129486,2336,13316,Classic,Visa,500000,363289.61,136710.39,11,2026-07-10,6835.52,45.37,150000.0,4293,478,2026-07-02,07/31,Yes,Disabled,Active
4402,4689187490568333,9093,1250,Classic,RuPay,100000,36942.69,63057.31,19,2026-07-20,3152.87,45.94,30000.0,7857,839,2022-07-03,07/28,Yes,Enabled,Active
4403,4201814632212745,3167,4252,Gold,Mastercard,500000,304182.58,195817.42,19,2026-07-21,9790.87,38.95,150000.0,8911,222,2022-07-03,07/29,Yes,Enabled,Active
4404,4345850899681699,6135,9186,Gold,Visa,50000,2980.07,47019.93,3,2026-07-22,2351.0,33.27,15000.0,8099,468,2025-07-02,07/31,Yes,Enabled,Active
4405,4761965479628562,1335,16245,Classic,Visa,500000,350339.76,149660.24,18,2026-07-11,7483.01,43.73,150000.0,11678,274,2024-07-02,07/28,Yes,Enabled,Active
4406,4511131421534077,8370,10712,Platinum,Mastercard,100000,21667.62,78332.38,26,2026-07-24,3916.62,34.87,30000.0,387,893,2022-07-03,07/30,Yes,Disabled,Active
4407,4957703045555263,1756,4353,Classic,Mastercard,200000,50496.14,149503.86,15,2026-08-01,7475.19,45.75,60000.0,21157,672,2023-07-03,07/28,Yes,Enabled,Active
4408,4485416577232161,1814,8775,Classic,Mastercard,200000,145549.82,54450.18,26,2026-07-14,2722.51,42.38,60000.0,2284,648,2026-07-02,07/30,Yes,Disabled,Active
4409,4674599020206184,5304,13926,Classic,Visa,50000,21418.41,28581.59,22,2026-07-20,1429.08,39.88,15000.0,1282,955,2023-07-03,07/30,Yes,Enabled,Active
4410,4466023810113241,1845,1612,Classic,Visa,200000,112487.7,87512.3,12,2026-07-14,4375.62,42.81,60000.0,20638,361,2023-07-03,07/29,Yes,Disabled,Active
4411,4035336247009836,5552,11,Platinum,Visa,200000,27763.2,172236.8,8,2026-07-11,8611.84,36.37,60000.0,9363,843,2021-07-03,07/29,No,Enabled,Active
4412,4109532517369657,1694,14227,Classic,Visa,50000,12983.05,37016.95,4,2026-07-11,1850.85,31.34,15000.0,20981,934,2021-07-03,07/28,Yes,Disabled,Active
4413,4750656844468618,2205,3933,Gold,Visa,50000,15263.06,34736.94,27,2026-07-09,1736.85,39.86,15000.0,8072,262,2023-07-03,07/31,Yes,Disabled,Active
4414,4416843468827512,5338,10278,Gold,Visa,100000,70930.25,29069.75,6,2026-07-25,1453.49,39.48,30000.0,12307,458,2022-07-03,07/31,No,Disabled,Active
4415,4437963953854286,3355,7841,Gold,RuPay,100000,71837.25,28162.75,27,2026-07-29,1408.14,39.94,30000.0,7987,464,2026-07-02,07/28,Yes,Enabled,Active
4416,4212906331031973,7640,13602,Gold,Visa,100000,18568.65,81431.35,9,2026-07-09,4071.57,30.98,30000.0,2652,406,2023-07-03,07/29,Yes,Enabled,Active
4417,4917281248582438,5865,2884,Classic,Mastercard,200000,99892.91,100107.09,23,2026-07-29,5005.35,31.91,60000.0,3311,135,2026-07-02,07/28,No,Disabled,Active
4418,4594548653856887,73,2768,Gold,RuPay,1000000,516252.48,483747.52,11,2026-07-31,24187.38,35.26,300000.0,12482,334,2021-07-03,07/29,Yes,Enabled,Active
4419,4854805957762977,3884,12125,Gold,Mastercard,1000000,507243.29,492756.71,22,2026-07-16,24637.84,36.91,300000.0,7957,351,2025-07-02,07/31,Yes,Disabled,Active
4420,4382225046928040,1084,19697,Platinum,Visa,50000,45927.31,4072.69,8,2026-07-17,203.63,40.32,15000.0,3998,600,2026-07-02,07/30,Yes,Disabled,Active
4421,4111974620409003,6569,18818,Classic,American Express,100000,43279.32,56720.68,2,2026-07-27,2836.03,38.52,30000.0,17271,876,2024-07-02,07/31,Yes,Enabled,Active
4422,4407570624565069,7962,19770,Gold,RuPay,200000,11601.34,188398.66,15,2026-07-14,9419.93,30.35,60000.0,15436,494,2024-07-02,07/31,Yes,Disabled,Active
4423,4422479281920245,4925,11412,Classic,Visa,500000,384117.94,115882.06,6,2026-07-23,5794.1,39.27,150000.0,7020,297,2024-07-02,07/30,Yes,Disabled,Active
4424,4684035996948623,8631,1602,Classic,RuPay,1000000,82054.77,917945.23,28,2026-07-16,45897.26,47.34,300000.0,7768,478,2026-07-02,07/30,Yes,Disabled,Active
4425,4087112604945187,1834,6811,Classic,Visa,50000,38559.13,11440.87,12,2026-07-17,572.04,32.61,15000.0,18189,409,2026-07-02,07/30,No,Disabled,Active
4426,4094278371500515,7257,5799,Classic,Visa,100000,54886.31,45113.69,23,2026-07-19,2255.68,30.3,30000.0,10441,894,2023-07-03,07/29,Yes,Disabled,Active
4427,4182749826308100,4984,3332,Gold,Visa,100000,67620.33,32379.67,11,2026-07-14,1618.98,43.07,30000.0,17335,792,2021-07-03,07/30,Yes,Disabled,Active
4428,4026992913287779,6981,16892,Gold,Visa,200000,195683.49,4316.51,8,2026-07-19,215.83,30.41,60000.0,18009,246,2025-07-02,07/31,Yes,Disabled,Active
4429,4794509719954173,5266,9770,Platinum,Mastercard,50000,47115.84,2884.16,5,2026-07-12,144.21,33.68,15000.0,8828,731,2022-07-03,07/29,Yes,Disabled,Active
4430,4376493669213620,9545,4980,Gold,Visa,100000,31064.2,68935.8,1,2026-07-27,3446.79,45.34,30000.0,3332,742,2024-07-02,07/31,Yes,Disabled,Active
4431,4564038059585824,3472,7721,Classic,Visa,50000,24951.75,25048.25,23,2026-07-30,1252.41,43.0,15000.0,17377,279,2023-07-03,07/29,Yes,Disabled,Active
4432,4910425185711213,8578,8061,Classic,Visa,50000,42344.1,7655.9,24,2026-07-21,382.8,47.08,15000.0,3355,275,2023-07-03,07/28,Yes,Disabled,Active
4433,4431821276226458,2857,15325,Classic,Mastercard,100000,9015.79,90984.21,18,2026-07-27,4549.21,45.25,30000.0,13278,272,2025-07-02,07/31,No,Disabled,Active
4434,4251355064866987,7248,7806,Gold,Mastercard,100000,95500.38,4499.62,9,2026-07-30,224.98,31.38,30000.0,19362,644,2026-07-02,07/31,Yes,Enabled,Active
4435,4168398720853360,2065,1869,Classic,Visa,50000,37125.54,12874.46,4,2026-07-08,643.72,32.6,15000.0,4192,737,2021-07-03,07/31,Yes,Disabled,Active
4436,4728420734163008,1788,16242,Classic,Visa,100000,5693.54,94306.46,22,2026-07-18,4715.32,34.23,30000.0,13074,411,2024-07-02,07/28,Yes,Disabled,Active
4437,4673160049716133,3824,8445,Signature,RuPay,200000,159950.58,40049.42,28,2026-07-12,2002.47,39.73,60000.0,2231,454,2025-07-02,07/31,Yes,Enabled,Active
4438,4319424266470754,2476,1283,Platinum,Mastercard,100000,76506.81,23493.19,10,2026-07-25,1174.66,36.07,30000.0,4947,625,2021-07-03,07/31,Yes,Enabled,Active
4439,4555647279737214,6129,10793,Classic,Visa,100000,95447.83,4552.17,24,2026-07-10,227.61,42.27,30000.0,12275,379,2021-07-03,07/29,Yes,Disabled,Active
4440,4268076356067256,4266,9659,Platinum,Visa,500000,396933.18,103066.82,10,2026-07-10,5153.34,41.47,150000.0,2554,873,2026-07-02,07/30,Yes,Disabled,Blocked
4441,4710791214404458,5109,6278,Classic,Visa,1000000,661231.07,338768.93,12,2026-07-29,16938.45,40.48,300000.0,21669,837,2023-07-03,07/31,Yes,Enabled,Active
4442,4499744351901377,3254,7391,Classic,Mastercard,50000,18120.01,31879.99,15,2026-07-25,1594.0,43.13,15000.0,9512,504,2026-07-02,07/29,Yes,Disabled,Active
4443,4609492394953278,4789,17594,Signature,Mastercard,100000,8931.89,91068.11,13,2026-07-29,4553.41,44.18,30000.0,2458,275,2022-07-03,07/29,Yes,Disabled,Blocked
4444,4715752810896077,8888,19912,Gold,Mastercard,200000,21008.46,178991.54,23,2026-07-18,8949.58,30.06,60000.0,17725,425,2026-07-02,07/30,Yes,Enabled,Active
4445,4585046020277647,61,7286,Classic,Mastercard,500000,234122.5,265877.5,2,2026-07-28,13293.88,31.59,150000.0,12680,632,2025-07-02,07/29,Yes,Disabled,Active
4446,4552896729136936,4191,4209,Signature,Mastercard,100000,21799.3,78200.7,22,2026-07-14,3910.03,41.64,30000.0,2823,326,2024-07-02,07/30,Yes,Disabled,Active
4447,4885592143403684,6182,4246,Classic,Visa,100000,29934.09,70065.91,26,2026-07-18,3503.3,35.32,30000.0,21163,483,2023-07-03,07/30,Yes,Disabled,Active
4448,4765078561602196,3066,16248,Classic,Mastercard,50000,33314.5,16685.5,5,2026-07-13,834.28,30.97,15000.0,3233,584,2025-07-02,07/31,Yes,Enabled,Active
4449,4679508449191772,4600,11311,Gold,Visa,200000,24130.7,175869.3,3,2026-07-29,8793.47,46.66,60000.0,7705,852,2023-07-03,07/29,Yes,Disabled,Active
4450,4384491293104998,6366,12499,Classic,Mastercard,1000000,651328.69,348671.31,7,2026-07-28,17433.57,43.1,300000.0,6484,783,2022-07-03,07/31,Yes,Disabled,Active
4451,4818484468618441,8129,13897,Gold,Visa,50000,12720.73,37279.27,27,2026-07-18,1863.96,40.26,15000.0,13187,336,2024-07-02,07/29,Yes,Enabled,Active
4452,4181367571956278,4990,15137,Classic,Mastercard,100000,62016.66,37983.34,22,2026-07-29,1899.17,36.07,30000.0,1988,112,2026-07-02,07/29,Yes,Disabled,Closed
4453,4399481109063850,2316,667,Classic,Mastercard,100000,83309.37,16690.63,25,2026-07-29,834.53,43.47,30000.0,4205,692,2022-07-03,07/30,Yes,Disabled,Active
4454,4490724753544524,7939,2150,Gold,Visa,200000,15464.15,184535.85,19,2026-07-26,9226.79,31.22,60000.0,1220,669,2021-07-03,07/28,Yes,Disabled,Active
4455,4909632008205547,5889,2187,Classic,Visa,500000,252067.13,247932.87,21,2026-07-18,12396.64,37.12,150000.0,10448,626,2023-07-03,07/30,Yes,Enabled,Active
4456,4345338644191873,9840,951,Platinum,Visa,50000,10092.96,39907.04,26,2026-07-22,1995.35,45.82,15000.0,20202,438,2026-07-02,07/28,Yes,Enabled,Active
4457,4222154121989858,7616,10340,Gold,Mastercard,100000,87684.93,12315.07,4,2026-07-15,615.75,37.13,30000.0,18252,104,2025-07-02,07/28,Yes,Enabled,Active
4458,4127685119005453,8626,19788,Platinum,Visa,200000,189784.87,10215.13,17,2026-07-24,510.76,31.36,60000.0,20513,418,2022-07-03,07/29,Yes,Disabled,Active
4459,4926863621606988,2265,19433,Classic,Mastercard,200000,74782.7,125217.3,18,2026-07-20,6260.87,36.06,60000.0,5099,957,2024-07-02,07/28,Yes,Enabled,Active
4460,4955745526453222,6385,8420,Signature,Visa,500000,492174.1,7825.9,12,2026-07-29,391.3,33.08,150000.0,24302,109,2023-07-03,07/29,Yes,Enabled,Active
4461,4503824481190217,2664,6803,Platinum,Visa,50000,6305.3,43694.7,18,2026-07-10,2184.74,43.46,15000.0,2561,173,2021-07-03,07/29,Yes,Disabled,Active
4462,4829527092888383,9408,8143,Classic,Visa,1000000,560219.29,439780.71,10,2026-07-11,21989.04,32.56,300000.0,7159,157,2021-07-03,07/28,No,Disabled,Blocked
4463,4591887450275730,9618,14715,Gold,American Express,100000,66234.24,33765.76,25,2026-07-16,1688.29,30.48,30000.0,20429,642,2026-07-02,07/28,Yes,Disabled,Active
4464,4925067773348826,8893,16035,Classic,Visa,100000,73493.34,26506.66,2,2026-07-10,1325.33,36.71,30000.0,4523,165,2026-07-02,07/31,Yes,Disabled,Active
4465,4692064777054430,5337,17902,Platinum,Mastercard,200000,195051.65,4948.35,7,2026-07-26,247.42,44.17,60000.0,3042,983,2023-07-03,07/30,Yes,Disabled,Active
4466,4453251461178800,2448,4935,Platinum,Visa,200000,169363.07,30636.93,19,2026-07-29,1531.85,41.84,60000.0,10430,483,2023-07-03,07/30,Yes,Enabled,Expired
4467,4063488102219668,1544,711,Classic,Mastercard,1000000,829923.44,170076.56,18,2026-07-28,8503.83,43.72,300000.0,11243,294,2026-07-02,07/30,Yes,Disabled,Active
4468,4573947231259701,1229,6291,Gold,Mastercard,100000,97072.75,2927.25,20,2026-07-21,146.36,35.53,30000.0,14216,981,2023-07-03,07/29,Yes,Disabled,Blocked
4469,4969809692326311,7908,901,Platinum,Mastercard,50000,14582.04,35417.96,11,2026-07-22,1770.9,34.41,15000.0,17488,127,2023-07-03,07/28,Yes,Disabled,Active
4470,4220853597799425,1969,4038,Platinum,Visa,50000,28390.83,21609.17,14,2026-07-31,1080.46,33.07,15000.0,1028,293,2023-07-03,07/30,Yes,Disabled,Active
4471,4496509029186413,466,10023,Classic,Mastercard,200000,156701.78,43298.22,28,2026-07-13,2164.91,42.55,60000.0,20166,877,2023-07-03,07/28,Yes,Disabled,Active
4472,4599731512486344,6450,3726,Platinum,RuPay,200000,51355.59,148644.41,5,2026-07-11,7432.22,39.11,60000.0,16584,936,2025-07-02,07/30,Yes,Enabled,Active
4473,4356921081157845,3311,19159,Classic,RuPay,200000,69597.47,130402.53,9,2026-07-12,6520.13,35.15,60000.0,21532,735,2023-07-03,07/29,Yes,Disabled,Active
4474,4317458727943458,7118,19724,Classic,RuPay,200000,78879.55,121120.45,13,2026-07-28,6056.02,45.94,60000.0,12633,774,2023-07-03,07/28,Yes,Disabled,Closed
4475,4677072301824555,2619,5721,Gold,Visa,50000,16540.77,33459.23,11,2026-07-12,1672.96,41.9,15000.0,17023,340,2022-07-03,07/30,Yes,Disabled,Active
4476,4512774262145210,6467,9363,Gold,Visa,500000,357879.85,142120.15,15,2026-07-09,7106.01,42.53,150000.0,13825,630,2024-07-02,07/29,No,Disabled,Expired
4477,4087334636129686,209,14419,Classic,Visa,200000,120084.44,79915.56,3,2026-07-28,3995.78,43.38,60000.0,2435,319,2022-07-03,07/29,Yes,Disabled,Active
4478,4982658525554957,9586,13318,Platinum,Mastercard,200000,59897.45,140102.55,20,2026-07-11,7005.13,43.3,60000.0,22682,919,2023-07-03,07/31,Yes,Enabled,Active
4479,4608547778259292,8981,7288,Classic,Mastercard,200000,33798.76,166201.24,28,2026-07-09,8310.06,38.05,60000.0,12962,369,2023-07-03,07/29,Yes,Disabled,Active
4480,4082305084986772,6434,10401,Classic,Visa,50000,41393.68,8606.32,12,2026-07-16,430.32,45.62,15000.0,8415,781,2023-07-03,07/30,Yes,Disabled,Active
4481,4983787134138647,2126,14527,Classic,Mastercard,500000,268157.14,231842.86,18,2026-07-25,11592.14,42.55,150000.0,1275,518,2026-07-02,07/30,No,Disabled,Active
4482,4968030651357524,3429,17045,Classic,Visa,50000,4510.73,45489.27,5,2026-07-10,2274.46,34.92,15000.0,2156,643,2024-07-02,07/28,No,Disabled,Active
4483,4488152856073237,3315,14507,Platinum,Mastercard,100000,91781.32,8218.68,25,2026-07-23,410.93,40.46,30000.0,12342,730,2024-07-02,07/28,Yes,Enabled,Active
4484,4212595416904557,9257,13403,Classic,Visa,200000,190947.11,9052.89,7,2026-07-14,452.64,33.77,60000.0,9050,670,2024-07-02,07/28,Yes,Disabled,Active
4485,4775061317058234,6282,8267,Classic,Mastercard,200000,142029.12,57970.88,12,2026-08-01,2898.54,31.99,60000.0,9273,549,2023-07-03,07/28,No,Disabled,Active
4486,4056078786981531,4777,8820,Classic,American Express,50000,27171.5,22828.5,2,2026-07-15,1141.42,47.21,15000.0,22349,392,2022-07-03,07/31,No,Disabled,Active
4487,4646694619635139,5690,2605,Classic,Mastercard,50000,49894.77,105.23,19,2026-07-18,5.26,38.7,15000.0,902,222,2022-07-03,07/29,Yes,Disabled,Active
4488,4000941783869701,8164,5163,Classic,Mastercard,100000,95046.06,4953.94,26,2026-07-12,247.7,36.63,30000.0,16303,349,2024-07-02,07/29,Yes,Disabled,Active
4489,4299520839328267,2812,18523,Gold,Visa,500000,115262.29,384737.71,16,2026-07-27,19236.89,45.74,150000.0,6483,835,2023-07-03,07/30,Yes,Disabled,Active
4490,4544914487234582,8435,2064,Platinum,Mastercard,50000,27614.95,22385.05,22,2026-07-17,1119.25,36.67,15000.0,19453,325,2021-07-03,07/30,Yes,Disabled,Active
4491,4805478784708279,4380,17556,Gold,Visa,50000,8803.73,41196.27,12,2026-07-17,2059.81,44.96,15000.0,21747,813,2025-07-02,07/29,Yes,Disabled,Active
4492,4330024134382706,5230,1959,Gold,Visa,200000,89144.79,110855.21,22,2026-07-28,5542.76,33.79,60000.0,12930,951,2023-07-03,07/31,Yes,Disabled,Active
4493,4127788717028547,3898,13744,Platinum,Visa,100000,72633.78,27366.22,20,2026-07-07,1368.31,37.05,30000.0,23625,501,2023-07-03,07/28,Yes,Enabled,Active
4494,4850346041247113,5504,15477,Classic,Visa,50000,21929.1,28070.9,5,2026-07-07,1403.55,46.93,15000.0,5401,697,2026-07-02,07/28,Yes,Disabled,Active
4495,4454251767998698,2937,12260,Gold,Visa,100000,8358.79,91641.21,14,2026-07-23,4582.06,36.66,30000.0,1078,114,2024-07-02,07/31,Yes,Disabled,Active
4496,4164036590633529,8052,15180,Signature,Visa,100000,26823.42,73176.58,10,2026-07-09,3658.83,38.89,30000.0,22704,149,2022-07-03,07/29,No,Disabled,Active
4497,4581917318670666,6868,13113,Classic,Visa,500000,460385.89,39614.11,3,2026-07-28,1980.71,34.63,150000.0,20704,143,2025-07-02,07/29,Yes,Enabled,Active
4498,4789093200917525,1393,1590,Platinum,Mastercard,100000,92464.16,7535.84,11,2026-07-08,376.79,30.54,30000.0,18379,993,2021-07-03,07/29,Yes,Disabled,Active
4499,4048322419993185,8436,18143,Classic,RuPay,100000,72002.05,27997.95,7,2026-07-08,1399.9,40.62,30000.0,16818,264,2026-07-02,07/31,Yes,Disabled,Active
4500,4811575816740082,9582,5925,Classic,American Express,500000,109226.44,390773.56,19,2026-07-26,19538.68,36.43,150000.0,18198,234,2025-07-02,07/29,Yes,Enabled,Active
