loan_id,loan_number,customer_id,account_id,loan_type_id,branch_id,loan_amount,interest_rate,tenure_months,emi_amount,outstanding_balance,disbursement_date,maturity_date,loan_status,collateral_value,credit_score,purpose,risk_category
1,BKAILN22575562,3583,7624,11,65,2936214,9.95,71,54882.11,523365.32,2019-05-22,2025-03-21,Active,4097032.33,330,Medical,High
2,BKAILN66722344,5575,9106,12,20,3884120,14.4,23,194255.04,3040980.98,2025-06-06,2027-04-27,Active,0.0,463,Working Capital,High
3,BKAILN20576383,9045,9607,2,81,4532211,11.2,24,211657.64,962385.76,2019-06-28,2021-06-17,Active,0.0,687,Working Capital,Medium
4,BKAILN31831063,6066,11642,10,27,7427563,7.58,20,396500.83,3283826.64,2024-05-15,2026-01-05,Active,10527732.81,673,Business Expansion,Medium
5,BKAILN17507864,3753,1052,10,41,1013406,8.9,80,16840.66,728989.31,2018-04-29,2024-11-23,Active,1270538.13,632,Business Expansion,High
6,BKAILN28740864,4041,18395,4,69,9187856,12.15,169,113756.09,4713063.87,2018-04-17,2032-03-04,Active,0.0,571,Agriculture,High
7,BKAILN90048665,1041,12609,10,49,5762604,8.2,40,165138.45,3830411.16,2023-10-15,2027-01-27,Active,9533972.2,732,Personal Expenses,Medium
8,BKAILN10435578,4316,16404,9,98,2480465,10.63,47,64752.48,497077.64,2021-09-08,2025-07-19,Active,3483405.49,764,Business Expansion,Low
9,BKAILN90388981,5311,16011,11,3,2834294,10.69,64,58295.15,2715678.15,2019-06-15,2024-09-16,Active,4947837.97,300,Working Capital,High
10,BKAILN83793389,2706,8686,5,68,14644774,8.72,13,1184653.11,11558402.32,2019-07-13,2020-08-06,Active,17425436.19,786,Agriculture,Low
11,BKAILN18593410,5540,690,4,76,8132479,12.22,75,155586.53,1698905.57,2020-06-09,2026-08-07,Active,0.0,530,Medical,High
12,BKAILN27758595,9356,18882,1,61,80866,8.41,281,659.39,28354.01,2022-11-01,2045-11-30,Active,116430.07,852,Personal Expenses,Low
13,BKAILN18135295,6597,11119,7,14,1403980,10.55,36,45665.89,208847.74,2017-04-29,2020-04-13,Active,0.0,400,Medical,High
14,BKAILN11980765,1529,7746,9,22,1084152,11.52,39,33458.35,203948.35,2019-05-01,2022-07-14,Active,1687484.13,853,Personal Expenses,Low
15,BKAILN84593961,7974,5073,4,25,8275096,11.96,39,257126.81,4216223.73,2016-09-12,2019-11-26,Active,0.0,733,Home Purchase,Medium
16,BKAILN34941004,1123,19499,10,9,1157677,9.21,19,65714.0,279798.32,2019-07-19,2021-02-08,Active,2052034.85,382,Medical,High
17,BKAILN44999379,3347,10296,7,31,1714082,10.16,157,19776.1,1043368.97,2018-12-16,2031-11-08,Active,0.0,623,Education,High
18,BKAILN56843172,1128,8005,11,48,47781864,12.08,53,1167756.62,27898442.98,2024-09-05,2029-01-12,Active,69480529.96,435,Personal Expenses,High
19,BKAILN25492573,1754,18129,9,20,1871488,12.67,51,47646.97,361623.61,2018-01-23,2022-04-02,Active,3209019.65,570,Medical,High
20,BKAILN47135391,723,117,12,43,9098103,12.56,27,388568.59,1665577.17,2024-12-06,2027-02-24,Active,0.0,733,Vehicle Purchase,Medium
21,BKAILN88183110,9053,4853,3,56,419972,11.16,59,9280.97,383659.42,2017-10-02,2022-08-07,Active,622362.05,678,Vehicle Purchase,Medium
22,BKAILN93303777,2533,7758,6,21,1250381,17.29,113,22480.2,1119992.81,2019-03-23,2028-07-03,Default,0.0,716,Education,Medium
23,BKAILN73174945,3645,6540,7,59,460195,9.64,97,6848.5,90790.06,2017-08-21,2025-08-09,Active,0.0,339,Medical,High
24,BKAILN54446182,453,3780,4,34,1188416,8.59,73,20958.89,546327.37,2019-10-16,2025-10-14,Active,0.0,849,Vehicle Purchase,Low
25,BKAILN10226999,8519,17644,1,88,1157830,8.49,231,10191.28,313854.02,2019-01-14,2038-01-04,Active,1309587.44,746,Medical,Medium
26,BKAILN49682169,9084,4171,6,25,1806852,14.02,97,31232.35,844800.19,2018-01-09,2025-12-28,Active,0.0,712,Agriculture,Medium
27,BKAILN91424737,5280,15237,11,57,3262276,12.49,35,111692.77,1168620.16,2022-02-04,2024-12-20,Active,4570193.26,893,Medical,Low
28,BKAILN51663795,3681,6526,9,19,2355659,11.63,59,52611.56,946196.21,2018-07-23,2023-05-28,Active,3940773.52,540,Medical,High
29,BKAILN24305904,6966,7171,8,23,4641428,11.14,78,83891.1,2529297.23,2021-03-13,2027-08-09,Active,5898276.15,305,Personal Expenses,High
30,BKAILN92228802,8271,13984,1,71,3914540,9.5,354,33014.96,2489283.73,2019-03-27,2048-04-23,Active,6909271.63,753,Education,Low
31,BKAILN48349783,3842,8904,12,43,1018500,15.67,20,58194.0,353559.75,2022-10-27,2024-06-18,Active,0.0,379,Business Expansion,High
32,BKAILN66390708,6382,19140,3,90,820456,9.24,48,20510.71,482715.31,2021-10-16,2025-09-25,Active,1141288.73,511,Agriculture,High
33,BKAILN13895645,6372,11015,8,86,3757503,9.02,150,41855.84,2026821.65,2023-01-11,2035-05-08,Active,4851141.98,797,Agriculture,Low
34,BKAILN28213276,7565,5955,12,7,1804968,11.49,20,99595.39,224523.29,2018-01-25,2019-09-17,Active,0.0,738,Working Capital,Medium
35,BKAILN16990811,5734,7348,4,84,3167093,10.32,110,44640.92,371959.11,2020-03-24,2029-04-06,Active,0.0,852,Home Purchase,Low
36,BKAILN44392446,6044,5499,1,78,489997,10.39,171,5502.39,99445.14,2017-12-29,2032-01-15,Active,864075.37,776,Business Expansion,Low
37,BKAILN23676961,4942,19675,3,16,553852,11.89,30,21431.99,154246.01,2017-06-26,2019-12-13,Active,838791.41,548,Home Purchase,High
38,BKAILN95306788,7533,5014,6,56,4122154,14.73,96,73331.1,803758.13,2020-01-03,2027-11-22,Active,0.0,670,Vehicle Purchase,Medium
39,BKAILN42730796,7614,18673,10,79,1513968,9.42,80,25556.64,1283326.96,2022-10-01,2029-04-27,Active,1757208.2,761,Working Capital,Low
40,BKAILN79340535,3131,2806,1,31,1522467,9.36,203,14966.42,1113022.91,2018-10-26,2035-06-29,Active,1969140.55,310,Personal Expenses,High
41,BKAILN51098277,9529,12093,9,61,4985684,12.91,56,118989.58,1818837.47,2024-06-16,2029-01-21,Active,6895603.77,549,Working Capital,High
42,BKAILN52352128,1959,17560,7,98,1237801,14.98,152,18215.54,258193.28,2022-12-01,2035-05-27,Active,0.0,497,Medical,High
43,BKAILN50569669,232,17503,4,17,4200487,11.45,94,67881.32,1280034.76,2022-03-07,2029-11-25,Active,0.0,483,Home Purchase,High
44,BKAILN43887075,7828,3739,9,9,1529448,10.81,20,83911.04,759251.51,2020-02-19,2021-10-11,Active,1879775.05,352,Business Expansion,High
45,BKAILN80138498,6233,14763,10,57,15716394,8.89,18,935868.1,9465445.52,2024-03-04,2025-08-26,Active,21866561.83,531,Agriculture,High
46,BKAILN10359129,6694,14763,5,89,2871526,9.71,7,423602.39,907053.78,2023-09-28,2024-04-25,Active,4268220.66,460,Vehicle Purchase,High
47,BKAILN67061186,1881,17845,1,29,5597100,8.77,300,46092.28,4545533.48,2016-09-01,2041-04-23,Active,8467587.92,502,Vehicle Purchase,High
48,BKAILN77172238,8848,16181,3,57,1145109,8.98,34,38270.98,824261.13,2020-03-31,2023-01-15,Active,1820509.84,578,Home Purchase,High
49,BKAILN87342561,660,5741,7,61,554243,13.54,166,7403.26,554029.71,2025-04-09,2038-11-27,Active,0.0,575,Personal Expenses,High
50,BKAILN54265498,6745,16236,5,37,1831241,8.54,24,83273.81,712265.64,2021-10-06,2023-09-26,Active,2148448.42,464,Agriculture,High
51,BKAILN17275149,3074,16989,9,47,5972421,9.67,17,377343.44,4132284.33,2025-06-28,2026-11-20,Active,8838081.26,723,Personal Expenses,Medium
52,BKAILN31257157,5092,18050,11,2,1060058,11.27,27,44632.51,568446.16,2017-09-02,2019-11-21,Active,1187486.1,545,Business Expansion,High
53,BKAILN65766169,7906,15474,4,32,6291604,12.47,53,154985.78,3510619.48,2022-03-25,2026-08-01,Active,0.0,579,Education,High
54,BKAILN47962005,4892,19233,7,75,786279,10.55,165,9047.03,437929.02,2016-09-01,2030-03-22,Default,0.0,302,Personal Expenses,High
55,BKAILN86745380,6275,7654,3,100,1197178,10.2,54,27738.3,1056679.0,2021-11-22,2026-04-30,Active,2138809.07,544,Working Capital,High
56,BKAILN23470708,7214,3268,12,68,43240943,13.34,35,1498118.85,23871682.99,2024-02-01,2026-12-17,Closed,0.0,639,Home Purchase,High
57,BKAILN54099326,8743,12453,12,41,823719,11.36,33,29179.81,377045.01,2017-09-25,2020-06-11,Active,0.0,382,Personal Expenses,High
58,BKAILN69549527,2726,9813,9,4,4870580,9.66,16,325657.99,4775622.96,2020-08-20,2021-12-13,Active,7950046.99,402,Home Purchase,High
59,BKAILN93176117,3946,16308,5,75,4227874,9.08,19,239737.64,1069589.91,2023-06-26,2025-01-16,Active,4884369.17,691,Personal Expenses,Medium
60,BKAILN95756900,6952,8196,11,59,399616,10.52,40,11887.5,379919.76,2020-07-19,2023-11-01,Active,715854.59,606,Medical,High
61,BKAILN46840133,133,18545,7,88,1299779,14.19,39,41794.45,475339.16,2017-08-29,2020-11-11,Active,0.0,705,Home Purchase,Medium
62,BKAILN94322033,1592,1292,10,40,4546216,9.24,118,58783.34,1480084.81,2018-07-16,2028-03-25,Active,7405350.0,440,Home Purchase,High
63,BKAILN77349752,4466,5392,10,33,97255,8.09,28,3823.19,56939.59,2016-09-06,2018-12-25,Closed,173118.05,843,Personal Expenses,Low
64,BKAILN84801233,5993,2960,5,51,3964325,10.24,16,266123.57,3465321.68,2022-12-21,2024-04-14,Active,6370478.79,706,Business Expansion,Medium
65,BKAILN54024257,9996,7254,8,83,3598137,10.29,232,35791.14,440851.61,2020-03-19,2039-04-09,Active,6185069.38,874,Personal Expenses,Low
66,BKAILN28208520,6368,14865,12,48,30425562,12.31,19,1770643.25,5703965.26,2024-03-14,2025-10-05,Active,0.0,850,Agriculture,Low
67,BKAILN69686067,3869,11885,10,13,9104941,9.23,31,331236.89,1178585.98,2022-05-14,2024-11-29,Default,12376992.49,754,Working Capital,Low
68,BKAILN16788532,5465,7982,9,17,22737837,13.56,53,572580.64,4149793.53,2020-05-27,2024-10-03,Active,28387599.92,321,Medical,High
69,BKAILN47215199,2371,4260,2,70,2905766,16.72,82,59674.48,2645635.82,2016-08-28,2023-05-24,Active,0.0,302,Education,High
70,BKAILN66500369,8620,3725,2,96,531165,15.46,15,39169.64,179975.04,2023-07-20,2024-10-12,Active,0.0,429,Personal Expenses,High
71,BKAILN74287863,6581,13969,6,88,1556627,14.59,25,72581.61,1506228.97,2018-04-15,2020-05-04,Active,0.0,362,Personal Expenses,High
72,BKAILN61124122,9788,17386,2,38,2275492,17.24,53,61627.34,1350551.81,2018-12-09,2023-04-17,Active,0.0,632,Agriculture,High
73,BKAILN63516659,6816,3116,2,41,1873033,16.45,26,86126.32,884881.13,2022-12-10,2025-01-28,Active,0.0,764,Vehicle Purchase,Low
74,BKAILN84674816,983,19218,6,72,640789,17.68,99,12341.92,490150.01,2017-02-25,2025-04-14,Active,0.0,433,Business Expansion,High
75,BKAILN40097636,1774,11473,7,72,428043,11.44,120,6003.41,124759.52,2019-10-24,2029-09-01,Active,0.0,793,Vehicle Purchase,Low
76,BKAILN46677730,5063,11136,10,45,4607699,7.68,66,85813.09,3900484.99,2018-02-15,2023-07-19,Active,5931091.93,484,Education,High
77,BKAILN53537934,9300,19538,10,11,124383,8.97,20,6718.78,63221.54,2020-10-17,2022-06-09,Closed,150526.63,619,Education,High
78,BKAILN25276327,5656,14088,3,15,671089,11.2,27,28233.49,317267.64,2020-07-18,2022-10-06,Active,839464.07,824,Personal Expenses,Low
79,BKAILN54039837,1966,254,9,64,165615,12.5,14,12774.58,130937.63,2023-02-18,2024-04-13,Active,270766.05,596,Education,High
80,BKAILN52018286,9434,14067,3,74,1549127,9.99,69,29604.14,213891.12,2017-03-07,2022-11-06,Active,1724362.81,379,Agriculture,High
81,BKAILN20555833,6485,10168,5,96,220272,8.35,6,37611.26,70263.43,2024-04-25,2024-10-22,Active,333097.5,836,Working Capital,Low
82,BKAILN44355473,3233,5686,3,78,1612759,9.0,64,31821.78,1344288.34,2018-04-07,2023-07-10,Active,2040766.2,449,Business Expansion,High
83,BKAILN94183695,5180,4947,3,57,4364478,11.84,64,92302.53,2962139.13,2019-03-04,2024-06-05,Active,7814913.69,630,Personal Expenses,High
84,BKAILN20298660,1480,19467,11,65,617802,10.71,41,18059.45,82690.65,2020-06-07,2023-10-20,Active,839046.98,593,Home Purchase,High
85,BKAILN21318464,8267,5655,8,6,391750,12.18,206,4543.7,198018.19,2024-10-22,2041-09-23,Active,653312.37,651,Personal Expenses,Medium
86,BKAILN18846539,5402,3097,8,72,1263150,10.83,216,13311.6,898109.69,2021-09-16,2039-06-14,Active,1435766.85,642,Vehicle Purchase,High
87,BKAILN27307598,9750,2777,5,40,3398222,10.17,27,141339.01,1288634.88,2021-07-31,2023-10-19,Active,5298637.9,701,Working Capital,Medium
88,BKAILN55866538,7968,6292,3,29,1937419,10.93,77,35117.48,825995.15,2025-04-19,2031-08-16,Default,2375632.27,519,Education,High
89,BKAILN30703455,2659,5926,2,89,5316649,12.72,24,252064.51,1158732.48,2018-07-28,2020-07-17,Active,0.0,685,Education,Medium
90,BKAILN42100652,5071,15369,12,25,2996274,13.13,19,175516.4,1510227.47,2016-09-17,2018-04-10,Active,0.0,846,Personal Expenses,Low
91,BKAILN59823245,9086,3362,8,92,3755991,11.69,157,46805.72,3326687.72,2023-12-14,2036-11-05,Active,4268780.91,792,Business Expansion,Low
92,BKAILN65686520,873,12992,5,65,193021,8.25,11,18279.46,161178.89,2023-01-05,2023-12-01,Active,331849.59,327,Agriculture,High
93,BKAILN28628439,7686,14700,2,79,217082,13.31,15,15789.33,200943.38,2022-04-14,2023-07-08,Active,0.0,783,Business Expansion,Low
94,BKAILN66348030,7490,2059,1,15,128391,8.83,333,1034.82,40298.88,2022-04-09,2049-08-15,Active,152181.06,544,Personal Expenses,High
95,BKAILN99170406,1403,17154,10,47,1705962,8.61,92,25395.77,712297.88,2018-08-10,2026-03-01,Active,2558029.63,491,Home Purchase,High
96,BKAILN88101741,5448,4372,7,6,1311349,14.3,23,65522.05,538075.66,2024-09-29,2026-08-20,Active,0.0,406,Working Capital,High
97,BKAILN49385195,3303,1436,11,26,4916674,10.2,73,90671.68,3660171.51,2024-10-17,2030-10-16,Closed,8655920.64,337,Working Capital,High
98,BKAILN26706752,6030,14319,5,52,1492792,9.55,32,53026.06,213504.53,2016-09-29,2019-05-17,Active,2327280.58,579,Agriculture,High
99,BKAILN90859912,2957,17875,6,38,3540765,17.82,75,78598.39,1706824.69,2017-05-07,2023-07-05,Active,0.0,740,Business Expansion,Medium
100,BKAILN92523968,7127,8997,6,82,1763790,15.63,51,47549.97,1330132.17,2025-01-10,2029-03-20,Default,0.0,661,Home Purchase,Medium
101,BKAILN14670638,2069,2204,2,31,240479,15.53,63,5605.71,170807.42,2018-09-09,2023-11-12,Active,0.0,748,Working Capital,Medium
102,BKAILN81062902,6013,13043,6,41,1768976,13.68,84,32838.71,299305.23,2016-12-11,2023-11-05,Active,0.0,440,Medical,High
103,BKAILN92124765,4679,16096,2,26,1585791,10.69,35,52938.04,1163390.24,2022-08-01,2025-06-16,Active,0.0,519,Business Expansion,High
104,BKAILN58518659,8336,7348,8,16,1930110,9.6,173,20641.73,1741342.37,2022-03-31,2036-06-15,Default,3273376.69,478,Education,High
105,BKAILN18824561,5068,13047,4,92,4400306,11.66,30,169798.64,953960.41,2019-04-26,2021-10-12,Active,0.0,388,Agriculture,High
106,BKAILN95871687,9631,5963,7,99,1164856,14.03,30,46259.6,477664.7,2019-09-13,2022-03-01,Default,0.0,864,Agriculture,Low
107,BKAILN48124318,1293,8212,9,26,485888,13.6,15,35406.65,457348.91,2021-11-19,2023-02-12,Active,611164.11,831,Vehicle Purchase,Low
108,BKAILN85647532,675,930,3,11,6414621,10.78,63,133779.76,1629830.5,2023-10-10,2028-12-12,Active,9860141.22,645,Vehicle Purchase,High
109,BKAILN42866956,6654,9747,11,59,5254057,10.34,60,112514.19,1895161.96,2019-05-21,2024-04-24,Active,9297868.87,794,Home Purchase,Low
110,BKAILN27551135,6071,16875,3,72,6205181,10.18,54,143711.97,4720776.23,2021-12-03,2026-05-11,Active,10564594.65,708,Medical,Medium
111,BKAILN53947691,9465,10248,8,25,5424508,9.43,175,57152.99,2583808.53,2018-08-08,2032-12-22,Active,9622426.77,463,Personal Expenses,High
112,BKAILN47763008,8109,19580,9,84,548605,11.6,31,20565.53,161086.88,2022-10-20,2025-05-07,Active,738985.51,351,Vehicle Purchase,High
113,BKAILN84252324,4729,2410,9,50,780882,9.54,18,46732.27,114041.51,2021-01-04,2022-06-28,Active,1166069.07,671,Vehicle Purchase,Medium
114,BKAILN63873262,8194,1320,10,6,702756,9.04,27,28862.3,547776.27,2021-05-27,2023-08-15,Active,870953.98,821,Working Capital,Low
115,BKAILN78090664,8352,17444,8,63,367855,10.82,98,5669.0,281551.59,2018-08-03,2026-08-21,Active,481692.89,644,Vehicle Purchase,High
116,BKAILN45638891,9478,18928,8,30,1913075,11.86,154,24237.5,1692859.41,2017-05-15,2030-01-07,Active,2947058.25,785,Personal Expenses,Low
117,BKAILN66207740,2482,13532,3,89,1297317,10.45,70,24830.35,258044.1,2017-08-24,2023-05-25,Active,1444246.14,621,Personal Expenses,High
118,BKAILN33244151,7532,17470,12,44,31813705,14.86,28,1351495.19,18227008.07,2020-02-20,2022-06-09,Active,0.0,621,Vehicle Purchase,High
119,BKAILN74398125,5715,18367,10,93,3251997,8.45,43,87918.46,931859.79,2017-08-06,2021-02-16,Active,5182030.49,624,Business Expansion,High
120,BKAILN74300930,3506,6622,10,69,1223800,9.03,60,25421.9,209424.6,2017-06-29,2022-06-03,Active,2137742.09,562,Vehicle Purchase,High
121,BKAILN23494908,2253,170,3,71,357668,9.1,71,6533.47,52663.75,2022-11-22,2028-09-21,Default,496912.07,783,Education,Low
122,BKAILN97550053,9407,7610,7,69,1864279,13.09,133,26626.02,1709810.92,2024-11-02,2035-10-06,Active,0.0,391,Home Purchase,High
123,BKAILN90904160,1759,10979,3,37,9155582,10.11,77,162095.66,8139942.77,2022-04-04,2028-07-31,Active,10130532.62,881,Personal Expenses,Low
124,BKAILN49597485,9303,6330,3,23,2472475,11.52,53,59739.26,819720.39,2018-03-26,2022-08-02,Active,3041983.28,645,Agriculture,High
125,BKAILN41611127,7320,8749,7,43,1903532,12.33,34,66618.13,202054.42,2022-09-20,2025-07-06,Active,0.0,692,Home Purchase,Medium
126,BKAILN25759274,4834,12044,5,79,630285,9.96,28,25319.96,452208.22,2020-12-15,2023-04-04,Active,1100587.41,618,Education,High
127,BKAILN89968863,1342,17220,8,58,4944153,9.54,215,48064.82,3449461.36,2016-07-05,2034-03-03,Active,6194470.64,553,Working Capital,High
128,BKAILN69302835,1905,6731,2,92,1648504,17.38,26,76542.1,651663.31,2023-08-29,2025-10-17,Active,0.0,832,Business Expansion,Low
129,BKAILN63143336,4170,99,9,96,776708,11.5,15,55838.69,400890.44,2019-03-28,2020-06-20,Active,1293095.13,322,Business Expansion,High
130,BKAILN60259293,6267,14698,1,49,83428,9.2,299,712.2,21856.73,2020-12-01,2045-06-23,Active,99679.79,730,Education,Medium
131,BKAILN72143331,8921,13898,11,69,3648608,12.94,31,139090.7,3106203.93,2023-01-02,2025-07-20,Active,5944770.38,605,Medical,High
132,BKAILN23542127,9732,1101,4,58,2473305,10.34,63,51038.84,783047.53,2025-04-29,2030-07-02,Active,0.0,368,Home Purchase,High
133,BKAILN52802529,9462,19593,4,99,280142,11.46,126,3832.45,87052.83,2022-04-05,2032-08-10,Active,0.0,889,Working Capital,Low
134,BKAILN94019376,7000,18215,4,64,1593143,9.71,60,33622.7,1519329.86,2019-04-05,2024-03-09,Active,0.0,479,Working Capital,High
135,BKAILN40245233,4928,4731,11,60,324969,12.19,74,6268.17,86276.37,2021-04-13,2027-05-12,Closed,479832.91,546,Agriculture,High
136,BKAILN81891784,3121,1689,7,35,3069530,12.57,46,84433.95,2647224.21,2020-06-16,2024-03-27,Active,0.0,394,Home Purchase,High
137,BKAILN25745913,7847,7950,2,90,30346604,11.91,83,538375.53,8819542.32,2025-05-01,2032-02-24,Active,0.0,494,Medical,High
138,BKAILN76743428,7636,3232,7,93,3596612,14.53,153,51756.99,1206323.32,2022-01-16,2034-08-11,Active,0.0,825,Working Capital,Low
139,BKAILN49620038,2498,6429,4,43,1679700,9.98,129,21280.48,1043477.74,2018-12-14,2029-07-19,Active,0.0,727,Medical,Medium
140,BKAILN75540707,3016,17765,8,83,226980,10.93,235,2345.99,94641.25,2016-08-02,2035-11-21,Closed,271915.45,859,Home Purchase,Low
141,BKAILN71204580,6115,1981,2,80,450733,17.59,18,28671.35,48781.62,2023-10-23,2025-04-15,Active,0.0,817,Personal Expenses,Low
142,BKAILN67790557,2938,3507,11,13,1656881,11.45,24,77570.26,964576.96,2022-06-03,2024-05-23,Active,2155075.25,814,Medical,Low
143,BKAILN40314047,4915,2642,4,84,1243317,10.98,88,20633.19,637943.43,2020-12-12,2028-03-05,Default,0.0,549,Home Purchase,High
144,BKAILN85947990,1563,17307,2,6,339774,13.54,60,7825.15,231187.84,2020-08-20,2025-07-25,Active,0.0,639,Personal Expenses,High
145,BKAILN63458386,1261,9807,5,21,408837,8.14,8,52676.9,46645.15,2021-12-22,2022-08-19,Active,509006.43,447,Agriculture,High
146,BKAILN55713584,9916,19517,11,51,4891178,13.09,45,138124.05,725492.73,2021-08-16,2025-04-27,Default,6876809.31,377,Working Capital,High
147,BKAILN21501669,4840,8076,1,92,7984761,9.68,320,69743.01,2133241.18,2020-08-29,2046-12-11,Active,12057888.07,689,Vehicle Purchase,Medium
148,BKAILN23721268,2171,2861,3,24,382346,9.98,74,6939.62,362717.96,2025-06-11,2031-07-10,Active,539610.69,576,Agriculture,High
149,BKAILN85099723,3978,18742,2,67,340570,10.7,57,7647.39,152922.61,2020-11-11,2025-07-18,Active,0.0,386,Agriculture,High
150,BKAILN43782566,4041,16247,3,77,1534156,9.2,43,42016.88,567295.65,2020-10-12,2024-04-24,Active,2528084.49,669,Personal Expenses,Medium
151,BKAILN50323741,5254,19767,2,89,1196710,11.52,12,106057.7,997969.88,2020-09-03,2021-08-29,Active,0.0,439,Working Capital,High
152,BKAILN58991556,1866,18477,3,26,4654586,11.88,44,131008.33,2040802.17,2021-11-06,2025-06-18,Active,7780355.36,702,Education,Medium
153,BKAILN77015343,2281,9924,11,31,4971107,12.57,25,227049.27,806526.34,2017-09-25,2019-10-15,Active,8418328.86,718,Education,Medium
154,BKAILN82966824,603,11782,12,90,1441762,13.04,18,88619.71,1342491.18,2019-10-27,2021-04-19,Closed,0.0,728,Business Expansion,Medium
155,BKAILN67774765,1736,346,2,13,47797074,16.27,57,1209295.15,32600914.2,2017-11-27,2022-08-03,Active,0.0,639,Medical,High
156,BKAILN25578562,2322,11415,8,40,1925132,10.31,178,21153.82,1028971.46,2025-03-24,2039-11-06,Active,2515767.42,387,Medical,High
157,BKAILN96969050,1792,5386,9,95,101182,11.67,42,2946.03,83896.81,2024-12-31,2028-06-13,Active,119451.39,651,Education,Medium
158,BKAILN70340936,9703,14076,9,50,273540,10.22,47,7086.75,133739.45,2018-02-17,2021-12-28,Active,306483.68,502,Medical,High
159,BKAILN80828710,5135,19562,4,50,713390,9.61,40,20914.24,144503.9,2020-05-15,2023-08-28,Active,0.0,801,Business Expansion,Low
160,BKAILN50987410,1917,5999,6,48,373675,13.46,70,7733.78,142694.21,2024-01-01,2029-10-01,Active,0.0,544,Agriculture,High
161,BKAILN84479105,2734,16045,7,37,2779108,12.78,159,36340.76,2605762.37,2018-04-08,2031-04-30,Active,0.0,477,Working Capital,High
162,BKAILN65784972,7273,16014,8,22,35766058,11.17,151,442028.0,24598563.64,2019-11-01,2032-03-27,Active,49585849.78,803,Home Purchase,Low
163,BKAILN78559218,1855,18767,4,15,1627447,9.67,94,24756.99,1284588.83,2016-11-02,2024-07-23,Active,0.0,862,Working Capital,Low
164,BKAILN70362053,4306,11423,9,12,448461,13.2,14,34738.26,348100.34,2018-03-04,2019-04-28,Active,586764.69,333,Business Expansion,High
165,BKAILN17966873,9341,11496,4,69,4981119,9.34,174,52355.06,1424389.29,2016-09-13,2030-12-29,Active,0.0,511,Education,High
166,BKAILN47221734,2079,4349,6,32,201693,17.85,49,5826.14,162790.85,2017-02-02,2021-02-11,Active,0.0,360,Working Capital,High
167,BKAILN64069715,8448,9117,4,89,798156,11.55,124,11051.91,534976.02,2024-08-27,2034-11-03,Closed,0.0,395,Working Capital,High
168,BKAILN38434222,8106,8800,8,42,8845752,12.33,143,118317.56,5139222.85,2016-07-30,2028-04-28,Active,11079135.91,739,Working Capital,Medium
169,BKAILN69228397,7480,23,9,55,496914,12.1,48,13110.06,423883.52,2016-09-17,2020-08-27,Active,552268.7,461,Education,High
170,BKAILN93967184,5006,7673,11,55,193665,10.71,79,3426.9,176897.53,2018-01-19,2024-07-16,Active,235470.99,705,Business Expansion,Medium
171,BKAILN27740248,7827,2321,1,30,119572,8.73,139,1370.13,48930.86,2017-09-13,2029-02-12,Active,141622.95,732,Business Expansion,Medium
172,BKAILN69069144,5754,6982,2,81,1302625,12.85,50,33782.37,845777.89,2025-05-29,2029-07-07,Active,0.0,468,Agriculture,High
173,BKAILN43257324,4538,2761,10,32,2587258,9.06,39,76833.79,2501681.44,2021-07-24,2024-10-06,Active,3415575.29,443,Vehicle Purchase,High
174,BKAILN42123815,8109,12645,12,15,395194,10.66,33,13869.27,144636.2,2021-02-09,2023-10-27,Active,0.0,355,Business Expansion,High
175,BKAILN12240013,9624,2213,9,2,1163692,13.5,12,104210.98,831629.98,2019-05-18,2020-05-12,Active,1901365.85,374,Home Purchase,High
176,BKAILN47241089,1370,10156,1,11,1100809,10.38,221,11189.93,191744.45,2020-12-28,2039-02-22,Active,1624348.67,456,Medical,High
177,BKAILN21571285,7119,3801,3,59,4725625,10.49,49,118980.88,4527551.27,2017-04-26,2021-05-05,Active,5987585.07,550,Home Purchase,High
178,BKAILN44795538,2736,12186,5,17,2500981,10.0,27,103823.93,1367465.48,2023-08-31,2025-11-18,Active,3358051.16,829,Vehicle Purchase,Low
179,BKAILN76591799,7458,16738,12,47,65391,15.82,30,2653.23,63922.68,2017-07-07,2019-12-24,Active,0.0,378,Education,High
180,BKAILN42823140,754,15459,6,47,4827467,12.1,110,72833.82,674079.09,2025-06-22,2034-07-05,Active,0.0,312,Education,High
181,BKAILN86710258,6109,3913,3,65,1659442,11.78,78,30548.75,1533771.28,2020-11-01,2027-03-30,Active,2197025.86,379,Home Purchase,High
182,BKAILN59515518,3288,9555,3,73,2289099,9.48,57,50033.67,903211.69,2022-01-07,2026-09-13,Active,3404265.57,308,Medical,High
183,BKAILN54965270,24,12330,8,95,455071,10.29,186,4904.17,55299.88,2020-11-26,2036-03-07,Active,673087.16,309,Business Expansion,High
184,BKAILN65439545,6103,15023,4,96,270104,10.62,84,4571.05,245135.24,2022-11-27,2029-10-21,Active,0.0,832,Business Expansion,Low
185,BKAILN62741214,5346,10423,9,58,4381613,10.1,37,138310.45,1371859.2,2024-01-14,2027-01-28,Active,5620267.2,622,Business Expansion,High
186,BKAILN37868462,7405,10103,4,60,825920,9.04,173,8558.05,172339.0,2020-12-10,2035-02-25,Active,0.0,666,Business Expansion,Medium
187,BKAILN57746984,6493,16826,2,7,4922919,11.68,50,124821.34,1149459.34,2021-10-29,2025-12-07,Active,0.0,554,Vehicle Purchase,High
188,BKAILN18277097,3642,4284,3,26,498057,8.85,49,12148.42,410153.46,2024-05-11,2028-05-20,Active,596600.13,312,Working Capital,High
189,BKAILN22345163,5433,4015,11,6,94060,12.02,65,1975.91,26146.36,2024-10-11,2030-02-12,Closed,145999.07,431,Home Purchase,High
190,BKAILN47561442,7308,4871,3,5,4080905,11.75,51,102036.3,1708058.41,2023-07-26,2027-10-03,Active,7083687.75,581,Medical,High
191,BKAILN43440045,8908,640,11,49,1504601,10.68,50,37413.98,420554.07,2020-10-19,2024-11-27,Active,2586795.44,838,Working Capital,Low
192,BKAILN17863981,7729,17349,8,46,1686257,10.91,184,18906.77,652564.28,2025-03-18,2040-04-28,Active,2113409.73,587,Medical,High
193,BKAILN33635791,3876,19416,3,41,1058948,9.08,66,20442.49,476082.13,2016-07-23,2021-12-24,Active,1858076.99,477,Working Capital,High
194,BKAILN22114140,921,7623,10,78,6192041,7.08,101,81552.82,3640376.08,2019-12-25,2028-04-11,Active,7572183.39,338,Personal Expenses,High
195,BKAILN80638102,5979,2377,1,48,155625,9.0,277,1335.79,97724.45,2023-11-05,2046-08-06,Active,271107.61,413,Agriculture,High
196,BKAILN39962391,9650,5746,10,49,2660620,7.3,50,61875.2,1959452.52,2023-07-20,2027-08-28,Active,3973327.65,665,Vehicle Purchase,Medium
197,BKAILN95851936,9266,3412,3,64,418054,9.33,24,19162.05,388344.74,2021-12-07,2023-11-27,Active,742995.74,526,Business Expansion,High
198,BKAILN57040785,4206,3541,4,93,138021,9.89,105,1969.36,44799.79,2023-02-25,2031-10-11,Active,0.0,369,Agriculture,High
199,BKAILN31831387,7394,2416,8,5,1534068,11.56,102,23686.83,1242375.7,2020-02-16,2028-07-03,Active,2308218.3,530,Working Capital,High
200,BKAILN14159837,7067,5407,5,78,856737,10.85,8,111495.19,346254.99,2024-06-16,2025-02-11,Closed,1533296.44,794,Education,Low
201,BKAILN86741644,9006,16088,1,20,1358323,8.48,172,13670.45,499401.83,2022-05-06,2036-06-21,Active,1585354.66,702,Home Purchase,Medium
202,BKAILN73561576,1893,10105,7,51,364685,9.98,172,3993.98,132245.84,2018-05-06,2032-06-21,Active,0.0,383,Vehicle Purchase,High
203,BKAILN40365724,4401,18490,2,8,1278087,15.31,61,30279.27,633632.57,2022-07-20,2027-07-24,Active,0.0,569,Business Expansion,High
204,BKAILN73729850,9384,7722,2,61,2954258,15.51,81,59051.17,1408498.24,2019-08-23,2026-04-18,Active,0.0,848,Agriculture,Low
205,BKAILN38439415,3158,4135,12,6,6236881,10.71,24,289848.52,1594091.12,2020-06-19,2022-06-09,Active,0.0,471,Agriculture,High
206,BKAILN47071046,8515,15013,4,2,487312,12.49,61,10831.49,223003.47,2019-04-07,2024-04-10,Active,0.0,633,Agriculture,High
207,BKAILN56153339,6733,8656,2,50,1732988,13.61,30,68473.83,1398817.77,2024-05-15,2026-11-01,Active,0.0,848,Personal Expenses,Low
208,BKAILN46048781,6103,663,1,44,1796553,8.64,223,16208.02,1296145.4,2021-10-14,2040-02-07,Active,2038195.99,786,Vehicle Purchase,Low
209,BKAILN65938288,9912,2926,5,25,499962,8.84,21,25784.11,249380.82,2017-02-28,2018-11-20,Active,838974.4,575,Agriculture,High
210,BKAILN86325904,475,5694,12,25,617873,13.41,22,31834.67,286104.01,2019-10-27,2021-08-17,Active,0.0,836,Medical,Low
211,BKAILN14102122,3964,12205,1,63,1255762,8.81,236,11214.99,696462.86,2020-04-18,2039-09-06,Active,1939884.64,426,Education,High
212,BKAILN39709238,3689,6775,8,35,230485,11.05,149,2849.55,56841.44,2024-12-11,2037-03-08,Active,345861.33,519,Home Purchase,High
213,BKAILN66882385,6169,11427,11,59,1857637,9.54,82,30921.7,1377375.49,2022-01-28,2028-10-23,Active,2965824.73,581,Personal Expenses,High
214,BKAILN96884788,9729,19958,5,37,1332890,10.03,32,47644.01,1292685.92,2018-01-27,2020-09-13,Active,2249338.37,874,Business Expansion,Low
215,BKAILN98654879,5237,4586,8,93,385856,9.22,130,4703.7,304412.2,2019-09-14,2030-05-19,Active,667446.35,713,Personal Expenses,Medium
216,BKAILN95672999,7795,11748,5,65,2148139,8.78,19,121513.02,1619471.01,2021-08-27,2023-03-20,Active,2697319.83,847,Education,Low
217,BKAILN97836731,1464,7283,11,46,3974599,13.01,35,137072.17,3126524.49,2019-03-27,2022-02-09,Active,4881395.22,643,Vehicle Purchase,High
218,BKAILN87888306,1167,15474,7,25,7466680,13.83,96,128986.1,1107377.78,2020-03-23,2028-02-10,Active,0.0,897,Agriculture,Low
219,BKAILN52464268,2955,2649,9,63,816206,10.84,15,58428.52,737491.59,2019-02-12,2020-05-07,Active,1461542.93,446,Education,High
220,BKAILN27368573,7106,14071,6,52,2878214,15.44,12,260380.7,2321825.92,2020-01-05,2020-12-30,Active,0.0,390,Personal Expenses,High
221,BKAILN40368869,5642,10227,7,17,154550,9.53,148,1779.19,16028.6,2017-11-30,2030-01-26,Active,0.0,554,Vehicle Purchase,High
222,BKAILN58217837,3088,5403,3,52,1109911,8.96,26,47125.22,1105388.3,2017-10-19,2019-12-08,Active,1487184.16,801,Medical,Low
223,BKAILN60357475,4191,17523,12,80,434867,16.41,12,39540.28,298095.39,2017-07-12,2018-07-07,Active,0.0,338,Home Purchase,High
224,BKAILN37581060,153,9867,11,54,601157,9.93,77,10588.08,356218.07,2024-02-12,2030-06-10,Active,860903.38,456,Vehicle Purchase,High
225,BKAILN80215481,3305,11729,10,91,269585,8.82,29,10355.92,147723.19,2024-04-23,2026-09-10,Active,411467.93,569,Education,High
226,BKAILN99794603,8096,4888,1,12,158891,9.48,353,1338.46,28616.68,2017-12-20,2046-12-18,Active,187062.64,887,Business Expansion,Low
227,BKAILN15294153,4761,11804,12,87,1851273,14.84,34,67027.18,351423.49,2024-12-09,2027-09-25,Active,0.0,478,Business Expansion,High
228,BKAILN22475714,6106,11231,2,24,790235,16.88,17,52588.34,758293.89,2020-08-05,2021-12-28,Active,0.0,574,Agriculture,High
229,BKAILN23920137,6817,19358,8,62,411707,9.95,158,4684.43,62901.32,2017-05-10,2030-05-02,Active,724491.88,463,Personal Expenses,High
230,BKAILN45113084,5149,406,3,91,6096017,10.74,73,114096.57,5479310.61,2024-03-27,2030-03-26,Active,8586127.27,364,Medical,High
231,BKAILN29952062,9148,1789,11,2,4938447,12.99,57,116553.86,2635830.45,2022-09-18,2027-05-25,Active,7726681.59,694,Education,Medium
232,BKAILN64126921,3851,2584,9,59,657004,13.32,43,19297.57,95472.96,2022-05-20,2025-11-30,Active,825127.75,687,Personal Expenses,Medium
233,BKAILN22199793,9900,9982,2,66,748947,16.92,69,17047.97,450430.14,2025-02-06,2030-10-08,Active,0.0,300,Personal Expenses,High
234,BKAILN70737878,1869,3193,6,98,3906144,13.54,18,241008.44,2053929.86,2018-10-10,2020-04-02,Active,0.0,672,Home Purchase,Medium
235,BKAILN28850770,6705,3505,6,33,4297181,13.49,93,74730.92,3898357.08,2024-12-27,2032-08-17,Active,0.0,804,Medical,Low
236,BKAILN70465703,7494,19311,2,65,2799346,17.48,62,68874.11,2614488.04,2024-12-24,2030-01-27,Active,0.0,426,Personal Expenses,High
237,BKAILN23898777,6348,19679,1,78,4454175,9.44,132,54363.76,3218746.94,2023-07-08,2034-05-11,Closed,5441020.58,431,Agriculture,High
238,BKAILN50119441,8976,10287,7,92,3438055,14.89,75,70696.93,1620942.97,2023-12-15,2030-02-11,Active,0.0,824,Medical,Low
239,BKAILN57276557,9213,15741,4,75,1224134,9.34,98,17901.19,824074.39,2017-09-19,2025-10-07,Active,0.0,418,Agriculture,High
240,BKAILN45833216,2637,9392,11,88,329918,12.49,77,6249.63,76143.11,2021-03-25,2027-07-22,Active,517700.04,504,Home Purchase,High
241,BKAILN96854901,9196,12744,12,31,445100,15.21,12,40218.09,340743.29,2017-12-05,2018-11-30,Active,0.0,529,Vehicle Purchase,High
242,BKAILN40272606,6026,19281,12,70,250059,14.49,35,8802.72,81571.0,2017-02-28,2020-01-14,Active,0.0,753,Medical,Low
243,BKAILN15453834,7021,9146,12,72,22547786,16.29,15,1671564.22,12682276.59,2017-04-05,2018-06-29,Active,0.0,686,Education,Medium
244,BKAILN75840632,9383,18028,10,46,223310,9.54,12,19584.75,142291.41,2021-11-19,2022-11-14,Active,366577.36,608,Working Capital,High
245,BKAILN99031246,5438,10849,9,47,642977,10.49,23,30981.58,117504.69,2020-12-23,2022-11-13,Active,806832.4,518,Personal Expenses,High
246,BKAILN53075436,6249,3716,9,50,54615,13.21,53,1365.65,35627.06,2018-04-20,2022-08-27,Active,83822.68,340,Vehicle Purchase,High
247,BKAILN21052218,1573,5486,1,99,1286345,10.3,330,11740.65,1168584.55,2022-03-06,2049-04-13,Active,1588325.64,826,Home Purchase,Low
248,BKAILN96779969,1182,5039,11,4,380046,9.76,66,7464.24,338534.91,2017-08-15,2023-01-16,Active,615280.23,745,Working Capital,Medium
249,BKAILN68119636,5184,554,1,50,4340775,8.45,133,50378.71,2026575.46,2022-08-08,2033-07-11,Active,6145617.0,714,Home Purchase,Medium
250,BKAILN47784631,7171,12499,11,51,5608925,12.38,28,231666.91,2023997.07,2024-04-24,2026-08-12,Active,8862746.87,388,Home Purchase,High
251,BKAILN84292758,9095,4633,8,16,1319971,9.55,116,17470.48,1162135.57,2016-08-02,2026-02-11,Active,2050652.07,311,Agriculture,High
252,BKAILN36082023,1878,5943,9,86,6776179,11.96,17,435298.19,1546389.14,2019-10-03,2021-02-24,Active,8326534.24,558,Home Purchase,High
253,BKAILN27208745,3843,3279,9,37,88348,11.58,47,2347.04,54999.82,2017-05-13,2021-03-23,Active,156029.45,665,Medical,Medium
254,BKAILN32634412,80,10264,6,32,1882909,14.4,54,47579.49,1557033.54,2021-06-01,2025-11-07,Active,0.0,738,Agriculture,Medium
255,BKAILN47663633,2294,17650,5,26,1195338,10.52,10,125372.77,643419.66,2022-01-28,2022-11-24,Active,1405936.05,383,Business Expansion,High
256,BKAILN84033693,4270,17809,12,70,1563631,10.95,6,268991.24,986702.26,2016-11-16,2017-05-15,Active,0.0,337,Education,High
257,BKAILN98943201,3914,5435,6,97,1110270,13.75,110,17807.11,474617.11,2021-01-19,2030-02-01,Active,0.0,310,Personal Expenses,High
258,BKAILN41409454,702,6776,3,67,346648,9.33,84,5635.48,186800.96,2016-12-18,2023-11-12,Closed,396566.29,678,Working Capital,Medium
259,BKAILN45341684,9481,17838,7,73,4720110,12.08,128,65761.82,3163466.26,2019-08-28,2030-03-03,Active,0.0,580,Agriculture,High
260,BKAILN75345452,7899,19799,6,1,1583521,15.11,118,25842.22,1323052.52,2021-07-18,2031-03-28,Active,0.0,653,Education,Medium
261,BKAILN65648506,5411,3714,8,62,319767,9.58,79,5472.99,205232.3,2021-06-10,2027-12-06,Active,534608.39,535,Personal Expenses,High
262,BKAILN86808685,2407,1833,4,22,1011014,10.86,129,13314.38,673928.16,2023-12-29,2034-08-03,Active,0.0,340,Education,High
263,BKAILN39442512,6731,19689,9,19,345491,13.81,50,9126.06,343244.7,2018-09-13,2022-10-22,Active,589791.72,474,Education,High
264,BKAILN80157128,8264,13756,10,20,137934,8.98,45,3621.56,61644.87,2021-04-05,2024-12-15,Active,162210.26,507,Education,High
265,BKAILN97138408,7070,17107,8,54,1614490,12.16,213,18523.14,1472069.83,2024-01-16,2041-07-15,Active,2385409.28,301,Home Purchase,High
266,BKAILN23115341,6972,4388,12,33,3599022,13.68,13,299440.98,3071662.57,2016-12-17,2018-01-11,Active,0.0,889,Medical,Low
267,BKAILN97851693,3366,10352,2,53,1040657,12.62,81,19150.93,590870.12,2024-03-07,2030-11-01,Active,0.0,684,Education,Medium
268,BKAILN65462544,9046,18271,7,62,3776546,13.08,76,73338.77,1728558.09,2017-11-14,2024-02-11,Active,0.0,508,Personal Expenses,High
269,BKAILN38784084,8329,13126,5,44,3669878,10.97,24,170993.97,2953511.7,2020-06-29,2022-06-19,Active,6475395.6,402,Home Purchase,High
270,BKAILN61583363,6565,17073,3,37,52773,10.01,64,1067.53,15810.43,2022-07-21,2027-10-23,Active,61007.06,338,Home Purchase,High
271,BKAILN92569402,2777,1182,3,47,55615,10.83,52,1344.77,35569.32,2016-09-16,2020-12-24,Active,81257.38,537,Home Purchase,High
272,BKAILN83765077,4662,18322,3,75,1337674,9.03,41,38039.22,152267.26,2019-09-12,2023-01-24,Active,2130293.13,392,Vehicle Purchase,High
273,BKAILN77534222,4822,11141,4,15,288424,10.93,73,5426.37,56478.74,2019-10-29,2025-10-27,Active,0.0,374,Vehicle Purchase,High
274,BKAILN71836850,9615,897,9,62,1955826,13.16,48,52625.36,1528919.95,2022-10-10,2026-09-19,Active,3467419.58,769,Business Expansion,Low
275,BKAILN43320572,4707,3048,7,52,37677439,12.99,68,785667.45,21931536.76,2019-09-17,2025-04-18,Active,0.0,569,Working Capital,High
276,BKAILN76974557,3272,7696,2,95,1158239,14.66,34,41833.86,827905.27,2017-02-18,2019-12-05,Active,0.0,494,Vehicle Purchase,High
277,BKAILN92386462,109,17744,4,6,488480,9.42,87,7769.73,345956.64,2024-08-15,2031-10-08,Active,0.0,804,Working Capital,Low
278,BKAILN74199033,8860,1068,10,65,1529294,7.95,85,23588.42,946630.95,2017-02-02,2024-01-27,Active,1740189.33,733,Education,Medium
279,BKAILN35119175,8988,8614,8,31,3323938,12.42,238,37649.6,2070505.57,2021-03-31,2040-10-17,Active,4413542.63,565,Working Capital,High
280,BKAILN27601200,9436,7490,6,13,8123160,12.29,66,169932.4,4107525.34,2022-05-14,2027-10-15,Active,0.0,885,Medical,Low
281,BKAILN81669929,5173,15946,9,39,152793,11.44,36,5034.14,33771.0,2019-11-25,2022-11-09,Active,263612.13,829,Home Purchase,Low
282,BKAILN85208908,9134,8445,7,45,951868,10.04,53,22308.9,317726.12,2021-10-01,2026-02-07,Active,0.0,668,Business Expansion,Medium
283,BKAILN75430302,7323,2570,6,49,21713103,17.07,89,431668.36,9110777.51,2022-04-24,2029-08-15,Active,0.0,822,Personal Expenses,Low
284,BKAILN52530677,4774,8765,11,78,1843395,13.33,79,35172.66,315590.58,2024-09-13,2031-03-11,Active,2471140.75,621,Vehicle Purchase,High
285,BKAILN20746107,3451,5470,8,51,442112,11.73,152,5597.7,93964.68,2025-03-30,2037-09-23,Active,558935.25,557,Business Expansion,High
286,BKAILN51523026,3758,8107,8,95,1332596,10.92,66,26946.51,234377.17,2023-10-05,2029-03-07,Active,2334858.38,699,Education,Medium
287,BKAILN83624500,7289,4428,3,90,7993402,10.46,34,272671.99,7813417.69,2020-04-06,2023-01-21,Active,11817516.76,578,Personal Expenses,High
288,BKAILN51321368,5993,13508,11,34,9477706,12.5,80,175194.0,5551104.82,2020-02-07,2026-09-03,Active,15764225.14,752,Home Purchase,Low
289,BKAILN50213043,150,14105,1,38,785843,9.43,314,6753.64,730739.34,2017-10-15,2043-07-31,Active,1385339.25,788,Home Purchase,Low
290,BKAILN20631350,6918,7850,9,67,3655711,11.18,38,114678.01,1647815.18,2018-04-05,2021-05-19,Active,4989499.51,569,Vehicle Purchase,High
291,BKAILN46525224,8061,6154,5,42,474048,9.95,23,22723.61,94487.59,2022-04-03,2024-02-22,Active,672550.91,763,Home Purchase,Low
292,BKAILN51819114,8166,12170,9,60,197909,9.6,18,11849.42,22413.66,2023-10-24,2025-04-16,Active,247788.33,730,Home Purchase,Medium
293,BKAILN61214452,207,3997,6,99,617521,11.56,108,9224.02,168566.6,2023-06-20,2032-05-03,Active,0.0,556,Agriculture,High
294,BKAILN94444996,692,18009,8,67,1466441,9.87,68,28241.61,1415251.22,2017-11-10,2023-06-12,Active,2574118.2,462,Personal Expenses,High
295,BKAILN26059096,6485,7966,11,2,2913471,10.7,47,76154.56,330856.49,2021-11-11,2025-09-21,Default,4824921.47,898,Personal Expenses,Low
296,BKAILN18022882,5825,5044,12,90,454119,14.08,17,29621.45,183727.41,2018-07-26,2019-12-18,Active,0.0,361,Business Expansion,High
297,BKAILN75136149,7169,18319,3,38,342736,10.34,44,9392.27,144754.81,2021-04-07,2024-11-17,Active,409333.9,340,Personal Expenses,High
298,BKAILN45346140,8874,12030,4,59,232276,10.77,163,2718.22,55635.43,2019-07-19,2032-12-07,Active,0.0,602,Agriculture,High
299,BKAILN35483846,8587,16304,12,99,4601297,11.61,6,793059.76,4465314.14,2018-02-13,2018-08-12,Active,0.0,696,Vehicle Purchase,Medium
300,BKAILN37122588,1754,15905,6,25,4194463,13.87,53,106283.45,1093810.75,2024-01-18,2028-05-26,Active,0.0,332,Agriculture,High
301,BKAILN98013189,8052,2621,11,60,417690,11.46,63,8853.94,68412.01,2017-06-14,2022-08-17,Active,731436.89,513,Home Purchase,High
302,BKAILN20460308,3538,17023,6,13,1273994,14.91,65,28683.7,208106.05,2017-04-08,2022-08-10,Active,0.0,611,Medical,High
303,BKAILN58045029,7516,13995,9,14,1877570,11.23,24,87710.11,889341.33,2019-03-30,2021-03-19,Active,2204004.18,890,Education,Low
304,BKAILN65343779,7055,10599,9,78,8716256,11.31,33,308562.98,8649286.32,2019-05-02,2022-01-16,Active,11568719.43,680,Medical,Medium
305,BKAILN28130896,4946,216,7,39,3876951,13.71,77,75972.55,2466464.06,2022-04-24,2028-08-20,Default,0.0,830,Medical,Low
306,BKAILN71789789,5828,5116,6,18,1078725,11.15,117,15160.9,258077.74,2019-02-03,2028-09-13,Active,0.0,338,Medical,High
307,BKAILN33206579,8000,18882,4,13,3676876,9.52,100,53400.51,1442154.78,2017-05-22,2025-08-08,Active,0.0,794,Vehicle Purchase,Low
308,BKAILN97614538,9869,375,1,82,7805064,9.89,267,72419.49,3706387.16,2020-08-19,2042-07-25,Active,13327004.48,532,Agriculture,High
309,BKAILN69809598,9751,18850,1,65,1632315,8.94,130,19646.35,388291.39,2023-01-10,2033-09-14,Active,2565255.94,702,Agriculture,Medium
310,BKAILN68316409,2137,4420,5,62,2346220,10.36,10,245906.27,1077553.55,2019-05-10,2020-03-05,Active,2720571.82,813,Personal Expenses,Low
311,BKAILN22025190,1844,13553,7,55,344213,13.09,62,7668.35,167652.09,2016-10-16,2021-11-19,Active,0.0,889,Medical,Low
312,BKAILN36801295,6125,5112,6,97,2709909,13.41,95,46442.11,380443.57,2020-07-24,2028-05-13,Active,0.0,539,Business Expansion,High
313,BKAILN13053200,5438,6849,2,95,3206639,16.05,43,98545.89,1201227.0,2024-04-03,2027-10-15,Active,0.0,782,Medical,Low
314,BKAILN48119652,3289,8890,9,7,1512980,11.85,28,62113.84,868630.84,2018-01-23,2020-05-12,Active,1934828.24,361,Home Purchase,High
315,BKAILN78255127,1632,10337,2,63,1884331,13.41,46,52614.04,843937.03,2018-03-22,2021-12-31,Active,0.0,689,Business Expansion,Medium
316,BKAILN12465878,5682,11532,3,46,5333468,9.4,53,123350.23,2134521.47,2022-01-31,2026-06-09,Active,7335544.54,460,Medical,High
317,BKAILN21783647,6263,17063,9,87,5247178,10.74,15,375378.97,1241153.65,2022-12-22,2024-03-16,Active,9067242.8,440,Medical,High
318,BKAILN82659280,3315,4526,7,40,1155115,10.82,51,28354.87,793824.35,2023-03-09,2027-05-17,Active,0.0,894,Education,Low
319,BKAILN29531743,484,10443,7,53,1684565,14.98,49,46166.29,347944.48,2017-06-08,2021-06-17,Default,0.0,625,Vehicle Purchase,High
320,BKAILN91282861,9291,7567,8,77,437102,11.61,223,4788.31,343650.79,2025-03-17,2043-07-11,Active,668061.07,573,Home Purchase,High
321,BKAILN31983035,3167,7415,6,5,299876,11.56,111,4410.46,162623.07,2021-02-26,2030-04-10,Active,0.0,440,Home Purchase,High
322,BKAILN71410640,4044,14011,5,52,439213,10.85,13,35962.45,386690.2,2020-07-29,2021-08-23,Active,633766.8,632,Agriculture,High
323,BKAILN24672184,7400,14972,12,6,4490603,12.38,25,204702.67,3629430.53,2017-08-09,2019-08-29,Active,0.0,833,Medical,Low
324,BKAILN71920968,2728,13844,9,38,70579,11.92,59,1586.61,32341.83,2020-07-28,2025-06-02,Active,92683.49,592,Home Purchase,High
325,BKAILN28160554,6441,13552,12,42,293048,13.6,10,31162.34,183712.66,2016-10-08,2017-08-04,Active,0.0,859,Education,Low
326,BKAILN21449650,8583,12586,8,94,3048922,11.07,111,44006.1,555123.68,2024-02-12,2033-03-26,Active,4861075.31,671,Education,Medium
327,BKAILN66315301,5048,10143,7,94,452789,12.53,23,22247.06,118168.91,2023-11-18,2025-10-08,Active,0.0,352,Personal Expenses,High
328,BKAILN41927492,3554,19296,5,85,925411,9.88,9,107102.62,545206.86,2019-11-29,2020-08-25,Active,1021677.23,805,Agriculture,Low
329,BKAILN14928616,2382,1063,8,86,4295718,9.28,213,41206.57,618699.03,2023-03-05,2040-09-01,Active,5171096.48,657,Vehicle Purchase,Medium
330,BKAILN85454146,2907,14921,6,96,2747628,17.44,18,174581.94,2005389.64,2017-09-30,2019-03-24,Active,0.0,886,Home Purchase,Low
331,BKAILN54185620,8636,13559,2,68,243236,16.26,53,6462.58,53777.34,2020-03-22,2024-07-29,Active,0.0,581,Medical,High
332,BKAILN67318164,9976,10371,10,34,4218563,7.17,85,63440.33,3967569.08,2018-09-20,2025-09-13,Active,7552893.72,594,Working Capital,High
333,BKAILN25865493,393,15234,3,81,9131427,10.75,55,211000.12,6736512.67,2022-11-22,2027-05-30,Active,16303983.58,301,Medical,High
334,BKAILN51308532,4920,16604,10,71,73851,10.0,64,1493.55,53247.71,2023-03-31,2028-07-02,Active,94388.39,369,Home Purchase,High
335,BKAILN73686372,583,4449,2,62,257643,15.64,55,6591.48,239621.33,2021-09-17,2026-03-25,Active,0.0,790,Personal Expenses,Low
336,BKAILN87496999,5435,11587,9,9,1368123,13.53,41,41858.26,525294.32,2017-11-24,2021-04-07,Default,2018145.37,513,Vehicle Purchase,High
337,BKAILN14245067,4449,13562,1,12,378472,9.01,216,3546.55,332349.25,2024-03-11,2041-12-07,Active,615425.05,622,Medical,High
338,BKAILN69562350,8291,818,6,62,1601216,14.16,50,42578.35,1280990.98,2025-01-30,2029-03-10,Closed,0.0,394,Education,High
339,BKAILN27812995,3362,1198,4,59,3301739,9.86,147,38773.72,2773212.03,2024-05-26,2036-06-22,Active,0.0,828,Business Expansion,Low
340,BKAILN13017249,9463,10229,1,82,7795838,8.95,131,93447.52,4432089.36,2024-05-06,2035-02-08,Closed,12171556.12,619,Working Capital,High
341,BKAILN78996054,1678,6770,4,70,329065,9.27,94,4937.12,66804.92,2022-06-08,2030-02-26,Active,0.0,873,Working Capital,Low
342,BKAILN27458237,476,15426,5,87,471529,8.42,28,18607.56,425799.55,2018-08-17,2020-12-04,Active,697110.35,351,Agriculture,High
343,BKAILN20542212,7630,18606,1,17,4500315,8.44,220,40268.48,1796070.7,2021-12-31,2040-01-26,Active,5574553.68,846,Personal Expenses,Low
344,BKAILN53588695,7427,15975,2,4,6205625,13.92,71,128759.88,1644600.86,2021-02-08,2026-12-09,Active,0.0,638,Business Expansion,High
345,BKAILN53737494,9112,2325,6,39,1091937,14.35,120,17184.66,912638.33,2020-12-14,2030-10-23,Active,0.0,409,Agriculture,High
346,BKAILN86129797,5607,17844,10,89,177764,8.24,91,2633.41,147992.82,2023-03-03,2030-08-23,Active,269077.66,745,Business Expansion,Medium
347,BKAILN51343854,6649,2281,12,77,1520538,16.09,24,74515.67,1276979.36,2024-05-29,2026-05-19,Active,0.0,480,Agriculture,High
348,BKAILN98701999,2445,14844,6,69,6165319,14.46,96,108721.14,5110158.14,2018-05-15,2026-04-03,Active,0.0,450,Personal Expenses,High
349,BKAILN11089747,8363,13245,4,17,4850277,9.32,105,67730.03,4807887.18,2021-08-22,2030-04-07,Active,0.0,896,Home Purchase,Low
350,BKAILN93914843,5213,12544,6,52,8013563,17.31,18,508679.68,2497964.25,2025-02-25,2026-08-19,Active,0.0,703,Medical,Medium
351,BKAILN29326800,7975,14311,11,18,148685,10.19,32,5325.83,31669.05,2017-12-27,2020-08-13,Active,164761.11,316,Agriculture,High
352,BKAILN34936450,6960,19811,8,1,1392767,12.13,238,15492.91,1167228.28,2019-04-24,2038-11-10,Active,1907116.27,531,Medical,High
353,BKAILN74630252,1312,4656,12,94,1708699,13.51,19,100396.11,737680.79,2017-08-06,2019-02-27,Active,0.0,894,Vehicle Purchase,Low
354,BKAILN56109986,8766,354,8,61,3028575,10.81,193,33155.53,2478247.84,2019-06-16,2035-04-23,Active,3993932.69,354,Personal Expenses,High
355,BKAILN44956086,1007,15505,10,75,3213029,9.2,65,62951.97,2488435.54,2018-10-20,2024-02-21,Active,5169378.74,877,Home Purchase,Low
356,BKAILN27789051,4604,9019,11,33,436599,13.46,75,8639.98,73862.09,2019-11-01,2025-12-29,Active,719791.95,558,Business Expansion,High
357,BKAILN80784933,543,11235,10,11,4764700,7.52,87,71213.22,3832128.78,2022-07-28,2029-09-19,Default,6028951.76,485,Education,High
358,BKAILN25568500,861,5492,8,60,453894,11.63,165,5523.84,389282.07,2017-04-08,2030-10-27,Active,516544.1,570,Vehicle Purchase,High
359,BKAILN61271721,5173,17376,8,88,1296500,11.61,196,14783.27,1145133.58,2019-07-22,2035-08-27,Closed,1436916.3,759,Business Expansion,Low
360,BKAILN42453439,9646,6388,9,67,1867482,12.37,39,58395.78,615913.36,2024-05-26,2027-08-09,Active,2817888.01,772,Education,Low
361,BKAILN48023482,4128,6327,6,5,642506,14.83,98,11344.65,322119.09,2017-10-25,2025-11-12,Active,0.0,524,Business Expansion,High
362,BKAILN34799223,1817,6038,1,33,488021,10.36,288,4600.13,105859.82,2018-09-21,2042-05-18,Active,761057.15,879,Business Expansion,Low
363,BKAILN54648162,985,8462,11,34,453365,11.31,41,13382.81,158477.7,2024-09-02,2028-01-15,Active,518500.48,697,Business Expansion,Medium
364,BKAILN69268093,4244,3385,8,5,369973,12.43,111,5624.05,180594.26,2016-11-18,2025-12-31,Active,565975.97,408,Vehicle Purchase,High
365,BKAILN87126909,61,16889,8,91,4685761,9.07,187,46885.06,1107932.85,2022-07-07,2037-11-15,Closed,6236193.14,700,Personal Expenses,Medium
366,BKAILN63769608,905,2971,8,47,333183,10.53,77,5970.53,313704.45,2019-07-02,2025-10-28,Active,450211.14,610,Working Capital,High
367,BKAILN24330160,5887,15942,2,11,12639471,16.81,49,358260.39,3436708.12,2018-02-03,2022-02-12,Closed,0.0,699,Personal Expenses,Medium
368,BKAILN77066471,8749,14723,12,3,553194,11.64,7,82123.59,324446.53,2016-08-11,2017-03-09,Active,0.0,615,Home Purchase,High
369,BKAILN41270805,1181,1209,6,95,9388246,16.51,17,623121.62,2197396.59,2019-06-27,2020-11-18,Active,0.0,893,Home Purchase,Low
370,BKAILN71228059,2797,19368,8,9,74013,12.18,218,844.68,67662.4,2024-12-10,2042-11-06,Active,123936.06,399,Business Expansion,High
371,BKAILN53163063,3494,1494,2,76,924970,14.23,40,29174.81,571973.99,2017-10-30,2021-02-11,Active,0.0,440,Business Expansion,High
372,BKAILN94851724,6163,5170,2,3,1960239,12.55,65,41711.98,267825.5,2018-12-23,2024-04-25,Active,0.0,402,Business Expansion,High
373,BKAILN29204927,4440,17141,1,58,1982144,8.27,357,14947.74,1576411.88,2016-08-13,2045-12-09,Active,3141006.14,511,Education,High
374,BKAILN22842469,5930,17686,10,65,1548341,9.08,88,24162.11,932007.4,2025-06-14,2032-09-05,Active,1911166.85,842,Medical,Low
375,BKAILN48260712,3434,14244,5,33,467654,8.16,9,53744.21,435107.96,2017-12-27,2018-09-23,Active,532105.76,672,Personal Expenses,Medium
376,BKAILN53751263,6866,6513,1,96,868864,8.48,133,10098.2,786818.26,2024-09-15,2035-08-19,Active,1394511.22,893,Working Capital,Low
377,BKAILN75016103,891,14283,4,19,705656,11.62,107,10620.35,117263.62,2023-01-11,2031-10-26,Active,0.0,899,Personal Expenses,Low
378,BKAILN28320921,1821,15255,3,59,289987,10.01,32,10362.85,37375.01,2024-01-28,2026-09-14,Active,434419.69,587,Working Capital,High
379,BKAILN75661110,3547,19385,4,61,48797074,12.05,178,589578.42,8677432.35,2022-12-05,2037-07-19,Active,0.0,834,Vehicle Purchase,Low
380,BKAILN66072388,725,1313,1,61,179317,9.89,308,1606.06,170642.92,2018-11-13,2044-03-01,Active,311944.93,305,Home Purchase,High
381,BKAILN39260335,2175,11745,7,38,474524,12.42,134,6562.75,369070.92,2019-03-29,2030-03-31,Active,0.0,716,Business Expansion,Medium
382,BKAILN34822996,6069,15215,1,91,134831,9.33,198,1336.76,69759.48,2020-05-26,2036-08-30,Active,161397.66,715,Business Expansion,Medium
383,BKAILN20866138,5501,1797,7,66,3243989,14.41,97,56798.37,1908087.07,2018-08-20,2026-08-08,Closed,0.0,512,Working Capital,High
384,BKAILN28576512,5488,7820,1,70,293978,8.5,213,2677.79,215893.41,2019-03-28,2036-09-24,Active,438771.2,509,Personal Expenses,High
385,BKAILN17309497,1039,12217,12,45,7688246,16.13,24,376918.17,5475600.05,2019-11-09,2021-10-29,Active,0.0,583,Business Expansion,High
386,BKAILN35280389,7502,2861,8,11,3225846,11.48,233,34627.31,2670730.45,2017-09-23,2036-11-12,Active,5673015.1,367,Education,High
387,BKAILN65906603,8871,4327,5,61,845540,10.87,8,110046.11,480790.0,2023-03-19,2023-11-14,Active,1301364.98,600,Personal Expenses,High
388,BKAILN75249732,9722,17373,12,71,2092429,14.37,15,153229.9,1299051.37,2020-11-19,2022-02-12,Active,0.0,634,Vehicle Purchase,High
389,BKAILN48169110,7470,5452,10,80,860159,7.4,113,10592.26,681912.35,2022-04-09,2031-07-21,Closed,974666.17,661,Vehicle Purchase,Medium
390,BKAILN44951262,6057,6046,3,27,421254,11.91,77,7850.84,418893.18,2025-01-15,2031-05-14,Active,632794.12,751,Home Purchase,Low
391,BKAILN29513094,7505,10493,11,20,1282060,10.77,46,34142.0,1190252.42,2024-02-21,2027-12-02,Active,1773337.23,811,Working Capital,Low
392,BKAILN15379569,2285,18054,11,15,4797130,12.32,54,116168.63,1941954.92,2020-07-18,2024-12-24,Active,5653997.85,790,Agriculture,Low
393,BKAILN13026428,1370,17643,10,58,693947,9.52,69,13098.61,557347.02,2023-01-05,2028-09-05,Active,1135968.05,500,Business Expansion,High
394,BKAILN59610894,6327,12217,9,2,9291242,11.27,43,263633.66,4253551.01,2021-06-15,2024-12-26,Active,14876901.07,737,Working Capital,Medium
395,BKAILN65592149,2287,19241,5,77,2904692,10.93,33,102308.39,718653.65,2022-04-07,2024-12-22,Active,4675393.61,734,Medical,Medium
396,BKAILN84600071,7572,18610,5,97,325409,9.42,33,11231.63,219626.8,2020-11-28,2023-08-15,Closed,420210.47,479,Medical,High
397,BKAILN30672747,4304,9836,3,82,1528833,11.45,42,44351.56,1170887.97,2019-03-26,2022-09-06,Active,1921994.05,302,Personal Expenses,High
398,BKAILN90381832,5928,19041,2,62,268710,15.4,48,7533.0,146109.77,2022-05-24,2026-05-03,Active,0.0,368,Vehicle Purchase,High
399,BKAILN71880273,2220,11711,11,21,479014,12.24,68,9801.93,118106.89,2022-08-04,2028-03-05,Active,546534.51,627,Working Capital,High
400,BKAILN90364540,2739,17817,7,42,1107873,13.0,103,17903.06,736986.98,2016-11-27,2025-05-14,Active,0.0,396,Vehicle Purchase,High
401,BKAILN65296966,5576,5343,5,14,4241522,10.06,28,170588.08,946938.88,2025-05-11,2027-08-29,Active,5501221.93,796,Medical,Low
402,BKAILN25645176,2151,570,4,62,4204748,11.68,167,51053.93,1999827.06,2024-03-23,2037-12-10,Active,0.0,378,Working Capital,High
403,BKAILN40410305,5037,4108,3,27,363340,11.41,80,6506.59,109046.35,2024-03-04,2030-09-29,Active,617594.67,445,Business Expansion,High
404,BKAILN89614758,972,15371,7,16,90755,13.3,40,2821.2,73851.85,2025-02-18,2028-06-02,Closed,0.0,825,Home Purchase,Low
405,BKAILN22184193,2385,9090,2,75,6723031,12.76,13,556463.94,4729925.15,2023-06-07,2024-07-01,Active,0.0,329,Education,High
406,BKAILN47830178,2815,17601,9,1,4391741,13.01,51,112556.6,494448.03,2016-12-10,2021-02-17,Default,5498014.64,496,Business Expansion,High
407,BKAILN60951070,6949,7022,4,66,4472042,12.18,145,59044.16,1175090.23,2024-04-19,2036-03-17,Active,0.0,663,Business Expansion,Medium
408,BKAILN25532025,6305,9294,6,59,785029,11.87,26,34390.56,136613.22,2025-01-17,2027-03-08,Active,0.0,805,Vehicle Purchase,Low
409,BKAILN34064874,210,16111,11,87,168422,13.4,52,4287.29,152468.93,2024-09-20,2028-12-28,Active,279867.76,676,Personal Expenses,Medium
410,BKAILN58816328,3262,11097,9,26,49631625,12.46,17,3199846.8,46294458.26,2017-03-10,2018-08-02,Active,88567502.32,366,Agriculture,High
411,BKAILN57794571,7796,19765,2,52,1546710,12.25,66,32324.55,1269672.29,2016-08-25,2022-01-26,Default,0.0,709,Vehicle Purchase,Medium
412,BKAILN76858535,439,5869,3,49,4052447,11.25,30,155594.75,513652.38,2023-12-29,2026-06-16,Active,6550613.81,369,Working Capital,High
413,BKAILN45120118,8888,11260,3,70,4772774,9.73,63,97048.36,1738275.97,2023-03-28,2028-05-30,Active,6913503.13,816,Home Purchase,Low
414,BKAILN32031067,8053,14113,7,18,1443961,14.34,42,43927.17,374249.07,2025-02-18,2028-08-01,Active,0.0,610,Agriculture,High
415,BKAILN62530781,4316,16211,8,76,1528766,11.67,205,17237.77,926477.86,2020-03-01,2037-01-01,Default,1848916.61,357,Working Capital,High
416,BKAILN61079694,1595,14030,5,45,2537702,8.96,6,434071.95,315207.61,2018-12-15,2019-06-13,Default,4374846.05,649,Agriculture,High
417,BKAILN25364077,5532,5564,6,3,179821,11.4,43,5113.59,28582.59,2017-10-14,2021-04-26,Active,0.0,612,Home Purchase,High
418,BKAILN62385285,5283,18761,8,13,3766527,11.3,168,44731.64,452031.48,2018-11-28,2032-09-15,Active,4977691.54,884,Business Expansion,Low
419,BKAILN76699729,1235,17559,12,28,4799227,14.55,16,331796.32,4667176.16,2021-06-05,2022-09-28,Active,0.0,506,Home Purchase,High
420,BKAILN73789440,6998,6873,5,45,471843,10.99,18,28553.07,163271.1,2021-09-22,2023-03-16,Active,706112.96,843,Vehicle Purchase,Low
421,BKAILN34239835,305,16916,9,24,1632353,13.12,39,51635.97,920373.36,2018-06-30,2021-09-12,Active,2562944.67,860,Medical,Low
422,BKAILN72073912,2421,7877,11,20,9468774,13.35,71,193599.15,6288048.29,2017-05-09,2023-03-09,Active,13877328.27,673,Vehicle Purchase,Medium
423,BKAILN64474404,3908,3722,7,20,3729892,11.76,28,152969.31,2678694.35,2022-08-17,2024-12-04,Active,0.0,541,Medical,High
424,BKAILN98405286,9023,5767,5,83,278659,9.39,23,13285.76,35174.48,2023-12-22,2025-11-11,Active,460558.93,584,Personal Expenses,High
425,BKAILN63270351,2303,7735,1,15,7499631,8.37,349,57382.87,6802884.68,2020-12-08,2049-08-08,Active,11775698.99,392,Business Expansion,High
426,BKAILN62338292,3866,13857,9,28,456383,12.49,49,11937.41,363222.36,2024-02-18,2028-02-27,Active,602145.9,898,Education,Low
427,BKAILN83248658,6944,15561,4,88,1033319,12.38,136,14168.83,985620.79,2017-08-28,2028-10-29,Active,0.0,624,Vehicle Purchase,High
428,BKAILN51509315,5946,4000,3,69,2088392,9.93,69,39846.84,1471144.22,2016-08-28,2022-04-29,Active,2667060.42,693,Personal Expenses,Medium
429,BKAILN96493863,6657,1111,7,36,183973,9.54,112,2487.13,170046.56,2023-09-15,2032-11-26,Active,0.0,624,Personal Expenses,High
430,BKAILN53858104,7427,897,8,98,1385766,11.58,145,17793.25,663481.87,2021-07-22,2033-06-19,Active,2231723.64,860,Education,Low
431,BKAILN89727494,6723,10467,11,58,506451,11.27,65,10445.66,101161.25,2024-07-31,2029-12-02,Active,645584.48,433,Education,High
432,BKAILN40130153,340,753,5,72,1186986,8.52,24,53966.11,539063.47,2023-06-18,2025-06-07,Active,1619196.11,884,Medical,Low
433,BKAILN59381407,2788,18588,2,16,2707814,17.81,37,95636.76,904794.39,2018-10-08,2021-10-22,Active,0.0,391,Agriculture,High
434,BKAILN27475058,7067,6771,8,77,6704107,11.9,186,79103.08,2276597.83,2016-09-24,2032-01-04,Active,10877481.46,691,Vehicle Purchase,Medium
435,BKAILN59611937,9551,15014,12,11,29474520,14.56,19,1746317.9,19332697.73,2022-11-11,2024-06-03,Active,0.0,554,Education,High
436,BKAILN17885602,854,10908,6,31,4991948,17.82,62,123745.64,827415.66,2022-08-18,2027-09-21,Active,0.0,870,Working Capital,Low
437,BKAILN27748717,9168,1348,10,75,1988068,9.82,114,26886.84,740071.47,2021-03-25,2030-08-05,Active,2736153.67,679,Education,Medium
438,BKAILN77002914,4604,11816,9,56,776656,11.72,33,27644.84,159337.08,2022-08-01,2025-04-17,Active,878330.77,430,Vehicle Purchase,High
439,BKAILN17143361,3096,4871,10,7,3827775,9.49,45,101425.57,3013637.39,2019-12-29,2023-09-09,Active,4615857.69,750,Home Purchase,Low
440,BKAILN29871432,2026,11456,8,12,1415260,9.91,240,13573.28,855905.47,2017-07-20,2037-04-06,Active,2010280.3,415,Vehicle Purchase,High
441,BKAILN20312681,4034,16323,3,87,1072086,11.46,71,20862.45,614748.98,2025-06-16,2031-04-16,Active,1607648.13,726,Working Capital,Medium
442,BKAILN70942299,4413,19471,1,85,3566818,8.89,294,29830.02,449372.88,2023-10-12,2047-12-05,Active,5072597.39,791,Home Purchase,Low
443,BKAILN83438064,9868,12498,11,12,2542409,11.99,52,62927.36,993710.12,2022-05-01,2026-08-08,Active,2895484.82,372,Education,High
444,BKAILN26186924,4892,16085,4,56,2873350,12.36,126,40818.64,1960921.16,2022-04-22,2032-08-27,Active,0.0,457,Vehicle Purchase,High
445,BKAILN22109438,6923,12067,11,79,701561,11.91,46,19071.09,370982.45,2021-02-24,2024-12-05,Active,1048230.32,733,Agriculture,Medium
446,BKAILN72843313,7166,2595,2,62,1918598,10.8,55,44380.27,1097840.97,2018-03-30,2022-10-05,Active,0.0,597,Education,High
447,BKAILN67030927,6767,3097,11,60,180366,13.11,77,3476.25,166941.69,2024-08-23,2030-12-20,Active,263224.37,822,Vehicle Purchase,Low
448,BKAILN21179070,6820,9754,6,41,452992,12.78,22,23205.79,388947.47,2023-06-17,2025-04-07,Active,0.0,346,Personal Expenses,High
449,BKAILN81722733,294,192,11,51,188975,11.3,75,3524.66,63001.6,2018-09-23,2024-11-20,Active,296952.69,744,Education,Medium
450,BKAILN50621889,1436,4099,11,18,4524499,11.41,68,90654.05,1921355.22,2018-08-02,2024-03-03,Active,7110984.05,704,Business Expansion,Medium
451,BKAILN50388512,7593,4856,1,61,938787,9.82,168,10302.4,818970.01,2018-06-25,2032-04-12,Active,1386595.7,388,Business Expansion,High
452,BKAILN16834659,5470,259,3,14,8955139,11.68,71,175279.66,2851017.91,2018-12-09,2024-10-08,Active,11698832.26,701,Agriculture,Medium
453,BKAILN41125867,995,17312,7,3,1662461,14.17,160,23173.0,1050567.87,2019-09-30,2032-11-20,Active,0.0,799,Working Capital,Low
454,BKAILN72980385,5634,14357,9,30,1492662,9.79,53,34802.65,177218.14,2020-08-11,2024-12-18,Active,1942860.12,496,Working Capital,High
455,BKAILN31746728,3395,9256,10,89,36197370,9.56,103,516440.66,24876648.65,2017-12-14,2026-05-31,Active,48945319.86,783,Personal Expenses,Low
456,BKAILN45005058,5850,5198,3,23,1532189,9.31,34,51442.58,921071.53,2023-02-26,2025-12-12,Active,2757147.84,667,Home Purchase,Medium
457,BKAILN84762274,4383,4954,2,89,975404,13.03,26,43261.99,786563.08,2021-09-08,2023-10-28,Active,0.0,347,Business Expansion,High
458,BKAILN94547252,1935,6731,12,47,2465278,10.8,36,80476.75,1372112.48,2025-01-12,2027-12-28,Active,0.0,471,Vehicle Purchase,High
459,BKAILN65800998,108,8039,12,61,2647164,13.15,22,136067.04,2286449.74,2024-02-15,2025-12-06,Active,0.0,749,Education,Medium
460,BKAILN28521285,7026,13547,2,53,4789193,12.5,65,101786.01,2296657.45,2019-07-25,2024-11-25,Closed,0.0,533,Working Capital,High
461,BKAILN98607345,2474,18828,1,8,1584959,9.25,317,13391.42,392898.99,2016-11-03,2042-11-17,Default,1811652.25,337,Vehicle Purchase,High
462,BKAILN69886480,3361,17840,7,80,5066289,11.71,153,63900.83,4703570.74,2018-08-28,2031-03-23,Active,0.0,713,Personal Expenses,Medium
463,BKAILN79856260,8861,9304,12,28,459764,12.57,31,17446.07,184385.42,2019-06-23,2022-01-08,Active,0.0,429,Vehicle Purchase,High
464,BKAILN24823261,983,12222,9,34,549119,11.03,52,13331.47,205122.24,2016-10-27,2021-02-03,Active,766527.36,817,Working Capital,Low
465,BKAILN85913174,8738,19515,2,30,1124870,10.86,27,47146.28,927847.68,2022-11-08,2025-01-26,Active,0.0,895,Vehicle Purchase,Low
466,BKAILN70976401,1606,4803,11,92,2587083,12.64,69,52944.1,1022058.87,2024-04-27,2029-12-27,Active,3900437.24,669,Agriculture,Medium
467,BKAILN79651618,6469,8641,2,75,1498776,11.19,66,30511.54,693151.43,2019-08-08,2025-01-08,Active,0.0,872,Agriculture,Low
468,BKAILN81020117,1935,6968,8,59,433630,11.41,185,4989.51,221993.2,2017-07-12,2032-09-21,Active,770830.34,825,Education,Low
469,BKAILN60259138,4969,9634,9,63,1356938,11.16,19,78244.0,774132.79,2025-01-19,2026-08-12,Active,1604470.02,612,Education,High
470,BKAILN15997180,6842,15768,3,74,3189011,11.3,50,80263.45,324887.44,2020-01-08,2024-02-16,Active,4730183.83,369,Personal Expenses,High
471,BKAILN29996104,5329,2927,6,80,2557044,16.47,72,56130.78,1291144.73,2016-12-17,2022-11-16,Active,0.0,759,Agriculture,Low
472,BKAILN94571826,5061,18385,7,83,2192182,10.78,113,30964.3,1614515.22,2023-08-24,2032-12-04,Active,0.0,885,Business Expansion,Low
473,BKAILN98349411,8714,5890,4,3,4391779,12.32,162,55744.18,3984124.64,2019-11-13,2033-03-04,Active,0.0,423,Medical,High
474,BKAILN55628196,7161,5915,4,54,677520,11.82,172,8191.2,593356.37,2019-12-28,2034-02-12,Active,0.0,323,Working Capital,High
475,BKAILN64663717,2773,1931,7,79,102079,10.91,41,2993.7,18442.17,2016-11-20,2020-04-03,Default,0.0,614,Education,High
476,BKAILN16962963,3319,7852,1,97,6195046,9.85,196,63678.33,2713193.76,2022-08-11,2038-09-16,Active,10404077.83,423,Medical,High
477,BKAILN12499514,4410,18156,8,76,741344,10.78,189,8166.15,117808.75,2020-12-08,2036-06-17,Active,830479.13,539,Medical,High
478,BKAILN82536595,2756,8034,9,69,3706017,12.43,20,206111.84,1049214.98,2019-11-22,2021-07-14,Closed,6587586.26,682,Personal Expenses,Medium
479,BKAILN57166514,3486,19175,1,66,484829,8.25,238,4144.75,167737.57,2020-02-04,2039-08-23,Active,618458.67,689,Education,Medium
480,BKAILN91932582,8271,10431,12,88,3658029,13.7,8,481056.11,3257296.92,2022-05-15,2023-01-10,Closed,0.0,515,Vehicle Purchase,High
481,BKAILN96764149,34,19949,12,61,40856612,13.22,13,3390488.9,4669385.93,2021-10-26,2022-11-20,Active,0.0,436,Home Purchase,High
482,BKAILN26564560,5784,12334,11,77,415161,10.19,59,8975.13,284858.5,2018-03-23,2023-01-26,Active,613215.44,755,Education,Low
483,BKAILN35704262,1475,9935,12,92,292584,16.4,9,34771.0,228970.06,2025-04-12,2026-01-07,Active,0.0,666,Personal Expenses,Medium
484,BKAILN86383608,8198,16188,6,22,419123,11.26,75,7808.58,191320.25,2018-05-05,2024-07-02,Active,0.0,584,Education,High
485,BKAILN81530199,4144,18354,2,59,4390348,14.91,20,249274.92,1197100.35,2022-06-05,2024-01-26,Active,0.0,323,Agriculture,High
486,BKAILN40138350,770,9108,11,54,77191,12.19,65,1628.26,40133.77,2019-09-10,2025-01-11,Active,104441.76,344,Working Capital,High
487,BKAILN94019584,1585,914,1,62,38442096,9.13,205,370905.19,10655731.37,2022-09-13,2039-07-16,Active,51145565.08,364,Home Purchase,High
488,BKAILN41775196,1195,19660,10,80,490668,9.39,54,11175.96,416707.53,2021-09-06,2026-02-12,Active,821939.39,832,Business Expansion,Low
489,BKAILN17353632,4940,14151,11,9,8165820,11.29,31,304920.06,1294489.86,2017-09-22,2020-04-09,Active,9711406.02,752,Home Purchase,Low
490,BKAILN72305089,7015,3319,9,44,8448624,9.73,36,271543.61,5861246.66,2016-09-02,2019-08-18,Active,9356213.9,693,Home Purchase,Medium
491,BKAILN26908967,8338,8398,8,46,2430712,10.81,210,25824.29,1970030.78,2018-11-08,2036-02-07,Active,3003218.03,886,Personal Expenses,Low
492,BKAILN29545414,2416,15386,3,40,626860,9.54,75,11128.28,488283.99,2018-03-12,2024-05-09,Active,826096.02,854,Vehicle Purchase,Low
493,BKAILN56146216,3202,6566,6,82,357463,17.79,78,7762.56,312005.14,2019-03-25,2025-08-20,Closed,0.0,732,Business Expansion,Medium
494,BKAILN54106502,2659,3436,6,59,1950896,12.33,72,38476.01,1276847.43,2021-09-27,2027-08-27,Active,0.0,728,Home Purchase,Medium
495,BKAILN60454028,3364,13118,8,24,4907578,9.77,60,103717.01,2614127.36,2022-10-27,2027-10-01,Active,8037846.63,639,Home Purchase,High
496,BKAILN15892805,487,6525,6,26,1663273,11.07,57,37652.69,1043068.03,2018-06-04,2023-02-08,Active,0.0,668,Medical,Medium
497,BKAILN60858151,1819,11089,5,27,494352,10.16,16,33167.41,454598.22,2022-07-26,2023-11-18,Active,551052.02,440,Medical,High
498,BKAILN81478283,6197,12264,6,41,139841,16.67,96,2646.47,114027.51,2024-01-14,2031-12-03,Active,0.0,496,Medical,High
499,BKAILN88394188,8012,6857,1,94,149143,9.97,270,1387.76,121708.25,2018-06-11,2040-08-14,Active,255183.08,820,Personal Expenses,Low
500,BKAILN74867032,8107,15525,11,35,1313938,11.96,34,45752.57,343067.46,2020-04-18,2023-02-02,Active,2100646.3,838,Home Purchase,Low
501,BKAILN44162336,9021,2778,4,18,991541,9.38,75,17522.47,609037.55,2021-04-10,2027-06-08,Active,0.0,683,Vehicle Purchase,Medium
502,BKAILN52549761,4474,12530,8,4,586283,10.82,118,8092.13,286841.95,2020-04-04,2029-12-13,Active,795737.5,809,Medical,Low
503,BKAILN19576257,5903,1255,5,70,4104555,9.94,17,259839.92,1431596.77,2016-09-09,2018-02-01,Active,5169355.02,421,Medical,High
504,BKAILN11145397,4907,9236,11,45,19251972,10.82,43,542099.69,14334379.63,2017-01-24,2020-08-06,Active,28496536.88,567,Agriculture,High
505,BKAILN73678024,3830,16903,7,76,9300395,14.02,179,124186.81,2829493.32,2022-12-13,2037-08-26,Active,0.0,514,Personal Expenses,High
506,BKAILN70394210,9150,987,12,48,3313132,15.39,16,230362.71,1576782.73,2017-09-04,2018-12-28,Active,0.0,749,Education,Medium
507,BKAILN50216625,5343,19234,5,3,1881705,10.83,6,323598.06,1462768.91,2017-10-24,2018-04-22,Active,3074685.47,850,Home Purchase,Low
508,BKAILN35278389,7779,3560,3,43,36231908,9.25,84,587545.38,34558841.94,2023-03-19,2030-02-10,Active,41470914.13,695,Personal Expenses,Medium
509,BKAILN19326928,6323,9301,11,27,139875,13.08,29,5651.71,89943.47,2017-10-10,2020-02-27,Active,156490.33,503,Business Expansion,High
510,BKAILN62209742,3383,4258,8,27,55791,9.2,192,556.04,12063.35,2024-04-05,2040-01-12,Active,77710.68,370,Personal Expenses,High
511,BKAILN91181404,4045,17232,3,43,1732060,10.71,84,29393.64,1718162.99,2025-06-02,2032-04-26,Closed,2445689.69,708,Personal Expenses,Medium
512,BKAILN65707438,4082,5885,8,80,3207590,10.62,70,61668.64,2608130.26,2017-07-10,2023-04-10,Active,4406469.29,479,Personal Expenses,High
513,BKAILN49176757,1094,7120,7,64,416226,14.51,58,10026.07,144180.12,2023-09-25,2028-06-30,Active,0.0,850,Business Expansion,Low
514,BKAILN19824132,7568,12490,6,44,1183700,11.54,25,53493.68,165921.18,2019-10-30,2021-11-18,Active,0.0,327,Medical,High
515,BKAILN68750274,2298,15427,7,36,1987090,9.71,76,35106.59,346337.4,2024-09-26,2030-12-24,Active,0.0,548,Education,High
516,BKAILN58061622,2916,7100,1,92,204216,9.62,165,2235.94,22482.05,2016-12-09,2030-06-29,Active,263699.34,751,Medical,Low
517,BKAILN37076822,4092,12277,8,31,4688600,11.44,222,50890.22,690038.75,2020-07-10,2038-10-04,Active,5172773.03,686,Home Purchase,Medium
518,BKAILN32420703,722,13622,7,66,24802058,9.65,15,1761831.32,20269029.23,2024-06-02,2025-08-26,Active,0.0,471,Working Capital,High
519,BKAILN33303091,246,13178,6,84,377508,14.93,36,13073.5,73726.1,2023-02-08,2026-01-23,Active,0.0,631,Agriculture,High
520,BKAILN23665188,8785,18652,4,22,394961,10.34,40,11715.27,185626.6,2023-01-19,2026-05-03,Active,0.0,811,Business Expansion,Low
521,BKAILN19061506,5491,579,10,78,415069,7.97,92,6044.01,371723.48,2016-12-17,2024-07-08,Closed,548960.66,793,Personal Expenses,Low
522,BKAILN41728577,7021,7981,7,80,313937,12.31,71,6247.31,284772.72,2016-12-28,2022-10-28,Active,0.0,616,Education,High
523,BKAILN54116005,2200,9114,6,41,5317985,14.49,37,179071.39,5263189.76,2018-10-18,2021-11-01,Active,0.0,754,Home Purchase,Low
524,BKAILN39855935,9963,12501,9,67,1104935,13.06,38,35658.91,646807.49,2023-03-12,2026-04-25,Active,1916667.14,554,Personal Expenses,High
525,BKAILN41717008,8314,2562,11,55,5437105,9.52,79,92893.42,992725.41,2024-02-04,2030-08-01,Active,8236352.05,509,Vehicle Purchase,High
526,BKAILN20739561,5892,13050,3,49,870013,11.1,39,26675.16,844741.93,2020-06-22,2023-09-05,Active,1079669.34,792,Personal Expenses,Low
527,BKAILN89884158,8802,5007,7,71,826901,12.28,122,11897.65,647440.74,2024-07-27,2034-08-04,Active,0.0,607,Vehicle Purchase,High
528,BKAILN35451146,69,421,7,65,1286741,12.05,128,17904.51,672106.81,2017-06-26,2027-12-31,Active,0.0,458,Working Capital,High
529,BKAILN61650472,9267,5321,8,25,3610770,10.42,166,41149.87,592566.79,2018-11-27,2032-07-16,Active,6208717.96,427,Vehicle Purchase,High
530,BKAILN74119239,566,11843,12,81,4887734,12.59,28,202363.36,3724931.26,2020-09-30,2023-01-18,Active,0.0,548,Home Purchase,High
531,BKAILN11655896,1913,3025,12,83,187012,14.49,10,19965.55,178895.76,2019-01-07,2019-11-03,Active,0.0,465,Agriculture,High
532,BKAILN98380502,6272,19205,7,40,895992,13.38,32,33445.5,493317.19,2022-02-11,2024-09-28,Active,0.0,845,Business Expansion,Low
533,BKAILN10211873,1588,2289,2,100,3128358,15.27,56,78452.04,3091827.99,2025-06-06,2030-01-11,Active,0.0,803,Agriculture,Low
534,BKAILN38531115,3042,6585,11,8,139461,10.65,51,3411.83,77031.61,2023-06-18,2027-08-26,Active,164168.86,880,Medical,Low
535,BKAILN13981790,9596,7694,5,62,264324,10.95,33,9312.45,116290.85,2024-07-16,2027-04-02,Active,341964.82,650,Business Expansion,Medium
536,BKAILN75219904,7754,11044,1,78,53788,8.39,312,424.33,5730.35,2016-08-15,2042-04-01,Active,81870.15,572,Working Capital,High
537,BKAILN71326664,6584,4551,11,4,3515028,13.06,44,100961.18,3113505.26,2021-07-05,2025-02-14,Active,5850374.44,303,Vehicle Purchase,High
538,BKAILN12232081,5902,1500,12,95,1447741,15.01,13,121357.92,148851.23,2023-05-25,2024-06-18,Active,0.0,629,Personal Expenses,High
539,BKAILN61654839,4815,19896,4,25,7922038,10.93,126,105962.2,7828433.71,2020-02-29,2030-07-06,Active,0.0,402,Home Purchase,High
540,BKAILN38405950,2793,2931,3,14,8915828,10.37,29,348893.15,4760621.44,2024-03-16,2026-08-03,Active,13181762.25,549,Home Purchase,High
541,BKAILN95033398,8061,2964,3,89,41964108,11.77,44,1178883.8,8845542.95,2017-12-25,2021-08-06,Active,50148347.11,847,Medical,Low
542,BKAILN40004485,4245,3791,10,38,3439594,9.3,88,54063.66,2083396.31,2016-09-12,2023-12-05,Active,5844897.64,538,Business Expansion,High
543,BKAILN51714724,1014,19336,6,69,8084802,16.18,36,284956.64,5006312.79,2021-03-28,2024-03-12,Active,0.0,301,Agriculture,High
544,BKAILN52402900,2371,9727,7,29,468129,11.26,105,7028.91,50684.17,2021-01-25,2029-09-10,Active,0.0,771,Personal Expenses,Low
545,BKAILN74194023,3535,16221,3,38,1895342,10.7,33,66552.34,400140.08,2017-10-12,2020-06-28,Active,3407434.52,887,Agriculture,Low
546,BKAILN12894515,8978,12855,1,44,5440959,10.46,205,57056.96,2462725.37,2017-05-06,2034-03-08,Active,9734271.1,463,Personal Expenses,High
547,BKAILN53408507,9510,1774,6,91,3187156,16.3,62,76383.39,1448228.41,2019-05-11,2024-06-13,Active,0.0,434,Education,High
548,BKAILN23683207,2419,12339,10,55,2607432,7.41,101,34775.14,1986307.82,2023-04-23,2031-08-09,Active,2884843.89,889,Education,Low
549,BKAILN25945407,3947,12998,1,63,610043,8.47,241,5274.13,405236.49,2023-11-02,2043-08-19,Active,843564.9,334,Education,High
550,BKAILN59301266,191,3933,11,15,5751713,12.48,73,112838.12,2553132.64,2018-03-18,2024-03-16,Active,8872784.93,755,Personal Expenses,Low
551,BKAILN61534222,7933,14211,11,39,548291,12.18,56,12883.98,422635.51,2017-09-21,2022-04-28,Active,907992.16,485,Business Expansion,High
552,BKAILN75573851,1048,17004,6,75,887743,11.44,113,12867.15,714745.95,2019-06-27,2028-10-07,Active,0.0,842,Business Expansion,Low
553,BKAILN27289389,9423,6758,4,84,1756410,12.36,54,42568.85,672470.5,2016-07-11,2020-12-17,Active,0.0,340,Vehicle Purchase,High
554,BKAILN49379055,8751,14580,1,18,1126164,8.44,151,12130.43,112703.12,2018-02-14,2030-07-11,Active,1475747.81,831,Working Capital,Low
555,BKAILN38885391,2199,19732,9,71,4141572,13.6,34,147463.91,1297928.57,2024-12-31,2027-10-17,Active,5100973.6,606,Working Capital,High
556,BKAILN67088619,2347,17561,5,27,655944,8.39,25,28688.98,301769.29,2023-09-03,2025-09-22,Active,759765.41,560,Vehicle Purchase,High
557,BKAILN13477562,9890,8111,11,10,1280439,12.29,36,42706.47,492616.01,2023-10-13,2026-09-27,Active,2114579.51,688,Business Expansion,Medium
558,BKAILN23146204,6180,7282,11,49,2373185,11.69,28,97250.48,2093077.58,2023-11-11,2026-02-28,Closed,2985551.76,310,Business Expansion,High
559,BKAILN16437523,2798,10421,3,97,1734860,10.46,80,30209.23,1524696.48,2019-02-01,2025-08-28,Active,2578139.99,401,Working Capital,High
560,BKAILN30869686,2071,4676,12,49,1656940,14.57,31,64458.28,179857.06,2022-08-06,2025-02-21,Active,0.0,825,Vehicle Purchase,Low
561,BKAILN67413657,8530,7497,1,40,244065,10.32,283,2303.06,199796.98,2021-07-14,2044-10-11,Active,354275.11,582,Business Expansion,High
562,BKAILN84378065,8075,351,5,55,4662027,9.22,16,310770.05,1158988.36,2024-06-14,2025-10-07,Active,5315587.55,592,Education,High
563,BKAILN81715863,5654,8003,8,95,404824,10.74,235,4132.3,372356.21,2023-05-16,2042-09-03,Active,656682.05,735,Home Purchase,Medium
564,BKAILN76505939,6212,5587,10,48,1597894,8.35,33,54360.48,898521.42,2024-01-03,2026-09-19,Default,2823060.88,732,Working Capital,Medium
565,BKAILN39187415,4995,16893,11,5,747182,10.5,58,16481.78,76220.69,2023-02-11,2027-11-17,Closed,1152022.78,703,Personal Expenses,Medium
566,BKAILN67821509,8062,6474,1,11,291358,9.05,277,2510.6,77950.48,2017-05-26,2040-02-25,Active,392800.88,403,Education,High
567,BKAILN34452059,8789,8831,7,14,826381,10.18,136,10264.16,305229.16,2021-04-21,2032-06-22,Default,0.0,738,Personal Expenses,Medium
568,BKAILN14242158,2627,6521,3,62,277520,9.2,71,5083.2,61141.07,2025-01-19,2030-11-19,Closed,387067.98,639,Vehicle Purchase,High
569,BKAILN62190363,2154,3596,2,14,4996080,13.66,82,94046.93,4464446.52,2016-10-01,2023-06-27,Active,0.0,813,Education,Low
570,BKAILN47879379,7962,2708,3,98,1935370,9.87,24,89191.43,1478019.62,2018-10-22,2020-10-11,Active,2717317.46,596,Education,High
571,BKAILN77422120,2969,6183,12,76,197397,13.57,13,16413.38,158795.07,2017-07-31,2018-08-25,Active,0.0,405,Education,High
572,BKAILN61050068,6674,17203,4,40,70115,8.98,126,861.38,12749.84,2023-04-07,2033-08-12,Active,0.0,352,Medical,High
573,BKAILN66112969,4047,10481,4,7,82164,9.84,146,967.35,28962.84,2021-06-04,2033-06-01,Active,0.0,659,Home Purchase,Medium
574,BKAILN24969117,1588,448,1,88,1098354,9.74,202,11079.36,1047275.45,2022-09-03,2039-04-07,Active,1487728.04,611,Education,High
575,BKAILN24276138,2138,19721,6,16,4218209,13.52,115,65615.79,2640153.79,2023-02-23,2032-08-04,Active,0.0,389,Medical,High
576,BKAILN15880227,2095,6282,4,54,4596318,11.32,49,117579.94,1295238.76,2016-12-19,2020-12-28,Active,0.0,457,Vehicle Purchase,High
577,BKAILN32405653,9817,8984,9,90,1820922,13.89,35,63571.04,1708387.37,2019-08-18,2022-07-03,Default,2645269.05,322,Vehicle Purchase,High
578,BKAILN61559796,9216,12788,1,52,2797719,10.4,135,35239.28,2726054.24,2019-09-29,2030-10-31,Active,3401642.33,821,Medical,Low
579,BKAILN49777260,4400,18093,3,16,1741751,8.76,60,35953.35,1303737.63,2017-07-26,2022-06-30,Active,2231503.92,525,Home Purchase,High
580,BKAILN81752116,1904,46,9,84,6115445,10.57,14,466222.94,4147322.42,2024-12-03,2026-01-27,Active,7792946.13,515,Working Capital,High
581,BKAILN57712141,3593,9165,6,23,1053729,11.58,102,16281.78,699001.43,2024-11-10,2033-03-28,Active,0.0,310,Home Purchase,High
582,BKAILN94530413,6480,5101,9,58,105806,12.46,49,2765.95,31591.04,2020-07-17,2024-07-26,Active,136294.58,895,Agriculture,Low
583,BKAILN34213769,4622,690,6,40,2761323,12.04,73,53536.31,745485.22,2023-07-12,2029-07-10,Active,0.0,802,Education,Low
584,BKAILN80703020,2250,387,7,78,800989,13.28,60,18339.98,779640.17,2018-04-08,2023-03-13,Active,0.0,402,Agriculture,High
585,BKAILN11261132,1743,17773,1,95,2183460,8.5,123,26652.73,498641.23,2022-07-02,2032-08-08,Active,3360714.08,313,Business Expansion,High
586,BKAILN94219725,8907,4033,4,3,282954,9.06,168,2977.94,166709.08,2024-11-16,2038-09-04,Active,0.0,573,Business Expansion,High
587,BKAILN40317689,6304,3684,9,63,488558,10.84,44,13505.46,218309.58,2020-09-17,2024-04-29,Active,658242.47,593,Business Expansion,High
588,BKAILN33899852,7023,17383,4,43,659992,8.91,96,9638.23,597971.13,2024-07-20,2032-06-08,Active,0.0,454,Agriculture,High
589,BKAILN10292428,2436,4804,3,41,1810214,11.65,67,36877.59,1259109.81,2019-11-27,2025-05-29,Active,3173336.43,378,Personal Expenses,High
590,BKAILN27117558,2980,12617,12,46,38685896,15.28,21,2111084.24,8905533.41,2022-05-19,2024-02-08,Active,0.0,630,Agriculture,High
591,BKAILN81969231,3771,12604,8,11,1835056,11.43,165,22104.44,1004495.09,2019-05-05,2032-11-22,Active,2704210.92,845,Agriculture,Low
592,BKAILN73609317,2189,3610,9,8,959977,12.1,56,22519.45,954711.32,2023-03-23,2027-10-28,Closed,1067502.35,871,Working Capital,Low
593,BKAILN60661928,432,13917,3,48,3766125,9.71,33,130497.82,2908562.61,2024-11-16,2027-08-03,Active,4451804.8,446,Business Expansion,High
594,BKAILN30094705,2989,15394,11,96,1745553,11.83,54,41844.39,559521.69,2024-08-13,2029-01-19,Active,1935354.64,726,Vehicle Purchase,Medium
595,BKAILN77551168,2628,357,8,51,282770,10.44,146,3427.86,252525.32,2024-10-30,2036-10-27,Active,317404.62,477,Personal Expenses,High
596,BKAILN38435937,6561,1835,9,29,6906856,12.7,28,286318.25,6739779.82,2022-06-15,2024-10-02,Active,10118894.43,428,Business Expansion,High
597,BKAILN46227990,1777,3421,12,10,392202,13.31,16,26887.35,267474.89,2021-05-03,2022-08-26,Active,0.0,499,Working Capital,High
598,BKAILN42257238,4411,2787,1,73,2273969,8.79,161,24098.79,611628.14,2022-01-13,2035-04-05,Active,2822468.84,333,Personal Expenses,High
599,BKAILN23070100,5429,13346,1,95,517782,8.36,143,5730.7,402139.56,2021-12-22,2033-09-20,Active,832583.97,432,Education,High
600,BKAILN38943676,2308,5278,1,65,300060,9.57,217,2912.59,51273.52,2020-04-23,2038-02-18,Active,461542.36,537,Working Capital,High
601,BKAILN30454970,9289,16303,8,13,8614664,11.75,146,111147.2,6155919.39,2016-10-26,2028-10-23,Active,10918030.8,376,Education,High
602,BKAILN57428314,1462,2331,5,23,682804,9.64,31,24970.15,167509.05,2022-03-10,2024-09-25,Active,884970.06,672,Personal Expenses,Medium
603,BKAILN64899510,2114,14446,5,47,18319233,10.96,14,1399915.25,2484699.44,2020-01-11,2021-03-06,Active,31166552.85,710,Working Capital,Medium
604,BKAILN11066084,2533,3451,6,38,3102379,11.58,64,65201.02,2264025.5,2022-10-04,2028-01-06,Active,0.0,874,Agriculture,Low
605,BKAILN24542266,6504,14193,2,26,3463552,12.17,71,68671.87,686500.76,2020-04-15,2026-02-13,Active,0.0,484,Business Expansion,High
606,BKAILN29530531,3498,10492,6,73,945929,13.4,89,16825.21,558640.22,2025-01-27,2032-05-20,Active,0.0,781,Agriculture,Low
607,BKAILN43832435,2886,2740,1,19,463956,10.36,212,4777.74,444182.43,2025-03-31,2042-08-29,Active,732387.03,576,Agriculture,High
608,BKAILN55905032,4865,5392,2,26,2898022,12.74,69,59458.53,2624045.69,2024-06-19,2030-02-18,Active,0.0,738,Agriculture,Medium
609,BKAILN20443308,9478,4739,8,42,8664010,10.66,236,87863.2,3900746.71,2019-02-08,2038-06-28,Active,9590643.68,503,Working Capital,High
610,BKAILN95133372,7362,18953,1,13,1547414,8.59,237,13581.81,159862.11,2017-05-27,2036-11-13,Active,2190196.28,428,Medical,High
611,BKAILN59694974,5961,531,7,39,24076962,13.33,54,595286.5,14907318.11,2017-11-18,2022-04-26,Closed,0.0,314,Business Expansion,High
612,BKAILN71582256,7019,12227,12,23,1360644,13.49,20,76346.59,547310.82,2016-12-03,2018-07-26,Active,0.0,480,Education,High
613,BKAILN22031000,270,13477,9,14,4887991,11.46,30,188157.67,4867592.92,2024-05-22,2026-11-08,Active,8134388.51,406,Business Expansion,High
614,BKAILN73025187,2039,11489,11,60,472508,11.28,61,10213.27,240585.43,2016-10-15,2021-10-19,Active,645803.09,500,Agriculture,High
615,BKAILN65640853,536,509,1,4,1564433,10.36,320,14427.87,1436781.43,2016-08-02,2042-11-14,Active,2458210.11,304,Working Capital,High
616,BKAILN87558199,7031,4223,9,82,216446,13.19,50,5650.05,59175.12,2021-02-10,2025-03-21,Active,335730.27,352,Education,High
617,BKAILN94197247,4264,18118,7,21,1417298,14.47,144,20790.87,877648.14,2018-06-03,2030-04-01,Closed,0.0,701,Medical,Medium
618,BKAILN86744869,6266,829,2,96,4488432,11.2,67,90408.69,4167666.0,2019-05-29,2024-11-28,Active,0.0,380,Personal Expenses,High
619,BKAILN44960996,848,9011,11,11,147808,12.03,46,4026.65,111400.13,2022-10-02,2026-07-13,Closed,246095.62,687,Home Purchase,Medium
620,BKAILN76336447,5922,6815,11,51,104221,13.44,79,1994.77,34996.91,2022-05-03,2028-10-28,Active,127820.74,379,Home Purchase,High
621,BKAILN34133211,4895,333,7,23,8522437,9.9,172,92925.16,7819098.68,2018-05-25,2032-07-10,Active,0.0,464,Home Purchase,High
622,BKAILN35883252,9931,969,2,69,303708,17.82,56,8025.34,99935.4,2017-03-09,2021-10-14,Active,0.0,424,Education,High
623,BKAILN46730893,7891,6529,4,12,163748,11.97,53,3992.94,154883.22,2017-09-30,2022-02-06,Active,0.0,574,Vehicle Purchase,High
624,BKAILN23810279,9563,19254,8,40,278622,11.61,186,3235.36,240013.96,2017-10-18,2033-01-27,Active,446401.84,702,Medical,Medium
625,BKAILN86120515,5783,12254,12,81,4501189,13.43,34,159900.01,2001864.48,2018-09-10,2021-06-26,Active,0.0,504,Personal Expenses,High
626,BKAILN34953074,5862,8039,3,10,1730755,11.64,56,40202.79,351663.38,2025-03-02,2029-10-07,Active,2884006.08,739,Working Capital,Medium
627,BKAILN85382123,1086,12636,6,37,114122,12.02,52,2826.34,93091.08,2019-02-20,2023-05-30,Active,0.0,538,Medical,High
628,BKAILN76927800,767,8993,2,54,3768949,14.71,21,204656.08,1045547.64,2023-04-13,2025-01-02,Active,0.0,805,Personal Expenses,Low
629,BKAILN48166934,2148,13200,3,5,250727,10.7,61,5346.8,218256.04,2016-09-19,2021-09-23,Closed,449194.55,772,Home Purchase,Low
630,BKAILN52033591,8091,1543,6,51,699481,15.51,20,39913.28,321978.03,2021-08-16,2023-04-08,Active,0.0,869,Personal Expenses,Low
631,BKAILN40379009,2789,2885,8,25,492014,11.97,91,8252.07,110634.75,2025-05-21,2032-11-10,Active,883400.44,746,Working Capital,Medium
632,BKAILN46226982,2791,4515,9,75,5929488,13.95,56,144655.32,2000338.97,2024-08-29,2029-04-05,Active,9377752.79,688,Education,Medium
633,BKAILN47653656,5275,15818,6,29,1366741,17.03,108,24812.73,847510.97,2022-10-21,2031-09-04,Active,0.0,801,Vehicle Purchase,Low
634,BKAILN99992846,3542,15341,12,50,488064,11.0,23,23632.43,75279.11,2019-12-16,2021-11-05,Active,0.0,313,Business Expansion,High
635,BKAILN24181508,2131,7170,6,47,4155568,12.46,87,72775.8,991514.5,2018-02-25,2025-04-19,Active,0.0,816,Personal Expenses,Low
636,BKAILN29768893,7553,3512,10,96,259822,8.54,111,3393.65,248479.51,2022-01-21,2031-03-05,Active,390790.37,404,Home Purchase,High
637,BKAILN63274774,8228,14119,8,66,1888075,9.65,67,36560.77,331659.42,2019-05-01,2024-10-31,Active,2647140.71,454,Personal Expenses,High
638,BKAILN79607791,7104,3578,5,88,390064,9.11,7,57428.36,247551.87,2023-07-10,2024-02-05,Active,573664.76,805,Medical,Low
639,BKAILN62601013,6438,3320,2,29,1706346,12.15,18,104175.41,518419.51,2022-05-31,2023-11-22,Active,0.0,714,Vehicle Purchase,Medium
640,BKAILN42026965,2790,10326,8,88,232259,9.72,112,3162.54,212982.48,2019-11-10,2029-01-21,Active,356629.71,612,Education,High
641,BKAILN11306458,9733,11540,6,61,56676,17.3,30,2340.47,50619.14,2022-07-18,2025-01-03,Active,0.0,474,Personal Expenses,High
642,BKAILN23420761,4991,11000,4,58,536472,10.39,35,17833.13,418176.29,2023-08-17,2026-07-02,Active,0.0,396,Working Capital,High
643,BKAILN25134534,4423,17017,9,94,1263971,10.66,43,35494.17,1140399.1,2021-10-05,2025-04-17,Active,2075653.24,795,Education,Low
644,BKAILN37690126,1463,6352,7,49,1249091,14.21,180,16811.27,1219064.76,2017-09-12,2032-06-25,Active,0.0,668,Vehicle Purchase,Medium
645,BKAILN51516670,3123,1347,11,75,7225576,12.22,81,131424.86,4553796.84,2021-02-12,2027-10-09,Active,12729200.06,582,Working Capital,High
646,BKAILN80220858,4748,18290,10,86,17394765,7.37,113,213935.71,16255577.1,2019-11-28,2029-03-10,Active,20925759.0,453,Personal Expenses,High
647,BKAILN57278935,11,1636,5,33,2171770,8.19,15,152815.35,321148.22,2024-02-13,2025-05-08,Active,2853868.77,740,Vehicle Purchase,Medium
648,BKAILN39374592,527,15506,9,46,19572694,12.49,47,528692.8,9568027.41,2023-04-19,2027-02-27,Active,34110936.57,597,Agriculture,High
649,BKAILN28679934,3269,8193,7,18,1133388,11.7,37,36636.35,1006832.95,2017-11-21,2020-12-05,Active,0.0,892,Medical,Low
650,BKAILN77620927,5859,15348,5,46,1817681,8.91,15,128500.97,338884.94,2020-08-08,2021-11-01,Active,2669446.28,620,Agriculture,High
651,BKAILN93334410,8901,18533,7,38,2370899,12.04,155,30218.41,1330041.42,2018-12-29,2031-09-22,Active,0.0,430,Agriculture,High
652,BKAILN85892528,7889,10857,3,8,292644,10.06,24,13512.14,57458.9,2018-03-20,2020-03-09,Active,443659.36,597,Home Purchase,High
653,BKAILN75089577,3289,3759,12,9,1538730,11.73,10,162266.29,1149781.89,2022-01-06,2022-11-02,Active,0.0,306,Business Expansion,High
654,BKAILN41531482,8958,8529,9,79,1493510,9.94,25,66385.57,552496.22,2024-02-20,2026-03-11,Active,2148568.97,488,Business Expansion,High
655,BKAILN74487117,4752,9485,7,86,797138,10.3,17,50595.29,471916.0,2017-08-28,2019-01-20,Active,0.0,787,Personal Expenses,Low
656,BKAILN26123105,9245,12761,6,2,2450200,15.67,62,57896.52,306700.34,2023-11-04,2028-12-07,Active,0.0,768,Home Purchase,Low
657,BKAILN58016078,8203,16490,11,27,1432141,12.1,66,29819.79,733993.97,2017-05-24,2022-10-25,Active,1584497.95,462,Agriculture,High
658,BKAILN62872219,1118,15852,9,49,1237919,9.78,53,28857.11,279813.48,2016-09-05,2021-01-12,Default,2041913.54,610,Education,High
659,BKAILN19069088,737,968,10,94,4203830,9.13,76,73042.71,4034311.13,2018-11-25,2025-02-21,Active,5648546.19,713,Business Expansion,Medium
660,BKAILN18639582,1015,8208,11,15,406160,9.92,83,6782.21,306791.67,2023-07-21,2030-05-15,Active,555975.54,730,Business Expansion,Medium
661,BKAILN36807901,3207,8274,8,63,2730091,11.67,215,30337.24,600333.3,2021-04-08,2038-12-05,Active,4221204.03,869,Vehicle Purchase,Low
662,BKAILN28865991,86,11783,4,100,277574,9.3,65,5452.08,51791.28,2018-01-02,2023-05-06,Active,0.0,334,Business Expansion,High
663,BKAILN57258874,5841,18308,6,18,4215241,12.3,105,65737.27,3561112.17,2019-02-08,2027-09-24,Active,0.0,812,Personal Expenses,Low
664,BKAILN54415303,370,7341,7,38,348399,12.94,30,13654.82,107138.32,2019-11-29,2022-05-17,Closed,0.0,853,Vehicle Purchase,Low
665,BKAILN51908052,6541,1857,7,70,132765,13.37,29,5382.71,124616.97,2019-09-12,2022-01-29,Active,0.0,812,Business Expansion,Low
666,BKAILN83428820,5401,2043,10,31,562869,8.41,45,14627.51,506146.0,2021-10-01,2025-06-12,Active,642556.83,509,Home Purchase,High
667,BKAILN14778162,8137,16634,6,29,9625691,17.87,65,232163.19,7228863.12,2022-06-20,2027-10-22,Active,0.0,406,Agriculture,High
668,BKAILN74716210,855,12686,8,99,2110536,10.06,118,28236.96,1506388.94,2021-04-01,2030-12-10,Active,3411779.58,865,Education,Low
669,BKAILN41966664,3802,3015,7,76,742396,13.36,152,10151.88,365906.46,2021-08-27,2034-02-20,Active,0.0,359,Agriculture,High
670,BKAILN17604050,2077,14371,12,24,5384029,15.02,31,210618.25,4476064.75,2022-09-13,2025-03-31,Active,0.0,378,Working Capital,High
671,BKAILN82966957,3373,16218,6,91,4542268,15.22,43,137697.41,768204.04,2018-02-20,2021-09-02,Active,0.0,556,Working Capital,High
672,BKAILN24009401,885,11359,4,53,7048547,10.27,101,104522.01,5131303.58,2021-12-04,2030-03-22,Active,0.0,815,Personal Expenses,Low
673,BKAILN41555291,7214,14869,5,15,121896,8.24,35,3929.89,91716.95,2021-04-29,2024-03-14,Active,201318.32,336,Home Purchase,High
674,BKAILN60912405,3022,14126,5,69,677196,8.83,18,40306.55,302162.77,2021-03-18,2022-09-09,Active,765970.22,510,Vehicle Purchase,High
675,BKAILN67384680,936,3579,1,71,63627,9.47,209,622.53,25886.64,2025-03-12,2042-05-12,Active,106923.11,744,Vehicle Purchase,Medium
676,BKAILN12037883,4599,8992,9,11,20908470,11.59,48,546400.6,16121904.07,2020-04-05,2024-03-15,Default,36532591.78,435,Vehicle Purchase,High
677,BKAILN51190770,9314,10519,6,34,3517059,15.0,16,243896.51,2276237.98,2016-11-06,2018-03-01,Active,0.0,427,Personal Expenses,High
678,BKAILN52147927,1050,14433,8,24,294548,9.06,62,5966.72,183094.95,2024-11-05,2029-12-09,Active,340404.06,864,Vehicle Purchase,Low
679,BKAILN87831614,5200,1375,5,71,169233,10.61,10,17757.13,22787.49,2018-02-28,2018-12-25,Active,267237.35,750,Home Purchase,Low
680,BKAILN69567530,1855,16746,12,10,3481995,16.45,14,275038.7,690295.52,2021-07-31,2022-09-24,Active,0.0,819,Working Capital,Low
681,BKAILN97507034,6140,15424,10,38,407048,8.11,117,5045.09,263062.94,2021-11-03,2031-06-14,Active,550410.66,717,Education,Medium
682,BKAILN56177977,3521,12414,6,75,553552,11.31,31,20675.4,425038.86,2016-09-29,2019-04-17,Active,0.0,895,Education,Low
683,BKAILN82338977,1987,17294,7,7,43789037,13.69,178,576036.44,25984840.5,2018-06-08,2033-01-20,Active,0.0,728,Personal Expenses,Medium
684,BKAILN25490996,3950,14583,6,94,3023532,12.88,119,45117.03,930648.08,2021-06-11,2031-03-21,Closed,0.0,622,Agriculture,High
685,BKAILN82157584,4014,13357,6,87,660315,11.56,83,11591.8,202576.04,2020-10-21,2027-08-16,Active,0.0,428,Education,High
686,BKAILN34147877,7440,509,10,22,1158180,7.78,48,28155.11,716230.76,2023-11-03,2027-10-13,Active,1786887.4,502,Vehicle Purchase,High
687,BKAILN62091796,6920,11612,9,17,439469,12.7,42,13015.16,435487.47,2023-08-19,2027-01-30,Active,524139.04,842,Medical,Low
688,BKAILN94668837,7369,14277,12,38,482388,12.26,16,32833.97,460645.4,2021-07-10,2022-11-02,Active,0.0,718,Education,Medium
689,BKAILN60918794,5251,14372,12,23,1568235,11.6,30,60470.65,1107983.72,2021-05-09,2023-10-26,Active,0.0,764,Vehicle Purchase,Low
690,BKAILN52758855,2924,4693,2,6,601268,12.24,75,11509.48,214491.22,2020-09-19,2026-11-17,Active,0.0,693,Medical,Medium
691,BKAILN40015561,2775,9453,7,34,372687,12.36,159,4774.84,129122.5,2022-04-10,2035-05-02,Default,0.0,749,Business Expansion,Medium
692,BKAILN82197852,3198,219,4,63,100319,11.17,60,2189.69,96694.58,2025-01-21,2029-12-26,Active,0.0,852,Home Purchase,Low
693,BKAILN69647037,7083,16163,6,34,1432865,12.42,85,25427.48,1066948.27,2024-04-10,2031-04-04,Active,0.0,422,Education,High
694,BKAILN19943990,5158,1257,5,56,235451,10.19,9,27284.51,82054.02,2021-09-28,2022-06-25,Active,362932.83,825,Working Capital,Low
695,BKAILN73097822,2482,15877,4,24,1815513,11.87,33,64751.68,1281775.54,2023-01-13,2025-09-29,Active,0.0,571,Vehicle Purchase,High
696,BKAILN66124397,4311,12462,3,81,96510,9.4,80,1628.16,62740.71,2019-04-01,2025-10-26,Active,154125.83,339,Working Capital,High
697,BKAILN22956471,3587,3683,8,97,3225223,10.86,106,47446.55,2057879.0,2021-02-07,2029-10-23,Active,4774585.69,602,Agriculture,High
698,BKAILN75655873,9848,13501,8,88,2739014,10.14,229,27088.67,1992007.43,2021-08-09,2040-05-31,Active,4364271.39,795,Vehicle Purchase,Low
699,BKAILN63509858,4272,1791,5,35,1357748,9.52,34,45718.57,638285.72,2021-12-10,2024-09-25,Active,2262444.52,735,Medical,Medium
700,BKAILN92316265,5402,4235,6,78,6856484,15.45,17,451650.66,1958079.77,2019-06-29,2020-11-20,Active,0.0,412,Home Purchase,High
701,BKAILN81900277,6481,7515,7,38,234916,10.0,97,3540.63,65446.62,2019-07-01,2027-06-19,Active,0.0,460,Working Capital,High
702,BKAILN75082169,693,5143,6,37,2057215,13.89,82,38984.45,395537.97,2019-08-07,2026-05-02,Active,0.0,707,Medical,Medium
703,BKAILN19917380,8266,13612,11,3,67709,12.59,39,2124.44,60190.56,2017-03-13,2020-05-26,Active,115334.74,378,Education,High
704,BKAILN37201463,1634,8660,2,84,1770228,16.02,62,42159.81,658416.09,2025-03-29,2030-05-02,Active,0.0,769,Agriculture,Low
705,BKAILN62834161,6107,17911,5,92,9054630,9.29,13,734837.11,5033778.07,2019-07-10,2020-08-03,Active,12383889.19,808,Medical,Low
706,BKAILN22802899,9190,5547,10,27,986782,9.93,62,20410.58,374531.96,2018-04-18,2023-05-22,Active,1184769.82,385,Personal Expenses,High
707,BKAILN55347939,2468,1197,10,42,3986065,7.75,30,146583.15,3151652.57,2024-11-03,2027-04-22,Active,5087879.91,618,Agriculture,High
708,BKAILN79045775,9090,2669,1,14,1679459,8.85,173,17214.67,524269.0,2018-03-11,2032-05-26,Active,2389803.69,794,Business Expansion,Low
709,BKAILN76462542,2798,17190,7,63,1590392,10.2,15,113378.26,214950.63,2024-03-24,2025-06-17,Active,0.0,734,Agriculture,Medium
710,BKAILN28994170,4755,17146,7,88,1117032,9.55,42,31392.73,678518.02,2021-05-02,2024-10-13,Active,0.0,469,Working Capital,High
711,BKAILN73148560,1099,184,9,40,941697,12.22,42,27669.17,102493.42,2020-03-10,2023-08-22,Active,1310288.56,453,Medical,High
712,BKAILN56299404,232,6313,12,36,223557,11.06,20,12291.0,150388.85,2021-07-28,2023-03-20,Active,0.0,531,Agriculture,High
713,BKAILN47579022,2922,8616,10,73,3068497,9.19,59,64835.61,520811.43,2023-03-26,2028-01-29,Active,3702740.79,521,Agriculture,High
714,BKAILN22259214,2401,4697,6,22,367076,15.03,87,6951.46,113297.25,2016-09-19,2023-11-12,Active,0.0,521,Home Purchase,High
715,BKAILN85181407,6443,12364,6,100,1573124,11.54,18,95596.51,1233339.73,2019-11-22,2021-05-15,Active,0.0,546,Personal Expenses,High
716,BKAILN85227139,7236,16060,6,89,6794318,13.18,78,130131.75,5029241.9,2022-05-22,2028-10-17,Active,0.0,747,Business Expansion,Medium
717,BKAILN35633440,6267,12262,9,23,2106098,13.55,53,53024.77,1591456.85,2021-08-15,2025-12-22,Closed,2631876.88,873,Home Purchase,Low
718,BKAILN11744092,9942,8947,4,5,152177,10.27,158,1760.35,140646.0,2021-05-14,2034-05-06,Active,0.0,814,Personal Expenses,Low
719,BKAILN75807017,2848,15514,7,96,9799802,9.74,76,173285.21,9775385.01,2020-03-22,2026-06-19,Active,0.0,765,Business Expansion,Low
720,BKAILN52176116,1598,17829,1,36,423980,9.08,276,3665.84,63784.91,2024-02-29,2046-10-31,Default,655572.59,363,Medical,High
721,BKAILN65885406,1008,2129,11,25,3327415,11.96,25,151024.87,1879012.56,2021-05-24,2023-06-13,Active,5850865.36,712,Education,Medium
722,BKAILN51763795,4486,18369,12,45,593341,12.1,11,57258.02,458145.63,2018-05-18,2019-04-13,Active,0.0,303,Personal Expenses,High
723,BKAILN32727871,172,7128,10,82,346846,9.51,23,16555.88,92640.14,2024-07-14,2026-06-04,Active,525056.85,320,Business Expansion,High
724,BKAILN47441833,2301,18516,12,41,1927932,16.16,15,142807.54,1417651.91,2021-04-01,2022-06-25,Active,0.0,482,Medical,High
725,BKAILN70354107,2794,1204,5,75,204629,10.65,11,19607.81,127039.12,2021-07-09,2022-06-04,Active,275062.6,835,Medical,Low
726,BKAILN22181265,8410,6905,12,34,3210850,13.1,26,142516.46,1915111.76,2019-11-08,2021-12-27,Active,0.0,575,Vehicle Purchase,High
727,BKAILN53268043,1714,11760,1,2,1823542,10.32,252,17731.59,793340.1,2021-11-18,2042-07-31,Active,2488290.73,334,Personal Expenses,High
728,BKAILN89668254,9437,14254,6,94,1250790,13.36,24,59676.56,149563.18,2017-01-25,2019-01-15,Active,0.0,767,Medical,Low
729,BKAILN24476095,6898,13956,5,100,227145,10.17,25,10120.59,178730.34,2022-11-16,2024-12-05,Active,393098.47,819,Agriculture,Low
730,BKAILN17220926,1482,10135,10,99,23318569,7.09,77,377809.37,18110718.32,2019-02-18,2025-06-16,Active,27770633.65,641,Working Capital,High
731,BKAILN22101995,4010,5051,8,88,1881203,10.39,177,20813.29,500652.63,2024-08-07,2039-02-20,Active,3198860.67,747,Working Capital,Medium
732,BKAILN22861395,6351,4211,1,41,8305509,9.32,208,80636.93,3643314.69,2018-01-03,2035-02-03,Active,11830689.2,548,Education,High
733,BKAILN13609956,3633,19941,7,23,479806,13.75,84,8925.44,337250.36,2020-01-10,2026-12-04,Active,0.0,900,Working Capital,Low
734,BKAILN38351125,4947,14268,6,12,4513102,13.38,117,69242.24,2482001.74,2023-12-15,2033-07-25,Active,0.0,345,Education,High
735,BKAILN79437349,1744,15235,7,11,27516722,10.33,91,437360.73,7197443.32,2020-10-09,2028-03-31,Active,0.0,707,Business Expansion,Medium
736,BKAILN66701227,894,9928,11,55,525637,12.95,75,10258.99,377233.27,2021-03-13,2027-05-11,Active,582464.7,711,Business Expansion,Medium
737,BKAILN61468716,1311,4928,10,1,45904864,9.42,69,864196.19,37042712.02,2024-04-01,2029-12-01,Active,82009689.34,844,Vehicle Purchase,Low
738,BKAILN90440472,6051,8269,4,55,278006,10.56,140,3461.72,142957.81,2020-01-05,2031-07-06,Active,0.0,351,Vehicle Purchase,High
739,BKAILN81305655,6492,8148,1,23,1248443,9.47,165,13558.46,164861.35,2018-05-16,2031-12-04,Active,1470888.45,337,Business Expansion,High
740,BKAILN86379051,7511,1332,3,10,3152160,11.11,64,65498.17,2921729.6,2022-10-07,2028-01-09,Active,5461137.17,836,Home Purchase,Low
741,BKAILN34686713,4209,2598,3,56,712070,10.73,70,13729.9,551384.5,2018-05-12,2024-02-10,Default,993886.61,322,Medical,High
742,BKAILN34926040,4536,16436,10,86,1578020,7.78,50,37053.02,463446.07,2020-03-13,2024-04-21,Active,2769164.39,581,Agriculture,High
743,BKAILN23038943,3627,7368,3,3,2868793,10.95,41,84188.76,976387.82,2022-06-03,2025-10-15,Active,4358716.75,625,Medical,High
744,BKAILN56030066,5581,10475,2,45,1382408,15.09,70,29815.84,1295157.91,2020-03-02,2025-12-01,Active,0.0,312,Education,High
745,BKAILN94742934,7972,18394,8,45,1616189,11.99,187,19128.71,1122651.18,2025-02-20,2040-07-01,Active,2424153.08,380,Working Capital,High
746,BKAILN13141814,4652,18234,5,96,3960335,8.88,16,263376.9,2621102.66,2023-08-20,2024-12-12,Active,5922382.8,725,Medical,Medium
747,BKAILN31356391,6572,18025,7,53,248405,14.57,45,7197.41,152438.82,2024-04-05,2027-12-16,Active,0.0,482,Medical,High
748,BKAILN76415389,7601,9381,7,58,1261633,14.45,83,24125.37,571464.27,2019-07-13,2026-05-07,Active,0.0,713,Education,Medium
749,BKAILN65068702,3095,952,7,80,1200564,11.09,148,14918.53,571816.52,2018-03-06,2030-05-02,Active,0.0,728,Business Expansion,Medium
750,BKAILN90710835,6379,18090,10,66,1181617,8.71,64,23147.61,845951.22,2020-03-18,2025-06-20,Active,2087080.96,323,Education,High
751,BKAILN71631831,4015,19768,8,57,141861,10.29,121,1888.57,128384.36,2024-10-10,2034-09-18,Default,176603.48,772,Education,Low
752,BKAILN79762014,7704,12627,8,10,1766695,10.75,88,29103.81,187614.14,2024-09-19,2031-12-12,Active,1983337.38,716,Vehicle Purchase,Medium
753,BKAILN15356154,5954,13089,12,92,1772923,13.72,28,74351.97,272689.11,2017-05-12,2019-08-30,Closed,0.0,707,Personal Expenses,Medium
754,BKAILN74772268,3443,8668,7,13,1050501,13.83,38,34295.22,426347.05,2018-02-20,2021-04-05,Active,0.0,548,Business Expansion,High
755,BKAILN46950003,9740,1172,8,98,3090518,12.15,185,37035.6,2499105.82,2021-10-17,2036-12-27,Active,4912975.36,881,Vehicle Purchase,Low
756,BKAILN49578072,2531,4213,1,19,7442917,8.75,214,68805.9,4546698.89,2023-09-23,2041-04-21,Active,9774923.97,750,Agriculture,Low
757,BKAILN64471544,7815,5584,5,45,943888,9.91,6,161892.88,403743.95,2022-08-05,2023-02-01,Active,1374314.23,829,Working Capital,Low
758,BKAILN40175524,5068,6765,9,29,854673,11.18,43,24213.82,96415.09,2021-03-30,2024-10-10,Active,1506672.07,650,Business Expansion,Medium
759,BKAILN94074257,1620,10798,11,65,5102348,10.29,55,116749.44,1440275.41,2017-03-10,2021-09-15,Active,7985025.94,708,Business Expansion,Medium
760,BKAILN84084918,4547,2994,1,96,180008,9.25,253,1619.68,91886.78,2017-06-16,2038-03-28,Active,203078.36,572,Business Expansion,High
761,BKAILN95081383,1197,6437,3,62,977283,10.45,27,40774.17,569990.81,2024-05-26,2026-08-14,Active,1609574.17,626,Business Expansion,High
762,BKAILN96251983,3192,19299,8,82,950875,9.69,198,9639.23,462867.01,2018-12-24,2035-03-30,Active,1648334.38,753,Personal Expenses,Low
763,BKAILN81429336,4080,11179,1,36,1067790,8.82,224,9736.16,379471.35,2019-09-26,2038-02-18,Active,1656885.2,570,Vehicle Purchase,High
764,BKAILN22692698,7262,11221,11,82,1522531,11.26,72,29183.13,397252.17,2023-09-03,2029-08-02,Active,2485237.2,611,Education,High
765,BKAILN91809287,3446,18711,4,87,4104617,11.62,83,72186.89,790653.52,2020-03-18,2027-01-11,Active,0.0,607,Education,High
766,BKAILN46155999,3748,8614,4,61,31856100,11.57,67,647668.62,21921506.57,2020-03-10,2025-09-10,Closed,0.0,726,Vehicle Purchase,Medium
767,BKAILN64234848,907,13396,6,46,1242253,12.01,54,29890.55,976939.71,2021-02-02,2025-07-11,Active,0.0,305,Education,High
768,BKAILN53712718,9144,18350,8,95,1977106,11.68,64,41652.13,239844.9,2021-04-25,2026-07-28,Active,2766463.28,691,Medical,Medium
769,BKAILN98505617,6391,15960,10,32,3019794,8.51,47,75777.82,1913481.11,2017-05-31,2021-04-10,Active,5334260.02,347,Agriculture,High
770,BKAILN53559761,6780,4974,1,20,8099162,8.48,283,66266.82,4249280.26,2024-04-04,2047-07-03,Active,13902979.52,375,Medical,High
771,BKAILN52139163,5919,14610,9,96,1701109,9.9,27,70539.88,1225841.46,2022-03-27,2024-06-14,Closed,2038485.35,369,Education,High
772,BKAILN67355386,6494,15937,6,7,2834605,14.28,70,59902.27,641309.38,2025-03-30,2030-12-29,Active,0.0,720,Home Purchase,Medium
773,BKAILN85874195,1510,18295,9,100,567286,11.18,48,14711.44,227128.44,2019-01-21,2022-12-31,Active,650663.79,377,Education,High
774,BKAILN97301075,5414,2393,9,24,4558658,13.31,17,295712.0,3810947.79,2020-09-01,2022-01-24,Active,6500649.12,455,Working Capital,High
775,BKAILN53269689,6999,4932,8,34,1406803,10.85,237,14428.99,1189311.79,2018-07-05,2037-12-22,Active,1566067.39,530,Working Capital,High
776,BKAILN81594695,9862,1293,9,100,155031,11.56,54,3695.63,44265.96,2023-11-03,2028-04-10,Active,190240.2,326,Working Capital,High
777,BKAILN57693567,448,4500,2,57,170640,12.96,52,4306.03,52843.96,2022-06-18,2026-09-25,Active,0.0,522,Agriculture,High
778,BKAILN22462359,2869,16604,1,75,937434,9.25,310,7962.7,267233.41,2023-04-11,2048-09-26,Active,1280866.15,427,Business Expansion,High
779,BKAILN78281290,1835,14974,3,3,306433,11.21,31,11431.0,251217.48,2024-06-26,2027-01-12,Active,414267.06,561,Agriculture,High
780,BKAILN97299591,6385,15446,7,3,5547824,14.79,37,187625.56,2056162.24,2018-03-11,2021-03-25,Closed,0.0,386,Vehicle Purchase,High
781,BKAILN15233258,1003,19537,12,27,73786,14.38,16,5095.34,17722.1,2019-09-08,2020-12-31,Active,0.0,781,Vehicle Purchase,Low
782,BKAILN58998598,1793,5321,6,4,44802636,15.32,117,739636.05,37117901.05,2017-03-07,2026-10-16,Active,0.0,485,Vehicle Purchase,High
783,BKAILN64714435,762,17678,7,49,376061,12.94,79,7096.45,49188.96,2020-03-23,2026-09-18,Active,0.0,447,Education,High
784,BKAILN69111612,2203,19768,3,82,17543747,9.08,46,453029.0,17281150.59,2020-04-17,2024-01-27,Active,29812059.43,849,Personal Expenses,Low
785,BKAILN36345208,2062,7187,8,66,34533842,12.15,125,488252.31,25716791.42,2018-01-03,2028-04-10,Active,49537169.52,884,Education,Low
786,BKAILN54107402,7572,19359,4,67,426055,11.14,48,11040.6,322535.24,2023-06-07,2027-05-17,Active,0.0,608,Vehicle Purchase,High
787,BKAILN95178684,559,7794,3,21,4430048,9.82,47,113922.16,1232025.31,2016-08-05,2020-06-15,Active,5437975.75,446,Home Purchase,High
788,BKAILN47487708,8430,11055,10,44,40340194,8.44,56,874010.12,26591501.71,2020-06-02,2025-01-07,Default,59788830.79,420,Education,High
789,BKAILN82923013,2069,3100,5,30,3913929,9.02,33,134364.2,613727.53,2022-07-22,2025-04-07,Default,5306487.6,326,Business Expansion,High
790,BKAILN34509818,6514,16742,2,25,1229021,14.63,49,33463.66,1191736.55,2024-07-28,2028-08-06,Active,0.0,816,Medical,Low
791,BKAILN40926924,8698,5465,1,48,6273150,8.7,310,50902.65,892642.26,2019-08-13,2045-01-28,Active,9241663.42,852,Education,Low
792,BKAILN73960898,7668,10549,11,18,818875,12.04,63,17598.95,300401.66,2021-01-03,2026-03-08,Active,1417202.1,731,Vehicle Purchase,Medium
793,BKAILN31508787,3973,12821,1,21,49861654,8.42,301,398426.57,38874768.65,2024-11-02,2049-07-24,Active,59744846.58,792,Agriculture,Low
794,BKAILN37626181,7265,4667,10,87,7317084,7.58,118,88150.47,5512552.54,2024-02-13,2033-10-23,Active,11049900.33,455,Working Capital,High
795,BKAILN30626125,1154,11187,1,35,2430387,9.68,253,22560.14,2041564.77,2022-02-25,2042-12-07,Closed,3594254.7,765,Home Purchase,Low
796,BKAILN49071710,3681,17133,7,14,109159,14.11,77,2162.73,78844.81,2017-07-17,2023-11-13,Active,0.0,798,Working Capital,Low
797,BKAILN43778683,8321,10776,4,54,3813942,11.98,150,49152.71,1343206.33,2016-11-13,2029-03-10,Active,0.0,582,Vehicle Purchase,High
798,BKAILN75479724,9187,19879,6,73,423867,11.58,24,19869.86,296310.86,2020-08-21,2022-08-11,Active,0.0,406,Agriculture,High
799,BKAILN62847572,654,11381,1,83,489461,9.6,271,4426.49,154059.26,2016-12-07,2039-03-12,Active,737170.09,731,Personal Expenses,Medium
800,BKAILN65317019,465,14963,10,33,1817260,9.59,16,121447.55,1212964.98,2025-03-26,2026-07-19,Active,2417452.95,599,Working Capital,High
801,BKAILN38102644,9151,17934,6,83,2200485,17.82,43,69606.31,741247.3,2018-05-20,2021-11-30,Active,0.0,464,Agriculture,High
802,BKAILN52484493,5011,3320,6,93,2372746,16.47,34,87800.76,1956661.52,2017-03-16,2019-12-31,Active,0.0,533,Agriculture,High
803,BKAILN32621484,5289,522,6,15,1302573,15.35,93,24030.92,1180394.53,2020-08-04,2028-03-25,Active,0.0,463,Vehicle Purchase,High
804,BKAILN45348929,2389,11147,9,69,4257603,12.65,47,115341.04,1186839.41,2024-08-25,2028-07-05,Active,4953208.27,714,Education,Medium
805,BKAILN99593195,4486,864,7,64,1695601,10.07,87,27540.36,544819.04,2025-01-16,2032-03-10,Active,0.0,458,Medical,High
806,BKAILN68914857,6792,18230,4,71,389683,12.0,136,5254.63,339717.15,2025-04-08,2036-06-09,Default,0.0,794,Medical,Low
807,BKAILN45374067,7067,12132,7,47,4630899,10.52,144,56742.89,3783989.05,2017-07-30,2029-05-28,Closed,0.0,672,Medical,Medium
808,BKAILN73852434,8772,10273,6,14,782052,14.78,21,42491.7,768686.67,2024-06-02,2026-02-22,Active,0.0,819,Medical,Low
809,BKAILN76724054,9684,14293,12,9,1661975,12.59,28,68809.56,854612.45,2024-11-27,2027-03-17,Closed,0.0,748,Education,Medium
810,BKAILN43824487,452,19587,1,63,390932,9.51,263,3542.44,62107.95,2021-07-12,2043-02-17,Active,626745.37,883,Education,Low
811,BKAILN29358634,8842,19231,7,41,212437,10.68,127,2799.18,188723.05,2016-07-19,2026-12-24,Active,0.0,716,Home Purchase,Medium
812,BKAILN90735381,2939,5939,12,4,648926,15.03,24,31473.5,492729.97,2023-09-11,2025-08-31,Active,0.0,554,Personal Expenses,High
813,BKAILN34560448,1571,10198,12,46,1346317,11.22,8,175447.28,302461.63,2020-03-07,2020-11-02,Active,0.0,651,Agriculture,Medium
814,BKAILN80312275,4224,669,5,78,33568679,9.5,11,3198558.59,5821197.0,2018-05-28,2019-04-23,Active,47540273.54,396,Home Purchase,High
815,BKAILN19313264,2825,6177,11,82,1609648,10.99,34,55310.07,1319966.66,2025-03-11,2027-12-26,Active,2410697.47,683,Education,Medium
816,BKAILN78092509,2439,14586,9,4,100837,10.48,34,3440.71,74188.89,2020-07-23,2023-05-09,Active,173013.14,481,Business Expansion,High
817,BKAILN71024383,8979,12742,5,58,233004,10.81,9,27069.37,127659.62,2024-05-20,2025-02-14,Closed,354737.49,645,Business Expansion,High
818,BKAILN79772254,1491,10504,6,68,1529216,12.72,30,59774.98,1268968.86,2020-02-12,2022-07-31,Active,0.0,401,Agriculture,High
819,BKAILN13198965,8049,3419,9,42,6661293,12.39,30,259339.8,3089602.8,2020-09-20,2023-03-09,Active,9085649.7,802,Agriculture,Low
820,BKAILN82851642,2841,10278,5,95,4869124,9.49,31,177724.92,4635902.06,2023-05-24,2025-12-09,Active,6402819.58,884,Home Purchase,Low
821,BKAILN38788785,1617,14983,1,24,4255545,10.43,218,43596.42,3678062.09,2019-08-17,2037-07-13,Closed,6196592.31,345,Working Capital,High
822,BKAILN48982422,78,7878,2,85,5130802,15.86,75,108244.79,4670510.72,2023-03-12,2029-05-09,Active,0.0,419,Working Capital,High
823,BKAILN86576546,5075,6714,3,84,169732,11.96,76,3195.52,111953.08,2022-09-28,2028-12-25,Active,217380.81,732,Vehicle Purchase,Medium
824,BKAILN94092385,6480,1370,7,90,3581806,13.3,118,54557.51,1175129.43,2020-01-11,2029-09-20,Active,0.0,310,Education,High
825,BKAILN63446108,4667,17573,11,37,384284,12.26,28,15850.46,151654.11,2019-06-25,2021-10-12,Active,676513.61,562,Vehicle Purchase,High
826,BKAILN74266104,1792,3651,2,30,481424,16.21,62,11514.58,479499.56,2019-09-10,2024-10-13,Active,0.0,780,Agriculture,Low
827,BKAILN35363046,3448,10418,3,6,641349,9.02,68,12081.1,319277.28,2023-11-26,2029-06-27,Active,1050778.89,815,Education,Low
828,BKAILN18542875,3691,6029,6,81,1234250,17.02,44,37900.76,1175177.76,2023-10-14,2027-05-26,Active,0.0,817,Personal Expenses,Low
829,BKAILN18741781,6717,16976,1,69,1015430,10.21,137,12580.69,601551.92,2023-11-23,2035-02-23,Active,1342690.39,414,Education,High
830,BKAILN86095382,1961,7358,12,98,800913,16.1,17,53003.37,122199.93,2019-03-12,2020-08-03,Active,0.0,696,Business Expansion,Medium
831,BKAILN92222921,4097,11310,1,82,4704446,9.71,353,40416.73,2374353.13,2021-03-01,2050-02-27,Active,7638367.09,802,Education,Low
832,BKAILN29325175,698,15072,8,53,36068558,10.88,152,438142.8,15555297.33,2023-09-15,2036-03-10,Active,40204034.15,607,Medical,High
833,BKAILN72212219,5957,11070,7,42,936420,10.19,172,10374.67,467745.16,2020-06-06,2034-07-23,Active,0.0,697,Education,Medium
834,BKAILN72193264,8982,13377,12,48,9767973,13.68,13,812701.73,6773047.82,2017-04-28,2018-05-23,Active,0.0,672,Medical,Medium
835,BKAILN98536920,6297,16958,7,56,334598,10.28,39,10128.65,135149.1,2023-01-25,2026-04-09,Active,0.0,460,Personal Expenses,High
836,BKAILN30224364,6739,10371,1,60,2722850,9.81,218,26802.27,1257109.45,2018-04-24,2036-03-20,Active,4485354.18,502,Education,High
837,BKAILN22072478,5134,11689,8,26,328180,10.11,216,3304.54,304601.78,2025-05-28,2043-02-23,Active,560736.43,639,Medical,High
838,BKAILN31449657,2491,5350,5,54,1161652,10.52,17,73849.35,419085.64,2023-07-16,2024-12-07,Active,1360352.16,875,Agriculture,Low
839,BKAILN28199754,6242,15494,3,49,3179584,10.58,64,65221.92,2919704.97,2023-11-10,2029-02-11,Active,3713589.58,340,Home Purchase,High
840,BKAILN56147922,5567,2786,10,48,1424711,9.06,116,18478.94,1386624.25,2025-04-12,2034-10-22,Active,2511228.17,880,Education,Low
841,BKAILN12141515,9672,13689,10,22,732725,7.9,62,14431.98,698935.82,2016-08-11,2021-09-14,Active,848606.11,806,Vehicle Purchase,Low
842,BKAILN68109521,5530,1326,4,35,3336170,10.55,157,39265.8,1254308.2,2017-08-24,2030-07-17,Active,0.0,759,Personal Expenses,Low
843,BKAILN14829577,4429,12293,11,43,66448,9.82,59,1424.43,18584.05,2021-03-26,2026-01-29,Active,94959.82,697,Agriculture,Medium
844,BKAILN99418882,5221,16673,7,15,1048590,13.39,45,29766.89,966822.65,2024-07-26,2028-04-06,Active,0.0,386,Education,High
845,BKAILN55786338,1154,5120,2,75,2645949,12.32,34,92587.97,287563.64,2024-08-28,2027-06-14,Active,0.0,313,Personal Expenses,High
846,BKAILN22308286,1501,126,11,56,4569285,12.99,74,90061.81,4232080.7,2023-04-07,2029-05-05,Active,7989821.37,490,Medical,High
847,BKAILN91263173,3049,15376,4,37,1171938,8.7,44,31204.34,864203.33,2023-04-16,2026-11-26,Active,0.0,807,Home Purchase,Low
848,BKAILN35259577,3065,10532,8,97,7208399,9.65,61,149979.57,7031442.5,2019-01-19,2024-01-23,Default,11461188.0,377,Education,High
849,BKAILN81209329,115,8247,7,37,205566,12.99,163,2690.45,173091.04,2022-09-09,2036-01-29,Active,0.0,546,Business Expansion,High
850,BKAILN52734662,9637,11845,1,90,4599820,8.39,208,42026.37,2306068.27,2017-06-21,2034-07-22,Active,8206158.76,390,Business Expansion,High
851,BKAILN40616624,9622,5589,10,6,1445369,7.79,119,17472.97,780757.56,2016-12-10,2026-09-19,Active,2142241.85,494,Agriculture,High
852,BKAILN28714249,5190,12500,8,81,467465,12.08,143,6181.7,362517.65,2017-03-24,2028-12-21,Active,651514.39,325,Working Capital,High
853,BKAILN36542426,356,16297,1,51,396959,9.23,329,3320.18,179489.97,2025-04-26,2052-05-04,Active,478307.76,645,Vehicle Purchase,High
854,BKAILN18979981,5297,15621,4,78,1546766,9.26,179,15969.69,237868.44,2018-01-13,2032-09-26,Active,0.0,408,Medical,High
855,BKAILN90411964,2121,17356,9,37,1528668,13.75,25,70669.56,1093994.02,2022-01-07,2024-01-27,Active,2140591.05,424,Working Capital,High
856,BKAILN41331564,5121,15604,12,36,1493050,15.68,17,98512.13,430760.44,2022-09-28,2024-02-20,Active,0.0,634,Working Capital,High
857,BKAILN12603460,5136,16744,12,13,4400296,11.67,10,463907.3,2374967.92,2022-09-16,2023-07-13,Active,0.0,781,Education,Low
858,BKAILN58826054,968,15524,10,32,1470330,7.96,79,23972.62,402669.79,2016-10-13,2023-04-10,Active,2409814.97,446,Home Purchase,High
859,BKAILN36851375,3084,19582,6,78,1678344,13.49,91,29553.04,1081346.84,2021-12-24,2029-06-15,Active,0.0,849,Home Purchase,Low
860,BKAILN29335352,4852,829,12,4,1557236,15.81,22,81998.66,573622.38,2025-05-19,2027-03-10,Active,0.0,509,Agriculture,High
861,BKAILN71195665,4522,6481,2,91,1812587,13.26,30,71316.59,693637.73,2016-12-30,2019-06-18,Active,0.0,580,Vehicle Purchase,High
862,BKAILN13417889,7115,10614,3,51,759869,10.66,44,20939.77,291593.54,2023-11-30,2027-07-12,Active,1219096.49,863,Home Purchase,Low
863,BKAILN28778595,2484,3351,11,67,2165178,10.63,60,46677.68,473481.3,2017-07-01,2022-06-05,Active,2478510.72,369,Medical,High
864,BKAILN96143448,6488,5079,2,71,670203,16.16,57,16917.63,104508.38,2019-05-23,2024-01-27,Active,0.0,726,Medical,Medium
865,BKAILN41227854,2501,4512,8,65,169221,9.56,126,2132.93,51268.53,2017-09-06,2028-01-12,Active,191164.97,524,Agriculture,High
866,BKAILN88213929,8053,235,11,45,1107418,12.18,25,50377.53,310201.03,2025-01-19,2027-02-08,Active,1246071.07,535,Working Capital,High
867,BKAILN78569102,6364,5239,9,26,9498224,13.54,22,489956.75,6273697.26,2017-02-26,2018-12-18,Active,12214266.85,683,Vehicle Purchase,Medium
868,BKAILN64450900,3353,6057,6,15,255852,12.37,45,7134.63,248422.39,2018-09-26,2022-06-07,Active,0.0,824,Business Expansion,Low
869,BKAILN86080861,4135,7105,12,66,3252461,16.1,12,295252.51,1682829.15,2021-06-15,2022-06-10,Active,0.0,535,Home Purchase,High
870,BKAILN74448074,9189,19554,4,37,40728098,11.82,109,611131.39,31705715.59,2018-10-02,2027-09-15,Active,0.0,803,Medical,Low
871,BKAILN86250555,2614,3187,2,7,5419666,15.12,12,489476.84,2022087.65,2025-07-02,2026-06-27,Active,0.0,690,Medical,Medium
872,BKAILN71327790,3354,3943,7,82,3751068,13.58,107,60639.4,1394816.27,2024-02-27,2032-12-11,Active,0.0,569,Home Purchase,High
873,BKAILN38920642,1068,13027,8,87,992418,9.61,88,15757.49,727034.57,2025-04-01,2032-06-23,Active,1424921.2,456,Home Purchase,High
874,BKAILN37205749,4380,800,8,86,2055655,10.51,179,22788.39,1826939.21,2016-11-14,2031-07-29,Active,3282739.65,790,Medical,Low
875,BKAILN48455675,5965,2898,4,77,47510124,11.26,24,2220083.55,38614679.74,2020-01-09,2021-12-29,Active,0.0,348,Personal Expenses,High
876,BKAILN72744663,5693,9583,9,19,4268142,10.24,54,98974.95,1990240.94,2021-08-12,2026-01-18,Active,6428454.62,681,Personal Expenses,Medium
877,BKAILN32048771,701,11255,11,65,681290,11.67,47,18128.96,463902.44,2021-06-24,2025-05-04,Closed,964391.97,852,Education,Low
878,BKAILN77294573,8913,1376,10,67,4406242,8.02,92,64272.55,764787.26,2021-01-21,2028-08-12,Active,6139143.16,414,Home Purchase,High
879,BKAILN80212115,6436,7179,5,74,136351,10.8,27,5711.02,116283.12,2017-04-18,2019-07-07,Active,185618.09,704,Agriculture,Medium
880,BKAILN77714331,1767,16227,12,19,4700722,15.01,9,555509.41,1266835.27,2017-01-20,2017-10-17,Closed,0.0,300,Vehicle Purchase,High
881,BKAILN34926126,1169,2197,4,33,482659,11.52,101,7485.41,176752.46,2025-02-25,2033-06-13,Active,0.0,512,Business Expansion,High
882,BKAILN95257731,9722,1373,7,87,1963432,14.7,115,31922.54,733161.11,2023-03-02,2032-08-11,Active,0.0,789,Home Purchase,Low
883,BKAILN75808087,448,12451,8,5,3986412,10.12,67,78126.67,2869148.39,2020-10-05,2026-04-07,Default,6115802.63,659,Business Expansion,Medium
884,BKAILN53335214,5076,18109,8,100,1014620,9.88,83,16921.6,321878.84,2021-09-20,2028-07-15,Active,1814952.43,335,Personal Expenses,High
885,BKAILN72166964,4502,18516,4,50,9978044,10.95,48,257645.55,1618335.44,2020-07-08,2024-06-17,Active,0.0,485,Home Purchase,High
886,BKAILN30776392,1259,6525,5,62,8789352,9.76,28,352273.63,3175223.65,2025-01-20,2027-05-10,Active,11707337.08,412,Home Purchase,High
887,BKAILN40699959,7286,3805,7,13,142605,13.77,179,1880.32,89158.48,2017-11-04,2032-07-18,Active,0.0,805,Education,Low
888,BKAILN59430818,8905,3485,12,54,3837514,16.37,25,182195.16,454683.41,2020-09-05,2022-09-25,Active,0.0,837,Vehicle Purchase,Low
889,BKAILN26241805,396,5309,7,12,636683,12.57,120,9345.57,590426.07,2019-10-25,2029-09-02,Active,0.0,440,Medical,High
890,BKAILN15335928,3806,6634,8,19,14484140,11.31,199,161481.05,3866673.94,2018-02-21,2034-06-27,Active,20122512.07,873,Agriculture,Low
891,BKAILN42705658,7871,6998,1,25,525513,9.09,250,4691.99,196021.46,2025-05-27,2045-12-08,Active,876567.89,627,Personal Expenses,High
892,BKAILN74114251,8412,2379,8,73,253349,9.75,104,3617.85,220935.8,2024-01-29,2032-08-14,Active,304470.23,369,Agriculture,High
893,BKAILN62449097,7370,19872,11,29,484097,10.95,38,15132.94,388521.15,2021-11-28,2025-01-11,Active,541881.56,682,Education,Medium
894,BKAILN66011264,1087,18406,8,11,1854847,11.15,190,20827.74,1015380.6,2022-04-11,2037-11-18,Active,2137783.11,331,Education,High
895,BKAILN78644309,7992,12652,11,97,3948284,9.66,41,113447.66,1557120.26,2018-09-18,2022-01-30,Active,5194754.51,781,Education,Low
896,BKAILN40580466,5130,10623,8,31,1218086,10.18,237,11946.93,1145908.05,2022-06-30,2041-12-17,Active,2085760.4,825,Working Capital,Low
897,BKAILN49596283,3113,11846,5,92,1917885,8.58,16,127282.51,1329477.91,2017-12-28,2019-04-22,Active,3141150.1,442,Working Capital,High
898,BKAILN34572290,8143,12288,4,32,322688,11.69,172,3874.79,216233.17,2016-08-23,2030-10-09,Active,0.0,645,Vehicle Purchase,High
899,BKAILN18931707,3096,8350,10,64,126724,8.38,55,2782.74,105409.41,2021-04-12,2025-10-18,Active,226672.14,303,Vehicle Purchase,High
900,BKAILN26497586,5921,1786,9,6,189303,12.05,24,8915.57,84844.89,2020-08-07,2022-07-28,Active,224061.18,485,Vehicle Purchase,High
901,BKAILN24956155,5532,9083,2,37,116805,14.61,46,3331.35,71240.61,2018-02-05,2021-11-16,Active,0.0,310,Medical,High
902,BKAILN33064287,6280,6657,4,70,444121,10.97,170,5158.06,277890.07,2019-04-18,2033-04-04,Active,0.0,525,Education,High
903,BKAILN33292561,3611,9158,2,14,2522457,14.78,46,72157.41,801692.47,2023-01-09,2026-10-20,Active,0.0,469,Vehicle Purchase,High
904,BKAILN69395043,2464,12599,7,79,495429,12.69,165,6360.32,231702.81,2024-08-01,2038-02-19,Active,0.0,754,Home Purchase,Low
905,BKAILN91410291,3367,12222,9,19,1530792,12.94,25,70183.16,852350.19,2019-11-27,2021-12-16,Active,2099527.87,752,Agriculture,Low
906,BKAILN13258266,9230,7998,3,83,164257,11.31,37,5279.02,149245.12,2022-03-30,2025-04-13,Active,224311.14,780,Personal Expenses,Low
907,BKAILN22007239,7166,8354,12,45,1223904,15.3,18,76525.9,612924.76,2017-05-19,2018-11-10,Active,0.0,734,Working Capital,Medium
908,BKAILN22075904,2602,3028,5,79,4705364,9.44,11,448214.3,4617116.53,2025-02-04,2025-12-31,Active,6376710.65,534,Home Purchase,High
909,BKAILN51822022,2731,17057,5,9,7459145,8.24,35,240480.36,6593196.78,2022-05-19,2025-04-03,Active,9176344.98,719,Business Expansion,Medium
910,BKAILN90884211,1263,2208,10,99,9596442,7.16,95,132628.03,3000046.42,2023-08-15,2031-06-04,Active,15982011.54,500,Education,High
911,BKAILN46552513,8410,679,9,65,6281097,10.06,41,181666.04,5076492.66,2022-09-30,2026-02-11,Active,8340257.31,475,Home Purchase,High
912,BKAILN33507564,1801,8134,7,21,826966,10.24,24,38251.95,426850.65,2022-05-16,2024-05-05,Active,0.0,765,Home Purchase,Low
913,BKAILN80471123,7646,17029,2,46,3932621,17.87,29,167982.15,2341027.04,2021-01-27,2023-06-16,Active,0.0,713,Agriculture,Medium
914,BKAILN91120624,6757,12537,5,49,137501,9.57,19,7827.79,136846.93,2018-10-11,2020-05-03,Active,232288.99,418,Home Purchase,High
915,BKAILN97116877,4948,12988,6,32,6234553,14.41,108,103335.24,4880910.45,2016-08-21,2025-07-05,Active,0.0,443,Medical,High
916,BKAILN95902415,1660,9681,8,48,1995040,9.89,162,22357.38,1922533.31,2020-11-02,2034-02-22,Active,2537204.5,449,Personal Expenses,High
917,BKAILN19094010,5776,10862,7,25,1754593,14.38,122,27441.86,1650334.14,2025-01-18,2035-01-26,Active,0.0,790,Education,Low
918,BKAILN64145049,5473,15083,1,45,440247,10.48,157,5163.16,293912.0,2023-01-19,2035-12-12,Active,598685.95,759,Vehicle Purchase,Low
919,BKAILN86014287,8290,2205,6,20,3838774,11.36,78,69823.68,2685944.16,2025-02-04,2031-07-03,Closed,0.0,861,Agriculture,Low
920,BKAILN47011857,6462,7217,6,6,3120324,15.62,68,69432.12,573735.98,2023-04-20,2028-11-19,Active,0.0,693,Home Purchase,Medium
921,BKAILN45635838,7908,2166,3,29,1375748,9.38,60,28812.66,138276.82,2023-02-21,2028-01-26,Active,1577102.18,338,Education,High
922,BKAILN94761786,5350,17260,11,20,41469112,11.47,29,1644081.39,25683442.92,2022-08-10,2024-12-27,Active,61521407.88,638,Vehicle Purchase,High
923,BKAILN16883566,9695,9842,10,33,546610,9.33,43,15003.89,202525.59,2019-10-18,2023-04-30,Active,973475.68,714,Education,Medium
924,BKAILN50142446,1330,7947,9,21,1473808,10.51,26,63630.52,1132284.26,2020-11-15,2023-01-04,Active,2053757.45,639,Business Expansion,High
925,BKAILN25868079,5047,7723,6,63,1351286,17.48,19,81929.07,541064.74,2025-02-27,2026-09-20,Active,0.0,679,Personal Expenses,Medium
926,BKAILN21123747,1650,2691,7,11,993065,12.74,115,14994.31,391693.25,2018-10-18,2028-03-29,Active,0.0,685,Home Purchase,Medium
927,BKAILN57949350,9372,2868,3,6,98399,10.51,55,2262.11,12734.42,2023-07-06,2028-01-11,Active,128311.91,675,Vehicle Purchase,Medium
928,BKAILN24433569,4380,19444,6,38,4576827,11.7,86,78857.55,3852644.04,2021-02-13,2028-03-08,Active,0.0,802,Business Expansion,Low
929,BKAILN55453854,2668,15489,10,58,292397,7.85,20,15644.78,88132.17,2018-09-13,2020-05-05,Active,379703.21,702,Vehicle Purchase,Medium
930,BKAILN17885034,9629,3858,5,19,260288,9.96,32,9295.47,60868.04,2020-04-30,2022-12-16,Active,314597.96,381,Personal Expenses,High
931,BKAILN88875839,4957,6874,3,61,198098,9.24,28,7892.09,97424.86,2020-02-07,2022-05-27,Active,234911.14,865,Working Capital,Low
932,BKAILN70345934,2178,10713,3,96,84632,10.02,46,2223.31,43767.74,2019-12-03,2023-09-13,Default,150356.09,631,Agriculture,High
933,BKAILN54903382,2428,1378,11,18,6543185,10.76,82,113034.73,6274002.39,2023-08-30,2030-05-25,Active,9101967.66,798,Personal Expenses,Low
934,BKAILN74800099,8210,6610,5,28,2161268,10.72,29,84927.05,1412149.25,2016-07-12,2018-11-29,Active,2887509.96,407,Vehicle Purchase,High
935,BKAILN48949083,8828,14957,9,6,4567856,11.26,45,124911.03,3746790.74,2017-04-20,2020-12-30,Active,6479351.86,860,Home Purchase,Low
936,BKAILN50303235,635,7520,7,86,9797426,12.74,28,406329.63,2945200.21,2018-11-16,2021-03-05,Closed,0.0,571,Vehicle Purchase,High
937,BKAILN46726628,8770,17910,7,54,585028,10.96,147,7247.67,83651.62,2020-09-05,2032-10-02,Active,0.0,377,Vehicle Purchase,High
938,BKAILN33788309,8931,6563,10,2,4240136,8.99,75,74103.63,3956327.75,2022-11-14,2029-01-11,Active,5818817.34,636,Business Expansion,High
939,BKAILN67237068,3344,5371,6,47,2544746,15.53,73,54090.34,843286.17,2017-12-20,2023-12-19,Active,0.0,465,Vehicle Purchase,High
940,BKAILN34021010,1858,14788,5,44,5639429,10.99,28,229250.41,5403853.0,2025-06-19,2027-10-07,Active,6463843.54,576,Personal Expenses,High
941,BKAILN12446459,1416,2079,9,21,1083639,10.05,54,25028.5,895022.65,2021-02-25,2025-08-03,Active,1605642.12,556,Education,High
942,BKAILN64017185,3480,5490,9,25,1503887,13.17,46,41812.57,1223259.86,2021-02-19,2024-11-30,Active,2109473.85,824,Personal Expenses,Low
943,BKAILN14882771,7421,6164,10,1,4755766,9.24,20,257480.28,1854713.57,2021-02-27,2022-10-20,Active,6459326.86,342,Home Purchase,High
944,BKAILN89575745,2225,15514,11,64,227589,13.24,65,4924.18,144560.81,2024-06-04,2029-10-06,Active,339787.78,419,Working Capital,High
945,BKAILN17370298,4919,4487,2,90,1838152,15.19,16,127634.05,669282.51,2020-09-23,2022-01-16,Active,0.0,409,Agriculture,High
946,BKAILN53990376,3028,3050,3,18,656023,9.66,78,11358.29,242622.31,2017-03-21,2023-08-17,Closed,732064.31,591,Business Expansion,High
947,BKAILN16587232,4531,10207,6,98,1199999,11.79,45,33123.31,984400.49,2018-12-22,2022-09-02,Active,0.0,537,Business Expansion,High
948,BKAILN51861461,6885,3047,12,85,412011,13.79,24,19740.99,320162.1,2020-12-22,2022-12-12,Active,0.0,341,Home Purchase,High
949,BKAILN89303061,9195,8113,3,11,508409,8.97,84,8172.09,236608.37,2021-06-14,2028-05-08,Active,597290.92,462,Education,High
950,BKAILN42022542,6684,174,11,88,2070656,13.17,68,43373.24,522701.13,2024-01-31,2029-09-01,Active,3665276.65,821,Vehicle Purchase,Low
951,BKAILN49286375,5641,4464,10,52,491366,9.38,111,6637.67,320337.3,2023-02-19,2032-04-02,Default,674109.34,840,Agriculture,Low
952,BKAILN43948523,2101,18895,10,24,4964972,7.86,43,132862.28,502988.28,2019-12-03,2023-06-15,Active,5859796.51,495,Business Expansion,High
953,BKAILN87118114,47,6888,11,92,3048560,10.5,69,59040.76,2953133.68,2024-01-05,2029-09-05,Active,3943569.5,415,Home Purchase,High
954,BKAILN46918544,7265,6605,7,82,802795,10.09,64,16271.43,353913.92,2020-11-22,2026-02-24,Active,0.0,831,Agriculture,Low
955,BKAILN68155654,7596,5198,6,8,9109691,12.32,97,148757.29,1312160.65,2020-08-06,2028-07-25,Active,0.0,303,Home Purchase,High
956,BKAILN73516387,8677,2140,12,76,1366972,13.25,15,99387.58,660981.62,2023-07-08,2024-09-30,Active,0.0,314,Vehicle Purchase,High
957,BKAILN96600010,7962,12602,11,29,410936,10.4,36,13337.06,203132.39,2023-01-11,2025-12-26,Default,490427.75,540,Education,High
958,BKAILN12724561,1032,18585,2,14,5829085,12.51,59,132775.71,4777023.78,2019-09-17,2024-07-22,Active,0.0,713,Vehicle Purchase,Medium
959,BKAILN12626646,5364,18150,5,54,9818532,10.43,30,373218.65,5374006.83,2018-06-19,2020-12-05,Active,14431567.54,452,Home Purchase,High
960,BKAILN85701752,5848,3149,8,49,1142438,9.68,87,18324.68,527530.23,2018-06-14,2025-08-06,Active,1929962.8,878,Medical,Low
961,BKAILN20236554,1691,18520,4,18,1488564,9.8,110,20560.38,1431628.83,2020-09-02,2029-09-15,Active,0.0,316,Home Purchase,High
962,BKAILN59778266,1587,1200,4,33,2430400,10.37,160,28093.64,1857365.22,2023-01-10,2036-03-02,Active,0.0,523,Agriculture,High
963,BKAILN94437310,3952,1448,2,61,159620,17.93,69,3722.99,129609.78,2022-09-11,2028-05-12,Active,0.0,849,Education,Low
964,BKAILN10012470,6998,11435,11,46,53332,12.53,70,1077.74,33310.7,2019-11-08,2025-08-08,Active,93190.62,584,Education,High
965,BKAILN36287354,3426,6477,1,17,349737,9.91,280,3209.07,108697.42,2023-09-29,2046-09-28,Active,395777.4,483,Home Purchase,High
966,BKAILN18491684,2607,15524,11,49,2494409,11.3,63,52673.58,922019.07,2016-12-19,2022-02-21,Active,3942991.68,457,Working Capital,High
967,BKAILN45720719,8524,18187,1,87,491926,9.45,295,4298.92,232950.35,2023-10-12,2048-01-04,Active,690778.68,470,Working Capital,High
968,BKAILN44927300,9934,7018,8,94,1885204,9.55,212,18437.71,1608118.65,2018-08-26,2036-01-24,Active,2661065.46,623,Home Purchase,High
969,BKAILN40834888,8742,3709,4,72,455042,10.12,120,6043.69,97424.97,2017-09-18,2027-07-28,Active,0.0,355,Education,High
970,BKAILN21216291,5557,17206,1,69,5425791,9.42,257,49185.59,4861394.32,2019-05-29,2040-07-07,Active,6885580.07,865,Vehicle Purchase,Low
971,BKAILN79518752,2422,14495,6,10,143485,14.84,117,2326.8,42824.11,2016-08-23,2026-04-03,Active,0.0,391,Business Expansion,High
972,BKAILN14073160,1371,10568,12,22,136315,15.06,20,7749.33,109330.46,2025-05-16,2027-01-06,Active,0.0,324,Business Expansion,High
973,BKAILN30102493,5790,10252,2,49,472247,15.66,73,10071.65,365341.88,2018-06-06,2024-06-04,Active,0.0,326,Vehicle Purchase,High
974,BKAILN33585405,4735,16431,5,80,810261,8.78,8,104645.72,461848.73,2019-12-30,2020-08-26,Active,1326876.1,454,Working Capital,High
975,BKAILN56352382,5595,2907,7,47,277902,12.08,141,3698.41,249337.42,2022-07-28,2034-02-25,Active,0.0,686,Vehicle Purchase,Medium
976,BKAILN59151960,5082,5579,9,74,2989025,10.17,36,96686.17,911832.79,2019-10-07,2022-09-21,Active,3960901.38,350,Home Purchase,High
977,BKAILN93805299,8616,6055,9,17,611227,12.71,52,15347.57,368225.23,2018-08-13,2022-11-20,Active,936805.48,317,Vehicle Purchase,High
978,BKAILN96406343,2908,17940,1,61,6042406,10.34,341,55015.75,631277.69,2017-03-22,2045-03-25,Active,9292645.71,564,Medical,High
979,BKAILN93090797,4836,5600,9,67,893602,10.37,57,19920.34,630614.76,2023-10-07,2028-06-12,Active,1071474.08,709,Vehicle Purchase,Medium
980,BKAILN21028439,7569,1337,7,50,1380384,11.14,17,88150.34,522650.01,2024-05-02,2025-09-24,Active,0.0,557,Agriculture,High
981,BKAILN49437611,3141,763,3,86,2177500,9.9,72,40230.29,1542052.84,2017-06-01,2023-05-01,Active,2913389.4,491,Agriculture,High
982,BKAILN42405983,9111,16416,5,67,9448940,9.23,14,714505.23,7510331.28,2025-04-01,2026-05-26,Active,15227401.95,677,Vehicle Purchase,Medium
983,BKAILN42053489,3353,7083,6,27,294151,16.08,29,12308.24,198602.86,2017-10-19,2020-03-07,Default,0.0,598,Working Capital,High
984,BKAILN22693626,9829,14902,4,68,4973251,11.81,89,84137.22,4104688.58,2023-12-01,2031-03-24,Active,0.0,392,Business Expansion,High
985,BKAILN64579226,570,2518,9,11,176403,9.72,24,8117.33,119887.96,2020-12-17,2022-12-07,Closed,317456.69,340,Personal Expenses,High
986,BKAILN13566065,482,19206,6,14,9635124,17.94,24,480745.63,8867780.9,2025-05-20,2027-05-10,Active,0.0,513,Agriculture,High
987,BKAILN90003444,1962,13616,2,1,1012515,14.62,79,20031.22,554469.91,2017-08-15,2024-02-10,Closed,0.0,590,Medical,High
988,BKAILN48498499,1784,17670,7,38,2319824,11.52,100,36191.29,1566715.47,2019-08-09,2027-10-26,Active,0.0,888,Agriculture,Low
989,BKAILN29848429,1205,7869,9,58,3708253,11.65,13,305009.84,3513347.68,2023-09-26,2024-10-20,Active,5653594.49,817,Working Capital,Low
990,BKAILN94621319,349,11059,7,31,1958396,9.92,77,34482.95,271371.2,2017-02-14,2023-06-13,Active,0.0,675,Agriculture,Medium
991,BKAILN17433978,8524,6658,7,47,1954766,11.89,23,95460.13,1847177.04,2025-04-20,2027-03-11,Active,0.0,497,Business Expansion,High
992,BKAILN16986310,7042,16682,1,71,16707246,9.12,295,142213.25,4957769.45,2016-11-22,2041-02-14,Active,28874223.35,664,Business Expansion,Medium
993,BKAILN42494127,4981,18171,8,1,24150482,11.19,184,275059.13,8727036.08,2022-07-18,2037-08-28,Active,42847551.9,418,Personal Expenses,High
994,BKAILN92477940,2034,1750,4,14,1899025,9.87,84,31398.65,589405.54,2023-02-15,2030-01-09,Active,0.0,683,Personal Expenses,Medium
995,BKAILN87052719,2979,517,12,92,599597,14.66,25,27977.64,493443.07,2024-10-10,2026-10-30,Default,0.0,592,Vehicle Purchase,High
996,BKAILN84181946,9907,19671,10,96,4961857,9.42,63,100136.21,4104760.97,2019-01-30,2024-04-03,Active,8478354.8,603,Personal Expenses,High
997,BKAILN85878633,1687,9648,2,3,3535873,17.17,49,100883.44,1143433.2,2019-02-15,2023-02-24,Active,0.0,638,Vehicle Purchase,High
998,BKAILN85141628,898,13364,10,80,899247,8.86,36,28537.26,718176.33,2023-12-02,2026-11-16,Active,1259766.11,877,Personal Expenses,Low
999,BKAILN79792383,9941,7222,3,42,2128012,10.04,31,78217.3,1288497.84,2022-01-12,2024-07-30,Active,3822514.57,533,Working Capital,High
1000,BKAILN99064587,1931,4669,11,89,4756745,10.48,84,80152.34,4020459.12,2022-04-23,2029-03-17,Active,8220014.77,717,Agriculture,Medium
1001,BKAILN22549007,9022,12532,6,74,808790,11.21,114,11560.69,396898.34,2023-11-10,2033-03-22,Active,0.0,572,Agriculture,High
1002,BKAILN52103387,9364,11038,11,97,163577,9.79,77,2869.42,146247.36,2017-10-24,2024-02-20,Active,267700.91,841,Medical,Low
1003,BKAILN74212086,3666,33,5,1,3303350,9.2,10,344423.68,2871183.39,2025-01-17,2025-11-13,Active,5558781.49,468,Agriculture,High
1004,BKAILN13420583,786,2170,10,49,82823,8.17,61,1663.71,58098.97,2024-08-04,2029-08-08,Active,138316.04,642,Vehicle Purchase,High
1005,BKAILN69500546,6737,4708,2,7,2227850,12.7,21,118871.57,1269043.39,2018-06-11,2020-03-02,Active,0.0,896,Medical,Low
1006,BKAILN65250204,2131,19540,11,18,309663,10.62,25,13861.77,293758.04,2017-06-29,2019-07-19,Active,532559.93,712,Business Expansion,Medium
1007,BKAILN13051449,6510,17170,12,87,1494343,15.73,29,62275.28,239266.28,2018-10-03,2021-02-19,Active,0.0,569,Business Expansion,High
1008,BKAILN24591250,7655,17849,4,11,2556441,9.29,140,29973.42,721828.28,2023-08-01,2035-01-30,Active,0.0,710,Medical,Medium
1009,BKAILN27764558,7664,16245,3,70,366107,10.95,29,14425.51,115021.92,2020-10-08,2023-02-25,Active,534262.18,625,Working Capital,High
1010,BKAILN87686096,5293,1566,7,19,655894,10.17,67,12870.78,94623.06,2018-11-09,2024-05-11,Active,0.0,472,Vehicle Purchase,High
1011,BKAILN81696670,1775,4646,9,60,1077539,9.69,18,64560.15,350322.31,2017-11-08,2019-05-02,Active,1261939.12,781,Personal Expenses,Low
1012,BKAILN45044029,8511,13759,11,22,6354567,11.55,82,112411.34,3702295.26,2018-11-24,2025-08-19,Active,7801339.27,498,Working Capital,High
1013,BKAILN42618852,1884,16886,12,23,4543821,15.48,31,178761.68,4031550.29,2022-11-27,2025-06-14,Active,0.0,852,Working Capital,Low
1014,BKAILN70877634,7837,2002,7,52,1442971,9.66,70,27045.14,701024.57,2018-05-13,2024-02-11,Active,0.0,421,Personal Expenses,High
1015,BKAILN34219451,3669,11446,4,42,807326,12.1,156,10292.26,142022.57,2023-11-22,2036-09-14,Active,0.0,475,Business Expansion,High
1016,BKAILN30178362,1194,17133,7,84,9522085,13.23,180,121922.08,3222442.55,2017-10-20,2032-08-02,Active,0.0,883,Education,Low
1017,BKAILN41570584,7045,19955,2,70,49874152,17.86,29,2130133.21,31498990.24,2019-04-02,2021-08-19,Active,0.0,574,Home Purchase,High
1018,BKAILN49173807,2130,9770,3,78,1193910,9.16,82,19642.66,762192.86,2017-06-09,2024-03-04,Active,1891134.94,819,Business Expansion,Low
1019,BKAILN22303163,5849,5867,11,31,40728173,9.84,46,1066436.26,37536177.59,2017-01-29,2020-11-09,Closed,64623239.54,751,Agriculture,Low
1020,BKAILN76424119,8720,16138,8,50,1877256,10.37,110,26511.76,319495.21,2016-10-02,2025-10-15,Active,2871858.05,772,Agriculture,Low
1021,BKAILN80382000,11,13062,9,83,488852,11.74,21,25865.08,65683.1,2017-02-03,2018-10-26,Active,757874.08,625,Medical,High
1022,BKAILN15142659,502,4091,6,22,3511448,11.36,46,94514.32,2517887.91,2021-10-12,2025-07-23,Active,0.0,882,Education,Low
1023,BKAILN92059030,4820,6085,12,82,1026817,12.56,17,66248.67,283911.33,2021-01-30,2022-06-24,Active,0.0,661,Education,Medium
1024,BKAILN44994374,1305,10744,11,24,1064664,11.63,60,23484.28,1001936.86,2019-01-30,2024-01-04,Active,1424659.1,468,Working Capital,High
1025,BKAILN56080307,8680,19921,12,88,143270,16.44,21,7897.08,42907.49,2018-11-23,2020-08-14,Active,0.0,527,Medical,High
1026,BKAILN91857225,5251,15984,9,99,1274335,9.98,57,28164.1,1216504.87,2021-03-03,2025-11-07,Active,1900134.71,316,Vehicle Purchase,High
1027,BKAILN32121080,769,6526,4,67,379319,8.53,102,5241.12,349918.88,2024-03-26,2032-08-11,Active,0.0,795,Working Capital,Low
1028,BKAILN37151869,1757,7098,10,94,680377,7.71,113,8487.43,247851.13,2021-11-08,2031-02-19,Active,799623.85,635,Medical,High
1029,BKAILN96343880,1788,9290,7,99,101054,12.12,146,1326.49,34275.39,2018-07-17,2030-07-14,Active,0.0,453,Home Purchase,High
1030,BKAILN74157929,111,8903,6,47,1609839,12.24,61,35577.07,1037645.21,2024-10-29,2029-11-02,Active,0.0,434,Working Capital,High
1031,BKAILN70368405,8830,14491,7,36,13917088,10.4,47,361762.36,8701108.32,2016-11-01,2020-09-11,Active,0.0,725,Education,Medium
1032,BKAILN92362416,4720,5826,3,65,4807310,10.35,45,129352.68,3026149.23,2017-04-14,2020-12-24,Active,8533815.48,624,Business Expansion,High
1033,BKAILN88696058,3803,2384,2,31,224218,16.59,66,5201.52,84341.2,2016-07-06,2021-12-07,Active,0.0,535,Business Expansion,High
1034,BKAILN84564128,2985,3289,6,37,159232,17.08,20,9204.64,106697.55,2023-03-20,2024-11-09,Active,0.0,735,Agriculture,Medium
1035,BKAILN96321540,6772,4906,7,96,1547705,12.73,137,21478.59,1253555.74,2018-05-10,2029-08-10,Active,0.0,599,Working Capital,High
1036,BKAILN27948371,3120,2062,9,17,1273502,13.93,57,30667.85,938328.01,2023-07-25,2028-03-30,Active,2120903.48,408,Education,High
1037,BKAILN37374649,9057,15178,11,45,8163817,9.53,43,224860.47,2614655.35,2019-09-04,2023-03-17,Active,10479673.58,463,Education,High
1038,BKAILN85435906,4353,15855,8,18,6484291,10.41,240,64346.32,3357794.69,2020-02-13,2039-10-31,Active,8314407.35,671,Home Purchase,Medium
1039,BKAILN34380986,7202,3963,6,83,317873,12.0,23,15539.49,144074.67,2024-05-10,2026-03-31,Active,0.0,862,Business Expansion,Low
1040,BKAILN86084622,3508,13499,8,22,22492211,11.41,110,330602.51,8844844.86,2025-03-05,2034-03-18,Closed,27458057.17,890,Agriculture,Low
1041,BKAILN97687081,5959,8013,6,74,1842928,15.6,86,35720.82,1671601.86,2022-11-07,2029-11-30,Active,0.0,632,Medical,High
1042,BKAILN48902041,4050,641,6,74,2512362,14.89,51,66777.31,746119.81,2019-12-22,2024-02-29,Active,0.0,702,Vehicle Purchase,Medium
1043,BKAILN69074819,1145,5312,10,8,2488548,9.43,111,33683.69,1231623.21,2018-12-22,2028-02-03,Active,3062796.15,478,Personal Expenses,High
1044,BKAILN30030597,461,3230,9,18,949288,13.6,58,22420.79,902985.4,2019-03-30,2024-01-03,Active,1389056.53,433,Agriculture,High
1045,BKAILN91413784,7629,16995,12,65,6453464,15.24,33,240614.41,5065305.09,2022-07-12,2025-03-28,Active,0.0,800,Personal Expenses,Low
1046,BKAILN15427468,3310,569,6,36,437963,15.79,100,7900.42,254671.37,2018-05-10,2026-07-27,Default,0.0,362,Medical,High
1047,BKAILN22558651,375,4890,7,83,498363,13.05,158,6617.87,477773.02,2023-09-04,2036-08-26,Active,0.0,884,Working Capital,Low
1048,BKAILN21092802,3448,19448,11,64,154249,9.6,43,4253.68,141984.51,2023-04-20,2026-10-31,Active,231926.39,781,Business Expansion,Low
1049,BKAILN72619658,2288,1754,3,15,129131,10.04,64,2614.08,120296.99,2017-10-19,2023-01-21,Active,228830.44,719,Business Expansion,Medium
1050,BKAILN98814242,8670,14341,2,32,2757941,11.35,63,58308.03,1384050.36,2025-02-22,2030-04-27,Active,0.0,651,Medical,Medium
1051,BKAILN79926458,1698,4904,1,98,276203,8.91,169,2874.09,140810.75,2023-07-01,2037-05-18,Active,473359.67,608,Education,High
1052,BKAILN99244519,5352,4412,2,20,464102,11.18,14,35513.04,405559.92,2021-09-21,2022-11-15,Active,0.0,890,Agriculture,Low
1053,BKAILN38805562,9321,19537,3,45,4938638,8.81,76,85020.38,787297.01,2016-08-19,2022-11-16,Active,7998017.75,301,Personal Expenses,High
1054,BKAILN51197481,2136,6948,1,4,748828,10.0,178,8086.13,445347.09,2021-06-23,2036-02-05,Active,1106578.73,696,Business Expansion,Medium
1055,BKAILN76418594,4554,1977,12,22,1510518,15.17,6,263008.62,802658.22,2023-09-08,2024-03-06,Active,0.0,870,Home Purchase,Low
1056,BKAILN55954851,5234,8555,8,21,276084,11.52,81,4919.23,241300.12,2024-01-31,2030-09-26,Active,406321.94,409,Home Purchase,High
1057,BKAILN95877694,7397,12078,4,55,2245987,11.3,97,35418.9,2158236.65,2020-12-14,2028-12-02,Closed,0.0,877,Vehicle Purchase,Low
1058,BKAILN28368925,4115,15131,10,56,1919916,7.19,68,34458.65,1826210.93,2023-07-27,2029-02-25,Active,2449614.78,408,Home Purchase,High
1059,BKAILN70307484,6532,9050,9,98,467993,9.77,19,26685.37,380607.91,2017-03-29,2018-10-20,Closed,696228.67,402,Personal Expenses,High
1060,BKAILN55998964,997,15187,3,11,527534,10.13,26,22682.97,334178.35,2023-11-04,2025-12-23,Active,900976.8,410,Home Purchase,High
1061,BKAILN58468857,8695,9030,7,63,78250,11.99,75,1487.6,65080.32,2024-12-19,2031-02-16,Active,0.0,594,Agriculture,High
1062,BKAILN90015279,4158,16259,3,4,536553,9.12,36,17092.22,380270.95,2019-07-31,2022-07-15,Active,758028.06,739,Home Purchase,Medium
1063,BKAILN62831328,7157,4880,6,11,4545787,12.39,97,74407.08,4226546.96,2020-07-28,2028-07-16,Active,0.0,747,Business Expansion,Medium
1064,BKAILN94132724,9656,818,9,97,13864188,10.58,20,759166.19,6562247.65,2020-12-25,2022-08-17,Active,16222722.36,638,Business Expansion,High
1065,BKAILN19119383,9223,8833,1,74,399457,9.26,244,3640.39,134387.23,2018-02-26,2038-03-13,Active,505379.57,865,Medical,Low
1066,BKAILN63016030,9931,17341,11,64,216024,13.49,28,9035.9,79467.88,2018-11-21,2021-03-10,Active,363156.15,808,Business Expansion,Low
1067,BKAILN23364967,2433,7088,4,63,3738859,10.35,136,46803.4,1756510.31,2024-05-10,2035-07-12,Active,0.0,691,Home Purchase,Medium
1068,BKAILN88230673,9314,3734,8,79,180150,10.68,128,2363.73,129707.24,2017-03-28,2027-10-02,Active,263158.02,596,Home Purchase,High
1069,BKAILN33022123,1732,2918,2,53,136582,15.84,45,4044.73,77034.18,2024-12-06,2028-08-17,Active,0.0,853,Education,Low
1070,BKAILN59576939,9365,16809,11,77,4633059,12.16,25,210719.02,4398360.93,2019-05-20,2021-06-08,Active,7688237.49,540,Personal Expenses,High
1071,BKAILN83365847,6538,8521,3,39,49436350,11.67,29,1964591.46,27555611.34,2018-01-31,2020-06-19,Active,82594457.18,372,Education,High
1072,BKAILN82356744,2828,2023,2,4,39551630,13.88,57,951447.13,19534592.04,2021-04-23,2025-12-28,Active,0.0,311,Home Purchase,High
1073,BKAILN96966644,1377,5172,7,66,696497,12.11,133,9537.53,443050.34,2022-02-22,2033-01-25,Closed,0.0,393,Vehicle Purchase,High
1074,BKAILN45854181,707,19296,3,46,1558405,10.7,51,38163.36,1460527.04,2017-12-26,2022-03-05,Active,2234744.98,351,Business Expansion,High
1075,BKAILN75432053,4655,18128,5,72,1718393,10.71,8,223515.42,1563098.88,2019-12-17,2020-08-13,Active,2662871.23,481,Agriculture,High
1076,BKAILN95852907,4638,19983,6,49,1881250,11.75,70,37255.65,1686146.92,2024-12-29,2030-09-29,Active,0.0,731,Medical,Medium
1077,BKAILN85273750,5539,3350,12,50,553732,12.09,25,25166.49,276617.81,2024-10-10,2026-10-30,Active,0.0,456,Working Capital,High
1078,BKAILN45690939,8760,13112,10,69,380467,9.28,117,4953.61,369393.56,2019-11-13,2029-06-23,Active,674228.56,527,Medical,High
1079,BKAILN67031050,362,2078,10,12,20156168,7.12,67,365466.41,11579484.1,2017-01-22,2022-07-25,Active,30664782.17,369,Medical,High
1080,BKAILN64711507,7,11198,2,24,4515283,14.9,43,136157.11,1396956.37,2024-04-16,2027-10-28,Default,0.0,786,Home Purchase,Low
1081,BKAILN26719412,1596,14055,5,41,1340137,8.96,22,66282.04,1039180.84,2022-05-19,2024-03-09,Active,1939063.49,568,Medical,High
1082,BKAILN79227788,2078,8477,12,77,1689546,12.23,6,291720.46,905285.16,2017-03-14,2017-09-10,Active,0.0,366,Home Purchase,High
1083,BKAILN40396847,5349,6053,9,51,51495,11.93,58,1172.57,25673.65,2024-08-10,2029-05-16,Active,71556.92,407,Vehicle Purchase,High
1084,BKAILN86131167,5118,2959,9,42,3044281,11.4,54,72328.48,1510913.09,2019-05-05,2023-10-11,Active,5331196.19,690,Vehicle Purchase,Medium
1085,BKAILN43070778,6251,1458,6,45,108010,16.63,18,6821.33,86725.7,2017-10-17,2019-04-10,Active,0.0,669,Personal Expenses,Medium
1086,BKAILN23422888,8433,18982,2,34,169049,13.67,19,9945.28,54720.75,2021-12-23,2023-07-16,Active,0.0,428,Home Purchase,High
1087,BKAILN43583658,2932,1539,7,38,4751732,12.17,24,224057.95,2743258.36,2022-02-25,2024-02-15,Closed,0.0,894,Agriculture,Low
1088,BKAILN11926705,5092,10314,11,55,1667595,12.96,74,32842.21,657344.33,2024-12-10,2031-01-08,Active,2343075.69,465,Personal Expenses,High
1089,BKAILN42550031,6055,8458,8,52,349478,10.19,67,6861.39,288227.84,2019-10-28,2025-04-29,Active,391493.62,433,Education,High
1090,BKAILN11228910,6972,5252,11,24,1969262,10.24,50,48548.4,1266797.53,2021-10-03,2025-11-11,Active,2644554.31,354,Education,High
1091,BKAILN13724394,1699,2591,5,23,1447759,8.54,30,53764.28,1140006.0,2023-12-30,2026-06-17,Active,2214045.08,699,Business Expansion,Medium
1092,BKAILN12015146,1776,15552,2,76,36054676,13.29,76,704212.63,28282861.58,2025-06-07,2031-09-04,Active,0.0,849,Agriculture,Low
1093,BKAILN46667896,7310,4421,8,92,910799,11.49,203,10193.92,455107.59,2021-06-26,2038-02-27,Active,1502741.33,313,Vehicle Purchase,High
1094,BKAILN55922639,3736,14093,3,45,89919,10.83,51,2207.7,27508.63,2022-09-07,2026-11-15,Active,146730.32,790,Agriculture,Low
1095,BKAILN41213772,8249,10627,9,33,8091167,9.72,47,207683.88,3064826.07,2023-07-17,2027-05-27,Active,9599232.13,870,Vehicle Purchase,Low
1096,BKAILN24952346,2293,6343,1,20,4738131,8.32,229,41348.66,3628416.96,2021-09-15,2040-07-07,Closed,8097035.8,378,Personal Expenses,High
1097,BKAILN96579145,2726,16033,5,22,1530234,10.31,25,68279.7,701351.51,2016-10-29,2018-11-18,Active,1904217.0,600,Agriculture,High
1098,BKAILN15597221,4177,10780,11,92,298896,10.18,28,12037.82,193106.68,2024-09-30,2027-01-18,Active,409761.73,552,Home Purchase,High
1099,BKAILN51014748,194,1172,7,90,4109909,12.85,70,83741.42,1635421.86,2022-12-06,2028-09-05,Active,0.0,535,Business Expansion,High
1100,BKAILN44144090,5890,8574,9,34,7404224,9.81,37,232713.01,3041702.17,2020-09-26,2023-10-11,Active,9037410.58,560,Medical,High
1101,BKAILN42336213,9761,4042,9,19,4528190,13.46,56,109335.59,889507.77,2019-04-23,2023-11-28,Active,7015302.38,628,Vehicle Purchase,High
1102,BKAILN51080697,5153,15770,9,75,1714838,12.81,51,43778.48,1537042.39,2023-10-07,2027-12-15,Active,2803818.3,362,Personal Expenses,High
1103,BKAILN61182388,4140,5736,2,35,407052,12.56,69,8313.27,356440.42,2024-07-01,2030-03-02,Active,0.0,853,Medical,Low
1104,BKAILN77104727,493,12842,9,21,841279,12.42,49,21975.83,198418.25,2024-05-06,2028-05-15,Closed,991792.84,862,Medical,Low
1105,BKAILN40872687,2880,70,3,3,75887,10.43,56,1717.33,10647.24,2024-02-22,2028-09-28,Active,89689.41,489,Agriculture,High
1106,BKAILN35414238,6106,12574,8,12,4130385,10.52,89,67037.64,454687.96,2024-02-20,2031-06-13,Active,4785166.61,602,Medical,High
1107,BKAILN96102622,2266,6390,9,41,1011640,10.8,32,36525.42,816951.81,2024-12-20,2027-08-07,Active,1308510.32,863,Working Capital,Low
1108,BKAILN88963818,6213,14338,11,10,8833964,12.66,26,390272.72,3825569.79,2025-06-18,2027-08-07,Active,14760725.65,637,Home Purchase,High
1109,BKAILN21615436,1480,7367,7,37,5619296,11.88,111,83661.11,5195184.61,2021-02-04,2030-03-19,Active,0.0,606,Personal Expenses,High
1110,BKAILN67699732,6877,17965,9,26,1740427,10.96,37,55645.78,749350.99,2025-05-02,2028-05-16,Active,2598785.56,499,Education,High
1111,BKAILN82468931,7102,18286,7,72,3699769,12.44,157,47826.82,421344.38,2016-09-13,2029-08-06,Active,0.0,539,Business Expansion,High
1112,BKAILN86416822,7447,12356,8,3,396246,10.85,234,4079.13,192527.56,2018-11-14,2038-02-02,Active,536562.63,379,Medical,High
1113,BKAILN61021584,241,9920,3,11,4942482,8.82,29,189862.02,2816122.26,2018-06-05,2020-10-22,Active,7370958.0,491,Home Purchase,High
1114,BKAILN28517985,8000,9726,10,50,1466757,8.11,29,55866.22,754666.4,2024-03-07,2026-07-25,Active,2082564.23,392,Business Expansion,High
1115,BKAILN28913059,9883,15648,2,43,9967907,14.56,82,192576.27,3385539.98,2020-08-13,2027-05-09,Active,0.0,466,Business Expansion,High
1116,BKAILN52810146,7129,16574,8,17,3117367,9.19,127,38475.1,2222413.73,2021-08-13,2032-01-18,Active,4242717.43,346,Education,High
1117,BKAILN65030442,4508,1732,3,59,9819446,11.49,47,260431.16,1541971.15,2024-12-11,2028-10-21,Active,13546013.22,650,Education,Medium
1118,BKAILN79816122,8466,5989,5,21,9697537,10.54,21,507703.68,3413520.42,2016-09-02,2018-05-25,Active,11063799.08,797,Personal Expenses,Low
1119,BKAILN96098044,967,2998,4,15,1316812,8.86,131,15719.24,1063550.95,2024-11-03,2035-08-08,Active,0.0,875,Home Purchase,Low
1120,BKAILN40522824,7219,1745,10,73,473237,7.53,71,8280.53,365707.32,2024-08-05,2030-06-05,Active,535010.38,671,Home Purchase,Medium
1121,BKAILN77669895,9405,10233,1,72,10308936,9.29,327,86778.09,9437272.78,2022-08-17,2049-06-26,Active,17329156.18,388,Vehicle Purchase,High
1122,BKAILN56253278,2155,19503,4,33,1690107,11.74,60,37373.82,493519.17,2019-01-28,2024-01-02,Active,0.0,722,Personal Expenses,Medium
1123,BKAILN14767638,4225,10889,2,6,2592449,13.6,23,128677.16,452066.63,2019-06-19,2021-05-09,Active,0.0,372,Agriculture,High
1124,BKAILN55284404,2481,13785,4,68,1122372,11.24,41,33093.44,1002478.04,2016-12-07,2020-04-20,Active,0.0,547,Vehicle Purchase,High
1125,BKAILN77562496,3199,17930,9,39,275059,11.46,59,6119.77,274181.64,2017-06-15,2022-04-20,Default,474118.38,854,Working Capital,Low
1126,BKAILN16727120,6447,11800,4,58,789197,10.03,100,11675.44,658722.19,2020-07-04,2028-09-20,Active,0.0,583,Working Capital,High
1127,BKAILN24380105,697,16168,2,81,931993,13.23,62,20830.13,879079.66,2019-06-09,2024-07-12,Active,0.0,632,Home Purchase,High
1128,BKAILN29102432,5383,9665,11,91,2349531,13.46,30,92666.59,435319.34,2021-02-25,2023-08-14,Closed,4206591.26,319,Agriculture,High
1129,BKAILN33773513,11,2710,1,86,8406806,9.8,165,92943.02,7026537.7,2021-12-20,2035-07-10,Active,14733072.72,385,Personal Expenses,High
1130,BKAILN52883576,1819,11052,6,28,2044358,16.49,84,41177.77,1895274.36,2017-08-28,2024-07-22,Active,0.0,380,Education,High
1131,BKAILN47919132,719,16133,6,13,4467092,17.77,95,87903.39,1812772.1,2018-07-30,2026-05-19,Active,0.0,748,Medical,Medium
1132,BKAILN11304964,6434,9433,3,87,4970813,10.26,59,107632.54,3478497.19,2022-12-01,2027-10-06,Active,8353269.87,349,Vehicle Purchase,High
1133,BKAILN16121285,8299,9314,12,9,353551,10.57,28,14303.11,314822.38,2025-02-24,2027-06-14,Active,0.0,738,Vehicle Purchase,Medium
1134,BKAILN55696789,2401,1498,11,47,1871415,11.95,30,72469.67,1450418.65,2016-12-24,2019-06-12,Active,3249734.22,880,Home Purchase,Low
1135,BKAILN74089052,4306,1445,1,100,1711334,9.17,244,15495.81,261681.5,2019-05-13,2039-05-28,Active,2537420.12,749,Medical,Medium
1136,BKAILN40202787,337,92,8,51,2913537,10.75,237,29686.36,1814981.61,2022-01-23,2041-07-12,Active,5169273.41,683,Agriculture,Medium
1137,BKAILN62501008,3009,9368,3,14,164277,9.84,24,7568.42,162113.7,2023-02-13,2025-02-02,Active,216709.7,433,Vehicle Purchase,High
1138,BKAILN14288027,9361,1306,3,83,4402004,10.64,64,90429.25,1751676.17,2022-01-19,2027-04-23,Closed,5135704.65,315,Agriculture,High
1139,BKAILN21863001,6292,12865,11,57,1836320,9.69,39,55076.07,206677.9,2022-10-11,2025-12-24,Active,3159349.84,419,Education,High
1140,BKAILN21774497,2802,19446,10,95,1201522,9.78,48,30346.91,608009.6,2019-05-31,2023-05-10,Active,2042643.76,490,Agriculture,High
1141,BKAILN20433775,4192,15137,5,60,6503079,8.5,7,955519.05,3328378.67,2023-12-01,2024-06-28,Closed,8763589.48,491,Education,High
1142,BKAILN96843557,9962,5601,1,9,97623,10.29,149,1163.0,47669.72,2023-05-20,2035-08-15,Active,172812.69,401,Business Expansion,High
1143,BKAILN81877693,6086,10890,9,71,428949,12.08,43,12339.24,341238.49,2024-04-23,2027-11-04,Active,622916.75,516,Working Capital,High
1144,BKAILN41720102,7844,17531,10,98,851230,9.25,100,12241.65,628162.41,2025-01-01,2033-03-20,Active,1383494.52,647,Medical,High
1145,BKAILN17169970,1573,16840,2,18,9881201,14.61,60,233055.09,3443597.31,2019-10-17,2024-09-20,Active,0.0,618,Personal Expenses,High
1146,BKAILN43817770,1453,9091,3,36,338987,8.75,35,11008.82,75168.08,2022-12-09,2025-10-24,Active,597247.66,360,Vehicle Purchase,High
1147,BKAILN26982970,214,4181,11,5,38283714,10.35,32,1374168.99,23718556.11,2021-06-19,2024-02-04,Active,61153567.44,310,Home Purchase,High
1148,BKAILN36033313,679,4281,5,65,959314,10.81,28,38916.86,696373.07,2024-01-29,2026-05-18,Active,1124570.03,681,Working Capital,Medium
1149,BKAILN71686315,5831,13038,1,75,4861279,9.17,221,45632.74,1495952.68,2018-10-31,2036-12-25,Active,8165605.86,767,Medical,Low
1150,BKAILN60750421,9964,1340,3,21,2679055,11.25,67,54031.21,2626685.33,2017-10-24,2023-04-26,Active,3085787.19,605,Medical,High
1151,BKAILN20893092,3327,3884,2,54,4270009,17.58,15,319161.55,1050345.88,2021-02-08,2022-05-04,Active,0.0,881,Home Purchase,Low
1152,BKAILN21289411,9345,16782,6,51,1375947,13.84,59,32277.96,625507.02,2017-08-25,2022-06-30,Active,0.0,456,Home Purchase,High
1153,BKAILN40161371,9299,13659,5,45,39593350,9.74,30,1492298.6,38869857.12,2021-02-10,2023-07-30,Active,62533755.49,493,Agriculture,High
1154,BKAILN39050372,6733,4504,3,95,6129859,10.22,32,219654.83,1101006.57,2024-03-08,2026-10-24,Active,10899258.51,561,Working Capital,High
1155,BKAILN29799652,3934,10196,5,92,4152677,10.02,9,480885.92,3967193.15,2018-11-03,2019-07-31,Active,6363518.53,717,Agriculture,Medium
1156,BKAILN81354003,3865,7370,5,32,40932694,8.66,23,1937864.54,36842170.52,2023-05-30,2025-04-19,Active,64129141.62,673,Medical,Medium
1157,BKAILN72666858,6397,18472,1,87,665016,10.07,181,7157.79,290263.42,2025-03-10,2040-01-21,Active,1066112.14,678,Working Capital,Medium
1158,BKAILN62751253,6336,19486,8,100,34192250,10.4,128,443186.55,14827364.7,2020-08-09,2031-02-13,Active,48913097.39,577,Business Expansion,High
1159,BKAILN86864684,5441,10039,7,66,665840,10.65,83,11370.33,484709.7,2019-07-01,2026-04-25,Active,0.0,308,Working Capital,High
1160,BKAILN11818145,7426,9050,3,18,1177583,11.22,62,25113.64,310353.73,2020-06-29,2025-08-02,Active,1998845.86,545,Business Expansion,High
1161,BKAILN25615418,4932,10379,5,40,1099608,8.54,9,126567.3,894393.31,2022-09-21,2023-06-18,Active,1330733.75,725,Home Purchase,Medium
1162,BKAILN57817462,2737,4656,8,16,394869,10.98,116,5538.47,283370.87,2018-04-06,2027-10-16,Active,468072.72,843,Personal Expenses,Low
1163,BKAILN68108970,8282,15095,2,34,2656067,17.37,83,55189.11,933406.05,2018-02-15,2024-12-10,Active,0.0,480,Personal Expenses,High
1164,BKAILN69687908,7583,14843,1,17,843096,8.5,169,8572.37,748484.5,2021-09-03,2035-07-22,Active,1411552.68,527,Agriculture,High
1165,BKAILN30468290,7198,17597,11,9,5935122,10.8,36,193746.63,5013239.9,2018-04-06,2021-03-21,Active,10371627.25,665,Working Capital,Medium
1166,BKAILN51498614,3053,10479,6,60,6274927,15.54,96,114575.56,4747229.52,2023-07-04,2031-05-23,Active,0.0,367,Medical,High
1167,BKAILN76354175,2695,1150,2,26,4903716,13.69,50,129234.43,4048069.96,2019-07-27,2023-09-04,Active,0.0,388,Agriculture,High
1168,BKAILN43035177,5636,4189,10,93,3638989,8.04,102,49359.66,2249084.92,2023-05-31,2031-10-16,Active,5610656.3,796,Working Capital,Low
1169,BKAILN10191149,4708,11915,11,61,173014,12.23,82,3123.11,46903.01,2018-08-06,2025-05-01,Active,253560.45,478,Medical,High
1170,BKAILN83984445,7523,1493,6,66,33488644,12.58,41,1009077.77,15317250.81,2020-03-27,2023-08-09,Active,0.0,350,Personal Expenses,High
1171,BKAILN57542705,9071,7284,2,72,485035,16.23,32,18773.96,116589.72,2024-02-08,2026-09-25,Active,0.0,402,Education,High
1172,BKAILN36884363,5314,14504,12,97,1897166,11.04,33,66919.79,1520418.49,2022-08-10,2025-04-26,Active,0.0,789,Education,Low
1173,BKAILN44058594,2523,11342,4,72,412205,12.42,79,7663.96,321084.28,2024-04-24,2030-10-20,Default,0.0,599,Education,High
1174,BKAILN38328468,6089,1616,12,50,381001,15.39,27,16784.44,319639.87,2023-06-14,2025-09-01,Active,0.0,645,Personal Expenses,High
1175,BKAILN40751318,9157,9991,4,99,616229,8.77,53,14065.68,65124.08,2022-11-08,2027-03-17,Active,0.0,622,Working Capital,High
1176,BKAILN86626319,7759,11973,3,50,3616346,8.79,66,69297.65,2915102.42,2019-10-19,2025-03-21,Active,5658782.78,534,Vehicle Purchase,High
1177,BKAILN85997625,5607,10812,8,55,1692603,9.16,141,19643.04,1658105.35,2020-09-13,2032-04-13,Active,2179002.41,379,Business Expansion,High
1178,BKAILN12437415,4156,5529,10,56,1739280,9.16,87,27432.85,268159.25,2023-06-06,2030-07-29,Default,2891378.52,440,Home Purchase,High
1179,BKAILN93255820,6612,15164,2,69,785119,15.17,75,16264.88,482389.88,2023-03-29,2029-05-26,Active,0.0,740,Personal Expenses,Medium
1180,BKAILN27696823,7174,12760,7,87,952187,9.7,145,11174.02,293456.21,2020-01-29,2031-12-27,Active,0.0,489,Personal Expenses,High
1181,BKAILN51442057,3327,3778,6,78,1803669,15.87,79,36935.72,1699727.97,2018-05-10,2024-11-04,Active,0.0,885,Agriculture,Low
1182,BKAILN88664139,1135,11534,6,4,318694,13.16,15,23157.69,44971.75,2023-11-18,2025-02-10,Active,0.0,423,Personal Expenses,High
1183,BKAILN85331364,7607,12965,7,40,345195,11.0,84,5910.58,34889.39,2024-12-10,2031-11-04,Active,0.0,730,Agriculture,Medium
1184,BKAILN44484770,5417,1083,8,3,1743792,10.4,206,18187.15,779634.11,2023-03-31,2040-03-01,Active,2342420.3,334,Working Capital,High
1185,BKAILN69240944,1296,3602,6,82,578927,15.89,72,12522.96,155050.74,2018-08-03,2024-07-02,Active,0.0,775,Working Capital,Low
1186,BKAILN31677773,8668,5279,3,60,1173388,10.6,48,30099.4,125741.81,2017-06-09,2021-05-19,Active,1592997.17,412,Medical,High
1187,BKAILN92104213,6447,11426,7,37,4575645,11.15,32,165956.91,3918794.72,2019-03-24,2021-11-08,Active,0.0,643,Agriculture,High
1188,BKAILN92139466,1988,12961,4,73,3225408,9.69,108,44869.84,534432.49,2016-09-10,2025-07-25,Closed,0.0,612,Medical,High
1189,BKAILN12305350,8616,18395,10,22,1042070,7.73,102,13969.35,930386.96,2019-01-21,2027-06-08,Active,1786057.33,570,Home Purchase,High
1190,BKAILN46186270,1635,8166,10,21,4000801,7.98,65,76010.11,2713706.19,2019-07-11,2024-11-11,Active,6871918.99,896,Home Purchase,Low
1191,BKAILN48529266,6764,12142,10,44,863515,8.34,19,48672.42,785206.28,2022-02-14,2023-09-07,Active,1263322.86,497,Education,High
1192,BKAILN86044212,895,898,3,19,3166594,8.87,24,144476.23,2963964.77,2021-03-23,2023-03-13,Closed,3812158.62,528,Working Capital,High
1193,BKAILN88161731,5528,15446,2,1,1467775,11.52,26,64060.13,664088.48,2018-10-31,2020-12-19,Active,0.0,638,Agriculture,High
1194,BKAILN62061217,3626,2774,2,10,1047549,17.42,39,35366.75,760716.11,2022-08-05,2025-10-18,Active,0.0,706,Working Capital,Medium
1195,BKAILN45584224,6662,6813,1,84,146242,10.24,195,1542.03,40276.88,2022-09-18,2038-09-24,Active,207702.18,487,Vehicle Purchase,High
1196,BKAILN28907022,9324,9195,4,49,4907267,11.15,172,57265.37,2929402.98,2025-02-19,2039-04-07,Active,0.0,621,Home Purchase,High
1197,BKAILN50546917,3406,10438,3,8,9087732,11.63,65,189096.83,4718664.78,2024-10-12,2030-02-13,Active,11194509.58,338,Working Capital,High
1198,BKAILN36705345,3294,4374,1,67,1778219,8.62,328,14123.58,1380690.69,2020-06-22,2047-06-01,Default,2864502.58,463,Medical,High
1199,BKAILN64799954,7676,14450,1,9,223114,8.56,154,2392.09,68440.14,2025-05-23,2038-01-15,Active,279700.55,559,Business Expansion,High
1200,BKAILN43436784,929,5688,11,36,289229,13.1,74,5717.67,187624.37,2020-02-20,2026-03-20,Active,388481.24,622,Medical,High
1201,BKAILN16263500,2082,17701,1,38,4439916,8.43,351,34113.17,1382985.1,2023-08-04,2052-06-02,Active,5557662.08,434,Home Purchase,High
1202,BKAILN44754808,8954,15158,2,94,7455129,13.91,32,280179.04,3693359.99,2024-11-05,2027-06-23,Active,0.0,723,Business Expansion,Medium
1203,BKAILN16717119,6330,11789,8,82,3092407,11.25,236,32595.04,2913491.68,2018-10-07,2038-02-24,Active,3797518.21,570,Personal Expenses,High
1204,BKAILN56069176,6313,12918,3,98,379736,11.31,54,9005.18,242619.97,2021-12-13,2026-05-21,Active,631070.01,898,Vehicle Purchase,Low
1205,BKAILN21536372,773,3907,9,68,1518100,12.76,21,81043.93,1237230.62,2024-08-24,2026-05-16,Active,1775889.74,386,Home Purchase,High
1206,BKAILN94460467,3696,19604,4,20,5620203,11.29,165,67212.22,2035711.94,2020-01-25,2033-08-14,Active,0.0,336,Vehicle Purchase,High
1207,BKAILN43524010,3610,18271,12,59,216901,12.63,25,9912.8,206232.03,2019-12-25,2022-01-13,Active,0.0,560,Home Purchase,High
1208,BKAILN35817805,3200,50,6,89,3575719,17.0,31,143323.95,2967195.93,2017-10-26,2020-05-13,Active,0.0,691,Medical,Medium
1209,BKAILN54371525,193,8879,4,60,2077686,12.4,99,33619.88,1158761.04,2019-11-27,2028-01-14,Active,0.0,894,Education,Low
1210,BKAILN44544778,2977,13018,1,55,4128555,10.19,277,38786.04,1116856.04,2021-12-28,2044-09-28,Active,6512009.85,808,Medical,Low
1211,BKAILN58142922,9294,5034,3,3,438539,11.83,62,9487.44,230999.88,2019-12-02,2025-01-04,Active,726375.51,463,Agriculture,High
1212,BKAILN25706912,1169,10571,6,99,1767910,14.8,30,70861.79,416905.78,2023-09-26,2026-03-14,Active,0.0,592,Home Purchase,High
1213,BKAILN96671447,6695,5648,3,80,447122,10.67,44,12323.52,231137.53,2022-10-06,2026-05-18,Active,717246.77,457,Education,High
1214,BKAILN39935290,8820,1326,1,6,3087202,9.22,139,36219.65,1252410.53,2019-04-28,2030-09-27,Active,3816313.38,409,Medical,High
1215,BKAILN49738181,8379,3692,12,92,479351,15.63,8,63483.88,385350.21,2023-07-25,2024-03-21,Active,0.0,681,Education,Medium
1216,BKAILN84661566,8803,1917,7,50,3249711,12.49,149,43020.92,1877535.05,2024-04-09,2036-07-05,Active,0.0,568,Vehicle Purchase,High
1217,BKAILN52101199,8533,10725,3,100,6490332,11.47,67,131624.15,3232313.54,2019-12-02,2025-06-03,Active,9521915.34,550,Agriculture,High
1218,BKAILN68534862,2373,5867,11,10,2498082,11.11,84,42917.87,915734.08,2023-01-23,2029-12-17,Active,3063160.19,444,Home Purchase,High
1219,BKAILN86282908,1834,2951,5,61,199066,10.07,7,29400.55,70322.86,2024-03-28,2024-10-24,Active,286638.77,823,Personal Expenses,Low
1220,BKAILN24883895,9004,653,3,8,4491675,11.43,50,113335.89,3083619.85,2024-06-02,2028-07-11,Active,6555963.87,503,Agriculture,High
1221,BKAILN35956606,8913,12978,7,25,5045153,11.75,55,119074.39,1236891.34,2017-02-11,2021-08-19,Active,0.0,644,Home Purchase,High
1222,BKAILN84242633,2652,13695,6,79,7049101,15.42,53,184214.63,5207917.66,2019-05-03,2023-09-09,Active,0.0,663,Home Purchase,Medium
1223,BKAILN77323835,9985,12628,1,87,8836854,9.26,256,79269.1,2293864.95,2022-12-15,2043-12-25,Active,13158667.7,511,Medical,High
1224,BKAILN33760984,6516,14906,4,14,7820439,11.76,128,107489.03,7208457.27,2019-06-03,2029-12-07,Active,0.0,712,Vehicle Purchase,Medium
1225,BKAILN23307600,8857,16650,2,94,149547,10.51,21,7827.29,111443.42,2022-12-21,2024-09-11,Default,0.0,456,Working Capital,High
1226,BKAILN74730322,8078,12637,3,13,4216082,10.25,62,87872.78,3215415.5,2016-12-06,2022-01-09,Active,6704506.6,715,Agriculture,Medium
1227,BKAILN93372014,2088,15306,11,78,355136,12.39,76,6766.47,295436.5,2018-03-02,2024-05-29,Active,452142.68,376,Agriculture,High
1228,BKAILN50118830,5734,16302,2,23,732090,13.95,76,14559.03,497035.19,2019-07-10,2025-10-06,Active,0.0,854,Home Purchase,Low
1229,BKAILN87141121,1544,4534,12,42,1319545,15.43,10,141465.23,334812.69,2016-12-08,2017-10-04,Active,0.0,662,Vehicle Purchase,Medium
1230,BKAILN28321214,9492,19918,10,3,3367974,8.52,84,53370.75,2266025.93,2018-06-16,2025-05-10,Active,5505955.12,605,Personal Expenses,High
1231,BKAILN89898336,7493,10060,3,88,1737877,11.24,50,43689.19,931481.38,2021-01-21,2025-03-01,Active,2595875.75,866,Vehicle Purchase,Low
1232,BKAILN50569855,1844,13467,9,60,495963,11.08,51,12237.51,135986.67,2019-10-17,2023-12-25,Active,756732.31,816,Personal Expenses,Low
1233,BKAILN45597373,4752,10356,9,2,158138,13.75,33,5782.1,57510.14,2021-03-26,2023-12-11,Active,238629.6,328,Education,High
1234,BKAILN15245835,6500,13115,11,38,3370141,12.06,75,64192.85,834526.98,2025-02-24,2031-04-24,Active,4036346.07,769,Home Purchase,Low
1235,BKAILN84563921,3113,1349,1,43,191851,10.14,165,2160.01,19279.16,2023-01-07,2036-07-27,Active,328848.32,886,Medical,Low
1236,BKAILN59735453,209,1549,10,1,37916888,8.79,72,679527.09,4288855.03,2022-11-07,2028-10-06,Active,66271820.81,757,Working Capital,Low
1237,BKAILN84887875,4278,18525,12,25,261443,12.84,27,11200.41,117299.62,2021-06-29,2023-09-17,Active,0.0,399,Vehicle Purchase,High
1238,BKAILN14191620,1852,6687,7,55,1506324,11.97,25,68376.15,1341182.96,2020-11-08,2022-11-28,Active,0.0,335,Business Expansion,High
1239,BKAILN84977524,6568,12263,1,22,6103326,8.77,355,48242.34,3268655.58,2021-02-02,2050-04-01,Active,9555889.67,732,Home Purchase,Medium
1240,BKAILN34266570,2047,19956,7,2,111252,10.28,44,3045.54,88034.44,2020-09-24,2024-05-06,Active,0.0,488,Medical,High
1241,BKAILN59978040,9786,7302,11,77,561656,12.09,42,16467.31,209619.34,2021-02-21,2024-08-04,Active,731277.01,633,Education,High
1242,BKAILN39281122,1666,5447,2,90,3310888,16.86,41,106783.84,1187691.26,2023-12-19,2027-05-02,Active,0.0,656,Home Purchase,Medium
1243,BKAILN95001070,7591,16209,1,21,5766758,9.92,220,56986.91,3027959.02,2016-10-06,2034-11-01,Active,10069883.97,446,Vehicle Purchase,High
1244,BKAILN99737085,5002,5581,9,88,3453348,12.39,58,79435.11,2067621.2,2021-11-25,2026-08-31,Active,4211974.08,898,Education,Low
1245,BKAILN55095578,856,17338,12,82,742549,15.66,9,87981.97,374069.46,2024-07-23,2025-04-19,Active,0.0,356,Vehicle Purchase,High
1246,BKAILN68835737,8666,9693,10,15,3129296,7.28,69,55640.07,917952.53,2018-05-05,2024-01-04,Active,5134123.55,604,Personal Expenses,High
1247,BKAILN41053688,8001,16730,2,69,1697634,13.17,50,44297.61,480187.79,2018-09-27,2022-11-05,Active,0.0,641,Medical,High
1248,BKAILN67327614,614,16810,2,61,4887279,14.47,65,108895.6,4528551.51,2019-08-29,2024-12-30,Active,0.0,486,Education,High
1249,BKAILN52072014,2975,4006,9,57,1639394,9.81,23,78478.99,805459.59,2019-04-13,2021-03-03,Active,2165932.58,364,Agriculture,High
1250,BKAILN67023177,7838,6161,6,38,221671,16.82,39,7417.03,194434.13,2019-03-04,2022-05-17,Active,0.0,664,Agriculture,Medium
1251,BKAILN28327661,9629,19812,8,74,1294611,9.31,182,13303.04,1279390.56,2024-10-08,2039-09-20,Active,1627505.62,705,Agriculture,Medium
1252,BKAILN89937042,9079,11151,11,62,610433,12.68,40,18791.77,439844.05,2025-03-06,2028-06-18,Active,719404.98,845,Home Purchase,Low
1253,BKAILN32844016,4831,12776,9,36,1213830,13.58,55,29766.54,846299.28,2020-11-28,2025-06-05,Active,1582053.3,594,Vehicle Purchase,High
1254,BKAILN54103061,9356,11421,10,97,1789900,9.25,119,23033.93,1646269.11,2019-03-18,2028-12-25,Active,2433645.91,802,Business Expansion,Low
1255,BKAILN50163276,8665,17710,10,25,4448664,7.15,30,162376.91,3830991.54,2018-01-27,2020-07-15,Active,7504959.12,440,Personal Expenses,High
1256,BKAILN67103476,8133,5239,2,67,7510281,13.97,54,188127.89,6090213.08,2024-05-23,2028-10-29,Default,0.0,511,Business Expansion,High
1257,BKAILN20994583,9472,8054,2,79,562254,11.87,39,17446.25,485803.85,2020-08-18,2023-11-01,Default,0.0,416,Personal Expenses,High
1258,BKAILN29838314,9180,13934,9,55,2095060,9.86,33,72741.25,1091964.74,2020-07-05,2023-03-22,Active,2373484.79,623,Medical,High
1259,BKAILN99783064,5217,6395,6,17,4116415,11.63,118,58705.6,3972613.5,2020-04-16,2029-12-25,Active,0.0,312,Home Purchase,High
1260,BKAILN73660887,5037,4405,12,83,351818,14.97,9,41569.48,74967.21,2019-07-13,2020-04-08,Active,0.0,887,Working Capital,Low
1261,BKAILN26511054,700,9287,2,42,2247761,12.33,66,47068.32,429227.72,2016-07-23,2021-12-24,Active,0.0,814,Education,Low
1262,BKAILN20585201,3556,11426,5,66,1339828,8.64,20,72170.97,1047441.89,2021-04-02,2022-11-23,Active,1604983.49,750,Agriculture,Low
1263,BKAILN94942254,4783,14758,10,86,1797471,7.74,57,37786.28,1541149.37,2017-01-28,2021-10-04,Active,2518510.79,675,Working Capital,Medium
1264,BKAILN43030893,6438,1396,7,85,1522034,14.01,73,31096.12,290915.17,2024-03-16,2030-03-15,Active,0.0,597,Medical,High
1265,BKAILN49592252,2902,17080,8,11,38308144,10.7,176,432182.34,16870496.15,2018-03-18,2032-08-31,Active,42264616.39,555,Vehicle Purchase,High
1266,BKAILN54931009,8773,9818,5,53,2321047,8.21,28,91370.18,1196835.05,2017-09-09,2019-12-28,Active,4094681.52,509,Home Purchase,High
1267,BKAILN75311205,6877,6834,6,55,149042,17.74,16,10528.55,16013.86,2023-02-07,2024-06-01,Active,0.0,446,Business Expansion,High
1268,BKAILN65265685,9423,1472,5,54,191866,9.9,27,7956.11,156336.68,2021-12-12,2024-03-01,Active,335496.03,889,Vehicle Purchase,Low
1269,BKAILN92364868,8342,14888,12,98,395650,15.04,35,14033.96,230633.46,2019-10-31,2022-09-15,Active,0.0,584,Working Capital,High
1270,BKAILN12855211,6961,18115,6,72,4255016,11.78,102,66217.6,2162235.22,2024-02-14,2032-07-01,Default,0.0,501,Business Expansion,High
1271,BKAILN78082899,8085,6736,7,71,573642,14.12,81,11023.68,327231.62,2016-12-24,2023-08-20,Active,0.0,366,Working Capital,High
1272,BKAILN93575856,1847,11440,9,25,162433,10.5,26,7012.17,30027.98,2022-09-08,2024-10-27,Active,260253.74,312,Agriculture,High
1273,BKAILN21407502,571,11669,1,58,21197701,8.67,152,230233.15,3413636.84,2022-07-25,2035-01-18,Active,35891262.19,538,Home Purchase,High
1274,BKAILN59825836,3936,18050,5,83,4966531,10.27,8,644963.26,942321.31,2022-06-14,2023-02-09,Active,6210965.04,577,Personal Expenses,High
1275,BKAILN73709054,2475,12773,12,33,46506292,14.2,9,5477896.19,29235880.03,2025-03-09,2025-12-04,Active,0.0,871,Agriculture,Low
1276,BKAILN33137974,6869,3267,4,14,1540207,9.23,119,19803.94,1307856.85,2022-07-13,2032-04-21,Active,0.0,519,Home Purchase,High
1277,BKAILN17528345,2482,1152,1,5,325691,8.68,217,2979.43,76334.92,2025-05-14,2043-03-11,Active,449306.83,473,Medical,High
1278,BKAILN55494998,7617,15591,7,78,428243,14.41,118,6806.72,267674.64,2019-05-28,2029-02-04,Active,0.0,310,Home Purchase,High
1279,BKAILN97825168,7397,5626,2,21,224870,14.21,29,9206.99,40595.27,2020-04-29,2022-09-16,Active,0.0,335,Medical,High
1280,BKAILN52441437,4577,13354,9,15,1568114,13.16,48,42193.21,326097.56,2023-06-03,2027-05-13,Default,2607750.82,559,Business Expansion,High
1281,BKAILN50471259,4803,4318,10,24,1493969,7.5,115,18253.06,221726.25,2020-12-08,2030-05-20,Active,2666524.82,530,Business Expansion,High
1282,BKAILN88294709,4450,9998,11,95,2900408,11.09,33,102376.02,2781244.37,2023-11-29,2026-08-15,Active,5045850.45,317,Personal Expenses,High
1283,BKAILN97448980,7629,19749,3,39,1914326,9.97,25,85117.09,1781575.78,2022-12-25,2025-01-13,Active,2736007.04,380,Home Purchase,High
1284,BKAILN99578903,1810,10475,11,69,1951317,10.04,84,32434.52,260207.82,2021-03-20,2028-02-12,Active,2290920.48,888,Business Expansion,Low
1285,BKAILN66546065,2080,7009,3,60,1974547,11.37,58,44407.89,957978.91,2019-04-08,2024-01-12,Active,3386675.34,826,Home Purchase,Low
1286,BKAILN85773305,1795,18740,1,5,3085561,9.38,188,31378.17,2588100.5,2020-08-02,2036-01-11,Active,4598236.21,390,Education,High
1287,BKAILN53759724,3776,9130,2,70,1346545,13.78,17,87643.83,892482.64,2017-04-24,2018-09-16,Active,0.0,502,Agriculture,High
1288,BKAILN29868814,160,5511,5,9,1557321,9.35,36,49776.46,730689.69,2019-08-02,2022-07-17,Default,2012097.26,491,Medical,High
1289,BKAILN18181846,338,596,12,71,439306,14.86,27,19241.53,344954.6,2023-03-03,2025-05-21,Active,0.0,302,Medical,High
1290,BKAILN26283037,4131,3904,5,52,287731,10.23,18,17310.77,176828.99,2019-08-29,2021-02-19,Active,473231.59,392,Home Purchase,High
1291,BKAILN81394776,9457,15068,10,95,98415,9.86,120,1292.94,27692.74,2019-12-16,2029-10-24,Active,139721.98,895,Home Purchase,Low
1292,BKAILN16799765,378,19554,7,76,1639439,9.55,98,24155.3,737185.37,2022-08-11,2030-08-29,Active,0.0,341,Medical,High
1293,BKAILN96672678,6052,8492,4,43,1012374,10.24,48,25793.26,391289.32,2024-07-19,2028-06-28,Active,0.0,868,Vehicle Purchase,Low
1294,BKAILN14022683,7316,10540,3,49,1044787,11.91,36,34656.99,821594.61,2021-11-14,2024-10-29,Closed,1352386.78,720,Vehicle Purchase,Medium
1295,BKAILN28693730,8833,3002,5,89,3811698,9.75,28,152753.65,582062.18,2024-06-06,2026-09-24,Active,4560939.56,316,Education,High
1296,BKAILN45175775,5321,4455,11,60,362718,10.39,52,8692.7,149434.58,2019-07-20,2023-10-27,Active,624263.0,808,Working Capital,Low
1297,BKAILN28721927,9039,10880,11,14,213354,13.38,50,5589.62,38077.49,2022-03-14,2026-04-22,Active,327248.44,873,Agriculture,Low
1298,BKAILN39402174,908,8668,2,55,231378,15.21,53,6021.54,35805.52,2025-02-23,2029-07-02,Active,0.0,477,Home Purchase,High
1299,BKAILN27066088,9303,14000,2,9,323873,11.46,43,9219.38,296874.24,2017-02-20,2020-09-02,Active,0.0,505,Education,High
1300,BKAILN51883522,6256,1508,1,40,1284883,9.72,187,13363.92,387969.81,2021-11-09,2037-03-20,Active,2146304.17,564,Education,High
1301,BKAILN94009764,3359,10130,8,63,496761,10.47,116,6826.15,198509.01,2024-07-07,2034-01-16,Active,548816.84,811,Vehicle Purchase,Low
1302,BKAILN71585442,3003,12919,4,58,93554,9.9,131,1170.93,73082.15,2021-12-09,2032-09-12,Default,0.0,429,Agriculture,High
1303,BKAILN64864149,8943,14484,7,66,1965469,13.37,111,30944.47,1888331.03,2024-08-23,2033-10-05,Active,0.0,752,Vehicle Purchase,Low
1304,BKAILN78485923,4970,16404,10,73,485090,7.88,71,8570.29,206379.14,2023-03-05,2029-01-02,Active,545992.86,411,Vehicle Purchase,High
1305,BKAILN30242166,1424,11020,3,82,3290166,9.16,44,88317.97,2561427.2,2017-03-20,2020-10-30,Active,4880561.93,413,Vehicle Purchase,High
1306,BKAILN96277583,1441,4055,10,13,135787,9.21,57,2950.17,94226.99,2021-01-07,2025-09-13,Active,175638.94,589,Personal Expenses,High
1307,BKAILN55280118,9614,9421,4,65,7089415,10.69,44,195465.67,2198793.08,2020-09-09,2024-04-21,Active,0.0,530,Education,High
1308,BKAILN56616057,1612,3302,12,6,11556866,10.89,22,581867.29,3856564.69,2020-12-16,2022-10-07,Active,0.0,318,Education,High
1309,BKAILN51735721,8649,13890,6,1,6564376,13.18,96,110991.12,4840634.94,2024-03-04,2032-01-22,Active,0.0,352,Medical,High
1310,BKAILN89487318,9903,1622,8,11,314889,9.5,224,3006.92,88634.95,2017-08-31,2036-01-24,Active,477457.42,863,Vehicle Purchase,Low
1311,BKAILN97541037,9090,13597,1,6,2489796,10.36,173,27772.15,1924076.21,2019-12-08,2034-02-22,Active,3766528.05,777,Business Expansion,Low
1312,BKAILN80314452,5385,11950,11,2,1244025,12.53,80,23015.56,849933.75,2018-12-23,2025-07-19,Active,2104617.49,777,Business Expansion,Low
1313,BKAILN80140337,57,15456,4,18,167155,12.33,111,2531.41,100677.55,2023-08-21,2032-10-02,Active,0.0,754,Home Purchase,Low
1314,BKAILN30753916,2127,6646,12,87,3789928,11.86,9,442185.46,3036784.08,2024-04-04,2024-12-30,Active,0.0,781,Agriculture,Low
1315,BKAILN10936049,2983,9398,5,71,2830328,9.44,30,106283.26,1422714.83,2025-01-18,2027-07-07,Active,3943942.42,408,Working Capital,High
1316,BKAILN34994420,2659,3983,6,51,66503,14.26,76,1333.71,14727.63,2016-11-21,2023-02-18,Active,0.0,704,Agriculture,Medium
1317,BKAILN18897725,7159,3880,10,32,3912154,9.01,60,81228.87,1760626.53,2025-04-12,2030-03-17,Active,5515115.32,665,Working Capital,Medium
1318,BKAILN19757579,73,15740,12,2,3349954,14.99,34,121532.98,2817667.37,2022-02-27,2024-12-13,Active,0.0,697,Working Capital,Medium
1319,BKAILN39813970,9469,4488,1,37,3082247,10.45,328,28499.76,2383353.17,2017-08-15,2044-07-24,Active,3633212.09,851,Vehicle Purchase,Low
1320,BKAILN59432517,1168,12356,9,61,2449365,9.8,13,199358.8,2136670.46,2021-12-15,2023-01-09,Active,2774629.66,403,Agriculture,High
1321,BKAILN12291899,1942,9049,12,64,1013945,12.24,28,41812.38,186692.78,2024-06-26,2026-10-14,Active,0.0,633,Education,High
1322,BKAILN28363097,8946,2503,8,58,462739,10.77,209,4912.12,179939.05,2021-09-21,2038-11-21,Closed,756783.19,413,Working Capital,High
1323,BKAILN90337084,7568,5269,2,30,1680251,11.5,59,37417.42,402063.95,2022-08-04,2027-06-09,Active,0.0,346,Home Purchase,High
1324,BKAILN71833109,3336,2004,3,65,1275552,9.71,42,35944.24,538656.35,2025-02-02,2028-07-16,Active,1797354.89,327,Working Capital,High
1325,BKAILN52687971,5029,7480,7,68,4689461,13.93,178,62439.87,1382742.57,2024-10-25,2039-06-09,Active,0.0,798,Education,Low
1326,BKAILN44837575,6463,17305,8,52,4110804,10.04,78,71969.33,595365.62,2021-03-15,2027-08-11,Default,6140865.94,640,Personal Expenses,High
1327,BKAILN29302769,7836,2216,3,91,595826,10.55,77,10683.13,298382.27,2025-05-21,2031-09-17,Active,1027595.84,511,Working Capital,High
1328,BKAILN77638983,7786,19903,4,7,4900901,11.41,126,66904.62,4429458.03,2023-01-22,2033-05-29,Active,0.0,741,Home Purchase,Medium
1329,BKAILN10808854,5683,833,5,88,324368,9.55,35,10654.81,260193.38,2021-10-01,2024-08-16,Active,533324.1,565,Education,High
1330,BKAILN65229774,7377,1894,8,95,38794018,9.7,167,424149.02,4187857.27,2016-10-17,2030-07-06,Active,47883318.2,629,Personal Expenses,High
1331,BKAILN29751826,2965,15626,8,27,3830119,11.49,148,48513.35,1214592.23,2025-03-11,2037-05-07,Active,6307744.16,565,Education,High
1332,BKAILN97409137,8030,13957,8,78,1980939,11.55,106,29897.41,1555867.24,2024-04-23,2033-01-06,Active,3338162.77,679,Personal Expenses,Medium
1333,BKAILN87460336,9068,7625,2,5,458649,13.67,19,26982.68,391426.99,2022-06-30,2024-01-21,Active,0.0,713,Business Expansion,Medium
1334,BKAILN83765130,228,3135,7,35,6570184,14.75,14,513706.95,3100389.7,2017-02-15,2018-04-11,Active,0.0,882,Agriculture,Low
1335,BKAILN63695427,3179,14604,5,100,1385634,9.49,8,179424.8,162665.29,2016-12-26,2017-08-23,Active,1733741.77,382,Working Capital,High
1336,BKAILN87520413,3668,3708,11,57,1723275,9.54,26,73627.82,456988.11,2020-05-10,2022-06-29,Active,3001556.0,685,Vehicle Purchase,Medium
1337,BKAILN30974708,5732,18024,8,42,341088,10.52,121,4584.76,266256.32,2021-01-16,2030-12-25,Active,452817.33,362,Medical,High
1338,BKAILN25820638,6351,7282,12,45,1969505,14.13,10,209929.42,480675.01,2024-07-11,2025-05-07,Active,0.0,886,Vehicle Purchase,Low
1339,BKAILN57767782,3366,19272,10,63,3760691,9.45,19,213884.85,1911392.08,2023-07-30,2025-02-19,Active,4574290.58,611,Working Capital,High
1340,BKAILN32769522,731,17880,1,2,1645321,9.27,120,21083.41,1636017.66,2019-12-13,2029-10-21,Active,2677720.68,322,Business Expansion,High
1341,BKAILN93174259,534,9159,10,34,2194857,9.88,120,28859.54,1753617.34,2021-05-03,2031-03-12,Active,3865466.99,543,Home Purchase,High
1342,BKAILN60229580,5430,11274,10,8,232712,7.68,32,8065.49,74516.86,2023-08-15,2026-04-01,Active,266935.78,457,Medical,High
1343,BKAILN37937587,3173,8048,6,25,1932251,12.99,113,29720.41,1599290.26,2019-04-15,2028-07-26,Active,0.0,591,Vehicle Purchase,High
1344,BKAILN96585128,3777,4013,4,17,360428,10.08,65,7218.61,278235.63,2019-03-05,2024-07-06,Active,0.0,851,Vehicle Purchase,Low
1345,BKAILN25824860,2338,7954,5,64,620654,8.27,34,20539.19,397857.3,2018-08-23,2021-06-08,Active,740892.13,357,Business Expansion,High
1346,BKAILN86015178,3329,14685,8,44,1082705,10.61,210,11361.96,863334.42,2018-10-29,2036-01-28,Active,1394243.82,395,Business Expansion,High
1347,BKAILN46784982,7758,10437,10,20,659412,7.4,62,12830.47,494751.82,2022-11-25,2027-12-29,Active,784486.75,733,Agriculture,Medium
1348,BKAILN98562865,8734,8801,5,41,1970564,9.15,34,66014.25,602424.6,2016-11-27,2019-09-13,Active,2173840.74,462,Vehicle Purchase,High
1349,BKAILN23471099,9534,3443,1,39,631690,8.68,300,5163.39,116659.52,2021-12-09,2046-07-31,Active,787666.02,442,Home Purchase,High
1350,BKAILN30578989,1531,16441,9,70,1466778,13.33,43,43089.53,640872.8,2024-01-30,2027-08-12,Active,2374529.2,434,Vehicle Purchase,High
1351,BKAILN15562968,7069,16146,11,82,2459115,12.69,44,70186.03,915430.16,2025-06-02,2029-01-12,Active,3639273.99,804,Medical,Low
1352,BKAILN55673394,7656,17790,4,86,358759,12.02,67,7376.67,340275.89,2018-07-30,2024-01-30,Active,0.0,469,Agriculture,High
1353,BKAILN68685777,7829,4423,5,52,1834921,8.17,22,90090.83,1077717.51,2017-03-20,2019-01-09,Active,3267741.76,628,Home Purchase,High
1354,BKAILN60094372,1314,19190,12,51,762835,13.55,18,47070.36,668271.82,2023-01-27,2024-07-20,Active,0.0,626,Education,High
1355,BKAILN70025138,2820,18104,3,53,4236754,9.35,46,109947.47,3984428.15,2018-01-22,2021-11-02,Active,5863728.98,607,Vehicle Purchase,High
1356,BKAILN91266758,6841,12925,3,22,496211,10.85,29,19528.73,305694.71,2019-02-11,2021-06-30,Active,752164.15,313,Personal Expenses,High
1357,BKAILN96841005,645,615,1,92,1050034,8.55,222,9431.7,279939.47,2023-04-29,2041-07-23,Active,1505801.08,591,Business Expansion,High
1358,BKAILN22568973,1423,19395,1,29,960548,9.91,141,11556.68,212302.15,2023-07-06,2035-02-03,Active,1256891.51,774,Home Purchase,Low
1359,BKAILN24884380,6849,1799,12,61,2602161,10.78,36,84920.57,1196933.76,2021-11-28,2024-11-12,Default,0.0,709,Education,Medium
1360,BKAILN66862582,1477,14572,7,55,1242368,11.05,146,15507.86,318192.48,2020-04-23,2032-04-20,Active,0.0,577,Medical,High
1361,BKAILN23306584,6375,11435,11,36,1360602,9.95,79,23543.93,1317740.1,2024-06-16,2030-12-12,Closed,1782074.59,504,Vehicle Purchase,High
1362,BKAILN66638517,3415,8226,2,78,874714,17.37,37,30700.77,836156.39,2020-02-27,2023-03-13,Active,0.0,332,Home Purchase,High
1363,BKAILN93177753,9251,6187,5,23,1492753,10.64,31,55285.82,175839.64,2020-07-21,2023-02-06,Active,1732459.08,806,Education,Low
1364,BKAILN56352153,7019,10986,1,26,3867709,10.23,193,40923.7,3062158.79,2024-08-18,2040-06-25,Active,4709913.41,575,Agriculture,High
1365,BKAILN66105911,9166,18607,10,6,2694191,7.77,84,41684.18,2076740.48,2021-05-10,2028-04-03,Active,3677436.62,440,Personal Expenses,High
1366,BKAILN93996332,5128,15785,3,95,10811208,9.39,51,257906.73,6876556.51,2025-06-19,2029-08-27,Closed,13611262.9,645,Education,High
1367,BKAILN45144944,7002,1636,2,40,1173788,13.43,47,32252.07,621239.07,2023-01-12,2026-11-22,Active,0.0,379,Agriculture,High
1368,BKAILN21053419,8884,14791,12,84,288871,11.06,13,23680.76,131887.34,2024-12-05,2025-12-30,Default,0.0,684,Working Capital,Medium
1369,BKAILN21694111,8511,12215,7,67,1480113,10.91,118,20504.06,237453.35,2016-09-24,2026-06-04,Active,0.0,604,Home Purchase,High
1370,BKAILN61681710,335,9505,1,31,4419546,8.59,241,38545.61,1772544.45,2022-01-18,2041-11-04,Active,7019357.26,875,Agriculture,Low
1371,BKAILN74833468,7210,6914,1,3,8726279,9.01,129,105847.77,4871676.04,2018-11-11,2029-06-16,Active,10889452.18,705,Personal Expenses,Medium
1372,BKAILN20909520,265,16774,12,58,1649226,15.25,34,60041.29,1517456.31,2020-03-03,2022-12-18,Active,0.0,587,Agriculture,High
1373,BKAILN50893447,2772,16877,6,89,1918205,12.53,109,29555.2,1180419.27,2023-03-15,2032-02-26,Active,0.0,509,Personal Expenses,High
1374,BKAILN17876259,4299,18384,7,55,1837313,9.63,92,28318.53,1553617.62,2023-12-11,2031-07-02,Active,0.0,766,Business Expansion,Low
1375,BKAILN87561798,243,15551,9,25,429211,13.39,55,10484.01,337481.29,2024-10-25,2029-05-02,Closed,592977.92,466,Education,High
1376,BKAILN41323789,7597,2964,9,59,402795,13.28,17,26122.95,192057.33,2023-10-11,2025-03-04,Active,534106.46,508,Home Purchase,High
1377,BKAILN99237139,3841,2855,9,87,1050324,11.4,31,39274.52,299995.8,2025-03-01,2027-09-17,Active,1666674.32,848,Working Capital,Low
1378,BKAILN61053921,9811,5887,5,9,1951920,10.06,26,83865.65,1267667.05,2019-02-28,2021-04-18,Active,2718990.9,327,Personal Expenses,High
1379,BKAILN98407734,4020,1780,4,90,1612544,8.51,90,24300.46,1238835.69,2019-10-03,2027-02-23,Active,0.0,584,Business Expansion,High
1380,BKAILN56135978,8646,19003,8,97,4105532,11.54,88,69357.31,1412185.49,2018-04-25,2025-07-17,Active,5153492.85,416,Home Purchase,High
1381,BKAILN16225199,1875,15597,2,7,454959,13.35,44,13132.61,127271.07,2025-06-26,2029-02-05,Closed,0.0,759,Education,Low
1382,BKAILN70969959,2611,13177,7,20,2853907,12.97,22,146453.2,1614806.93,2025-02-24,2026-12-16,Active,0.0,367,Agriculture,High
1383,BKAILN55483577,9257,6025,9,83,4208626,10.28,30,159682.55,2154307.06,2025-04-15,2027-10-02,Active,6150646.38,893,Vehicle Purchase,Low
1384,BKAILN62601689,2170,510,2,72,5942320,11.06,81,104444.59,4871681.34,2023-07-31,2030-03-26,Active,0.0,715,Education,Medium
1385,BKAILN94585900,3013,8293,1,43,289227,8.79,150,3184.05,101966.96,2022-07-15,2034-11-09,Default,362354.99,690,Personal Expenses,Medium
1386,BKAILN22082920,2560,7302,1,59,435763,8.43,122,5330.24,127876.68,2021-04-23,2031-05-01,Active,661344.23,899,Home Purchase,Low
1387,BKAILN42518680,6152,10429,3,18,3698983,10.54,41,107828.1,2903481.78,2018-03-23,2021-08-04,Active,4070872.88,600,Vehicle Purchase,High
1388,BKAILN12183498,3983,13111,1,90,3073080,9.04,176,31578.77,2491639.63,2020-07-28,2035-01-11,Active,5055889.98,585,Education,High
1389,BKAILN36519478,2084,7564,2,55,1545248,13.14,84,28228.84,710905.51,2017-07-07,2024-05-31,Active,0.0,455,Agriculture,High
1390,BKAILN28104420,828,8408,8,24,327316,11.12,219,3497.0,124174.12,2018-12-25,2036-12-20,Active,547147.19,478,Agriculture,High
1391,BKAILN88303546,6688,5798,3,25,1799989,9.29,50,43553.07,1745716.72,2024-09-08,2028-10-17,Closed,3175251.53,882,Agriculture,Low
1392,BKAILN84622089,8434,15205,10,91,394616,9.96,88,6337.32,235807.3,2017-01-27,2024-04-20,Active,565966.74,709,Education,Medium
1393,BKAILN91605547,4048,3135,6,42,1131469,17.41,67,26517.82,645991.39,2024-12-14,2030-06-16,Active,0.0,557,Medical,High
1394,BKAILN63538936,2406,2207,10,40,520644,7.25,28,20267.51,357752.35,2024-12-11,2027-03-31,Active,812598.8,777,Medical,Low
1395,BKAILN95304463,8906,15404,1,17,345710,10.21,307,3177.16,287068.82,2019-09-17,2044-12-04,Active,500240.4,455,Agriculture,High
1396,BKAILN17464009,8497,5986,11,30,6136089,10.81,66,123737.79,4043536.95,2021-10-22,2027-03-25,Active,9796846.98,454,Medical,High
1397,BKAILN83175374,557,12125,1,52,1397806,9.53,244,12985.52,643844.67,2018-07-18,2038-08-02,Active,2433246.99,882,Home Purchase,Low
1398,BKAILN74463687,2506,9516,2,1,1816902,14.05,58,43333.23,885834.37,2019-08-08,2024-05-13,Active,0.0,641,Vehicle Purchase,High
1399,BKAILN76598922,8032,16249,8,26,2304266,9.9,101,33713.35,1994061.57,2021-12-17,2030-04-04,Active,2691044.41,353,Business Expansion,High
1400,BKAILN93485270,9566,19583,8,93,3757597,12.47,149,49698.1,3642608.38,2023-06-29,2035-09-24,Active,4518994.85,641,Medical,High
1401,BKAILN91729700,2,8878,9,64,2796404,11.68,25,126557.54,971905.61,2022-01-08,2024-01-28,Active,3954081.05,863,Personal Expenses,Low
1402,BKAILN91644753,1169,15441,12,81,3322101,16.25,19,199479.07,1568646.15,2020-03-24,2021-10-15,Active,0.0,378,Working Capital,High
1403,BKAILN14971344,9913,2405,2,72,394672,14.12,42,11963.49,175697.71,2021-07-23,2025-01-03,Active,0.0,561,Home Purchase,High
1404,BKAILN43403619,9868,3833,6,51,700145,13.42,106,11308.94,460162.67,2016-07-10,2025-03-25,Active,0.0,674,Personal Expenses,Medium
1405,BKAILN43372509,9900,17890,8,20,1732774,9.01,132,20734.94,356096.67,2022-01-03,2032-11-06,Active,2241176.82,318,Home Purchase,High
1406,BKAILN94334639,345,14576,11,69,836213,10.34,48,21345.32,501071.07,2019-05-27,2023-05-06,Active,1320501.49,585,Education,High
1407,BKAILN41773361,5613,13682,7,17,2379765,11.27,167,28287.77,1523720.3,2017-07-19,2031-04-07,Active,0.0,508,Medical,High
1408,BKAILN74822857,698,19549,10,22,4110312,9.96,50,100776.35,2213994.11,2020-08-28,2024-10-06,Active,5976033.53,871,Business Expansion,Low
1409,BKAILN60811116,1643,3154,10,43,333561,9.1,23,15858.93,237720.42,2023-04-07,2025-02-25,Active,579504.86,699,Working Capital,Medium
1410,BKAILN31331521,2405,593,9,41,469609,9.71,22,23388.18,217405.53,2018-02-22,2019-12-14,Active,613632.46,765,Personal Expenses,Low
1411,BKAILN28466565,3223,2620,11,57,1262018,9.53,54,28830.33,1214972.47,2017-09-03,2022-02-09,Active,1438313.85,844,Vehicle Purchase,Low
1412,BKAILN64784195,2168,13352,7,24,1210848,13.6,170,16092.0,650619.9,2016-08-12,2030-07-30,Active,0.0,696,Agriculture,Medium
1413,BKAILN10796939,3541,12723,1,67,122282,9.07,123,1530.37,65732.15,2021-04-23,2031-05-31,Active,182061.61,759,Working Capital,Low
1414,BKAILN96836098,7028,8716,1,2,1330074,9.14,130,16155.18,1007984.12,2024-01-20,2034-09-24,Active,2289016.92,389,Business Expansion,High
1415,BKAILN13128008,9967,8595,1,44,2496042,10.18,270,23585.12,1685290.33,2022-11-04,2045-01-07,Active,2995783.75,438,Medical,High
1416,BKAILN15591514,812,17480,8,56,8075835,11.65,205,90953.07,5526621.25,2019-01-22,2035-11-24,Active,9938696.37,701,Personal Expenses,Medium
1417,BKAILN52818511,4684,18247,6,78,28344499,17.42,75,622758.5,27115406.45,2018-11-18,2025-01-15,Active,0.0,344,Vehicle Purchase,High
1418,BKAILN81053861,3463,9287,6,37,2068326,12.58,23,101672.24,931492.71,2018-10-29,2020-09-18,Active,0.0,658,Agriculture,Medium
1419,BKAILN60987459,198,7692,7,53,1938288,10.36,54,45060.9,285121.45,2019-12-14,2024-05-21,Active,0.0,717,Agriculture,Medium
1420,BKAILN12152239,2148,6447,3,46,7485819,9.76,51,179909.33,5853854.23,2023-10-10,2027-12-18,Active,12959886.54,715,Business Expansion,Medium
1421,BKAILN66795633,8144,3077,6,41,1285298,14.53,15,94219.67,968153.46,2017-11-19,2019-02-12,Active,0.0,392,Working Capital,High
1422,BKAILN45614444,928,12301,9,34,245779,11.48,15,17667.14,155248.16,2022-10-02,2023-12-26,Active,323276.44,880,Working Capital,Low
1423,BKAILN96300090,8597,18861,4,69,4447480,8.89,105,61094.8,2736990.59,2024-02-14,2032-09-29,Active,0.0,381,Vehicle Purchase,High
1424,BKAILN45412428,9168,15074,12,51,275278,12.93,12,24578.04,204293.37,2021-11-20,2022-11-15,Active,0.0,806,Home Purchase,Low
1425,BKAILN10802510,1643,18471,6,24,3018744,15.81,18,189476.48,1774583.14,2024-07-04,2025-12-26,Active,0.0,550,Working Capital,High
1426,BKAILN48801784,4245,1309,7,24,4894923,12.19,67,101075.92,1416101.11,2024-01-04,2029-07-06,Active,0.0,714,Education,Medium
1427,BKAILN41776998,2613,7335,6,93,3930174,12.68,32,145391.97,977843.45,2022-08-10,2025-03-27,Active,0.0,784,Working Capital,Low
1428,BKAILN40595359,2871,16917,11,36,174937,10.06,32,6255.55,173610.59,2017-10-11,2020-05-28,Active,200422.01,493,Medical,High
1429,BKAILN54057731,4403,11210,5,17,4203148,9.48,8,544242.7,1673943.55,2020-01-31,2020-09-27,Closed,5568151.77,386,Home Purchase,High
1430,BKAILN48164274,4029,6995,8,87,1777904,10.13,205,18269.15,376711.89,2023-01-09,2039-11-11,Active,1960398.95,702,Agriculture,Medium
1431,BKAILN63475800,6584,9790,11,94,117256,12.4,33,4211.55,55432.86,2024-08-28,2027-05-15,Active,188569.18,334,Personal Expenses,High
1432,BKAILN94580589,4714,2780,1,94,3587344,8.72,212,33227.31,2373079.85,2023-08-08,2041-01-05,Active,5945320.34,438,Personal Expenses,High
1433,BKAILN67448896,7430,13771,12,18,1540312,12.29,7,229150.91,662552.11,2016-12-29,2017-07-27,Active,0.0,471,Home Purchase,High
1434,BKAILN45214993,6745,2326,7,37,3028067,14.07,15,221321.41,2979317.26,2018-01-27,2019-04-22,Active,0.0,713,Vehicle Purchase,Medium
1435,BKAILN87083309,8875,9103,6,77,24602174,15.17,94,448799.28,19511176.99,2017-08-30,2025-05-20,Active,0.0,796,Vehicle Purchase,Low
1436,BKAILN29182726,6832,14304,10,38,274001,9.74,76,4845.03,174673.95,2022-05-04,2028-07-31,Active,454925.23,512,Education,High
1437,BKAILN97364536,1223,3419,12,43,184878,11.83,24,8688.18,115946.51,2019-05-11,2021-04-30,Active,0.0,846,Working Capital,Low
1438,BKAILN89400305,8701,9968,4,64,2765262,9.51,25,122365.71,618654.38,2023-09-02,2025-09-21,Active,0.0,497,Education,High
1439,BKAILN27282930,3360,14754,6,68,4919585,13.78,71,101708.92,2711027.21,2016-10-26,2022-08-26,Active,0.0,444,Personal Expenses,High
1440,BKAILN87246939,6064,13134,1,40,494501,8.99,259,4331.38,83734.58,2017-09-05,2038-12-14,Active,797086.71,561,Vehicle Purchase,High
1441,BKAILN42405779,61,14575,7,20,1398381,9.63,95,21093.16,626668.38,2016-07-26,2024-05-15,Active,0.0,854,Business Expansion,Low
1442,BKAILN70346785,8300,13316,1,36,795088,10.14,135,9896.36,150319.98,2025-06-02,2036-07-04,Active,1054172.25,626,Agriculture,High
1443,BKAILN17020005,6332,17164,6,58,1535013,13.29,109,24321.95,532860.5,2020-09-01,2029-08-15,Active,0.0,307,Agriculture,High
1444,BKAILN50605773,4261,2252,9,99,620565,13.35,30,24442.85,243625.44,2022-08-22,2025-02-07,Active,749477.68,562,Personal Expenses,High
1445,BKAILN73075887,687,2082,5,58,9439954,8.01,31,338117.86,1088329.54,2020-09-22,2023-04-10,Active,15508636.6,625,Medical,High
1446,BKAILN16511082,8857,17521,7,29,2645432,10.57,171,29997.72,677290.44,2024-10-27,2038-11-13,Active,0.0,640,Vehicle Purchase,High
1447,BKAILN87290137,7979,4422,12,35,2050819,10.91,14,156671.48,1082970.56,2018-09-10,2019-11-04,Active,0.0,796,Education,Low
1448,BKAILN60686092,8064,9803,9,66,240095,10.71,25,10757.65,221592.24,2021-12-09,2023-12-29,Default,342093.86,662,Home Purchase,Medium
1449,BKAILN28838239,7082,36,10,22,7107343,7.97,93,102685.42,6009601.96,2018-12-12,2026-08-02,Active,11605494.04,346,Vehicle Purchase,High
1450,BKAILN47630177,288,15357,5,25,5755170,8.44,33,196030.17,5625457.04,2018-10-08,2021-06-24,Active,6894339.34,833,Education,Low
1451,BKAILN98087903,5059,2186,1,66,1422786,8.76,264,12170.22,731665.26,2020-08-08,2042-04-15,Closed,2172258.06,416,Vehicle Purchase,High
1452,BKAILN79028573,4530,3475,11,74,4100761,11.59,34,142072.12,3313566.92,2021-11-30,2024-09-15,Active,6003513.3,705,Medical,Medium
1453,BKAILN74500417,4793,16920,11,27,565281,12.57,34,19847.96,441523.81,2018-07-09,2021-04-24,Active,687394.38,730,Personal Expenses,Medium
1454,BKAILN72913088,8862,16406,4,20,881249,11.3,122,12180.55,820434.57,2019-07-25,2029-08-01,Active,0.0,392,Education,High
1455,BKAILN27920423,7540,4733,7,29,3737782,14.03,99,63927.21,3495072.67,2020-10-15,2028-12-02,Active,0.0,541,Business Expansion,High
1456,BKAILN52460906,4469,17766,8,81,2718329,11.19,208,29649.33,410338.88,2019-01-28,2036-02-28,Active,4338182.89,738,Home Purchase,Medium
1457,BKAILN52139024,5143,6637,11,76,3873295,13.05,41,117595.98,2573447.85,2024-09-16,2028-01-29,Active,5467616.88,808,Home Purchase,Low
1458,BKAILN78441345,9971,12800,8,22,639060,11.62,178,7545.72,97309.87,2018-09-30,2033-05-14,Active,962885.52,678,Medical,Medium
1459,BKAILN41916348,9727,13080,9,88,9405057,10.69,44,259311.35,6740821.21,2025-04-24,2028-12-04,Active,12969720.09,454,Business Expansion,High
1460,BKAILN80195166,6341,3221,11,66,5740008,12.65,62,126578.06,1089404.46,2019-05-16,2024-06-18,Active,10044318.46,852,Home Purchase,Low
1461,BKAILN89118626,9091,4718,11,50,260653,12.81,24,12368.67,57020.36,2018-12-06,2020-11-25,Active,374488.86,450,Medical,High
1462,BKAILN66468502,8042,10745,4,59,7548360,9.6,154,85430.0,5604380.31,2022-10-13,2035-06-07,Active,0.0,345,Agriculture,High
1463,BKAILN98342130,3573,3282,9,42,3486098,13.02,26,154602.09,1089451.18,2020-07-17,2022-09-05,Active,4082544.68,474,Home Purchase,High
1464,BKAILN79333964,4487,9181,11,34,2137299,12.88,44,61200.1,1134044.5,2019-08-14,2023-03-26,Active,3253937.0,527,Working Capital,High
1465,BKAILN40443496,5288,1613,9,26,42440242,11.92,18,2586515.98,39374851.34,2018-03-13,2019-09-04,Active,49726463.85,456,Personal Expenses,High
1466,BKAILN92934499,7314,17621,2,7,1619492,12.93,62,35945.55,1442169.45,2020-08-04,2025-09-07,Active,0.0,761,Education,Low
1467,BKAILN87108752,4808,811,4,98,1816096,11.06,101,27707.44,855040.4,2022-07-20,2030-11-05,Default,0.0,784,Agriculture,Low
1468,BKAILN76922183,8291,6826,12,16,8623933,15.64,36,301661.37,3340637.42,2018-08-17,2021-08-01,Active,0.0,523,Personal Expenses,High
1469,BKAILN37967928,619,4480,6,73,365317,14.17,32,13775.04,165909.64,2019-10-17,2022-06-03,Active,0.0,872,Working Capital,Low
1470,BKAILN19257341,9012,11370,9,81,397020,11.16,57,9005.35,72028.64,2022-02-19,2026-10-26,Active,674209.64,681,Medical,Medium
1471,BKAILN56355704,9377,11690,10,70,2869496,8.3,61,57820.47,2118024.03,2020-03-22,2025-03-26,Active,3937359.84,425,Business Expansion,High
1472,BKAILN78936947,1541,13255,11,73,369689,11.45,71,7192.13,352488.9,2025-05-10,2031-03-10,Active,638930.5,378,Vehicle Purchase,High
1473,BKAILN85491123,3333,15954,2,58,4800312,12.21,50,122966.97,3526837.52,2024-11-05,2028-12-14,Active,0.0,561,Education,High
1474,BKAILN13968838,9424,19174,10,50,3210542,9.43,28,128187.34,2667051.75,2025-03-07,2027-06-25,Active,4486175.94,656,Education,Medium
1475,BKAILN68452811,1278,50,2,18,1290861,14.68,36,44546.1,1279182.47,2021-04-08,2024-03-23,Default,0.0,723,Agriculture,Medium
1476,BKAILN68749531,6937,18145,4,29,2560525,9.61,32,91024.84,347350.7,2019-05-26,2022-01-10,Closed,0.0,513,Personal Expenses,High
1477,BKAILN26146074,4495,9627,6,4,99171,15.32,14,7780.53,34558.15,2022-02-02,2023-03-29,Active,0.0,713,Medical,Medium
1478,BKAILN17052675,1803,18009,4,50,1460331,11.61,113,21306.49,330182.66,2022-01-21,2031-05-04,Active,0.0,685,Education,Medium
1479,BKAILN75225467,7188,12309,7,34,1248063,10.7,157,14801.62,302225.51,2017-01-01,2029-11-24,Active,0.0,487,Vehicle Purchase,High
1480,BKAILN46384571,4728,8383,10,71,3356339,7.13,39,96670.13,1372566.63,2021-10-01,2024-12-14,Active,5403790.21,513,Education,High
1481,BKAILN60730347,1372,12249,3,88,2003329,10.48,58,44170.84,319519.38,2022-11-19,2027-08-25,Active,3501029.8,582,Medical,High
1482,BKAILN11084107,4744,458,3,75,1961049,9.91,31,71961.71,1650241.45,2018-11-21,2021-06-08,Active,2450447.18,437,Medical,High
1483,BKAILN74481318,3985,2811,8,40,4155171,10.73,171,47525.37,2293004.56,2021-04-23,2035-05-10,Active,4744549.51,848,Business Expansion,Low
1484,BKAILN75214412,8987,2544,6,71,979913,11.64,20,54138.31,189609.47,2018-06-04,2020-01-25,Active,0.0,315,Home Purchase,High
1485,BKAILN97469400,38,4679,10,55,1171264,9.01,92,17676.39,1001494.65,2020-05-29,2027-12-19,Active,1621711.41,861,Medical,Low
1486,BKAILN34832894,8229,14148,4,43,1052134,12.2,42,30903.85,280096.55,2024-11-28,2028-05-11,Default,0.0,355,Working Capital,High
1487,BKAILN64875946,7871,1202,12,14,485653,10.61,16,32684.68,115615.66,2016-08-30,2017-12-23,Active,0.0,713,Vehicle Purchase,Medium
1488,BKAILN28877659,2110,4447,6,18,8370504,16.17,84,167066.96,7231480.07,2023-03-13,2030-02-04,Active,0.0,831,Home Purchase,Low
1489,BKAILN99020563,760,2475,6,15,886273,12.62,87,15598.22,611097.23,2023-12-08,2031-01-30,Active,0.0,397,Vehicle Purchase,High
1490,BKAILN31249869,3986,19586,9,33,711873,10.88,26,30856.93,313899.82,2019-09-15,2021-11-03,Active,1267845.99,519,Agriculture,High
1491,BKAILN33254918,4321,19126,11,66,1138120,10.63,32,41001.26,738037.49,2022-02-28,2024-10-15,Active,1593069.53,305,Medical,High
1492,BKAILN47141791,9386,18028,5,82,3495728,8.52,7,513672.72,2457562.72,2018-05-13,2018-12-09,Active,5374932.32,548,Education,High
1493,BKAILN45904728,7995,12783,10,21,21916095,8.42,41,616969.74,9507940.16,2020-12-20,2024-05-03,Active,29208915.3,367,Medical,High
1494,BKAILN59777340,2610,9455,11,57,1373441,11.54,63,29168.93,408266.25,2021-05-11,2026-07-14,Active,1899501.66,895,Vehicle Purchase,Low
1495,BKAILN27083475,9447,18070,7,44,989319,11.89,93,16330.44,721944.41,2017-10-09,2025-05-30,Active,0.0,717,Education,Medium
1496,BKAILN96551818,6855,6440,5,96,1314235,8.61,35,42595.36,693047.32,2021-09-14,2024-07-30,Active,1589774.83,768,Medical,Low
1497,BKAILN65426389,1660,12888,6,94,4300697,12.9,96,72042.56,3018574.49,2022-09-27,2030-08-16,Active,0.0,326,Vehicle Purchase,High
1498,BKAILN21180661,1664,12900,10,66,1791660,8.41,93,26285.76,1566627.0,2021-07-12,2029-03-02,Active,2815893.92,812,Personal Expenses,Low
1499,BKAILN22806896,4488,17574,2,79,310625,10.72,14,23702.7,77482.78,2017-10-02,2018-11-26,Active,0.0,304,Personal Expenses,High
1500,BKAILN36368322,9702,9760,9,99,341468,13.57,13,28392.75,335079.46,2024-01-10,2025-02-03,Active,609633.75,707,Education,Medium
1501,BKAILN37530044,3134,19591,6,14,4654301,15.5,119,76792.26,1908381.66,2022-03-06,2031-12-14,Active,0.0,715,Vehicle Purchase,Medium
1502,BKAILN86122518,7540,2898,1,80,350237,8.73,330,2804.41,256466.05,2020-11-11,2047-12-20,Active,479224.87,599,Home Purchase,High
1503,BKAILN86667744,452,3723,7,52,167543,13.25,152,2279.42,32954.46,2021-02-18,2033-08-14,Active,0.0,658,Medical,Medium
1504,BKAILN74697129,3361,8967,10,69,356761,8.8,105,4883.94,104851.97,2022-06-15,2031-01-29,Active,621602.28,729,Vehicle Purchase,Medium
1505,BKAILN43694743,8920,2987,1,14,14165873,10.11,259,134679.85,7709938.22,2020-08-19,2041-11-27,Active,17729398.75,375,Vehicle Purchase,High
1506,BKAILN30202738,8678,18410,10,54,2348287,8.96,87,36798.49,2134739.98,2018-02-22,2025-04-16,Active,2848671.07,339,Business Expansion,High
1507,BKAILN44603606,8224,10785,7,39,651737,14.54,20,36890.68,625208.56,2024-02-19,2025-10-11,Active,0.0,505,Education,High
1508,BKAILN37569515,8906,12523,1,8,47948336,8.72,170,492152.49,25752913.1,2024-06-04,2038-05-22,Active,84266706.42,402,Personal Expenses,High
1509,BKAILN12177526,2218,9944,2,60,2486565,16.91,23,127329.57,1553282.8,2024-05-28,2026-04-18,Active,0.0,616,Home Purchase,High
1510,BKAILN28349903,7940,2461,3,99,341318,11.9,57,7867.86,175245.94,2019-07-09,2024-03-14,Closed,526449.1,624,Medical,High
1511,BKAILN15034402,8181,9885,7,79,243201,12.12,142,3232.13,76598.08,2024-09-12,2036-05-12,Default,0.0,381,Agriculture,High
1512,BKAILN21059697,5498,7137,2,43,1023247,16.37,48,29193.37,172439.26,2024-12-18,2028-11-27,Active,0.0,543,Agriculture,High
1513,BKAILN20073280,34,4553,11,82,263133,10.24,28,10604.82,67875.24,2021-11-17,2024-03-06,Active,410274.77,619,Personal Expenses,High
1514,BKAILN78005917,9343,19592,12,29,1478416,15.35,35,52664.54,714558.29,2021-06-23,2024-05-08,Default,0.0,589,Home Purchase,High
1515,BKAILN77761937,4854,4773,6,24,8786767,11.74,92,145288.95,2525198.16,2020-12-29,2028-07-20,Active,0.0,672,Business Expansion,Medium
1516,BKAILN21140488,4818,8994,8,15,119871,9.55,163,1315.28,106273.83,2021-03-18,2034-08-07,Active,171833.6,343,Home Purchase,High
1517,BKAILN95653922,6748,13408,7,70,2169976,12.3,119,31645.5,1929659.64,2024-05-08,2034-02-15,Active,0.0,303,Vehicle Purchase,High
1518,BKAILN98530136,2644,4588,2,30,123777,14.14,80,2397.83,24778.75,2017-06-05,2023-12-31,Active,0.0,659,Education,Medium
1519,BKAILN14288227,22,8944,3,12,527622,9.32,33,18186.58,302542.65,2023-10-04,2026-06-20,Active,712575.2,604,Vehicle Purchase,High
1520,BKAILN36070440,5222,14517,8,19,1282292,11.12,89,21219.63,1081534.32,2025-03-03,2032-06-24,Active,2259379.15,621,Education,High
1521,BKAILN13920587,2092,17710,1,3,746752,10.03,231,7310.42,477111.4,2025-01-16,2044-01-07,Active,1064161.09,546,Home Purchase,High
1522,BKAILN98018173,4304,9435,5,61,3017475,8.31,15,212488.97,644601.76,2016-12-27,2018-03-22,Active,4928981.22,397,Personal Expenses,High
1523,BKAILN61744408,3638,11284,5,64,2152726,10.2,26,92632.93,1291461.19,2017-12-10,2020-01-29,Default,3287579.02,323,Home Purchase,High
1524,BKAILN43632413,3925,13190,11,77,342715,13.48,53,8616.33,225680.77,2018-02-03,2022-06-12,Active,594072.69,755,Working Capital,Low
1525,BKAILN35041333,9436,22,6,54,4484524,14.87,56,111530.05,2647026.76,2025-04-08,2029-11-13,Active,0.0,584,Agriculture,High
1526,BKAILN66422263,7532,7884,10,30,1253478,8.91,100,17803.38,200568.8,2021-04-09,2029-06-26,Active,1421355.88,639,Vehicle Purchase,High
1527,BKAILN19276071,4897,19260,6,71,1336918,14.11,17,87223.81,636946.81,2023-01-02,2024-05-26,Active,0.0,873,Working Capital,Low
1528,BKAILN71717603,8174,5910,4,42,4008697,11.04,155,48644.08,1467924.2,2021-01-15,2033-10-09,Active,0.0,608,Home Purchase,High
1529,BKAILN26913988,5044,3625,9,93,795360,10.77,23,38427.16,628424.37,2025-06-13,2027-05-04,Active,1027394.08,765,Medical,Low
1530,BKAILN33369610,8176,18452,7,49,3322571,12.8,95,55808.72,3107766.42,2018-12-11,2026-09-30,Active,0.0,693,Vehicle Purchase,Medium
1531,BKAILN53239383,8812,4565,3,68,2929556,9.95,27,121547.67,1239063.62,2022-03-28,2024-06-15,Active,5131534.01,384,Home Purchase,High
1532,BKAILN23315575,7953,9683,5,21,8290935,8.06,32,288797.92,5434815.37,2017-10-06,2020-05-23,Active,9646105.84,461,Education,High
1533,BKAILN73731819,82,12984,1,29,2741694,8.93,224,25188.43,708683.05,2018-11-18,2037-04-12,Default,3795283.53,514,Working Capital,High
1534,BKAILN34823106,2478,1478,1,54,489878,10.44,151,5841.11,392985.77,2019-07-17,2031-12-11,Active,820509.66,307,Home Purchase,High
1535,BKAILN17802724,356,6023,2,91,4596254,14.82,43,138415.32,2956919.73,2024-07-20,2028-01-31,Active,0.0,302,Working Capital,High
1536,BKAILN10329821,7365,18985,7,80,146576,10.05,49,3659.33,63265.07,2017-03-16,2021-03-25,Active,0.0,616,Education,High
1537,BKAILN81735969,1237,9335,4,43,15559553,8.5,112,201708.91,10343557.59,2018-03-15,2027-05-27,Active,0.0,776,Personal Expenses,Low
1538,BKAILN20774925,7396,16350,12,55,282751,12.23,13,23333.22,206230.0,2018-08-12,2019-09-06,Default,0.0,406,Agriculture,High
1539,BKAILN21615274,5262,15624,6,71,395418,11.41,34,13665.66,244348.07,2016-09-17,2019-07-04,Active,0.0,867,Business Expansion,Low
1540,BKAILN13226649,6331,15658,12,81,1015704,14.25,10,108321.66,722955.15,2019-05-15,2020-03-10,Active,0.0,752,Working Capital,Low
1541,BKAILN95330116,8468,9322,4,83,1519834,9.04,74,26867.46,1340652.0,2024-09-12,2030-10-11,Active,0.0,687,Agriculture,Medium
1542,BKAILN70875238,5516,8050,4,73,93582,12.15,45,2599.54,88440.96,2025-03-06,2028-11-15,Active,0.0,550,Education,High
1543,BKAILN61001316,3420,4156,4,62,800315,11.31,42,23163.28,441761.37,2018-06-24,2021-12-05,Active,0.0,689,Vehicle Purchase,Medium
1544,BKAILN28718144,676,3089,2,13,1932379,14.18,82,36926.96,1750667.93,2021-09-05,2028-05-31,Active,0.0,836,Home Purchase,Low
1545,BKAILN18538080,2368,15986,7,24,1397519,13.92,53,35447.21,1242592.74,2016-08-10,2020-12-17,Default,0.0,677,Working Capital,Medium
1546,BKAILN44920461,8667,14461,6,66,8290448,12.54,115,124216.75,5407324.92,2021-03-05,2030-08-15,Active,0.0,720,Agriculture,Medium
1547,BKAILN87657634,2124,18596,3,54,470567,9.29,76,8214.01,311951.5,2020-12-09,2027-03-08,Active,621351.25,723,Working Capital,Medium
1548,BKAILN92394780,7223,19147,2,100,271092,11.57,18,16477.65,207582.08,2022-11-28,2024-05-21,Active,0.0,322,Vehicle Purchase,High
1549,BKAILN83833690,103,9401,3,45,107801,8.99,60,2237.25,29784.9,2016-09-02,2021-08-07,Default,185965.96,772,Personal Expenses,Low
1550,BKAILN49272770,7419,18203,3,88,322499,9.96,79,5582.19,220833.47,2022-12-03,2029-05-30,Active,474328.25,395,Education,High
1551,BKAILN11577154,6479,6460,4,53,413549,9.27,63,8315.49,223074.08,2021-01-28,2026-04-02,Active,0.0,755,Education,Low
1552,BKAILN49215457,8248,8796,9,17,2580149,11.42,12,228543.63,2327828.96,2024-12-14,2025-12-09,Active,4138633.79,830,Vehicle Purchase,Low
1553,BKAILN91235551,6644,16344,9,93,161419,10.42,60,3463.13,90161.86,2016-08-23,2021-07-28,Active,283605.65,853,Business Expansion,Low
1554,BKAILN59723863,6870,9173,12,73,7123951,11.74,6,1228310.99,1565650.01,2018-10-12,2019-04-10,Active,0.0,875,Home Purchase,Low
1555,BKAILN20394529,1775,10873,2,38,5785021,17.0,30,238047.64,838403.68,2021-04-22,2023-10-09,Active,0.0,300,Personal Expenses,High
1556,BKAILN87453973,586,9367,6,33,5503438,16.51,79,114683.72,5263998.62,2023-01-27,2029-07-24,Active,0.0,821,Home Purchase,Low
1557,BKAILN95135030,1689,8993,5,66,1231007,8.18,13,99272.66,359723.87,2017-10-18,2018-11-12,Active,1638619.16,834,Personal Expenses,Low
1558,BKAILN70046150,1803,15960,5,58,315125,9.37,17,19866.45,177947.2,2020-12-24,2022-05-18,Active,416731.64,588,Home Purchase,High
1559,BKAILN74925522,1685,14285,2,12,5861573,17.72,16,414014.7,4246846.59,2019-08-04,2020-11-26,Active,0.0,509,Agriculture,High
1560,BKAILN79969884,3309,6528,7,21,736607,14.9,144,11008.2,364389.65,2021-03-07,2033-01-03,Active,0.0,893,Personal Expenses,Low
1561,BKAILN66637467,5361,14410,1,91,64724,9.87,341,567.07,43964.52,2021-07-03,2049-07-06,Active,74230.77,656,Working Capital,Medium
1562,BKAILN22651946,7670,15794,4,43,179742,9.96,85,2955.94,80723.33,2023-09-19,2030-09-12,Active,0.0,445,Business Expansion,High
1563,BKAILN10867056,2485,16890,11,44,3794143,10.82,76,69182.86,394099.23,2023-03-03,2029-05-30,Active,6497396.07,507,Personal Expenses,High
1564,BKAILN32093112,5242,4122,3,67,1742620,10.31,48,44457.23,756084.11,2018-05-07,2022-04-16,Active,2817915.26,362,Vehicle Purchase,High
1565,BKAILN11070085,7483,7333,7,72,1641624,10.09,73,30182.83,1529126.68,2019-03-05,2025-03-03,Active,0.0,428,Education,High
1566,BKAILN62336313,3251,36,8,100,289012,11.78,180,3427.83,209234.47,2024-01-24,2038-11-06,Active,415169.21,816,Home Purchase,Low
1567,BKAILN56814976,7921,14649,8,61,88369,12.18,97,1436.18,31922.48,2017-12-06,2025-11-24,Active,110604.8,353,Agriculture,High
1568,BKAILN49727861,667,19899,2,79,3529934,15.58,72,75756.83,2798174.14,2020-12-26,2026-11-25,Active,0.0,716,Agriculture,Medium
1569,BKAILN58926292,3216,15038,9,80,200770,13.35,24,9578.01,190827.63,2022-05-06,2024-04-25,Active,359476.57,688,Education,Medium
1570,BKAILN16720126,1869,10964,3,64,89813,11.47,61,1949.88,31979.04,2017-09-23,2022-09-27,Active,141027.37,731,Business Expansion,Medium
1571,BKAILN77634912,536,4409,2,52,1972409,17.31,54,52830.58,941141.08,2023-10-21,2028-03-28,Active,0.0,331,Medical,High
1572,BKAILN76034666,1463,19665,11,24,226299,10.55,53,5359.95,126012.35,2022-04-06,2026-08-13,Active,361990.37,666,Agriculture,Medium
1573,BKAILN30906603,376,6805,8,12,37727209,11.0,124,510494.0,32738064.59,2021-02-27,2031-05-06,Closed,59425827.21,545,Personal Expenses,High
1574,BKAILN89489729,2728,16321,12,86,263735,11.33,27,11111.65,154246.32,2021-02-04,2023-04-25,Active,0.0,570,Home Purchase,High
1575,BKAILN12344518,5237,2819,1,76,1916210,10.07,296,17560.23,277211.48,2018-01-20,2042-05-14,Active,2515860.99,686,Working Capital,Medium
1576,BKAILN66479971,3557,12498,5,77,6702202,8.63,10,697015.13,5046368.55,2017-09-11,2018-07-08,Active,12009316.33,627,Medical,High
1577,BKAILN25295191,59,10149,1,69,4471842,8.45,134,51665.7,1392158.3,2018-11-25,2029-11-27,Default,6650215.07,833,Education,Low
1578,BKAILN93434777,3771,1618,9,34,1965952,12.4,26,86612.91,1534225.72,2018-10-09,2020-11-27,Active,3022641.98,351,Personal Expenses,High
1579,BKAILN28834844,2247,14061,7,67,6429366,11.84,74,122836.92,3604691.2,2025-03-23,2031-04-21,Active,0.0,384,Vehicle Purchase,High
1580,BKAILN38466364,4007,275,8,79,453231,12.13,125,6402.64,60144.79,2024-07-06,2034-10-12,Active,609231.33,861,Medical,Low
1581,BKAILN73668973,6688,11665,10,83,49227114,8.34,76,835976.07,18587285.01,2017-02-15,2023-05-15,Active,77143130.23,538,Business Expansion,High
1582,BKAILN39090885,6704,7740,7,56,1947201,13.97,121,30083.39,1348206.62,2024-02-05,2034-01-13,Active,0.0,855,Working Capital,Low
1583,BKAILN79084983,8436,367,1,73,257886,8.45,287,2095.66,68512.03,2023-09-21,2047-04-18,Active,361705.43,754,Medical,Low
1584,BKAILN72250122,4775,19032,8,75,6570862,11.25,81,116145.97,4654670.32,2018-10-01,2025-05-27,Active,10512643.15,300,Working Capital,High
1585,BKAILN61027154,4856,818,10,71,1215965,8.61,29,46592.98,474766.8,2020-08-21,2023-01-08,Active,1851043.01,807,Working Capital,Low
1586,BKAILN54246409,7911,18070,12,75,4980399,13.69,16,342315.07,4496042.54,2024-04-11,2025-08-04,Active,0.0,696,Business Expansion,Medium
1587,BKAILN80542438,7022,1291,3,8,1331483,10.67,84,22567.86,910013.3,2024-08-08,2031-07-03,Active,2248953.96,615,Working Capital,High
1588,BKAILN95825795,7587,1632,1,81,1049224,8.26,274,8523.28,634843.81,2020-06-27,2042-12-29,Active,1807073.81,657,Home Purchase,Medium
1589,BKAILN46941691,2801,18731,3,97,114744,10.67,25,5139.07,51896.71,2019-10-25,2021-11-13,Default,176464.21,805,Agriculture,Low
1590,BKAILN61598902,2755,1372,11,2,879917,12.07,46,23988.27,738035.52,2023-02-20,2026-12-01,Active,1358408.43,316,Personal Expenses,High
1591,BKAILN73025092,4724,816,11,90,121356,10.28,84,2032.25,100050.4,2017-08-19,2024-07-13,Active,171823.42,544,Personal Expenses,High
1592,BKAILN44321106,815,12466,12,70,8280183,11.05,26,359568.8,6618147.52,2017-11-23,2020-01-12,Closed,0.0,807,Medical,Low
1593,BKAILN82002332,6863,11598,6,66,959004,15.52,44,28719.07,466290.42,2018-02-25,2021-10-07,Active,0.0,862,Vehicle Purchase,Low
1594,BKAILN38968791,7114,12834,9,39,7962636,10.39,30,302524.43,1943034.57,2018-06-09,2020-11-25,Active,11080355.51,806,Medical,Low
1595,BKAILN97301166,6694,19992,3,72,1466207,8.85,66,28139.01,1335689.53,2019-10-22,2025-03-24,Active,1911214.58,462,Vehicle Purchase,High
1596,BKAILN17995804,5918,1045,5,77,275770,8.73,29,10582.09,216987.71,2025-03-27,2027-08-14,Active,455933.82,626,Vehicle Purchase,High
1597,BKAILN86120854,749,15318,7,58,7351865,12.05,14,565538.2,4728407.68,2016-12-31,2018-02-24,Active,0.0,500,Personal Expenses,High
1598,BKAILN57132448,1802,11612,3,5,215010,11.49,61,4670.13,33776.37,2025-03-07,2030-03-11,Active,257236.91,872,Home Purchase,Low
1599,BKAILN90077658,4339,7620,5,29,394946,10.98,6,67948.36,353968.98,2022-12-16,2023-06-14,Active,472943.26,775,Working Capital,Low
1600,BKAILN71836669,4329,4883,4,71,108550,8.81,49,2645.65,50040.95,2023-08-19,2027-08-28,Active,0.0,489,Agriculture,High
1601,BKAILN56783145,4794,11214,3,11,1951021,11.37,46,52523.26,533009.12,2019-07-30,2023-05-10,Active,3122489.44,658,Agriculture,Medium
1602,BKAILN57980037,5123,7207,1,89,378104,10.05,330,3382.36,264296.96,2020-02-27,2047-04-06,Active,660249.62,652,Home Purchase,Medium
1603,BKAILN21659353,5202,15586,7,48,335116,10.25,59,7254.58,149711.1,2022-09-12,2027-07-18,Default,0.0,443,Education,High
1604,BKAILN62647572,2618,463,7,76,1389853,10.92,37,44410.69,1359465.48,2019-10-09,2022-10-23,Active,0.0,752,Home Purchase,Low
1605,BKAILN68495655,8095,1944,7,40,5169263,12.64,33,186258.53,2080237.65,2018-10-19,2021-07-05,Active,0.0,375,Working Capital,High
1606,BKAILN47634250,3755,17401,12,72,333038,14.19,24,16020.02,317344.77,2024-05-19,2026-05-09,Active,0.0,520,Home Purchase,High
1607,BKAILN16200582,2372,18120,5,23,97422,9.51,33,3366.64,81281.04,2018-09-08,2021-05-25,Active,134492.68,675,Medical,Medium
1608,BKAILN54457665,4798,19349,2,4,1258775,12.35,28,51973.72,816530.2,2018-09-14,2021-01-01,Active,0.0,412,Vehicle Purchase,High
1609,BKAILN15118359,2569,19178,4,62,1983207,12.08,157,25191.92,863212.54,2018-08-09,2031-07-02,Active,0.0,386,Business Expansion,High
1610,BKAILN70654935,3501,5300,6,66,1725884,11.11,30,66152.45,1663666.14,2016-09-23,2019-03-12,Active,0.0,365,Agriculture,High
1611,BKAILN63293861,9294,2475,3,42,4111496,10.98,29,162060.59,991108.22,2023-10-04,2026-02-20,Active,6231353.55,552,Personal Expenses,High
1612,BKAILN96364990,4785,11347,7,77,556424,13.78,41,17092.25,299685.24,2020-06-10,2023-10-23,Active,0.0,752,Business Expansion,Low
1613,BKAILN79892950,3999,18366,6,64,3332934,17.04,19,201379.29,350926.48,2023-07-06,2025-01-26,Active,0.0,686,Home Purchase,Medium
1614,BKAILN16339223,3896,1558,4,35,1226077,11.48,103,18768.8,622025.87,2021-01-07,2029-06-24,Active,0.0,706,Medical,Medium
1615,BKAILN77778425,1578,1464,5,10,1924847,9.22,28,76666.84,445748.54,2017-05-22,2019-09-09,Closed,3180165.57,854,Education,Low
1616,BKAILN10392185,1615,7702,8,69,1157609,9.6,72,21212.91,220518.77,2024-10-29,2030-09-28,Active,1524979.76,452,Education,High
1617,BKAILN39831718,6805,297,6,31,1653797,16.57,34,61278.36,1325951.01,2017-05-21,2020-03-06,Active,0.0,720,Business Expansion,Medium
1618,BKAILN74712102,3018,1513,11,6,4517559,13.25,54,111510.78,3323964.6,2018-11-10,2023-04-18,Active,7018530.41,738,Education,Medium
1619,BKAILN13702335,8735,19879,2,42,459229,12.43,24,21709.84,157099.87,2022-10-18,2024-10-07,Active,0.0,673,Medical,Medium
1620,BKAILN91269897,7744,4646,8,79,4450065,9.02,155,48707.79,1894065.02,2022-02-04,2034-10-29,Active,7806829.53,730,Working Capital,Medium
1621,BKAILN77246547,8200,13608,7,97,147551,14.02,165,2021.23,112275.3,2020-07-01,2034-01-19,Active,0.0,419,Agriculture,High
1622,BKAILN37846585,7517,3226,4,26,782009,10.84,126,10419.66,340197.18,2025-03-21,2035-07-27,Active,0.0,806,Personal Expenses,Low
1623,BKAILN61172286,2883,16196,12,55,35553764,12.22,7,5288094.17,13062717.17,2022-02-12,2022-09-10,Active,0.0,700,Medical,Medium
1624,BKAILN49664236,8379,7431,1,15,3917128,8.92,294,32839.52,2599361.17,2023-07-20,2047-09-12,Active,4589253.38,490,Agriculture,High
1625,BKAILN89611948,8365,15829,4,3,1504951,12.05,130,20782.24,1473740.79,2019-06-18,2030-02-20,Active,0.0,696,Medical,Medium
1626,BKAILN34310183,2376,19460,1,15,4864339,8.31,258,40514.47,4176742.14,2017-10-06,2038-12-15,Active,7957355.63,890,Education,Low
1627,BKAILN87713329,1544,2686,8,70,222926,12.27,158,2850.77,32300.11,2022-07-16,2035-07-08,Active,361135.38,448,Education,High
1628,BKAILN97510445,876,15744,9,43,1587571,10.21,42,45113.38,1153959.28,2020-06-30,2023-12-12,Active,2605003.52,710,Vehicle Purchase,Medium
1629,BKAILN83321166,6705,11002,10,54,354944,8.43,48,8737.04,69501.59,2023-12-28,2027-12-07,Active,421306.88,585,Business Expansion,High
1630,BKAILN64543706,3986,3104,9,53,103480,12.29,54,2504.35,74116.54,2016-07-09,2020-12-15,Active,183190.45,620,Business Expansion,High
1631,BKAILN85236245,8309,2328,3,12,486628,10.69,47,12717.51,182280.86,2018-10-23,2022-09-02,Active,675130.42,799,Medical,Low
1632,BKAILN96302259,213,16371,9,10,1859522,13.34,57,44218.44,1353600.83,2023-08-20,2028-04-25,Active,2193641.02,512,Personal Expenses,High
1633,BKAILN42491014,1260,15408,6,79,2482007,12.32,99,40051.81,682608.91,2017-10-02,2025-11-19,Active,0.0,423,Working Capital,High
1634,BKAILN79241385,5455,16500,5,29,595230,9.74,30,22434.6,381684.65,2023-09-02,2026-02-18,Active,967138.37,680,Agriculture,Medium
1635,BKAILN29528669,5279,11208,4,14,28686575,11.22,174,334450.38,18456396.65,2023-01-22,2037-05-08,Active,0.0,457,Vehicle Purchase,High
1636,BKAILN34454088,3079,13298,2,5,7131217,16.75,35,258946.45,6518954.1,2023-06-28,2026-05-13,Active,0.0,408,Agriculture,High
1637,BKAILN39209542,864,19763,4,32,1041502,10.79,90,16928.63,192088.82,2022-11-18,2030-04-10,Active,0.0,698,Personal Expenses,Medium
1638,BKAILN82260050,7616,4444,10,81,1208156,8.2,96,17202.38,453382.84,2018-01-31,2025-12-20,Active,2074827.31,893,Home Purchase,Low
1639,BKAILN66175091,6562,16654,9,9,868768,13.93,51,22667.67,784351.36,2016-10-17,2020-12-25,Active,1155492.22,395,Medical,High
1640,BKAILN49424344,184,5907,4,40,3899271,12.35,144,52043.22,2070277.45,2024-02-23,2035-12-22,Active,0.0,531,Education,High
1641,BKAILN41499354,7109,10246,11,40,4887131,10.18,78,85910.68,2299958.27,2024-10-24,2031-03-22,Closed,8497029.39,489,Business Expansion,High
1642,BKAILN31118074,4580,8017,9,97,7487482,9.95,31,274896.42,1795282.62,2022-06-20,2025-01-05,Active,13400158.07,331,Vehicle Purchase,High
1643,BKAILN48253012,1689,10123,8,64,4803086,10.44,239,47819.08,2280868.3,2021-09-24,2041-05-12,Active,6204506.92,889,Business Expansion,Low
1644,BKAILN78259226,2935,12634,4,10,31796150,10.37,105,461924.31,21306407.26,2017-10-29,2026-06-14,Active,0.0,357,Business Expansion,High
1645,BKAILN42462158,7869,12525,1,92,4585801,9.7,201,46234.65,4544844.82,2018-11-05,2035-05-10,Active,5157480.03,478,Agriculture,High
1646,BKAILN35752970,9976,533,10,80,1227658,7.52,33,41296.94,399042.26,2019-02-15,2021-11-01,Active,2067787.38,854,Vehicle Purchase,Low
1647,BKAILN37054502,4914,16954,3,69,2009231,9.66,64,40296.2,1547533.54,2019-10-04,2025-01-05,Active,2590122.25,495,Medical,High
1648,BKAILN33585795,4658,8163,5,94,3599074,8.63,17,225674.97,1767836.24,2019-10-23,2021-03-16,Active,5995557.24,594,Agriculture,High
1649,BKAILN95040563,8570,12230,10,78,222894,9.83,82,3743.31,138162.17,2025-04-05,2031-12-30,Active,299386.16,872,Personal Expenses,Low
1650,BKAILN64339067,5377,1469,11,34,1395317,12.96,39,44029.49,894182.96,2021-11-19,2025-02-01,Active,2354813.44,781,Medical,Low
1651,BKAILN91942689,6586,12364,1,67,1734600,8.33,271,14222.83,504837.78,2020-05-24,2042-08-27,Default,2241693.28,591,Agriculture,High
1652,BKAILN68147182,9573,1688,8,11,3916735,11.06,216,41870.56,2860203.84,2020-05-15,2038-02-10,Active,6652949.39,322,Personal Expenses,High
1653,BKAILN68000193,5338,2,2,84,1598068,11.11,39,49005.41,1352512.63,2020-02-12,2023-04-27,Active,0.0,728,Agriculture,Medium
1654,BKAILN59383717,7127,18858,1,67,7187409,9.79,218,70656.82,1887642.08,2017-11-04,2035-10-01,Active,9335442.5,512,Vehicle Purchase,High
1655,BKAILN16115113,2224,8661,6,23,3715306,16.32,14,293239.43,1991498.0,2022-12-06,2024-01-30,Active,0.0,618,Agriculture,High
1656,BKAILN17475528,3944,17660,2,42,851942,14.04,80,16457.35,732700.8,2025-02-16,2031-09-13,Active,0.0,638,Personal Expenses,High
1657,BKAILN86902763,4006,13344,7,72,4156553,13.6,108,66922.08,2350828.42,2022-09-15,2031-07-30,Active,0.0,594,Agriculture,High
1658,BKAILN60650080,9849,10927,4,11,5182332,9.79,113,70378.1,2567054.96,2023-12-02,2033-03-14,Default,0.0,891,Medical,Low
1659,BKAILN61981352,5367,13598,1,19,1273584,9.96,284,11688.27,997328.37,2021-04-14,2044-08-11,Active,1444423.65,521,Medical,High
1660,BKAILN42830348,3812,3440,12,69,1926070,13.03,14,149042.37,1546238.82,2019-10-19,2020-12-12,Active,0.0,686,Education,Medium
1661,BKAILN50460356,4587,11709,4,60,1384325,9.39,136,16574.26,1182737.69,2023-01-14,2034-03-17,Active,0.0,757,Agriculture,Low
1662,BKAILN91262595,8002,16250,3,34,1313956,10.94,80,23207.12,180046.31,2017-09-09,2024-04-05,Active,2010322.78,867,Working Capital,Low
1663,BKAILN44057736,451,7866,10,61,390820,7.82,48,9508.07,337511.17,2021-07-13,2025-06-22,Active,551950.24,770,Agriculture,Low
1664,BKAILN50003269,1447,2492,9,41,815198,11.64,13,67047.56,307584.68,2024-08-07,2025-09-01,Active,1150738.8,504,Medical,High
1665,BKAILN63476100,5851,16589,11,20,1733882,12.61,27,74092.76,1325773.6,2022-05-22,2024-08-09,Active,2873763.99,681,Vehicle Purchase,Medium
1666,BKAILN65246410,7043,1046,12,81,325426,12.08,13,26832.07,300175.96,2023-06-25,2024-07-19,Active,0.0,433,Home Purchase,High
1667,BKAILN66561395,1275,2578,1,77,2330014,8.84,127,28310.66,1459574.08,2022-01-19,2032-06-25,Active,3791923.1,670,Agriculture,Medium
1668,BKAILN63927746,6986,2507,6,40,337109,17.96,23,17432.4,272653.72,2020-06-24,2022-05-15,Active,0.0,583,Personal Expenses,High
1669,BKAILN65245190,6552,12564,8,71,1848126,10.49,83,31405.84,651645.02,2025-07-02,2032-04-26,Closed,2630051.09,897,Home Purchase,Low
1670,BKAILN32021272,3813,7588,12,1,243388,12.74,10,25782.49,159891.74,2018-04-21,2019-02-15,Active,0.0,582,Education,High
1671,BKAILN19004041,4152,1796,8,46,3323495,10.48,133,42347.08,1932701.84,2018-07-07,2029-06-09,Active,4062356.55,459,Business Expansion,High
1672,BKAILN55578219,2747,8558,9,59,211652,11.25,14,16202.47,180794.76,2018-11-17,2020-01-11,Active,270349.73,812,Vehicle Purchase,Low
1673,BKAILN77719328,7879,7395,3,46,5864963,8.76,44,156327.55,5198616.31,2017-02-18,2020-09-30,Default,7134952.81,531,Agriculture,High
1674,BKAILN11162685,2316,11644,7,66,16051379,11.21,139,206706.99,2708178.69,2021-05-23,2032-10-22,Active,0.0,492,Vehicle Purchase,High
1675,BKAILN75627013,9018,19737,7,42,3464911,13.75,148,48727.61,2335093.3,2021-05-31,2033-07-27,Active,0.0,421,Home Purchase,High
1676,BKAILN60571870,7549,11311,10,98,659334,8.57,102,9123.84,564095.11,2019-09-07,2028-01-23,Active,1174340.38,413,Medical,High
1677,BKAILN81520534,1066,8461,9,50,358069,10.42,18,21573.89,282475.78,2017-06-20,2018-12-12,Active,577435.57,500,Education,High
1678,BKAILN88870241,1665,5682,12,9,1153802,14.14,32,43489.86,988884.1,2017-02-25,2019-10-13,Active,0.0,353,Education,High
1679,BKAILN36276771,885,2057,8,42,97541,12.17,135,1329.77,38929.21,2024-07-24,2035-08-26,Active,151069.48,671,Medical,Medium
1680,BKAILN58393887,8996,9932,1,85,3849483,10.07,195,40179.49,3481214.51,2024-05-20,2040-05-26,Active,5896049.99,717,Working Capital,Medium
1681,BKAILN28972893,6662,19594,8,35,3365399,10.42,170,37950.45,3285901.93,2017-03-07,2031-02-22,Active,5109837.13,400,Home Purchase,High
1682,BKAILN92659260,1529,566,7,8,8517772,11.19,33,301054.25,3783600.64,2017-02-10,2019-10-28,Closed,0.0,689,Education,Medium
1683,BKAILN94935617,8180,11661,3,82,758994,10.91,32,27442.79,707799.63,2019-11-09,2022-06-26,Active,915621.12,385,Agriculture,High
1684,BKAILN11492827,5657,18636,10,30,563915,8.71,60,11626.74,529605.76,2016-07-14,2021-06-18,Active,654392.46,303,Working Capital,High
1685,BKAILN45880608,9157,11129,8,79,339023,9.45,93,5155.53,48129.0,2025-02-28,2032-10-19,Active,526086.37,774,Education,Low
1686,BKAILN78681848,378,4831,5,81,756056,10.42,23,36405.78,688669.35,2023-06-01,2025-04-21,Closed,1261087.37,639,Agriculture,High
1687,BKAILN45365030,7392,13079,1,89,1658505,10.06,131,20907.82,1334861.17,2020-10-22,2031-07-27,Default,2807913.42,788,Working Capital,Low
1688,BKAILN14734820,1537,12745,1,43,674969,9.87,125,8663.36,305712.57,2020-08-13,2030-11-19,Active,1067441.53,509,Working Capital,High
1689,BKAILN56653374,6973,7788,7,10,9453035,13.93,68,201791.7,7138976.65,2020-07-15,2026-02-14,Active,0.0,690,Home Purchase,Medium
1690,BKAILN47506097,7897,19305,7,36,2096596,13.06,47,57222.95,1258819.96,2023-05-02,2027-03-12,Active,0.0,309,Personal Expenses,High
1691,BKAILN88767475,5287,8058,2,72,162364,16.15,13,13697.6,122949.92,2017-06-01,2018-06-26,Active,0.0,833,Vehicle Purchase,Low
1692,BKAILN42127494,9643,11745,5,12,3088907,8.22,28,121611.86,957630.96,2021-06-12,2023-09-30,Closed,4350261.66,874,Agriculture,Low
1693,BKAILN78522565,8472,13239,8,81,3389914,9.75,74,61133.33,1844391.03,2021-01-31,2027-03-01,Active,5645833.55,561,Agriculture,High
1694,BKAILN82010674,27,3631,6,68,2699606,13.66,96,46375.36,1546829.49,2023-09-21,2031-08-10,Active,0.0,468,Medical,High
1695,BKAILN75090023,6710,16228,6,65,3438009,12.47,67,71488.91,3258921.58,2017-11-10,2023-05-13,Active,0.0,732,Agriculture,Medium
1696,BKAILN57971323,3288,2660,5,62,1505858,8.97,23,71505.22,794264.05,2019-01-21,2020-12-11,Active,1810932.04,536,Working Capital,High
1697,BKAILN95377710,4770,17255,11,50,1818078,12.65,45,50947.99,930162.52,2017-07-22,2021-04-02,Active,2351690.93,365,Education,High
1698,BKAILN57726845,5215,2358,7,99,1867163,11.94,42,54608.15,637447.1,2022-12-28,2026-06-10,Active,0.0,716,Agriculture,Medium
1699,BKAILN57105377,8263,6020,5,8,8579989,10.66,25,384234.35,7912152.34,2025-05-31,2027-06-20,Active,9737208.69,511,Agriculture,High
1700,BKAILN47683552,8872,7045,4,40,447725,11.85,45,12371.53,103032.79,2022-05-09,2026-01-18,Active,0.0,836,Education,Low
1701,BKAILN14507845,4499,266,8,27,1690607,10.34,201,17727.43,244095.31,2017-09-19,2034-03-24,Active,1957670.27,818,Vehicle Purchase,Low
1702,BKAILN45059642,4466,13659,9,3,1419882,9.52,33,49073.88,763006.74,2017-02-15,2019-11-02,Active,2484766.12,634,Education,High
1703,BKAILN63027777,4898,18789,7,9,304046,9.72,123,3913.69,121460.95,2018-06-13,2028-07-20,Active,0.0,511,Education,High
1704,BKAILN57971671,5259,7128,12,72,1432074,13.68,17,93143.73,363233.03,2025-01-09,2026-06-03,Active,0.0,387,Home Purchase,High
1705,BKAILN63373687,7827,16778,11,35,1651384,11.49,45,45342.16,551297.13,2020-10-29,2024-07-10,Active,2905899.35,679,Agriculture,Medium
1706,BKAILN18680409,7473,15836,1,48,4015354,9.25,276,35176.79,2920248.98,2019-03-12,2041-11-11,Active,7053816.08,816,Education,Low
1707,BKAILN33869685,8520,8013,10,67,206728,9.03,47,5238.39,100573.1,2024-05-18,2028-03-28,Active,267281.7,854,Working Capital,Low
1708,BKAILN53774258,4965,8629,11,84,3821893,11.78,41,113681.72,3470666.4,2018-12-21,2022-05-04,Active,5492007.34,670,Medical,Medium
1709,BKAILN10358749,9540,8705,11,99,451518,12.84,38,14523.52,370530.47,2020-11-24,2024-01-08,Active,551892.68,444,Home Purchase,High
1710,BKAILN24735742,2017,10913,8,83,1125913,10.42,237,11222.79,585428.69,2020-04-20,2039-10-08,Active,2022000.75,348,Personal Expenses,High
1711,BKAILN72853949,8200,11036,4,52,1890858,11.57,91,31304.22,788786.26,2023-07-25,2031-01-14,Active,0.0,674,Medical,Medium
1712,BKAILN93157881,5146,4970,6,31,1522987,12.89,105,24260.38,665063.0,2018-03-24,2026-11-07,Active,0.0,519,Working Capital,High
1713,BKAILN77321614,1602,13396,6,52,4441392,13.45,14,344554.23,3773308.64,2022-02-14,2023-04-10,Active,0.0,670,Vehicle Purchase,Medium
1714,BKAILN10252457,4925,598,11,60,2703152,12.06,73,52436.7,2185197.86,2018-02-26,2024-02-25,Active,4180853.15,754,Agriculture,Low
1715,BKAILN56882181,5233,18741,10,44,701361,9.99,68,13549.29,225137.73,2017-09-22,2023-04-24,Default,914288.82,869,Medical,Low
1716,BKAILN71755903,5701,1024,8,85,424281,12.29,155,5473.43,357321.43,2018-09-05,2031-05-30,Active,496638.33,379,Business Expansion,High
1717,BKAILN51956607,5142,3207,8,51,291178,11.62,158,3606.25,142452.59,2019-05-31,2032-05-22,Closed,442057.04,841,Education,Low
1718,BKAILN36567299,7020,15952,2,31,995664,16.12,58,24823.35,706095.36,2020-12-30,2025-10-05,Active,0.0,661,Working Capital,Medium
1719,BKAILN38673093,3777,11319,12,14,73842,13.66,19,4343.84,21632.67,2019-06-19,2021-01-09,Active,0.0,387,Home Purchase,High
1720,BKAILN40201129,5139,15722,2,92,3299763,12.54,18,202055.01,1003259.57,2018-08-12,2020-02-03,Active,0.0,714,Agriculture,Medium
1721,BKAILN40645572,5968,14319,8,47,4181710,11.69,76,78137.33,459584.56,2018-01-06,2024-04-04,Active,4750776.81,767,Education,Low
1722,BKAILN19168351,2319,16600,7,98,8481949,14.03,143,122387.35,7029841.95,2020-03-22,2031-12-20,Active,0.0,570,Agriculture,High
1723,BKAILN60682062,1354,3546,10,75,116194,7.31,115,1408.23,80395.48,2018-06-23,2027-12-03,Active,154025.6,462,Education,High
1724,BKAILN60302748,5195,9181,6,37,1167887,16.67,51,32113.89,852627.38,2021-04-30,2025-07-08,Closed,0.0,485,Business Expansion,High
1725,BKAILN29378957,950,6753,9,71,329090,9.94,56,7368.46,88466.7,2020-06-15,2025-01-20,Active,584615.15,646,Business Expansion,High
1726,BKAILN44919531,6259,4410,12,22,1399342,14.06,20,78892.03,1225487.48,2022-05-15,2024-01-05,Active,0.0,382,Business Expansion,High
1727,BKAILN62233161,188,6410,5,1,7239448,9.99,13,589870.82,1926603.04,2024-04-03,2025-04-28,Active,8819738.23,512,Agriculture,High
1728,BKAILN91027259,6115,85,5,62,1701689,9.41,21,88204.47,533504.17,2019-05-29,2021-02-17,Active,2425795.91,447,Personal Expenses,High
1729,BKAILN62982698,9191,1617,12,85,268122,15.53,26,12210.44,153150.57,2019-05-21,2021-07-09,Active,0.0,828,Agriculture,Low
1730,BKAILN50065416,1789,19295,10,79,2678787,7.67,40,76107.67,1233702.26,2016-07-30,2019-11-12,Active,4099430.24,778,Home Purchase,Low
1731,BKAILN14454734,9250,15944,6,83,4555280,16.03,99,83222.74,3719277.75,2022-09-12,2030-10-30,Active,0.0,882,Vehicle Purchase,Low
1732,BKAILN23400438,3078,13013,3,70,110027,9.84,66,2165.34,84022.52,2024-09-22,2030-02-23,Active,149816.57,887,Agriculture,Low
1733,BKAILN55758595,2816,13158,8,1,195370,12.34,178,2397.01,131650.99,2022-09-17,2037-05-01,Active,269333.41,441,Business Expansion,High
1734,BKAILN36707552,6031,17867,7,30,4139280,12.64,18,253654.09,452912.08,2019-09-26,2021-03-19,Active,0.0,537,Vehicle Purchase,High
1735,BKAILN51808607,5539,8314,4,49,8763420,11.23,45,239514.32,7590477.71,2021-11-04,2025-07-16,Active,0.0,791,Working Capital,Low
1736,BKAILN86686210,5414,12047,2,66,435039,10.69,32,15684.7,139251.26,2019-05-31,2022-01-15,Closed,0.0,388,Personal Expenses,High
1737,BKAILN14383327,5660,13462,10,65,5838578,8.73,40,168757.45,5087259.68,2024-08-03,2027-11-16,Active,9280309.99,496,Home Purchase,High
1738,BKAILN89268540,5256,6844,10,31,182985,7.91,28,7178.26,60025.12,2021-02-07,2023-05-28,Active,304927.29,868,Vehicle Purchase,Low
1739,BKAILN51629508,5319,19239,2,92,8898927,16.17,70,197167.2,3995585.76,2025-05-25,2031-02-23,Active,0.0,529,Medical,High
1740,BKAILN54738928,8190,8652,2,44,448618,15.29,72,9556.83,364331.92,2018-12-30,2024-11-28,Active,0.0,762,Home Purchase,Low
1741,BKAILN61944504,321,11171,5,38,4460583,9.63,34,150427.09,3833101.93,2023-01-25,2025-11-10,Active,6597117.1,652,Home Purchase,Medium
1742,BKAILN73438877,6426,10050,8,58,3253661,11.08,209,35197.65,640165.34,2024-04-28,2041-06-28,Active,4681633.48,889,Working Capital,Low
1743,BKAILN55345909,4397,811,7,98,1685467,11.38,50,42487.14,487233.93,2019-01-14,2023-02-22,Active,0.0,819,Home Purchase,Low
1744,BKAILN97235411,6681,2218,10,28,3463287,8.52,99,48825.04,2601650.34,2021-04-02,2029-05-20,Active,5576722.27,486,Agriculture,High
1745,BKAILN85833125,6657,4729,9,49,1428744,11.64,51,35645.94,195441.02,2020-04-01,2024-06-09,Active,2225951.92,883,Personal Expenses,Low
1746,BKAILN84343016,9783,13745,10,23,5716379,7.55,107,73571.2,1797953.24,2016-12-26,2025-10-10,Active,7718902.45,433,Home Purchase,High
1747,BKAILN38947425,9657,7530,7,33,138041,12.47,179,1701.95,43851.59,2016-10-18,2031-07-02,Active,0.0,446,Home Purchase,High
1748,BKAILN97827493,2139,6250,7,44,4373971,13.98,19,257959.51,2007407.67,2025-06-23,2027-01-14,Active,0.0,652,Agriculture,Medium
1749,BKAILN61343672,4341,8317,6,68,210180,16.45,88,4126.37,178900.99,2017-06-24,2024-09-15,Closed,0.0,333,Working Capital,High
1750,BKAILN32376590,5933,11471,5,40,2447255,9.6,30,92079.69,2005773.41,2016-12-04,2019-05-23,Closed,4033839.61,562,Home Purchase,High
1751,BKAILN83906799,8685,14636,6,70,2553700,12.73,68,52904.71,1535840.48,2020-02-15,2025-09-16,Active,0.0,734,Education,Medium
1752,BKAILN85186443,6575,13590,1,27,7089657,8.76,271,60130.81,6464122.17,2025-02-12,2047-05-18,Closed,8260308.42,633,Education,High
1753,BKAILN51569267,9297,11872,9,53,324980,13.15,48,8742.61,237138.24,2016-07-23,2020-07-02,Active,414713.09,461,Business Expansion,High
1754,BKAILN10889761,7717,148,8,3,255679,12.2,207,2964.68,200507.96,2023-04-27,2040-04-27,Active,378233.97,818,Home Purchase,Low
1755,BKAILN21041966,8014,11825,3,39,227458,10.46,43,6365.6,172313.15,2023-09-19,2027-04-01,Active,354665.82,303,Vehicle Purchase,High
1756,BKAILN72608212,5236,587,2,100,5571691,13.49,79,106791.75,2592015.66,2022-06-26,2028-12-21,Active,0.0,434,Education,High
1757,BKAILN81746594,5598,9580,7,95,284522,13.25,158,3814.45,130430.21,2017-05-31,2030-05-23,Active,0.0,792,Medical,Low
1758,BKAILN67209590,803,2882,4,34,316175,8.55,119,3949.51,232861.63,2019-07-04,2029-04-12,Active,0.0,310,Education,High
1759,BKAILN10935138,1568,11960,4,6,1061809,9.04,148,11926.47,699588.49,2024-05-20,2036-07-16,Active,0.0,771,Agriculture,Low
1760,BKAILN83780651,5781,4140,8,31,400910,11.13,183,4560.33,56768.12,2024-01-14,2039-01-25,Active,679089.44,458,Education,High
1761,BKAILN81877114,6095,10575,10,16,1063406,8.35,12,92676.2,260930.91,2019-11-01,2020-10-26,Active,1846757.47,651,Medical,Medium
1762,BKAILN34631436,4900,18393,10,60,1761525,8.94,22,87107.39,656050.99,2020-05-07,2022-02-26,Active,2997143.14,617,Agriculture,High
1763,BKAILN70335130,3861,14230,3,91,4169007,10.0,46,109481.09,1543955.25,2023-07-05,2027-04-15,Active,6264238.78,781,Personal Expenses,Low
1764,BKAILN79644509,8117,5400,3,78,4664878,11.62,40,141218.92,4076800.87,2021-08-29,2024-12-11,Default,7164530.16,773,Agriculture,Low
1765,BKAILN92326917,9362,1537,6,98,6868986,14.34,55,171115.29,952793.88,2018-03-29,2022-10-04,Active,0.0,460,Vehicle Purchase,High
1766,BKAILN48531288,156,19707,9,9,8950199,12.41,53,220208.71,5941462.46,2024-12-07,2029-04-15,Active,14362352.93,881,Working Capital,Low
1767,BKAILN89711823,2520,1084,8,29,2703774,9.8,166,29806.66,2298100.94,2017-09-20,2031-05-10,Active,3212417.49,567,Medical,High
1768,BKAILN71755566,3021,5973,1,51,4640437,9.59,141,54982.45,2413421.13,2023-11-03,2035-06-03,Active,5457679.34,416,Business Expansion,High
1769,BKAILN39182644,5407,17285,5,95,4397372,9.47,33,151879.42,1492053.4,2019-08-27,2022-05-13,Active,7664111.21,528,Vehicle Purchase,High
1770,BKAILN57367005,4083,19502,3,3,4715312,9.26,58,101152.45,2514060.73,2017-09-22,2022-06-28,Active,6760184.43,384,Education,High
1771,BKAILN91217011,9221,521,7,74,1131652,13.73,53,28594.53,846173.11,2025-01-09,2029-05-18,Active,0.0,446,Home Purchase,High
1772,BKAILN52694510,4257,1721,7,92,263164,11.15,128,3523.9,142108.95,2019-11-10,2030-05-16,Closed,0.0,632,Education,High
1773,BKAILN86625483,3681,6438,11,40,4511093,10.49,49,113579.44,4309574.08,2020-07-14,2024-07-23,Closed,7524491.19,574,Agriculture,High
1774,BKAILN39854329,5479,14965,10,26,4818023,7.06,52,107819.03,1985428.54,2017-10-11,2022-01-18,Active,7031272.98,871,Business Expansion,Low
1775,BKAILN33986503,2500,9605,4,98,171867,9.49,147,1981.69,82632.03,2022-12-03,2034-12-30,Active,0.0,403,Vehicle Purchase,High
1776,BKAILN63655030,790,4113,1,32,246245,9.68,257,2274.93,101491.52,2022-12-03,2044-01-12,Active,326751.77,374,Working Capital,High
1777,BKAILN95100737,858,8959,2,20,688271,16.64,74,14934.13,102363.17,2019-11-29,2025-12-27,Active,0.0,573,Vehicle Purchase,High
1778,BKAILN78543887,584,15936,6,99,4603195,13.75,21,247876.31,1005504.95,2024-07-09,2026-03-31,Active,0.0,538,Business Expansion,High
1779,BKAILN24774041,5459,16293,4,97,7600975,11.79,112,112220.77,4977295.95,2024-09-25,2033-12-07,Active,0.0,781,Personal Expenses,Low
1780,BKAILN26149695,6726,4396,2,10,18822194,17.21,62,460333.29,6049984.5,2020-11-28,2026-01-01,Active,0.0,740,Working Capital,Medium
1781,BKAILN17346401,5152,19894,12,72,8843673,13.1,16,605409.73,1214961.39,2021-12-30,2023-04-24,Active,0.0,457,Working Capital,High
1782,BKAILN15641553,9714,1244,11,14,2324415,12.11,62,50617.18,2249840.92,2017-09-25,2022-10-29,Active,2595871.99,817,Vehicle Purchase,Low
1783,BKAILN82202022,9731,6788,7,5,4516146,13.53,24,215831.8,2487280.69,2019-08-15,2021-08-04,Active,0.0,400,Agriculture,High
1784,BKAILN80792096,5788,13778,11,77,37355706,9.96,84,619377.16,27529264.7,2020-03-13,2027-02-05,Active,60280954.0,390,Working Capital,High
1785,BKAILN74312760,2558,16000,11,21,3678812,9.64,61,76524.14,1952601.78,2021-03-28,2026-04-01,Active,5396095.36,312,Business Expansion,High
1786,BKAILN13862559,8741,7273,11,7,202244,12.18,79,3734.46,71684.59,2020-10-16,2027-04-13,Active,288455.97,528,Personal Expenses,High
1787,BKAILN20661020,4264,12699,9,62,1694733,12.92,49,44689.83,1096167.51,2022-04-26,2026-05-05,Active,2106711.89,772,Home Purchase,Low
1788,BKAILN21274434,6963,9973,7,46,8125380,11.58,143,105003.12,6391223.46,2021-09-19,2033-06-18,Active,0.0,403,Working Capital,High
1789,BKAILN38119831,9644,4803,11,3,7547371,11.93,47,201792.82,4176735.07,2024-07-01,2028-05-11,Active,13142037.23,749,Education,Medium
1790,BKAILN36851984,1629,12404,6,64,2897280,14.7,56,71800.39,2361693.75,2020-02-05,2024-09-11,Active,0.0,318,Personal Expenses,High
1791,BKAILN29270621,4303,1887,2,18,1371752,14.94,32,52234.74,326928.34,2017-12-14,2020-07-31,Closed,0.0,405,Vehicle Purchase,High
1792,BKAILN88671608,9021,6842,6,73,1217439,13.25,96,20632.43,910558.02,2017-02-26,2025-01-15,Active,0.0,877,Agriculture,Low
1793,BKAILN43384061,8621,7202,11,99,317387,11.33,57,7225.9,35506.28,2023-02-05,2027-10-12,Active,526492.28,588,Home Purchase,High
1794,BKAILN68744804,9309,18560,1,83,25168309,9.56,194,255263.53,18183542.85,2019-12-27,2035-12-03,Active,40261961.86,408,Vehicle Purchase,High
1795,BKAILN29498095,5519,5086,7,58,318427,13.65,51,8263.32,260665.15,2018-09-17,2022-11-25,Active,0.0,460,Agriculture,High
1796,BKAILN34756755,5889,2583,1,85,180973,8.26,152,1923.88,139204.84,2021-03-20,2033-09-13,Active,256280.49,404,Home Purchase,High
1797,BKAILN25402621,2945,7128,5,75,1819179,8.31,22,89434.17,840992.34,2020-11-15,2022-09-06,Active,2056420.25,855,Vehicle Purchase,Low
1798,BKAILN84041922,4618,9921,5,39,1724115,9.46,25,76254.17,390480.26,2021-11-04,2023-11-24,Active,2368305.81,630,Education,High
1799,BKAILN41501634,7570,2517,3,39,1664594,11.35,40,50176.37,453191.64,2021-02-04,2024-05-19,Active,1913197.14,772,Medical,Low
1800,BKAILN45375799,1992,19802,2,98,4916930,16.78,26,226873.56,3090017.02,2018-06-04,2020-07-23,Active,0.0,424,Agriculture,High
1801,BKAILN52322663,6200,19637,1,19,2388036,9.11,126,29507.44,2024427.3,2024-02-10,2034-06-17,Closed,3988516.59,428,Personal Expenses,High
1802,BKAILN79211878,1699,3633,7,72,201763,12.58,66,4250.96,56131.22,2024-06-16,2029-11-17,Active,0.0,371,Vehicle Purchase,High
1803,BKAILN51569610,5109,14760,1,5,1962570,10.38,207,20408.0,982150.2,2024-03-15,2041-03-16,Active,2965585.49,302,Agriculture,High
1804,BKAILN36566053,1714,8608,1,46,600174,9.54,190,6133.85,307825.75,2019-11-10,2035-06-19,Active,749542.96,322,Agriculture,High
1805,BKAILN39861312,3520,14737,5,34,819745,8.94,10,85370.8,122295.61,2016-08-20,2017-06-16,Active,1318109.57,327,Personal Expenses,High
1806,BKAILN50326991,1161,142,1,50,2446873,9.61,178,25843.27,880966.01,2018-08-10,2033-03-24,Active,3009838.5,714,Education,Medium
1807,BKAILN20900384,439,17493,7,78,990195,13.67,127,14788.91,314181.25,2021-01-20,2031-06-27,Active,0.0,337,Working Capital,High
1808,BKAILN79934637,6554,15201,5,77,1175533,9.22,9,135683.77,140107.65,2022-04-07,2023-01-02,Active,1524230.38,597,Agriculture,High
1809,BKAILN24297366,416,1755,11,59,1739296,12.04,76,32818.5,192897.22,2020-04-05,2026-07-03,Active,2704156.52,715,Home Purchase,Medium
1810,BKAILN69612966,8648,3384,2,15,1507622,13.83,40,47256.37,1257787.87,2023-03-28,2026-07-10,Closed,0.0,337,Business Expansion,High
1811,BKAILN21560307,5844,10951,8,76,2218401,9.37,240,20490.45,2062496.83,2023-08-05,2043-04-22,Active,2856490.03,600,Vehicle Purchase,High
1812,BKAILN74430538,435,6918,4,94,1891654,9.43,156,21082.56,578714.86,2023-09-09,2036-07-02,Active,0.0,411,Medical,High
1813,BKAILN24987846,7826,14955,1,31,79046,10.22,313,724.14,36661.27,2018-06-23,2044-03-08,Active,106205.3,695,Personal Expenses,Medium
1814,BKAILN85183066,5718,17238,4,49,1396684,12.35,101,22303.92,1048207.12,2017-06-15,2025-10-01,Active,0.0,500,Medical,High
1815,BKAILN87377452,3290,4076,10,98,1313738,7.46,73,22442.69,1303135.69,2024-08-16,2030-08-15,Active,2326986.31,580,Agriculture,High
1816,BKAILN25897063,1990,12734,8,18,1266072,12.28,170,15745.21,1066388.23,2022-12-08,2036-11-24,Active,1802576.69,428,Agriculture,High
1817,BKAILN89989755,7338,511,12,14,894219,15.37,23,45133.27,749041.88,2023-03-01,2025-01-19,Closed,0.0,847,Working Capital,Low
1818,BKAILN63355943,9556,4946,6,47,1756823,14.4,120,27701.67,1320900.3,2024-05-23,2034-04-01,Active,0.0,704,Home Purchase,Medium
1819,BKAILN21162108,5353,13898,6,10,2029730,11.17,34,69917.22,1699117.5,2016-07-28,2019-05-14,Active,0.0,356,Personal Expenses,High
1820,BKAILN16291963,9111,16778,4,18,454391,10.75,88,7485.45,395262.98,2024-07-08,2031-09-30,Active,0.0,301,Medical,High
1821,BKAILN19875253,1006,8641,9,86,5429782,13.34,54,134275.14,1167788.86,2020-02-21,2024-07-29,Active,8533975.63,523,Business Expansion,High
1822,BKAILN19639744,8689,17923,8,18,34347137,11.37,179,399253.73,16386738.78,2017-05-17,2032-01-29,Active,52349704.11,429,Home Purchase,High
1823,BKAILN13899798,2549,6213,7,53,1333902,10.67,32,48079.4,889344.21,2018-05-07,2020-12-22,Active,0.0,528,Business Expansion,High
1824,BKAILN72067839,7120,8976,12,2,6587747,14.27,25,306169.77,4163122.97,2018-09-01,2020-09-20,Active,0.0,723,Education,Medium
1825,BKAILN70963566,1667,5729,4,49,423826,11.63,41,12576.03,99288.23,2019-07-09,2022-11-20,Closed,0.0,711,Medical,Medium
1826,BKAILN44646722,4937,17048,8,36,7691722,11.04,214,82368.47,2049906.85,2021-12-28,2039-07-27,Active,11771646.09,563,Medical,High
1827,BKAILN39633455,760,13962,12,33,9255505,14.28,30,368669.66,1545178.42,2024-03-14,2026-08-31,Active,0.0,527,Home Purchase,High
1828,BKAILN32400865,7889,17389,6,62,3330702,14.93,73,69704.59,2414181.83,2016-09-26,2022-09-25,Closed,0.0,697,Home Purchase,Medium
1829,BKAILN63262557,6477,737,3,28,27880932,11.75,60,616679.4,14530590.05,2022-11-11,2027-10-16,Active,32937442.64,482,Working Capital,High
1830,BKAILN71119118,9360,6409,9,78,2734881,10.84,46,72923.83,1671002.77,2018-11-22,2022-09-02,Active,3945870.2,532,Personal Expenses,High
1831,BKAILN39067726,6415,14944,10,2,4699030,7.95,56,100711.55,3354969.61,2022-06-25,2027-01-30,Active,5410666.68,790,Agriculture,Low
1832,BKAILN37916520,502,473,3,70,392326,11.87,49,10141.94,142217.11,2019-04-10,2023-04-19,Active,665037.15,510,Agriculture,High
1833,BKAILN39953588,2807,3626,4,6,26961506,8.63,154,290132.25,6076687.94,2019-03-28,2031-11-20,Closed,0.0,777,Medical,Low
1834,BKAILN10883622,1050,14720,2,3,1394979,11.79,68,28221.65,142849.25,2023-06-10,2029-01-09,Active,0.0,436,Education,High
1835,BKAILN53788150,1085,5145,9,80,4860006,11.61,55,114366.21,3819134.64,2020-09-06,2025-03-14,Active,6058184.25,705,Working Capital,Medium
1836,BKAILN44350722,2112,4222,6,55,421916,13.32,99,7045.27,277029.66,2024-03-19,2032-05-06,Active,0.0,850,Medical,Low
1837,BKAILN40992724,47,6240,12,86,269331,10.79,12,23777.55,64151.05,2025-01-27,2026-01-22,Active,0.0,841,Education,Low
1838,BKAILN65773216,6495,7246,11,16,4408855,10.6,53,104532.52,3811360.89,2023-12-01,2028-04-08,Active,6578796.64,414,Agriculture,High
1839,BKAILN18627194,310,12765,10,13,297068,8.16,83,4695.51,97680.48,2025-06-27,2032-04-21,Active,384677.43,558,Vehicle Purchase,High
1840,BKAILN64655712,4905,4677,10,75,1646294,8.39,15,115991.56,652390.17,2024-05-20,2025-08-13,Closed,2566772.73,801,Education,Low
1841,BKAILN92580658,9391,13622,9,13,701102,9.52,20,38048.23,482903.11,2025-04-19,2026-12-10,Active,1244474.7,717,Medical,Medium
1842,BKAILN16441672,5315,16490,2,71,3562286,12.97,32,132274.75,2474339.01,2024-01-04,2026-08-21,Active,0.0,865,Personal Expenses,Low
1843,BKAILN89968853,5966,1532,11,99,1233671,11.28,43,35010.65,316956.13,2020-12-18,2024-06-30,Active,1650532.94,503,Business Expansion,High
1844,BKAILN33779125,6585,1324,6,29,1169708,16.43,116,20183.03,688920.68,2017-08-09,2027-02-18,Active,0.0,851,Personal Expenses,Low
1845,BKAILN25801842,8906,14149,5,9,8009367,9.59,6,1372480.28,851345.74,2019-10-24,2020-04-21,Active,13066982.84,782,Vehicle Purchase,Low
1846,BKAILN57328450,9233,13329,3,57,4946575,9.33,81,82533.27,3149145.67,2021-06-01,2028-01-26,Active,6068125.16,633,Personal Expenses,High
1847,BKAILN72778448,6745,4680,10,57,2790069,8.82,23,132293.81,325013.19,2022-12-30,2024-11-19,Active,3665634.83,639,Working Capital,High
1848,BKAILN98489419,2751,5949,11,15,1652369,9.92,48,41844.89,1351956.64,2025-01-24,2029-01-03,Active,1943716.05,656,Medical,Medium
1849,BKAILN27435514,8317,18933,7,67,457294,13.4,164,6092.41,223781.7,2020-05-11,2033-10-30,Active,0.0,372,Medical,High
1850,BKAILN87486054,9739,4150,1,60,3637523,9.8,355,31459.4,3104230.79,2017-04-23,2046-06-20,Active,5539978.68,790,Working Capital,Low
1851,BKAILN78902551,5989,18377,12,79,2886021,12.86,7,430150.53,2046083.59,2019-09-06,2020-04-03,Active,0.0,449,Business Expansion,High
1852,BKAILN96577129,67,15410,9,31,4413321,12.98,28,183534.81,3268451.87,2024-12-05,2027-03-25,Active,7624371.91,308,Vehicle Purchase,High
1853,BKAILN47192240,1808,1417,10,58,1870433,8.75,90,28415.47,1297150.58,2018-04-19,2025-09-09,Active,3195978.59,617,Education,High
1854,BKAILN62479024,508,8491,12,32,3194577,13.06,18,196388.51,3175930.21,2021-07-11,2023-01-02,Active,0.0,411,Medical,High
1855,BKAILN77951960,5149,14761,10,65,4381072,8.55,92,65084.48,3524723.24,2017-08-10,2025-03-01,Active,7782047.88,672,Personal Expenses,Medium
1856,BKAILN75606391,3450,1861,6,57,651086,13.92,114,10325.25,645801.97,2023-01-21,2032-06-02,Active,0.0,339,Business Expansion,High
1857,BKAILN39247654,6356,19133,11,21,4877638,12.86,53,121107.15,3237660.42,2018-04-21,2022-08-28,Active,7045019.73,847,Medical,Low
1858,BKAILN54698618,709,6138,12,29,528635,14.77,16,36601.97,214657.95,2018-09-23,2020-01-16,Active,0.0,867,Education,Low
1859,BKAILN30921211,4301,19472,11,89,3923511,12.7,44,112000.84,1561216.43,2017-07-13,2021-02-22,Active,4642364.12,761,Education,Low
1860,BKAILN56261694,7398,1374,3,20,8555771,9.55,54,195536.09,2726921.73,2018-12-10,2023-05-18,Active,11549045.39,676,Agriculture,Medium
1861,BKAILN24919249,2624,3532,2,71,1376813,14.03,21,74320.79,720206.11,2016-07-15,2018-04-06,Active,0.0,701,Business Expansion,Medium
1862,BKAILN82614526,3881,866,11,47,529925,10.09,67,10377.65,102292.04,2020-12-16,2026-06-18,Active,639977.16,453,Vehicle Purchase,High
1863,BKAILN26920726,6683,6955,7,91,1907602,12.57,102,30528.28,1187614.03,2021-09-08,2030-01-24,Active,0.0,352,Home Purchase,High
1864,BKAILN90611976,1012,8614,8,87,3307002,10.74,197,35782.89,1550812.89,2020-01-11,2036-03-17,Active,5920574.53,890,Home Purchase,Low
1865,BKAILN12331631,3011,6022,1,20,3679011,9.42,297,32019.54,3506966.27,2023-11-28,2048-04-20,Active,5139071.42,876,Personal Expenses,Low
1866,BKAILN55736075,1767,5658,6,5,1339723,17.64,98,25888.59,162617.3,2020-04-26,2028-05-14,Active,0.0,368,Medical,High
1867,BKAILN41899620,3789,19274,5,95,8989818,8.93,7,1322771.26,2374115.39,2021-03-19,2021-10-15,Active,10353753.13,498,Business Expansion,High
1868,BKAILN21413833,2616,5680,12,54,248141,14.08,24,11923.35,74913.32,2021-09-20,2023-09-10,Active,0.0,791,Home Purchase,Low
1869,BKAILN93274386,9170,10622,9,63,4736229,10.07,21,246933.07,2408973.94,2023-06-19,2025-03-10,Active,5389349.0,592,Personal Expenses,High
1870,BKAILN20623370,2743,13809,3,74,126175,11.64,83,2220.35,71503.1,2018-02-05,2024-11-30,Active,200061.96,326,Vehicle Purchase,High
1871,BKAILN65962882,319,13979,5,34,4430977,9.25,19,251599.83,2401423.98,2022-06-20,2024-01-11,Active,4914833.76,881,Vehicle Purchase,Low
1872,BKAILN11891665,7234,119,6,90,1450112,12.24,71,28804.2,1327615.51,2019-05-13,2025-03-12,Active,0.0,567,Vehicle Purchase,High
1873,BKAILN30555871,8942,10038,7,20,5724865,11.25,131,76076.87,3149310.33,2019-09-27,2030-07-01,Active,0.0,764,Home Purchase,Low
1874,BKAILN20003491,8454,13902,10,5,1341071,7.41,113,16521.27,166509.0,2020-08-05,2029-11-16,Active,1795855.11,804,Agriculture,Low
1875,BKAILN95359444,1051,4730,9,60,1946980,11.82,24,91487.53,1893384.9,2020-03-17,2022-03-07,Active,2928374.64,676,Medical,Medium
1876,BKAILN63540735,296,2777,2,74,25986834,17.1,45,786263.67,18635305.23,2017-12-18,2021-08-29,Active,0.0,385,Vehicle Purchase,High
1877,BKAILN59260465,2795,1292,9,62,2497025,9.59,40,73181.02,1876608.2,2016-10-05,2020-01-18,Active,3446569.5,405,Business Expansion,High
1878,BKAILN90141753,6215,14845,12,90,483591,16.19,21,26598.18,300350.17,2019-05-11,2021-01-30,Active,0.0,753,Vehicle Purchase,Low
1879,BKAILN24245232,8133,18196,7,95,5293499,9.96,25,235341.55,3751275.25,2024-12-05,2026-12-25,Active,0.0,352,Education,High
1880,BKAILN14398598,1342,392,1,87,232460,9.09,158,2528.23,217875.74,2016-12-13,2029-12-05,Active,293074.05,479,Personal Expenses,High
1881,BKAILN51504428,4169,5473,6,45,3128396,17.33,113,56322.83,1501739.12,2018-10-13,2028-01-24,Active,0.0,762,Vehicle Purchase,Low
1882,BKAILN22470928,3075,7811,11,59,674862,12.09,27,28673.38,195757.39,2017-06-10,2019-08-29,Closed,880158.06,675,Medical,Medium
1883,BKAILN81161503,5247,11256,8,64,1702568,11.76,161,21067.67,1206190.54,2017-03-01,2030-05-22,Active,2321803.64,304,Personal Expenses,High
1884,BKAILN79190320,956,6929,5,44,1261623,9.8,7,186167.32,438450.84,2024-08-14,2025-03-12,Active,1907273.12,335,Education,High
1885,BKAILN44686834,6126,7979,5,41,236376,10.2,27,9834.65,146506.54,2018-07-31,2020-10-18,Active,332276.29,487,Personal Expenses,High
1886,BKAILN43592725,6724,13904,12,66,689854,14.05,9,81207.32,603927.19,2017-09-24,2018-06-21,Active,0.0,847,Working Capital,Low
1887,BKAILN36650222,4506,17429,10,2,90042,7.67,33,3035.09,25993.34,2018-01-13,2020-09-29,Active,150650.53,764,Home Purchase,Low
1888,BKAILN83369977,2687,18824,3,67,2649544,9.23,78,45297.68,285585.63,2023-12-31,2030-05-28,Active,4493874.46,603,Personal Expenses,High
1889,BKAILN50942728,6334,162,9,38,41573403,13.39,57,989654.05,26938118.73,2022-08-21,2027-04-27,Active,61440611.82,757,Medical,Low
1890,BKAILN81851494,777,8895,8,45,428042,12.35,183,5204.38,73054.09,2020-09-06,2035-09-18,Active,525726.78,644,Education,High
1891,BKAILN54378136,4804,9136,7,43,49572774,11.95,121,706742.24,25526100.12,2019-08-14,2029-07-22,Active,0.0,781,Personal Expenses,Low
1892,BKAILN54062774,9865,14253,5,24,49006668,10.9,13,4013770.32,23246507.4,2023-02-11,2024-03-07,Active,84456365.16,303,Working Capital,High
1893,BKAILN48432274,4827,15681,11,78,937875,13.46,68,19788.04,187379.85,2025-03-13,2030-10-13,Active,1583327.48,840,Working Capital,Low
1894,BKAILN72456068,463,13727,7,43,4325257,10.15,29,168812.84,4020050.63,2017-08-21,2020-01-08,Active,0.0,363,Home Purchase,High
1895,BKAILN38612511,7209,5776,6,84,2550795,17.77,25,122826.11,808972.41,2022-02-22,2024-03-13,Active,0.0,354,Personal Expenses,High
1896,BKAILN27456155,1254,6872,2,70,199038,14.53,32,7539.69,163175.47,2024-10-19,2027-06-06,Active,0.0,407,Personal Expenses,High
1897,BKAILN54470247,8415,13152,9,49,305994,13.31,47,8389.52,273498.67,2017-09-08,2021-07-19,Active,410858.69,822,Agriculture,Low
1898,BKAILN32998991,8574,17705,6,49,2120471,15.96,49,59174.19,858217.56,2023-07-13,2027-07-22,Active,0.0,377,Home Purchase,High
1899,BKAILN48461227,7357,1180,6,43,192873,16.84,90,3787.11,173876.01,2019-11-17,2027-04-09,Active,0.0,845,Medical,Low
1900,BKAILN38133133,2611,550,2,27,477028,15.52,33,17850.83,371686.89,2017-04-11,2019-12-27,Active,0.0,471,Agriculture,High
1901,BKAILN73243159,2360,17341,9,60,116467,11.46,30,4483.27,85274.94,2019-06-06,2021-11-22,Active,191524.99,490,Home Purchase,High
1902,BKAILN64586336,2982,17595,12,30,3882554,11.96,6,669851.61,3777547.74,2020-08-05,2021-02-01,Active,0.0,307,Vehicle Purchase,High
1903,BKAILN70789372,8188,1198,11,8,445518,12.03,76,8404.07,114113.12,2020-09-25,2026-12-23,Active,787599.14,432,Medical,High
1904,BKAILN32845907,9024,11286,6,58,2915718,14.72,102,50257.89,2247778.48,2023-01-11,2031-05-29,Closed,0.0,429,Home Purchase,High
1905,BKAILN87691564,7371,15013,5,84,587575,10.13,31,21621.57,334381.18,2020-11-24,2023-06-12,Active,945121.25,528,Business Expansion,High
1906,BKAILN41252151,8645,12812,2,44,3508629,13.62,83,65487.68,1613119.62,2022-04-20,2029-02-12,Active,0.0,771,Home Purchase,Low
1907,BKAILN31882161,4644,17838,5,78,3109632,10.89,14,237530.21,835468.21,2023-03-07,2024-04-30,Active,3808742.78,372,Personal Expenses,High
1908,BKAILN31429184,6910,8998,12,5,7006152,13.13,6,1212815.23,5999190.84,2018-12-20,2019-06-18,Active,0.0,585,Home Purchase,High
1909,BKAILN42389942,8267,16345,11,12,158175,11.72,44,4439.72,97804.12,2022-10-03,2026-05-15,Active,177196.35,420,Agriculture,High
1910,BKAILN12269432,1917,11993,3,28,5447458,10.52,39,165519.91,4344645.27,2019-05-10,2022-07-23,Active,6280850.82,853,Vehicle Purchase,Low
1911,BKAILN61133143,5994,19928,4,56,61102,9.8,141,731.29,31450.82,2016-11-25,2028-06-25,Active,0.0,626,Working Capital,High
1912,BKAILN55983437,5312,7865,8,89,1120370,11.44,208,12404.66,686829.53,2018-08-23,2035-09-23,Active,1998049.72,326,Education,High
1913,BKAILN31535727,5128,4293,10,95,9311293,9.13,22,461254.32,8452917.89,2022-04-17,2024-02-06,Active,13886913.97,653,Working Capital,Medium
1914,BKAILN91907495,3031,3033,3,39,4221277,11.38,27,177948.88,1920351.06,2024-09-01,2026-11-20,Active,5569276.63,368,Working Capital,High
1915,BKAILN72173598,3318,843,8,66,2251836,10.03,135,27887.13,499807.69,2018-01-17,2029-02-18,Active,3471143.36,568,Education,High
1916,BKAILN48350150,158,5665,5,75,4865557,10.85,12,429685.64,3927460.65,2024-06-22,2025-06-17,Active,7865069.15,591,Agriculture,High
1917,BKAILN57456960,7835,18733,4,41,2378554,9.66,29,92293.14,1012140.54,2025-01-25,2027-06-14,Active,0.0,468,Home Purchase,High
1918,BKAILN53609687,4956,13325,12,2,478500,10.66,35,15966.87,149770.57,2018-02-25,2021-01-10,Active,0.0,457,Business Expansion,High
1919,BKAILN33608983,7565,14009,2,70,989105,12.03,50,25249.41,289713.97,2023-03-28,2027-05-06,Active,0.0,742,Education,Medium
1920,BKAILN15292672,1512,9503,8,76,2632239,9.84,92,40859.48,1939893.0,2017-09-12,2025-04-03,Active,3821354.43,529,Home Purchase,High
1921,BKAILN31177314,3085,3835,3,74,4332277,10.76,84,73633.58,1914266.55,2019-01-06,2025-11-30,Active,6015444.62,669,Home Purchase,Medium
1922,BKAILN41340453,7063,13065,9,63,3346093,10.19,54,77511.8,957676.64,2017-09-11,2022-02-17,Active,4716612.75,455,Vehicle Purchase,High
1923,BKAILN74308224,4761,1172,12,42,6825823,15.78,8,904487.04,4481443.49,2024-06-20,2025-02-15,Active,0.0,818,Home Purchase,Low
1924,BKAILN13733392,8079,2511,2,33,28282524,12.29,38,902235.08,17908221.12,2022-07-19,2025-09-01,Closed,0.0,740,Personal Expenses,Medium
1925,BKAILN20098755,6183,6848,7,16,4950088,11.4,138,64527.11,2540916.11,2018-03-07,2029-07-07,Active,0.0,531,Medical,High
1926,BKAILN35228013,9394,12423,11,99,2389324,11.49,65,49546.84,1862570.8,2017-10-06,2023-02-07,Active,4261568.71,331,Agriculture,High
1927,BKAILN28377737,4061,7150,7,89,7356658,14.28,17,480552.61,3365610.73,2021-01-19,2022-06-13,Active,0.0,551,Home Purchase,High
1928,BKAILN36561786,4091,5984,8,28,1596633,9.38,234,14887.76,553893.44,2024-10-06,2043-12-26,Active,1810564.77,730,Home Purchase,Medium
1929,BKAILN42669377,7670,10980,7,77,3229572,11.36,148,40653.95,883055.71,2019-04-24,2031-06-20,Active,0.0,475,Personal Expenses,High
1930,BKAILN38396839,1874,18878,3,54,1636110,9.21,78,27955.12,1257227.94,2021-09-18,2028-02-14,Active,2207520.61,415,Medical,High
1931,BKAILN85509858,3155,4764,5,31,993267,9.56,11,94670.27,589030.89,2023-03-11,2024-02-04,Active,1432616.16,705,Home Purchase,Medium
1932,BKAILN45668220,1610,12875,5,30,1420599,10.08,19,81206.45,491702.02,2016-07-14,2018-02-04,Active,1990982.73,791,Business Expansion,Low
1933,BKAILN78905447,4947,160,3,66,1459172,8.88,38,44191.87,670740.9,2020-02-10,2023-03-26,Active,1729527.09,666,Vehicle Purchase,Medium
1934,BKAILN82345360,6246,3876,5,14,4281912,10.4,17,271975.53,1889694.13,2017-08-14,2019-01-06,Active,4915246.91,724,Home Purchase,Medium
1935,BKAILN55605194,4418,12422,4,45,4548341,12.01,43,130683.95,3658797.81,2025-04-03,2028-10-14,Closed,0.0,649,Education,High
1936,BKAILN48932241,4468,10315,12,36,1562328,12.89,13,129408.58,1290888.04,2022-07-05,2023-07-30,Default,0.0,503,Working Capital,High
1937,BKAILN30110622,3614,17127,11,49,65027,11.14,51,1606.4,44164.77,2020-11-11,2025-01-19,Active,77796.14,808,Personal Expenses,Low
1938,BKAILN87971078,5323,14778,5,3,3866553,10.06,28,155507.36,2248676.54,2022-11-26,2025-03-15,Default,6034467.94,356,Medical,High
1939,BKAILN12585103,3942,9015,5,68,366963,8.09,28,14425.68,59693.82,2024-03-25,2026-07-13,Active,509456.3,565,Vehicle Purchase,High
1940,BKAILN98686570,9444,10990,4,91,476220,11.99,145,6232.53,445340.61,2020-01-16,2031-12-14,Active,0.0,638,Education,High
1941,BKAILN57476619,7130,4274,10,61,1785674,9.86,44,48525.44,1520994.56,2023-12-14,2027-07-26,Active,3190428.23,787,Home Purchase,Low
1942,BKAILN88527518,3017,7676,1,41,640168,8.5,358,4928.33,398160.47,2020-05-01,2049-09-26,Active,1055130.75,626,Agriculture,High
1943,BKAILN17116333,1483,14581,12,2,3772357,11.78,13,310511.08,686519.0,2017-06-12,2018-07-07,Active,0.0,347,Business Expansion,High
1944,BKAILN86004622,4944,18332,3,37,1834330,10.97,63,38430.44,1401245.15,2024-08-30,2029-11-02,Active,2325169.84,577,Vehicle Purchase,High
1945,BKAILN81789730,7732,11771,3,52,3314408,10.78,81,57771.21,933979.9,2019-06-05,2026-01-29,Active,4140647.52,473,Business Expansion,High
1946,BKAILN79478147,9182,4257,11,94,3366133,10.33,82,57398.65,1767616.33,2017-07-12,2024-04-06,Active,5653612.6,649,Business Expansion,High
1947,BKAILN26216350,1901,13649,9,16,69670,13.39,41,2126.8,65657.55,2017-05-30,2020-10-11,Active,100418.78,890,Agriculture,Low
1948,BKAILN33147442,4948,16040,5,28,390596,8.76,28,15474.75,241742.26,2016-12-31,2019-04-20,Closed,528971.9,610,Working Capital,High
1949,BKAILN17584120,7681,18361,12,72,4025232,11.61,21,212731.28,2197854.32,2017-05-04,2019-01-24,Closed,0.0,304,Education,High
1950,BKAILN74836671,9368,19188,6,8,828885,12.7,54,20230.36,646079.82,2023-09-02,2028-02-08,Active,0.0,715,Agriculture,Medium
1951,BKAILN71656163,1036,13431,7,40,46863826,13.5,49,1249347.48,31957778.59,2019-02-05,2023-02-14,Active,0.0,669,Education,Medium
1952,BKAILN69997737,765,8060,2,63,2792354,16.26,12,253696.36,1771342.85,2017-02-06,2018-02-01,Active,0.0,321,Home Purchase,High
1953,BKAILN86589871,8436,7687,9,35,434394,12.34,60,9737.65,238412.56,2025-02-03,2030-01-08,Active,733455.49,335,Education,High
1954,BKAILN48439562,4408,11152,11,51,8693153,12.28,51,219636.79,5686379.5,2023-07-13,2027-09-20,Active,11677766.44,786,Education,Low
1955,BKAILN76895710,7810,18921,7,45,1079185,12.09,104,16793.3,1077179.97,2020-06-29,2029-01-13,Active,0.0,577,Home Purchase,High
1956,BKAILN17831280,3551,4097,4,96,39357666,9.73,57,865041.88,25594712.69,2021-01-18,2025-09-24,Active,0.0,531,Vehicle Purchase,High
1957,BKAILN15264340,6244,7442,6,43,12215100,12.2,59,276319.59,9505023.43,2020-04-29,2025-03-04,Active,0.0,564,Working Capital,High
1958,BKAILN89665561,406,2027,3,93,293785,10.85,41,8607.49,176912.04,2017-07-24,2020-12-05,Active,422325.16,888,Medical,Low
1959,BKAILN30058642,8730,11632,7,90,938024,13.48,116,14507.53,932037.97,2023-01-25,2032-08-05,Active,0.0,432,Medical,High
1960,BKAILN73288368,872,227,8,70,2741192,9.49,116,36191.61,525778.16,2023-03-04,2032-09-12,Active,3462548.56,534,Vehicle Purchase,High
1961,BKAILN94859928,8805,16864,3,27,67841,10.88,40,2029.71,60934.81,2022-11-20,2026-03-04,Active,83963.89,426,Working Capital,High
1962,BKAILN69040790,1656,19414,7,68,4708136,12.99,33,170430.26,1612272.85,2025-05-12,2028-01-27,Active,0.0,524,Working Capital,High
1963,BKAILN51226745,4956,4722,11,13,270707,12.21,54,6540.64,180033.75,2018-03-09,2022-08-15,Active,353828.85,665,Medical,Medium
1964,BKAILN80114635,8673,11884,8,79,2126322,11.17,100,32765.05,1789336.0,2018-06-12,2026-08-29,Active,2633988.4,738,Education,Medium
1965,BKAILN39218239,3461,2632,9,89,2159452,13.96,25,100044.85,1126962.27,2018-09-10,2020-09-29,Active,3760476.12,830,Medical,Low
1966,BKAILN27148566,5434,383,3,51,4827769,9.06,56,106035.68,833405.53,2016-10-05,2021-05-12,Active,7625285.64,330,Agriculture,High
1967,BKAILN87444441,8715,14044,11,32,1855248,12.18,26,81544.16,341844.8,2020-03-21,2022-05-10,Active,2427573.58,881,Working Capital,Low
1968,BKAILN32668881,2502,3381,12,42,433104,14.19,34,15544.38,377174.97,2023-11-10,2026-08-26,Active,0.0,690,Agriculture,Medium
1969,BKAILN10969411,3295,18230,4,73,931800,12.13,137,12594.03,609004.03,2022-08-14,2033-11-14,Active,0.0,595,Vehicle Purchase,High
1970,BKAILN22219154,258,4800,7,95,916047,11.49,179,10717.86,117419.12,2023-01-25,2037-10-08,Active,0.0,453,Personal Expenses,High
1971,BKAILN32818604,3351,9342,4,65,2703573,10.02,120,35757.87,768893.42,2020-04-30,2030-03-09,Active,0.0,490,Medical,High
1972,BKAILN63194565,376,14496,10,27,399978,9.94,66,7891.5,43733.14,2018-09-27,2024-02-28,Default,593607.7,741,Education,Medium
1973,BKAILN22262898,7936,14115,7,8,1669415,11.2,126,22587.93,712440.49,2018-08-13,2028-12-18,Active,0.0,586,Home Purchase,High
1974,BKAILN46493821,6857,14265,10,74,267492,7.59,24,12047.98,111025.91,2022-04-20,2024-04-09,Active,386148.69,552,Vehicle Purchase,High
1975,BKAILN77266361,9382,983,8,85,3847507,11.77,236,41926.5,3473045.39,2016-09-06,2036-01-25,Active,6148614.79,433,Agriculture,High
1976,BKAILN82443465,8233,7747,6,57,3855989,17.43,23,198415.66,699915.23,2020-07-16,2022-06-06,Active,0.0,841,Vehicle Purchase,Low
1977,BKAILN30105410,3928,1478,6,66,261433,11.3,116,3714.01,201882.69,2023-09-25,2033-04-05,Active,0.0,359,Agriculture,High
1978,BKAILN33730245,1837,6117,5,14,3112404,9.18,25,137254.5,1314973.17,2022-11-24,2024-12-13,Active,4574837.96,637,Agriculture,High
1979,BKAILN61239068,6999,23,1,39,286911,10.1,249,2756.85,252769.53,2021-10-19,2042-04-02,Active,399875.11,597,Home Purchase,High
1980,BKAILN20880197,3052,5814,4,15,281366,10.41,90,4516.81,251318.0,2017-03-09,2024-07-30,Active,0.0,736,Home Purchase,Medium
1981,BKAILN95694478,9225,1456,4,6,3472821,11.41,127,47215.41,3242138.0,2017-07-12,2027-12-17,Active,0.0,371,Vehicle Purchase,High
1982,BKAILN23477765,3661,16896,2,41,954401,12.85,40,29459.34,663649.32,2017-06-25,2020-10-07,Active,0.0,301,Home Purchase,High
1983,BKAILN72504893,1552,17760,1,12,461778,8.63,206,4304.59,74679.63,2025-02-25,2042-01-27,Closed,784513.27,662,Home Purchase,Medium
1984,BKAILN93949472,6123,1186,7,46,4507093,13.61,179,58947.59,1220175.94,2024-03-15,2038-11-27,Active,0.0,710,Business Expansion,Medium
1985,BKAILN74830809,128,17573,11,2,966850,12.75,75,18767.67,473553.02,2019-11-17,2026-01-14,Active,1510398.57,378,Education,High
1986,BKAILN89321544,3605,6801,10,18,5144893,9.55,102,73842.14,984073.3,2017-08-18,2026-01-03,Active,7181216.51,457,Medical,High
1987,BKAILN76575577,5951,17110,5,72,4359454,9.73,11,415854.15,2311384.41,2023-02-10,2024-01-06,Active,6858971.94,782,Education,Low
1988,BKAILN14405694,3761,1952,12,50,3675317,13.19,23,181717.48,3361459.16,2023-06-21,2025-05-11,Active,0.0,434,Working Capital,High
1989,BKAILN82751701,1342,3980,2,86,695670,13.72,74,13982.64,590148.1,2024-12-18,2031-01-16,Active,0.0,364,Medical,High
1990,BKAILN17995030,7032,4937,11,29,910344,11.96,62,19754.56,507217.82,2017-02-21,2022-03-27,Active,1317017.38,438,Vehicle Purchase,High
1991,BKAILN64299304,8972,1587,11,37,4883685,10.86,51,119976.23,3582199.78,2018-12-20,2023-02-27,Active,7536923.19,884,Working Capital,Low
1992,BKAILN11789000,4148,8360,3,96,602663,9.04,33,20694.86,486602.78,2020-12-17,2023-09-03,Active,990284.9,870,Agriculture,Low
1993,BKAILN85688462,5336,8639,1,36,1950793,10.22,299,18043.4,1163901.17,2016-10-25,2041-05-17,Active,2468260.44,735,Working Capital,Medium
1994,BKAILN63468955,7082,19469,1,72,1926283,10.1,122,25320.03,1392856.21,2024-01-10,2034-01-17,Active,2734769.92,648,Working Capital,High
1995,BKAILN70975232,7260,14126,10,23,797082,8.96,74,14058.96,523520.66,2018-01-16,2024-02-14,Active,885760.04,667,Medical,Medium
1996,BKAILN76487310,2278,17185,11,81,8276041,12.54,58,190996.37,2281919.54,2021-08-18,2026-05-24,Active,9658208.97,592,Personal Expenses,High
1997,BKAILN62087817,1390,3964,5,98,19042966,10.02,18,1143840.3,8544168.58,2017-10-21,2019-04-14,Active,29061950.65,756,Education,Low
1998,BKAILN74842846,754,4094,12,51,897706,13.74,19,52842.17,797626.44,2021-01-06,2022-07-30,Active,0.0,722,Education,Medium
1999,BKAILN53256950,2425,8963,8,23,2663276,11.61,235,28760.26,2547852.18,2019-12-05,2039-03-25,Default,3314173.24,451,Working Capital,High
2000,BKAILN18391138,7416,5891,3,14,2002885,9.86,71,37346.25,1710297.84,2019-08-23,2025-06-22,Active,2636257.05,699,Home Purchase,Medium
2001,BKAILN46533408,6087,13557,6,3,2954883,16.41,13,249647.6,2207571.9,2023-05-23,2024-06-16,Active,0.0,827,Medical,Low
2002,BKAILN40362840,1786,9083,5,90,4982603,9.99,13,405982.9,4629939.96,2023-11-09,2024-12-03,Active,7499099.33,564,Business Expansion,High
2003,BKAILN74654483,9696,17826,5,20,4147458,10.59,31,153508.85,3617857.66,2016-07-11,2019-01-27,Active,6539047.13,776,Vehicle Purchase,Low
2004,BKAILN20846182,8229,3574,1,84,110165,9.95,144,1313.38,72757.15,2019-12-26,2031-10-24,Active,164817.27,829,Home Purchase,Low
2005,BKAILN54626867,5925,16513,11,61,841050,11.77,33,29956.84,655462.64,2018-08-03,2021-04-19,Active,1181383.79,522,Vehicle Purchase,High
2006,BKAILN94082879,2443,10308,6,40,45076358,17.07,65,1067391.69,12435643.6,2023-11-22,2029-03-25,Active,0.0,805,Education,Low
2007,BKAILN43491080,4125,11024,3,47,2283571,10.83,36,74577.48,611790.58,2017-01-04,2019-12-20,Active,2552277.86,347,Education,High
2008,BKAILN83280457,8113,9806,9,42,1049445,13.83,22,54277.65,774209.34,2021-04-03,2023-01-23,Active,1545406.24,853,Personal Expenses,Low
2009,BKAILN84550610,5897,19798,2,25,79158,15.92,28,3403.09,58980.98,2023-02-02,2025-05-22,Active,0.0,699,Education,Medium
2010,BKAILN12043499,6352,2675,7,36,572282,10.21,180,6223.5,170471.91,2022-07-20,2037-05-02,Closed,0.0,424,Working Capital,High
2011,BKAILN22976798,2007,11876,3,30,1301010,10.67,79,22994.4,380129.35,2023-03-17,2029-09-11,Active,1973126.64,790,Medical,Low
2012,BKAILN40371675,4825,9881,5,77,286413,10.36,35,9516.76,221971.43,2025-03-21,2028-02-04,Active,464681.66,609,Working Capital,High
2013,BKAILN78683959,6611,1760,12,91,1656681,14.77,28,70306.96,1414942.39,2024-06-19,2026-10-07,Default,0.0,787,Education,Low
2014,BKAILN48717255,9558,1476,2,27,1772981,13.25,31,67850.72,999025.45,2023-01-15,2025-08-02,Active,0.0,802,Education,Low
2015,BKAILN51902341,8608,7155,3,51,9670340,9.36,79,164434.69,1086966.2,2020-07-30,2027-01-25,Active,13686705.54,420,Vehicle Purchase,High
2016,BKAILN63984612,206,123,8,87,513375,10.65,187,5636.13,448518.01,2020-11-22,2036-04-02,Default,917611.86,661,Agriculture,Medium
2017,BKAILN77571285,6805,17603,12,22,338161,11.34,33,11975.98,286116.06,2018-12-27,2021-09-12,Active,0.0,517,Vehicle Purchase,High
2018,BKAILN67832898,9338,5443,8,85,6727974,9.47,126,84466.79,5044165.86,2022-02-22,2032-06-29,Active,9096942.3,900,Agriculture,Low
2019,BKAILN37593013,5572,17074,7,94,67019,13.13,113,1036.29,21924.4,2023-03-27,2032-07-07,Active,0.0,570,Business Expansion,High
2020,BKAILN41546395,7663,18263,2,88,20336124,17.75,51,570690.33,4199746.0,2023-06-21,2027-08-29,Active,0.0,698,Home Purchase,Medium
2021,BKAILN84153263,6100,18767,5,34,168239,9.68,29,6529.6,126843.84,2020-11-23,2023-04-12,Active,253295.41,670,Medical,Medium
2022,BKAILN79748490,8068,15606,8,63,937411,11.01,110,13569.56,243295.17,2019-12-08,2028-12-20,Active,1293462.54,737,Medical,Medium
2023,BKAILN39535794,9100,770,6,71,937506,16.52,66,21712.99,155322.59,2018-10-28,2024-03-30,Active,0.0,654,Vehicle Purchase,Medium
2024,BKAILN14450375,1540,2458,3,11,2805259,10.16,55,64010.45,2425349.47,2020-01-03,2024-07-10,Active,3311571.9,328,Business Expansion,High
2025,BKAILN45104446,9586,19783,6,2,37695704,13.16,12,3369707.92,24752021.93,2019-11-26,2020-11-20,Active,0.0,376,Agriculture,High
2026,BKAILN22020872,5614,15769,2,29,3930510,16.5,61,95607.89,2723082.26,2016-07-10,2021-07-14,Active,0.0,884,Home Purchase,Low
2027,BKAILN25860705,739,5939,7,98,1468444,12.0,158,18531.55,918702.62,2025-02-03,2038-01-26,Active,0.0,703,Education,Medium
2028,BKAILN93275373,7684,3394,7,86,1263014,11.18,56,29049.23,1144574.39,2023-09-23,2028-04-29,Active,0.0,671,Working Capital,Medium
2029,BKAILN93023930,1571,15288,6,87,374042,17.41,68,8689.81,266752.34,2024-03-16,2029-10-16,Active,0.0,615,Education,High
2030,BKAILN66385000,1030,1145,12,97,1729432,15.52,19,103248.4,1243589.49,2019-04-25,2020-11-15,Active,0.0,863,Personal Expenses,Low
2031,BKAILN46749707,4449,16259,4,7,7460740,12.27,152,96936.81,7412793.1,2023-04-28,2035-10-22,Active,0.0,720,Medical,Medium
2032,BKAILN98023025,6345,12617,3,80,1879618,10.34,77,33498.89,634284.61,2016-07-19,2022-11-15,Active,2508059.11,755,Vehicle Purchase,Low
2033,BKAILN43982285,386,11946,8,31,7307507,11.61,149,92806.64,4991005.6,2021-12-01,2034-02-26,Active,11705389.63,432,Education,High
2034,BKAILN41812739,7225,11450,10,36,1072300,8.94,83,17369.21,726498.78,2022-12-16,2029-10-10,Active,1373711.5,327,Home Purchase,High
2035,BKAILN43242329,6670,19689,8,49,1615886,10.84,155,19413.54,1005584.12,2020-12-25,2033-09-18,Active,1988462.1,423,Home Purchase,High
2036,BKAILN61851507,3579,5790,12,91,459365,16.01,31,18190.45,82054.08,2022-06-03,2024-12-19,Active,0.0,301,Home Purchase,High
2037,BKAILN67966121,3375,6623,6,38,436974,11.72,114,6371.91,221440.98,2019-07-11,2028-11-20,Closed,0.0,895,Personal Expenses,Low
2038,BKAILN93125218,7775,8666,5,15,412627,9.94,14,31337.11,376763.96,2023-12-21,2025-02-13,Active,510665.61,884,Education,Low
2039,BKAILN24787439,9771,10745,1,15,351762,9.84,314,3124.99,190060.43,2018-06-16,2044-03-31,Active,397999.16,846,Vehicle Purchase,Low
2040,BKAILN45377880,4123,7044,10,42,346632,9.64,72,6358.9,303905.4,2022-11-09,2028-10-08,Active,386567.32,389,Working Capital,High
2041,BKAILN65015092,520,6086,5,98,7863817,10.12,21,410177.5,5518931.33,2021-08-24,2023-05-16,Active,12880726.27,487,Agriculture,High
2042,BKAILN90492280,2988,7837,9,93,2253599,11.62,39,69656.95,1324161.49,2017-08-28,2020-11-10,Active,3965507.2,463,Business Expansion,High
2043,BKAILN23751148,3394,8142,4,64,1531766,10.78,56,34927.73,871307.65,2018-11-27,2023-07-04,Active,0.0,604,Personal Expenses,High
2044,BKAILN25986076,491,14003,1,35,4052185,9.0,297,34097.72,3332436.31,2018-06-17,2042-11-08,Active,5604673.23,672,Home Purchase,Medium
2045,BKAILN44132267,8480,11511,8,60,3264125,10.85,197,35548.91,3173012.53,2019-10-04,2035-12-09,Active,5431084.33,533,Working Capital,High
2046,BKAILN84367496,8292,8024,11,85,53795,10.64,67,1068.33,35123.04,2024-11-08,2030-05-11,Active,66296.93,762,Vehicle Purchase,Low
2047,BKAILN83930599,9208,18761,4,41,4177924,11.46,45,114652.76,4154788.75,2022-07-29,2026-04-09,Default,0.0,342,Medical,High
2048,BKAILN26669562,5925,5209,1,27,378003,8.7,167,3911.0,318416.09,2017-07-03,2031-03-22,Active,456688.32,355,Home Purchase,High
2049,BKAILN58078997,6547,11555,3,34,395189,10.72,62,8329.03,332065.0,2018-10-08,2023-11-11,Default,480388.87,551,Medical,High
2050,BKAILN25767228,2392,19965,1,46,3481511,9.24,284,30230.31,1798618.51,2017-11-05,2041-03-04,Active,6082457.36,326,Working Capital,High
2051,BKAILN26953735,909,9862,1,68,4786282,8.3,152,50988.89,4772111.33,2016-12-31,2029-06-26,Active,8127233.24,829,Home Purchase,Low
2052,BKAILN90531046,7325,6704,10,76,231713,7.71,19,12994.03,98020.17,2019-09-18,2021-04-10,Active,377585.84,797,Education,Low
2053,BKAILN29507157,3077,16883,5,18,3373288,10.49,16,226836.84,2942246.45,2021-04-20,2022-08-13,Active,4975764.7,797,Vehicle Purchase,Low
2054,BKAILN98769374,1299,11028,3,44,1557895,10.66,79,27526.6,1117018.53,2020-04-07,2026-10-03,Active,2557757.71,838,Medical,Low
2055,BKAILN11998899,4820,16794,1,71,1387561,10.36,151,16479.2,705067.43,2019-11-16,2032-04-11,Active,1626665.33,646,Business Expansion,High
2056,BKAILN54618828,439,14537,12,53,1570431,15.57,29,65324.87,567605.18,2017-07-09,2019-11-26,Active,0.0,543,Working Capital,High
2057,BKAILN99126902,2500,14636,6,57,941095,16.49,88,18497.93,524199.94,2024-10-22,2032-01-14,Active,0.0,437,Vehicle Purchase,High
2058,BKAILN26937073,3553,16854,8,58,1541557,11.69,175,18388.19,667407.19,2023-06-27,2037-11-10,Active,2644647.07,420,Vehicle Purchase,High
2059,BKAILN58880498,9828,9313,12,71,180190,14.02,31,6962.12,133273.09,2024-10-21,2027-05-09,Active,0.0,638,Agriculture,High
2060,BKAILN54277370,5965,19207,8,29,1394166,12.14,87,24174.35,966285.2,2020-10-09,2027-12-02,Active,2010394.71,457,Home Purchase,High
2061,BKAILN75876620,2418,15817,3,51,1052616,11.27,51,26070.47,251973.3,2016-09-23,2020-12-01,Active,1729517.28,456,Business Expansion,High
2062,BKAILN58927331,5512,18209,5,31,109336,10.45,36,3551.11,91537.36,2018-05-11,2021-04-25,Active,124546.55,589,Working Capital,High
2063,BKAILN37318317,6112,15849,6,90,1262379,15.36,55,32112.51,1212742.63,2019-03-30,2023-10-05,Default,0.0,519,Agriculture,High
2064,BKAILN77476898,6839,1666,7,38,30234813,12.3,155,390231.55,18820453.28,2017-02-28,2029-11-22,Active,0.0,330,Personal Expenses,High
2065,BKAILN41073228,3655,12812,2,72,406774,13.28,54,10046.92,252678.5,2017-06-13,2021-11-19,Active,0.0,897,Home Purchase,Low
2066,BKAILN21810502,548,12077,10,48,1901380,9.04,43,51930.9,1872843.45,2019-09-12,2023-03-25,Active,2818653.55,325,Medical,High
2067,BKAILN39143166,9350,14203,10,32,929097,7.23,25,40144.66,120485.74,2024-12-16,2027-01-05,Active,1482572.84,543,Home Purchase,High
2068,BKAILN92535615,3462,17309,3,39,995356,11.71,66,20526.38,990234.55,2018-02-27,2023-07-31,Active,1138636.24,845,Personal Expenses,Low
2069,BKAILN82971173,3811,9797,9,66,3813101,9.95,60,80923.35,3403613.07,2022-06-10,2027-05-15,Active,6341451.32,308,Education,High
2070,BKAILN72156233,9156,6362,5,99,262209,8.56,30,9739.86,98658.41,2020-11-14,2023-05-03,Active,444118.93,563,Education,High
2071,BKAILN46591263,9985,18563,8,22,1002516,11.1,171,11695.61,725571.86,2017-11-04,2031-11-21,Active,1435663.12,609,Personal Expenses,High
2072,BKAILN68674942,6609,10190,11,84,4557938,9.85,83,75945.9,1478546.05,2021-09-30,2028-07-25,Active,7599274.8,638,Vehicle Purchase,High
2073,BKAILN66143204,8510,2094,1,16,2046596,10.37,280,19432.62,1614979.49,2022-06-30,2045-06-29,Active,3095281.89,699,Education,Medium
2074,BKAILN72775027,3405,7550,3,63,1009594,10.62,74,18652.97,225779.35,2020-01-01,2026-01-29,Active,1748941.03,531,Vehicle Purchase,High
2075,BKAILN76541443,8216,8016,1,7,634893,10.46,292,6010.95,467382.63,2022-02-16,2046-02-10,Closed,1138078.13,634,Working Capital,High
2076,BKAILN71790456,8232,12628,6,72,4834425,15.09,99,85648.71,4469183.33,2018-01-12,2026-03-01,Active,0.0,680,Home Purchase,Medium
2077,BKAILN38834736,6787,7347,6,22,776331,13.36,120,11756.88,734855.7,2022-08-21,2032-06-29,Active,0.0,570,Working Capital,High
2078,BKAILN67887270,7260,8194,7,59,236191,10.09,123,3088.81,55701.63,2022-03-25,2032-05-01,Active,0.0,822,Working Capital,Low
2079,BKAILN64874638,6129,3319,3,31,48362726,8.91,44,1292498.1,34028153.36,2021-08-09,2025-03-21,Active,75454461.91,648,Working Capital,High
2080,BKAILN34986881,8028,19368,1,89,893294,9.47,280,7927.05,812127.97,2020-03-02,2043-03-02,Active,1239471.88,509,Vehicle Purchase,High
2081,BKAILN58805644,2476,4159,3,78,3686999,9.42,59,78316.73,2813219.71,2024-08-19,2029-06-24,Active,5323089.63,339,Vehicle Purchase,High
2082,BKAILN73495929,311,5905,6,45,4434286,14.21,119,69676.15,1775386.63,2025-04-08,2035-01-16,Active,0.0,435,Agriculture,High
2083,BKAILN59161322,2024,7237,2,6,1163812,17.68,49,33514.61,773655.72,2025-06-07,2029-06-16,Active,0.0,790,Home Purchase,Low
2084,BKAILN42105788,2540,1433,10,37,1341909,9.25,29,51814.57,1128271.02,2023-04-01,2025-08-18,Active,1579643.96,757,Education,Low
2085,BKAILN65542271,5830,11134,8,66,1367734,9.99,82,23082.36,352848.6,2025-01-06,2031-10-02,Active,1697183.4,388,Education,High
2086,BKAILN17709878,2359,14900,5,93,8832779,9.36,16,589360.28,2806693.75,2017-12-09,2019-04-03,Active,13605479.92,784,Home Purchase,Low
2087,BKAILN19529189,2914,2728,1,90,442338,10.25,211,4531.36,45324.75,2019-01-04,2036-05-04,Active,629735.5,377,Agriculture,High
2088,BKAILN94509364,6072,8934,8,68,877967,12.04,213,10001.74,688516.31,2022-12-05,2040-06-03,Active,1530586.52,317,Working Capital,High
2089,BKAILN40494554,526,4847,2,35,1492122,17.03,65,35300.29,1305036.09,2023-11-15,2029-03-18,Active,0.0,840,Vehicle Purchase,Low
2090,BKAILN97569763,1062,10584,7,91,379294,13.62,97,6470.0,49713.74,2017-06-02,2025-05-21,Active,0.0,370,Home Purchase,High
2091,BKAILN41959392,107,10346,6,62,3193000,11.69,89,53812.67,3137023.81,2022-12-27,2030-04-19,Active,0.0,507,Working Capital,High
2092,BKAILN41311284,7387,14712,12,5,9845587,12.32,20,547062.36,4578772.82,2024-02-29,2025-10-21,Active,0.0,569,Education,High
2093,BKAILN84061255,3670,6953,2,81,3849001,16.4,13,325170.26,2822808.48,2021-09-05,2022-09-30,Active,0.0,473,Personal Expenses,High
2094,BKAILN91108640,1547,16174,2,95,1298349,13.87,81,24772.45,567999.34,2020-07-08,2027-03-04,Active,0.0,663,Medical,Medium
2095,BKAILN97303268,1207,15995,1,76,79992,9.97,137,980.08,51668.28,2021-04-04,2032-07-05,Active,118687.12,553,Agriculture,High
2096,BKAILN57639677,2446,10947,5,74,322174,9.93,6,55261.51,236406.97,2021-07-28,2022-01-24,Active,535132.09,603,Working Capital,High
2097,BKAILN67093353,2412,5974,8,58,1301527,9.08,187,13030.73,1148485.16,2023-06-27,2038-11-05,Active,1858947.2,628,Education,High
2098,BKAILN25775968,433,19870,7,29,485261,9.64,44,13136.16,272367.03,2020-08-11,2024-03-23,Active,0.0,320,Home Purchase,High
2099,BKAILN77054390,6656,5508,10,68,2014631,8.95,87,31559.71,290288.66,2024-12-14,2032-02-06,Active,2492931.15,439,Personal Expenses,High
2100,BKAILN24117184,9227,11006,8,55,604339,11.88,186,7122.89,270216.56,2017-09-05,2032-12-15,Active,719531.77,402,Agriculture,High
2101,BKAILN30038222,605,11604,5,16,1442876,9.3,36,46084.8,1180764.89,2017-09-14,2020-08-29,Default,2279877.81,471,Working Capital,High
2102,BKAILN16537462,8127,11696,7,14,3927550,10.82,157,46863.03,1010312.11,2018-08-31,2031-07-24,Active,0.0,345,Vehicle Purchase,High
2103,BKAILN45183868,8350,14722,12,37,896649,13.65,26,40031.56,180858.66,2017-04-22,2019-06-11,Active,0.0,808,Medical,Low
2104,BKAILN91122599,9482,19342,6,61,1898104,17.04,90,37492.6,591595.2,2019-06-25,2026-11-15,Active,0.0,695,Education,Medium
2105,BKAILN26520687,2437,12502,6,63,4565380,12.01,16,310214.12,2206024.39,2022-08-26,2023-12-19,Active,0.0,891,Business Expansion,Low
2106,BKAILN74208442,9123,7103,10,6,2884239,8.26,86,44549.94,1916294.86,2023-02-12,2030-03-07,Active,3667947.24,868,Agriculture,Low
2107,BKAILN28220251,9802,9070,9,100,1501267,10.1,59,32388.56,390543.23,2021-10-14,2026-08-19,Active,2376028.49,354,Personal Expenses,High
2108,BKAILN26404158,7407,7562,5,74,890693,9.44,9,102899.21,561413.05,2018-01-19,2018-10-16,Default,1160811.67,677,Education,Medium
2109,BKAILN68972193,6120,1818,3,41,1852221,10.63,29,72705.28,1507511.95,2025-05-30,2027-10-17,Active,2773442.78,583,Personal Expenses,High
2110,BKAILN50508178,5231,6764,12,45,302977,14.46,29,12441.21,212806.68,2024-02-04,2026-06-23,Active,0.0,516,Business Expansion,High
2111,BKAILN35245706,6235,19384,2,90,234401,15.67,75,4920.52,80752.67,2018-07-24,2024-09-20,Active,0.0,335,Personal Expenses,High
2112,BKAILN10639392,8534,17600,11,41,1783062,10.91,50,44537.86,1038199.96,2020-12-09,2025-01-17,Active,3072106.22,771,Agriculture,Low
2113,BKAILN29583293,7976,19432,10,61,4697845,9.28,41,134143.71,3792403.23,2024-10-28,2028-03-11,Active,5389467.49,607,Medical,High
2114,BKAILN92046710,1862,7017,6,20,2005859,12.95,86,35914.85,1185718.93,2019-11-03,2026-11-26,Active,0.0,725,Medical,Medium
2115,BKAILN35320464,4909,15010,6,48,160172,14.14,53,4080.59,119324.23,2021-11-10,2026-03-19,Active,0.0,338,Business Expansion,High
2116,BKAILN26567920,3777,11197,7,91,892957,11.07,53,21377.38,91904.78,2023-09-05,2028-01-12,Active,0.0,482,Agriculture,High
2117,BKAILN40745776,4526,12614,10,50,125542,9.13,33,4316.23,97379.7,2024-07-26,2027-04-12,Closed,159725.08,602,Working Capital,High
2118,BKAILN16908366,7234,18943,5,100,2212385,9.42,7,326056.72,2065712.79,2022-09-13,2023-04-11,Active,3247433.03,378,Agriculture,High
2119,BKAILN75445168,5538,13087,4,9,6487478,9.85,43,179672.33,2348198.88,2023-08-25,2027-03-07,Active,0.0,409,Home Purchase,High
2120,BKAILN11655312,2302,16971,10,44,398367,8.01,44,10478.3,281526.06,2023-01-20,2026-09-01,Default,559436.89,668,Business Expansion,Medium
2121,BKAILN83659261,2793,18541,6,8,4314943,17.33,101,81457.31,3021687.54,2024-05-23,2032-09-08,Active,0.0,784,Education,Low
2122,BKAILN86561674,9551,19910,12,35,2359219,15.32,24,114749.63,1616935.26,2024-05-08,2026-04-28,Active,0.0,463,Vehicle Purchase,High
2123,BKAILN65322939,5267,5041,2,1,1576321,12.63,22,80640.93,329289.37,2018-12-29,2020-10-19,Closed,0.0,472,Education,High
2124,BKAILN78919429,8530,12813,12,52,2638150,10.68,20,144579.95,993266.9,2017-08-19,2019-04-11,Active,0.0,815,Vehicle Purchase,Low
2125,BKAILN65880522,5115,8950,9,89,2782732,9.83,46,72850.44,2499515.92,2020-05-17,2024-02-26,Active,3697872.75,404,Business Expansion,High
2126,BKAILN39222998,1677,11774,6,52,427132,12.34,31,16161.24,241604.71,2024-10-23,2027-05-11,Active,0.0,440,Education,High
2127,BKAILN94521185,3977,5181,4,2,525942,9.66,163,5805.01,278198.19,2021-02-04,2034-06-26,Default,0.0,383,Working Capital,High
2128,BKAILN51733227,2206,6485,4,84,4251907,12.25,88,73456.39,2239386.73,2020-06-23,2027-09-15,Default,0.0,330,Personal Expenses,High
2129,BKAILN75336499,2197,2459,11,6,273664,12.32,81,4992.23,199971.76,2019-06-16,2026-02-09,Active,472613.11,811,Working Capital,Low
2130,BKAILN29413370,4648,15138,3,18,2085833,11.33,77,38240.58,903861.95,2016-08-17,2022-12-14,Active,2401064.52,804,Education,Low
2131,BKAILN41398029,9518,18053,7,41,1897598,11.4,28,77503.61,1894334.59,2020-01-22,2022-05-11,Active,0.0,744,Medical,Medium
2132,BKAILN83723200,6988,16908,9,3,4418261,12.46,47,119279.73,2933294.47,2017-12-25,2021-11-04,Active,7263384.32,770,Home Purchase,Low
2133,BKAILN67227960,9480,19438,5,24,1238789,8.54,34,41149.45,533291.42,2018-10-01,2021-07-17,Active,1566678.2,382,Medical,High
2134,BKAILN60325776,101,18304,6,71,41493045,12.75,102,668242.61,4272408.63,2018-02-25,2026-07-13,Closed,0.0,790,Vehicle Purchase,Low
2135,BKAILN19488216,3895,17919,10,2,1783365,7.85,85,27418.48,846266.88,2019-11-05,2026-10-29,Active,3157865.44,428,Working Capital,High
2136,BKAILN23532049,3214,6191,2,91,339640,15.08,44,10096.03,212081.1,2021-05-06,2024-12-16,Active,0.0,644,Working Capital,High
2137,BKAILN90081052,6730,16315,10,40,100471,7.2,49,2372.69,73705.47,2017-02-12,2021-02-21,Active,174991.53,326,Medical,High
2138,BKAILN28879978,3888,8547,7,18,1769629,10.76,103,26390.62,554983.83,2019-12-29,2028-06-14,Active,0.0,445,Personal Expenses,High
2139,BKAILN18472928,8624,18685,9,97,2833501,13.04,41,86013.28,569061.04,2019-05-23,2022-10-04,Active,4140221.39,751,Vehicle Purchase,Low
2140,BKAILN42771715,8160,7126,11,10,6006677,11.27,67,121203.81,4650874.13,2020-07-21,2026-01-21,Active,10593336.88,733,Medical,Medium
2141,BKAILN88042954,4251,864,4,4,20869886,12.46,50,537196.17,17421557.81,2024-11-24,2029-01-02,Active,0.0,642,Business Expansion,High
2142,BKAILN77216215,2508,9980,9,10,3249233,13.11,27,139613.68,434393.47,2017-11-26,2020-02-14,Active,3675443.58,369,Home Purchase,High
2143,BKAILN34658046,1053,9226,9,73,1585897,9.89,14,120404.87,830254.94,2019-05-02,2020-06-25,Active,2239176.45,496,Personal Expenses,High
2144,BKAILN15823398,6740,11837,1,9,1087422,8.72,152,11841.5,309303.82,2017-05-19,2029-11-12,Active,1428660.19,406,Home Purchase,High
2145,BKAILN86668481,4972,4364,5,7,84412,10.53,6,14503.9,33984.72,2022-11-15,2023-05-14,Active,112586.25,766,Education,Low
2146,BKAILN80160252,9829,18328,11,75,171646,12.22,67,3547.0,92724.75,2024-07-19,2030-01-19,Active,284320.89,378,Personal Expenses,High
2147,BKAILN21277587,8734,18801,8,29,633312,10.48,172,7128.5,136740.56,2024-08-23,2038-10-09,Active,791106.88,849,Education,Low
2148,BKAILN21340637,7476,7319,1,36,581443,8.87,241,5175.06,236894.02,2021-12-04,2041-09-20,Active,843617.96,822,Home Purchase,Low
2149,BKAILN78450876,5431,6315,8,73,3307358,12.37,208,38674.88,649065.81,2016-08-01,2033-09-01,Active,5667028.75,626,Working Capital,High
2150,BKAILN85637167,5181,8247,4,4,3169908,11.15,59,70036.09,838219.55,2018-12-16,2023-10-21,Closed,0.0,383,Medical,High
2151,BKAILN98144846,4573,6092,9,8,41424453,10.91,38,1294146.56,32764896.08,2024-08-31,2027-10-15,Active,51285704.58,872,Working Capital,Low
2152,BKAILN79276290,9724,13540,6,59,1205851,15.78,56,30561.02,1042430.86,2016-12-26,2021-08-02,Active,0.0,760,Education,Low
2153,BKAILN93020423,5085,16204,11,98,2131213,12.36,70,42879.23,1490731.9,2017-11-20,2023-08-21,Default,3725140.28,322,Business Expansion,High
2154,BKAILN84081712,7005,13398,3,62,3539566,9.71,30,133359.23,655883.43,2022-05-15,2024-10-31,Active,6093031.0,618,Agriculture,High
2155,BKAILN25432404,257,3850,5,65,277228,10.85,10,29120.04,168181.99,2022-08-08,2023-06-04,Active,385374.55,384,Home Purchase,High
2156,BKAILN28066215,5046,12328,4,85,292873,9.47,107,4063.67,36970.36,2017-01-14,2025-10-29,Active,0.0,550,Personal Expenses,High
2157,BKAILN69365908,9746,16391,11,76,1924630,13.07,62,42856.91,1081803.26,2022-12-13,2028-01-16,Active,2253300.18,775,Vehicle Purchase,Low
2158,BKAILN78673518,6980,9451,7,32,198703,14.13,53,5061.21,54143.46,2017-11-16,2022-03-25,Active,0.0,395,Business Expansion,High
2159,BKAILN17632895,354,8053,5,35,248681,10.77,28,10083.7,157964.57,2021-05-20,2023-09-07,Active,429789.32,786,Personal Expenses,Low
2160,BKAILN60995022,2263,10329,5,12,131032,8.59,32,4596.2,127199.59,2016-08-06,2019-03-24,Active,207315.95,515,Education,High
2161,BKAILN60892785,190,16018,4,14,729053,8.99,110,9753.01,492890.82,2025-03-14,2034-03-27,Active,0.0,328,Agriculture,High
2162,BKAILN68752317,4004,11978,11,26,461072,11.83,27,19533.69,174452.48,2017-12-07,2020-02-25,Active,560094.19,734,Education,Medium
2163,BKAILN65443611,1398,17497,6,36,2455786,16.42,27,109402.83,842632.26,2022-01-05,2024-03-25,Active,0.0,445,Working Capital,High
2164,BKAILN18056597,8747,3489,6,35,1164232,12.47,109,17898.32,788231.73,2017-06-06,2026-05-20,Active,0.0,677,Vehicle Purchase,Medium
2165,BKAILN96548887,2809,16646,1,67,908638,8.66,169,9322.87,508890.41,2021-08-08,2035-06-26,Active,1440704.71,641,Home Purchase,High
2166,BKAILN44795549,4829,4310,8,46,4132721,10.11,187,43977.85,3467978.23,2018-06-07,2033-10-16,Active,6884314.12,669,Personal Expenses,Medium
2167,BKAILN16551011,7124,286,8,50,4371853,10.71,124,58435.47,570664.47,2022-10-02,2032-12-08,Active,6116207.49,354,Education,High
2168,BKAILN85493715,5762,9512,7,84,3918787,11.14,123,53571.12,2023557.07,2019-12-06,2030-01-12,Active,0.0,533,Home Purchase,High
2169,BKAILN90940302,7129,1427,10,12,8924095,7.3,27,359410.97,7396678.75,2022-08-30,2024-11-17,Active,12029318.1,502,Home Purchase,High
2170,BKAILN99714997,1707,15628,10,38,497969,9.5,90,7757.2,114030.69,2019-03-08,2026-07-29,Active,879681.86,669,Agriculture,Medium
2171,BKAILN45894863,2533,15071,1,72,80784,8.74,215,744.86,51519.03,2018-05-21,2036-01-17,Active,141702.84,564,Education,High
2172,BKAILN93641697,5801,14956,11,94,1547267,13.2,51,39802.36,622791.92,2022-07-23,2026-09-30,Active,2566771.9,662,Business Expansion,Medium
2173,BKAILN47562120,388,5289,3,28,728998,10.21,36,23594.66,420030.62,2024-04-22,2027-04-07,Active,869626.04,448,Medical,High
2174,BKAILN15427084,4558,12762,7,44,8872767,14.24,45,255621.37,6560904.39,2022-06-20,2026-03-01,Active,0.0,583,Business Expansion,High
2175,BKAILN81390006,9882,5307,2,5,1558309,11.73,60,34451.48,1147873.07,2023-12-24,2028-11-27,Active,0.0,434,Vehicle Purchase,High
2176,BKAILN37686167,3444,10432,11,90,4205738,12.05,61,92540.28,2276697.75,2020-10-16,2025-10-20,Active,6965596.43,486,Medical,High
2177,BKAILN26065016,673,391,11,18,3847448,13.48,53,96730.15,2968551.03,2016-11-14,2021-03-23,Active,4736111.63,652,Personal Expenses,Medium
2178,BKAILN39068348,8139,2238,8,47,906240,11.65,77,16765.9,634218.15,2019-02-13,2025-06-11,Closed,1239609.79,651,Personal Expenses,Medium
2179,BKAILN14069642,9312,11841,4,7,880665,8.95,30,32870.9,528841.45,2024-10-07,2027-03-26,Active,0.0,527,Medical,High
2180,BKAILN79416639,5569,1694,4,99,8995782,10.37,82,153580.64,8520870.75,2022-06-01,2029-02-24,Active,0.0,618,Personal Expenses,High
2181,BKAILN73360006,2470,5664,11,4,368000,13.15,47,10060.34,273999.41,2019-05-27,2023-04-06,Active,404866.64,360,Personal Expenses,High
2182,BKAILN65502621,620,4306,2,31,323912,17.04,27,14527.06,236361.39,2018-04-16,2020-07-04,Active,0.0,883,Working Capital,Low
2183,BKAILN11846916,9025,17229,10,69,1474251,9.72,91,22960.87,971457.02,2016-08-24,2024-02-14,Active,1825698.48,501,Agriculture,High
2184,BKAILN16318880,7270,16818,1,81,21361532,10.24,192,226622.91,7513027.07,2017-04-08,2033-01-14,Active,37655506.53,324,Personal Expenses,High
2185,BKAILN50756659,5493,1413,11,38,1516268,10.9,68,29986.87,953627.78,2025-06-12,2031-01-12,Active,2278235.52,399,Personal Expenses,High
2186,BKAILN26755738,4720,4402,3,6,1804481,11.68,49,46478.97,877561.87,2019-11-17,2023-11-26,Active,2413279.86,853,Medical,Low
2187,BKAILN49714236,9909,6593,11,74,397146,11.71,72,7704.52,353089.63,2020-01-16,2025-12-15,Closed,509360.89,498,Business Expansion,High
2188,BKAILN85650456,8369,11794,7,69,8704576,13.81,108,141211.4,6135107.89,2019-03-24,2028-02-05,Active,0.0,729,Vehicle Purchase,Medium
2189,BKAILN93861148,3870,18975,10,58,3657974,7.23,108,46174.93,1319530.79,2020-09-10,2029-07-25,Active,4258443.72,758,Working Capital,Low
2190,BKAILN57831723,9792,17090,4,19,9823375,10.32,37,311103.99,4794240.16,2024-04-10,2027-04-25,Closed,0.0,572,Vehicle Purchase,High
2191,BKAILN62207779,5646,2238,4,66,530598,12.45,136,7297.89,353080.9,2020-02-03,2031-04-06,Active,0.0,505,Working Capital,High
2192,BKAILN99688354,2606,15389,7,27,4472496,13.83,57,107474.8,3576613.78,2016-10-29,2021-07-05,Default,0.0,525,Personal Expenses,High
2193,BKAILN98547693,8290,18878,2,45,303633,11.56,61,6605.77,243630.76,2019-04-22,2024-04-25,Active,0.0,768,Business Expansion,Low
2194,BKAILN54780993,8047,17620,6,28,209873,12.64,102,3366.97,122919.87,2018-12-29,2027-05-16,Active,0.0,300,Home Purchase,High
2195,BKAILN53376122,7106,17568,12,35,1063438,16.22,6,185718.38,225990.02,2023-05-20,2023-11-16,Active,0.0,827,Personal Expenses,Low
2196,BKAILN47312054,3926,8111,12,57,64477,15.32,32,2467.09,60916.4,2022-06-13,2025-01-28,Active,0.0,401,Home Purchase,High
2197,BKAILN41992349,8254,15022,5,56,432505,10.2,8,56151.46,213620.54,2019-03-23,2019-11-18,Active,675668.95,690,Business Expansion,Medium
2198,BKAILN80266070,2446,9519,6,98,27110526,17.24,102,508076.24,13376714.6,2019-11-17,2028-04-03,Active,0.0,424,Personal Expenses,High
2199,BKAILN33235901,6853,6791,5,91,1560959,8.2,11,147789.51,1187283.9,2017-05-13,2018-04-08,Active,2266792.25,781,Education,Low
2200,BKAILN26464887,5146,18455,2,4,2917726,15.25,29,120917.99,2647393.49,2019-08-17,2022-01-03,Active,0.0,463,Business Expansion,High
2201,BKAILN66359299,7429,15827,4,10,7428237,11.94,59,167060.75,6913430.33,2022-08-08,2027-06-13,Active,0.0,659,Vehicle Purchase,Medium
2202,BKAILN87407425,1385,3236,2,52,1959052,16.01,71,42864.39,1162208.85,2020-10-26,2026-08-26,Active,0.0,536,Vehicle Purchase,High
2203,BKAILN43783663,7876,12913,6,6,3887939,14.08,63,87652.82,1904006.32,2017-06-07,2022-08-10,Active,0.0,710,Education,Medium
2204,BKAILN18324593,4711,18784,1,80,1843773,9.38,308,15852.94,1721929.46,2021-11-27,2047-03-16,Active,2119282.0,672,Personal Expenses,Medium
2205,BKAILN84358037,5928,1331,9,54,1522678,10.1,47,39361.12,346514.12,2022-05-30,2026-04-09,Closed,1680218.57,378,Education,High
2206,BKAILN28749227,5002,13595,10,56,2973748,9.48,71,54883.42,390247.76,2022-05-31,2028-03-30,Active,4061938.99,790,Home Purchase,Low
2207,BKAILN42455784,325,2589,4,14,1018357,9.15,46,26330.62,1018196.25,2023-05-17,2027-02-25,Closed,0.0,544,Vehicle Purchase,High
2208,BKAILN30599697,9331,12868,11,14,1552283,9.59,46,40460.29,674276.98,2021-12-01,2025-09-11,Active,2464358.99,664,Vehicle Purchase,Medium
2209,BKAILN36805812,8220,14952,4,92,1226542,10.15,141,14926.25,1179787.81,2020-06-03,2032-01-02,Closed,0.0,859,Medical,Low
2210,BKAILN57701144,8802,14332,6,86,3812050,13.44,62,85613.41,2824131.99,2019-06-02,2024-07-05,Active,0.0,888,Personal Expenses,Low
2211,BKAILN27301884,4322,13913,11,78,3623509,11.64,33,128840.49,2264108.97,2017-02-03,2019-10-21,Active,4267002.3,742,Personal Expenses,Medium
2212,BKAILN75128666,9665,14994,7,25,360331,13.37,55,8797.88,314931.2,2019-08-12,2024-02-17,Active,0.0,419,Home Purchase,High
2213,BKAILN11211767,3079,17696,2,85,4073888,16.59,12,370765.74,1554299.21,2018-07-19,2019-07-14,Active,0.0,430,Business Expansion,High
2214,BKAILN33021275,4993,8870,3,54,470296,9.15,79,7947.05,427561.71,2022-06-06,2028-12-01,Active,757979.25,691,Education,Medium
2215,BKAILN27646484,6280,4202,1,42,24236313,8.46,206,223420.53,3219130.05,2021-07-18,2038-06-19,Active,29300762.32,493,Business Expansion,High
2216,BKAILN18225976,2313,9277,5,68,3316504,8.04,7,486568.54,527294.91,2022-04-27,2022-11-23,Active,4283457.57,463,Working Capital,High
2217,BKAILN13280750,2290,8684,1,35,1758814,9.35,214,16917.75,1188405.87,2018-12-13,2036-07-11,Active,3020551.27,776,Medical,Low
2218,BKAILN27343433,8012,15556,2,81,295396,10.68,13,24163.48,216331.44,2021-10-26,2022-11-20,Active,0.0,547,Personal Expenses,High
2219,BKAILN53015526,5079,18266,7,14,1334325,11.45,77,24546.26,1270694.03,2020-03-02,2026-06-29,Active,0.0,645,Business Expansion,High
2220,BKAILN34056124,7581,1672,3,18,274390,11.7,50,6959.9,169954.61,2016-11-05,2020-12-14,Default,468925.16,572,Working Capital,High
2221,BKAILN92280042,5416,16524,1,24,158891,10.35,145,1924.4,83464.61,2023-09-26,2035-08-24,Closed,269840.55,852,Personal Expenses,Low
2222,BKAILN56524884,9822,7944,8,73,486330,9.66,240,4584.17,350055.62,2024-03-31,2043-12-17,Active,572288.62,752,Working Capital,Low
2223,BKAILN62559164,5329,19597,6,12,5751387,14.23,23,287180.09,5663515.83,2023-05-29,2025-04-18,Active,0.0,334,Vehicle Purchase,High
2224,BKAILN88952166,1523,8287,5,19,163031,8.57,14,12278.43,126165.42,2023-09-15,2024-11-08,Active,243633.36,728,Home Purchase,Medium
2225,BKAILN69866120,8936,10473,11,86,128772,9.73,64,2587.04,66399.22,2023-09-28,2028-12-30,Active,145881.95,819,Home Purchase,Low
2226,BKAILN95112330,2303,11211,10,66,333328,9.75,36,10716.48,303182.2,2025-01-06,2027-12-22,Active,521965.33,516,Agriculture,High
2227,BKAILN72078535,456,7908,11,38,1193540,13.33,83,22087.97,634355.51,2024-02-25,2030-12-20,Active,1774696.1,616,Agriculture,High
2228,BKAILN54853520,4861,13462,11,95,7967110,10.37,35,264763.69,2840602.33,2019-07-30,2022-06-14,Active,13349842.82,366,Business Expansion,High
2229,BKAILN86010158,5914,19003,8,53,4158698,10.09,112,57464.46,1897592.99,2019-11-25,2029-02-05,Active,6538444.17,667,Agriculture,Medium
2230,BKAILN79234481,4200,4577,1,12,4958407,8.34,357,37636.22,1309537.49,2023-10-13,2053-02-07,Active,8380229.83,578,Education,High
2231,BKAILN70821990,2138,7532,3,63,694157,11.9,32,25422.49,465437.7,2018-11-29,2021-07-16,Active,1171338.11,502,Home Purchase,High
2232,BKAILN30838048,2932,19345,5,72,2897597,8.21,10,300774.62,410342.11,2020-03-18,2021-01-12,Active,3344507.55,798,Home Purchase,Low
2233,BKAILN86204237,6458,4361,10,72,384691,9.34,58,8267.3,166322.15,2018-05-07,2023-02-10,Active,446574.11,612,Personal Expenses,High
2234,BKAILN76951469,6601,15005,7,88,1188750,13.22,163,15733.78,824169.61,2023-02-13,2036-07-04,Active,0.0,601,Home Purchase,High
2235,BKAILN85842079,5068,6894,8,67,3807501,10.77,139,48050.01,2306612.27,2017-10-15,2029-03-16,Active,5338119.15,304,Education,High
2236,BKAILN73984830,3021,12354,11,49,534394,12.47,81,9791.36,432013.04,2021-10-03,2028-05-29,Active,747628.72,884,Education,Low
2237,BKAILN82517466,9925,5428,4,61,2666222,11.73,60,58945.5,1989151.08,2022-02-03,2027-01-08,Default,0.0,722,Vehicle Purchase,Medium
2238,BKAILN90462901,6330,2849,8,70,1005337,9.62,232,9558.76,142130.09,2024-04-27,2043-05-18,Active,1176335.85,605,Agriculture,High
2239,BKAILN91077021,4175,623,9,97,45015899,11.28,44,1253939.95,43677673.86,2018-08-05,2022-03-17,Active,58083447.24,556,Working Capital,High
2240,BKAILN82508757,3734,7712,2,13,375888,14.4,66,8277.62,129969.07,2022-02-21,2027-07-25,Active,0.0,874,Home Purchase,Low
2241,BKAILN76298133,8091,19742,2,32,3765081,13.46,36,127696.27,3197762.23,2018-04-07,2021-03-22,Active,0.0,508,Home Purchase,High
2242,BKAILN10792403,2512,7880,2,75,133856,16.32,32,5186.97,57605.89,2016-12-06,2019-07-24,Active,0.0,331,Education,High
2243,BKAILN20676951,2752,15894,4,6,1328329,8.79,73,23557.82,842535.66,2025-06-13,2031-06-12,Active,0.0,481,Business Expansion,High
2244,BKAILN23110817,7480,15924,9,82,2146651,12.18,39,66928.74,249765.14,2018-09-22,2021-12-05,Active,3635823.13,550,Home Purchase,High
2245,BKAILN49463487,5062,17354,1,31,1876064,9.82,296,16863.4,1610799.25,2021-08-29,2045-12-21,Active,3224020.41,478,Medical,High
2246,BKAILN94068095,960,18103,9,58,2305054,13.59,42,69269.89,1133687.47,2022-02-01,2025-07-15,Active,2721550.17,776,Personal Expenses,Low
2247,BKAILN37126137,4638,18609,3,83,2223258,10.48,35,73998.53,1660982.44,2017-04-14,2020-02-28,Active,2460633.47,858,Medical,Low
2248,BKAILN35085594,7388,12596,3,21,407178,9.12,66,7868.38,68598.03,2017-09-04,2023-02-05,Active,514430.89,658,Home Purchase,Medium
2249,BKAILN32476811,6329,16191,3,87,3960093,9.04,31,143719.74,2281880.6,2023-08-24,2026-03-11,Active,6865809.83,520,Business Expansion,High
2250,BKAILN22864861,5458,6187,7,65,3964114,11.95,40,120633.97,421596.96,2018-10-19,2022-01-31,Active,0.0,627,Vehicle Purchase,High
2251,BKAILN38013349,380,9271,3,87,2715683,10.16,38,83876.66,476065.81,2022-02-24,2025-04-09,Active,4290884.04,646,Medical,High
2252,BKAILN44823837,8222,10483,2,21,655735,15.06,47,18553.62,254265.19,2016-08-01,2020-06-11,Active,0.0,840,Agriculture,Low
2253,BKAILN13180485,7365,12869,8,35,1541390,10.56,119,20949.6,222823.24,2019-12-26,2029-10-04,Active,1703014.21,532,Home Purchase,High
2254,BKAILN42530972,2254,17974,6,24,5706411,17.54,41,186010.94,1428304.03,2020-07-19,2023-12-01,Active,0.0,753,Business Expansion,Low
2255,BKAILN13716272,6999,6405,12,50,3514172,13.78,13,292546.24,2965171.65,2024-10-17,2025-11-11,Active,0.0,561,Business Expansion,High
2256,BKAILN73702238,1273,2908,10,59,874909,8.79,58,18569.57,618532.02,2024-10-05,2029-07-11,Active,1353156.82,579,Agriculture,High
2257,BKAILN17517599,7338,19798,5,4,1422607,9.62,36,45650.14,949845.89,2023-04-25,2026-04-09,Active,1654058.62,560,Vehicle Purchase,High
2258,BKAILN54998937,6667,16380,9,89,334378,12.58,27,14284.01,63471.16,2024-02-09,2026-04-29,Active,544081.33,580,Personal Expenses,High
2259,BKAILN30572697,1550,14741,7,55,3123966,14.46,161,44047.03,1673025.37,2024-06-03,2037-08-24,Active,0.0,881,Business Expansion,Low
2260,BKAILN50981193,7408,16542,8,21,584142,12.05,179,7043.52,428510.06,2022-09-06,2037-05-20,Active,785673.77,535,Education,High
2261,BKAILN85702617,9104,15542,6,31,4589013,17.03,105,84328.89,2656597.13,2023-06-16,2032-01-30,Active,0.0,836,Personal Expenses,Low
2262,BKAILN14028257,3977,18853,3,65,2797650,11.93,34,97376.93,1858518.9,2017-10-29,2020-08-14,Active,3397427.98,561,Agriculture,High
2263,BKAILN84791051,3810,10457,4,93,1305567,11.36,159,15917.79,665083.62,2017-11-27,2030-12-19,Active,0.0,899,Working Capital,Low
2264,BKAILN40299341,3845,10216,3,1,1659880,11.06,62,35266.02,1616878.33,2016-08-27,2021-09-30,Closed,2375827.42,641,Education,High
2265,BKAILN36339581,4185,11252,1,23,272364,10.17,225,2714.81,242342.57,2017-10-02,2036-03-26,Default,317115.13,707,Agriculture,Medium
2266,BKAILN58829253,5949,3841,4,95,1379945,10.1,159,15775.85,489854.44,2025-02-21,2038-03-15,Closed,0.0,572,Vehicle Purchase,High
2267,BKAILN54620660,7833,9465,4,22,676272,9.58,98,9974.79,228903.87,2019-01-17,2027-02-04,Active,0.0,881,Business Expansion,Low
2268,BKAILN26510980,6683,8950,11,97,206910,11.72,69,4135.82,188144.97,2024-04-09,2029-12-09,Active,238405.02,413,Education,High
2269,BKAILN76550843,6139,18676,5,16,143340,9.98,15,10204.08,108307.12,2020-07-22,2021-10-15,Active,190104.11,840,Home Purchase,Low
2270,BKAILN16538640,5565,15255,1,72,112510,9.3,327,947.88,59866.16,2022-05-21,2049-03-30,Active,168560.82,540,Working Capital,High
2271,BKAILN74209875,8767,12581,12,22,1555229,11.68,8,203014.72,1420981.85,2022-02-20,2022-10-18,Active,0.0,544,Home Purchase,High
2272,BKAILN89850547,6771,7942,11,96,2055559,9.78,41,59179.76,925681.58,2018-11-18,2022-04-01,Active,3304877.73,686,Vehicle Purchase,Medium
2273,BKAILN68756586,1369,11469,10,75,633928,7.31,115,7682.98,305722.28,2025-05-27,2034-11-06,Active,1074287.99,572,Business Expansion,High
2274,BKAILN32153640,9141,17732,3,54,431234,9.78,32,15364.17,338685.1,2022-08-26,2025-04-12,Active,530880.31,792,Medical,Low
2275,BKAILN14923951,7571,12945,11,98,625993,10.03,83,10488.55,410269.14,2017-08-18,2024-06-12,Active,818016.2,680,Personal Expenses,Medium
2276,BKAILN39908806,8001,5557,9,32,66997,13.44,22,3452.83,14925.15,2022-06-24,2024-04-14,Active,92092.71,787,Agriculture,Low
2277,BKAILN71331770,5303,15419,2,90,2711594,15.89,57,68061.96,2387358.73,2017-07-22,2022-03-28,Active,0.0,579,Personal Expenses,High
2278,BKAILN38048221,6389,14536,12,56,1743682,15.09,22,91220.69,1076380.73,2020-02-22,2021-12-13,Active,0.0,847,Vehicle Purchase,Low
2279,BKAILN86477332,913,7746,12,44,243447,14.25,7,36449.6,193465.55,2025-06-14,2026-01-10,Default,0.0,535,Agriculture,High
2280,BKAILN38384236,5853,10069,12,87,1245674,10.65,10,130728.42,1082659.13,2025-05-02,2026-02-26,Active,0.0,729,Agriculture,Medium
2281,BKAILN60961074,5093,9363,1,14,493159,10.29,203,5136.45,106807.17,2022-03-29,2038-11-30,Active,599501.94,440,Education,High
2282,BKAILN73166821,7425,19357,5,43,1552161,9.04,15,109822.82,625101.06,2022-10-22,2024-01-15,Active,2577785.88,550,Personal Expenses,High
2283,BKAILN30764786,5411,2492,12,22,1260263,15.87,35,45215.02,761347.24,2022-09-04,2025-07-20,Active,0.0,661,Working Capital,Medium
2284,BKAILN74464062,9650,5740,12,80,4485445,13.8,15,327274.03,3568496.47,2021-11-11,2023-02-04,Active,0.0,461,Agriculture,High
2285,BKAILN92753361,865,4660,6,8,3666853,17.14,38,125711.97,3502533.66,2018-12-11,2022-01-24,Active,0.0,877,Working Capital,Low
2286,BKAILN85729920,5241,15394,5,41,1674973,8.11,6,285802.58,1586551.78,2024-07-31,2025-01-27,Active,2174128.3,724,Working Capital,Medium
2287,BKAILN51915246,2144,14234,2,96,1775639,15.8,37,60934.39,631928.97,2018-08-09,2021-08-23,Active,0.0,372,Vehicle Purchase,High
2288,BKAILN76575519,3095,14708,1,19,6715413,9.4,156,74726.63,1088253.11,2024-08-24,2037-06-17,Active,10201872.94,838,Agriculture,Low
2289,BKAILN74553778,1394,12603,6,7,1882048,17.98,118,34095.13,1804890.84,2017-07-09,2027-03-19,Default,0.0,367,Medical,High
2290,BKAILN97602773,7044,1777,12,86,82062,15.32,13,6890.89,30463.52,2018-03-19,2019-04-13,Active,0.0,729,Home Purchase,Medium
2291,BKAILN42251899,6808,15910,11,93,95697,11.92,36,3174.85,68493.99,2023-09-23,2026-09-07,Default,109742.43,894,Agriculture,Low
2292,BKAILN37920954,4100,16524,8,15,1003670,12.29,178,12281.69,415252.93,2021-07-01,2036-02-13,Active,1336463.82,359,Vehicle Purchase,High
2293,BKAILN82122731,2217,6297,4,89,605953,9.93,52,14386.74,172624.61,2021-05-03,2025-08-10,Active,0.0,350,Business Expansion,High
2294,BKAILN60535131,4103,569,4,56,4181129,9.96,41,120731.27,2166071.74,2025-03-08,2028-07-20,Active,0.0,446,Agriculture,High
2295,BKAILN48339185,9216,8018,1,95,722558,9.12,192,7166.25,382782.89,2019-10-26,2035-08-03,Default,874317.29,730,Education,Medium
2296,BKAILN56288555,2749,1101,8,21,1022712,11.44,208,11323.4,623963.76,2020-08-08,2037-09-08,Active,1715637.26,472,Working Capital,High
2297,BKAILN89422104,9658,9836,9,78,292271,12.29,41,8765.58,168830.22,2022-07-15,2025-11-26,Active,478318.26,386,Business Expansion,High
2298,BKAILN50067637,7088,8239,7,99,1721334,13.23,97,28983.34,1189665.92,2021-02-01,2029-01-20,Active,0.0,600,Medical,High
2299,BKAILN54323220,4189,16178,10,2,20483144,7.02,45,519042.31,11750913.14,2017-03-26,2020-12-05,Active,29636252.19,674,Personal Expenses,Medium
2300,BKAILN66843764,8030,4695,8,98,594481,11.1,148,7390.73,459979.23,2025-01-05,2037-03-03,Active,910296.58,533,Working Capital,High
2301,BKAILN42388547,4422,13873,1,6,2116849,9.92,352,18520.48,1132941.86,2020-04-29,2049-03-28,Active,3382216.18,807,Business Expansion,Low
2302,BKAILN33821893,7993,11316,7,37,1522000,10.04,88,24505.91,631698.8,2022-06-30,2029-09-21,Active,0.0,631,Medical,High
2303,BKAILN79936649,8325,2302,3,45,9212116,11.22,72,176383.93,6559483.89,2021-07-09,2027-06-08,Active,12860422.33,700,Personal Expenses,Medium
2304,BKAILN50468810,707,18536,2,31,8493018,15.69,58,209816.76,5127321.16,2020-11-07,2025-08-13,Active,0.0,896,Medical,Low
2305,BKAILN39404895,3393,19236,7,43,57419,10.88,175,655.73,11765.75,2020-11-13,2035-03-30,Active,0.0,373,Medical,High
2306,BKAILN96065653,7040,18597,3,58,656531,9.18,82,10808.16,105464.08,2020-12-20,2027-09-15,Active,781312.25,448,Vehicle Purchase,High
2307,BKAILN36601541,1398,18732,9,55,1715791,13.28,56,41271.52,1335396.44,2019-02-05,2023-09-12,Closed,2496866.14,718,Home Purchase,Medium
2308,BKAILN85618104,1288,13827,6,33,1044989,12.13,92,17500.55,274192.41,2023-06-13,2031-01-02,Active,0.0,655,Home Purchase,Medium
2309,BKAILN86593769,8232,13935,2,32,1729792,11.51,48,45137.01,1345486.22,2024-04-16,2028-03-26,Active,0.0,392,Home Purchase,High
2310,BKAILN37660273,5781,16068,9,59,168605,11.13,34,5804.68,79565.58,2025-05-14,2028-02-28,Active,226572.85,781,Vehicle Purchase,Low
2311,BKAILN72917740,3330,606,3,28,2007832,11.24,57,45622.14,264634.78,2017-07-17,2022-03-23,Active,3410506.42,463,Vehicle Purchase,High
2312,BKAILN20853327,1900,18245,9,66,209701,10.28,40,6214.15,64240.11,2017-05-17,2020-08-29,Active,280806.09,723,Education,Medium
2313,BKAILN85454788,5487,6550,1,84,506933,10.42,333,4663.92,500074.89,2018-01-12,2045-05-20,Default,900621.48,368,Business Expansion,High
2314,BKAILN95570226,6412,13891,12,50,2329681,11.12,26,101242.86,1930339.54,2025-03-02,2027-04-21,Active,0.0,514,Agriculture,High
2315,BKAILN79178713,4586,11020,11,2,2734787,12.38,63,59249.61,1292819.19,2023-09-23,2028-11-25,Active,4633645.32,895,Personal Expenses,Low
2316,BKAILN99428556,1764,6583,10,20,4521689,7.15,34,147310.7,1922189.47,2020-01-01,2022-10-17,Active,6065960.23,502,Working Capital,High
2317,BKAILN17316826,6049,13200,3,65,1192108,11.5,52,29217.26,170105.01,2021-08-30,2025-12-07,Active,1984104.86,555,Home Purchase,High
2318,BKAILN77175617,5826,5243,8,93,3383126,11.76,92,55976.58,1227732.8,2018-07-09,2026-01-28,Active,5004548.47,373,Medical,High
2319,BKAILN21979420,4032,13106,9,93,1995358,11.76,22,101268.39,992781.45,2020-04-07,2022-01-27,Active,2772667.95,888,Working Capital,Low
2320,BKAILN99444020,389,4294,8,73,122176,10.45,148,1471.85,84296.66,2019-02-20,2031-04-18,Active,190543.76,877,Vehicle Purchase,Low
2321,BKAILN82790574,8783,14318,10,44,3341506,9.34,36,106788.55,2930825.21,2020-11-29,2023-11-14,Active,3855352.62,543,Home Purchase,High
2322,BKAILN79198409,3073,4642,12,27,1982758,16.24,35,71497.57,912566.64,2017-06-04,2020-04-19,Active,0.0,754,Working Capital,Low
2323,BKAILN85419724,5361,7529,10,53,473135,9.27,61,9756.17,243052.83,2018-05-11,2023-05-15,Active,657916.86,408,Personal Expenses,High
2324,BKAILN83703327,1642,2186,9,21,6173186,9.69,40,181210.23,5764364.75,2022-12-30,2026-04-13,Active,9867031.32,863,Agriculture,Low
2325,BKAILN77550050,3667,12299,7,47,2687412,14.19,121,41876.11,982824.95,2022-12-30,2032-12-07,Active,0.0,556,Home Purchase,High
2326,BKAILN89047966,6686,16028,8,62,2010530,11.24,208,21995.31,1088390.89,2021-11-05,2038-12-06,Active,2615501.82,498,Vehicle Purchase,High
2327,BKAILN46312075,6975,18015,7,84,2318326,14.0,63,52169.21,1463580.58,2025-06-09,2030-08-12,Active,0.0,649,Medical,High
2328,BKAILN28333930,9664,5771,12,55,235486,14.47,30,9401.46,93597.27,2023-09-13,2026-03-01,Active,0.0,396,Agriculture,High
2329,BKAILN61822188,2002,10338,3,78,1566174,9.78,55,35447.23,587737.39,2024-12-03,2029-06-10,Active,2654024.77,600,Home Purchase,High
2330,BKAILN41110667,5064,16258,1,37,354038,8.31,354,2685.04,334341.5,2019-10-28,2048-11-24,Active,453290.15,751,Agriculture,Low
2331,BKAILN76815040,1109,17160,10,29,383566,7.7,85,5868.57,221707.4,2019-01-23,2026-01-16,Active,676004.7,687,Medical,Medium
2332,BKAILN98075758,686,6433,1,97,1635743,9.04,152,18110.05,316038.87,2024-09-28,2037-03-24,Active,2905950.66,896,Vehicle Purchase,Low
2333,BKAILN40637785,2286,8091,12,72,4421845,10.59,15,316028.37,2689566.58,2021-12-26,2023-03-21,Active,0.0,337,Personal Expenses,High
2334,BKAILN37113660,5075,548,11,83,2152144,11.17,53,51628.13,1333284.95,2019-08-19,2023-12-26,Active,2849711.68,372,Personal Expenses,High
2335,BKAILN99188928,3351,14671,9,91,1108587,10.48,41,32284.46,306965.08,2019-10-11,2023-02-22,Active,1404771.28,882,Agriculture,Low
2336,BKAILN39965846,1728,2546,7,61,1489696,10.83,54,34974.96,585649.47,2019-04-29,2023-10-05,Active,0.0,527,Home Purchase,High
2337,BKAILN84178346,9942,4417,6,98,262856,14.06,69,5575.77,211339.25,2017-08-09,2023-04-10,Active,0.0,872,Medical,Low
2338,BKAILN38080254,6843,425,1,49,1170229,10.32,255,11341.38,909456.77,2018-07-03,2039-06-13,Active,1439369.66,313,Personal Expenses,High
2339,BKAILN35413170,6634,9235,2,74,1752208,14.96,33,65091.79,1563670.68,2017-01-31,2019-10-18,Active,0.0,365,Personal Expenses,High
2340,BKAILN79552700,8714,4792,5,42,1148387,10.09,9,133022.9,482207.32,2023-07-06,2024-04-01,Active,1841350.4,604,Agriculture,High
2341,BKAILN52234872,7091,15609,11,32,601777,12.87,62,13338.23,472820.89,2024-05-02,2029-06-05,Active,705353.65,414,Working Capital,High
2342,BKAILN11240901,9970,17846,2,26,200391,12.9,66,4255.27,155466.48,2020-11-11,2026-04-14,Active,0.0,844,Medical,Low
2343,BKAILN16928405,4074,9805,2,96,3357323,16.95,40,110441.19,1874161.44,2021-11-30,2025-03-14,Active,0.0,738,Working Capital,Medium
2344,BKAILN28576633,4570,10520,7,58,497799,10.62,73,9286.58,485061.27,2018-07-05,2024-07-03,Active,0.0,668,Business Expansion,Medium
2345,BKAILN32305372,4413,4763,6,60,428780,17.05,55,11287.43,45793.98,2019-05-28,2023-12-03,Active,0.0,507,Business Expansion,High
2346,BKAILN34140835,3533,15382,11,4,837023,11.6,66,17214.24,805823.0,2020-04-24,2025-09-25,Active,1067753.49,727,Working Capital,Medium
2347,BKAILN91968126,2540,5861,11,93,1430927,13.47,54,35480.15,1419178.05,2019-02-07,2023-07-16,Active,1763541.83,425,Vehicle Purchase,High
2348,BKAILN34887966,5711,7886,2,88,9281787,16.29,34,342639.55,9272226.48,2016-12-06,2019-09-22,Active,0.0,701,Business Expansion,Medium
2349,BKAILN45068257,59,1677,9,30,1083438,11.12,33,38257.55,974049.0,2019-07-24,2022-04-09,Active,1886738.47,387,Medical,High
2350,BKAILN69965419,9496,17914,1,49,133106,8.71,354,1047.06,49580.41,2018-01-05,2047-02-02,Active,203473.98,615,Business Expansion,High
2351,BKAILN18010458,8594,13692,7,23,356296,14.06,140,5190.83,272648.5,2016-10-05,2028-04-05,Active,0.0,675,Agriculture,Medium
2352,BKAILN33466490,3456,665,9,74,377736,10.91,30,14443.09,215863.43,2017-11-16,2020-05-04,Active,646404.02,851,Working Capital,Low
2353,BKAILN37159949,4000,539,9,71,1865387,11.48,45,51209.01,544919.79,2018-01-19,2021-09-30,Active,2325272.1,706,Home Purchase,Medium
2354,BKAILN79198187,4653,16372,2,37,2059901,14.02,62,46883.17,783662.11,2020-12-16,2026-01-19,Active,0.0,350,Business Expansion,High
2355,BKAILN62101869,6752,7697,7,99,183235,13.94,73,3736.72,28393.51,2024-06-08,2030-06-07,Active,0.0,400,Education,High
2356,BKAILN30436467,2668,18840,3,46,3283571,10.45,47,85432.57,2206871.24,2019-07-10,2023-05-20,Active,4654791.45,687,Business Expansion,Medium
2357,BKAILN34515688,6382,201,11,38,2334701,9.51,43,64283.85,1104581.64,2016-10-27,2020-05-09,Active,2639686.81,361,Home Purchase,High
2358,BKAILN27998275,5117,9092,11,10,3407191,9.92,40,100385.97,665618.85,2018-07-03,2021-10-15,Default,5710378.97,688,Agriculture,Medium
2359,BKAILN56861561,918,5823,7,88,3339869,12.95,151,44926.42,3066867.65,2023-11-06,2036-04-01,Active,0.0,740,Medical,Medium
2360,BKAILN92751260,8452,12284,9,4,2058661,12.08,34,71802.04,1919710.13,2018-04-20,2021-02-03,Active,3254561.41,475,Home Purchase,High
2361,BKAILN98188852,3264,4000,6,64,1392649,15.47,107,24065.04,432537.94,2021-09-10,2030-06-25,Active,0.0,527,Vehicle Purchase,High
2362,BKAILN33860305,2566,190,8,24,6431974,11.01,141,81497.06,4666398.87,2019-04-23,2030-11-21,Active,8393049.14,892,Business Expansion,Low
2363,BKAILN10481228,1970,5175,6,54,74934,16.5,35,2711.71,66364.96,2020-07-24,2023-06-09,Active,0.0,860,Education,Low
2364,BKAILN42025663,888,8096,6,89,619634,17.75,120,11065.35,97294.81,2018-10-09,2028-08-17,Active,0.0,602,Working Capital,High
2365,BKAILN49686546,775,7602,1,62,4518068,9.92,163,50563.77,2733604.79,2022-10-25,2036-03-15,Active,6569631.52,588,Working Capital,High
2366,BKAILN65148305,4173,3147,5,37,2647433,8.63,24,120498.35,720021.25,2025-04-15,2027-04-05,Active,4738211.01,835,Medical,Low
2367,BKAILN98689855,1734,10964,3,75,2085370,10.67,26,90189.14,1967793.62,2022-06-13,2024-08-01,Active,3040073.84,807,Working Capital,Low
2368,BKAILN73152163,9379,7586,2,73,2714691,14.68,39,87944.68,889933.43,2020-01-31,2023-04-15,Active,0.0,563,Business Expansion,High
2369,BKAILN47183826,8683,12981,8,43,2041464,9.44,124,25838.19,928939.91,2021-07-03,2031-09-09,Active,3216777.33,816,Personal Expenses,Low
2370,BKAILN49216335,7700,8629,4,14,1293480,10.42,95,20050.73,587734.35,2023-01-17,2030-11-06,Active,0.0,359,Business Expansion,High
2371,BKAILN93906197,4621,156,9,40,1746154,9.51,39,52223.95,1416943.45,2024-01-06,2027-03-21,Active,2749959.46,899,Medical,Low
2372,BKAILN66201753,9186,9492,6,72,42423728,11.82,14,3258879.9,9297532.31,2021-04-25,2022-06-19,Closed,0.0,740,Medical,Medium
2373,BKAILN43352234,5543,7999,11,63,1339664,12.46,51,33967.02,449406.83,2023-10-29,2028-01-06,Active,2080856.89,368,Vehicle Purchase,High
2374,BKAILN28206538,6507,1369,3,67,320083,10.73,80,5618.37,251772.7,2018-07-03,2025-01-27,Active,432280.84,675,Working Capital,Medium
2375,BKAILN50880085,7460,10783,4,35,488662,9.22,167,5204.07,321276.28,2022-08-27,2036-05-15,Active,0.0,800,Medical,Low
2376,BKAILN19106960,9883,10160,11,47,49491129,12.98,52,1249383.27,30601909.14,2025-01-20,2029-04-29,Active,68887083.92,846,Agriculture,Low
2377,BKAILN56053199,7703,6737,6,52,3614581,15.02,69,78530.53,2596898.25,2016-10-30,2022-07-01,Active,0.0,321,Business Expansion,High
2378,BKAILN31682480,1706,16478,1,85,1115175,9.42,310,9604.79,390447.77,2018-05-03,2043-10-19,Active,1394196.13,785,Personal Expenses,Low
2379,BKAILN51366279,1150,3891,11,5,1389913,11.32,28,56716.19,717660.0,2019-10-29,2022-02-15,Active,1754236.25,553,Working Capital,High
2380,BKAILN29269725,9615,3856,8,22,2609797,12.49,167,33022.68,636351.24,2017-09-19,2031-06-08,Active,4390567.58,866,Working Capital,Low
2381,BKAILN54927309,6028,6335,11,60,2268358,10.16,60,48374.68,430825.89,2022-03-24,2027-02-26,Active,3599843.15,873,Home Purchase,Low
2382,BKAILN12925753,8079,4039,12,56,1373102,15.27,12,124108.88,636025.75,2019-02-28,2020-02-23,Active,0.0,805,Vehicle Purchase,Low
2383,BKAILN59605740,6723,1480,5,20,494278,9.64,35,16256.77,376052.35,2017-02-17,2020-01-03,Active,556234.0,755,Business Expansion,Low
2384,BKAILN77552125,5410,10011,1,20,584621,9.88,199,5983.75,448127.11,2019-08-17,2035-12-21,Active,715298.69,875,Medical,Low
2385,BKAILN36159865,6735,13365,12,81,422864,12.1,24,19925.43,392303.8,2018-04-21,2020-04-10,Active,0.0,791,Working Capital,Low
2386,BKAILN35167733,9617,4682,5,46,26333463,9.34,36,841570.32,24195386.0,2020-01-27,2023-01-11,Active,45745992.23,630,Home Purchase,High
2387,BKAILN73815683,4743,7354,7,90,4341451,13.31,138,61595.72,3434372.5,2025-06-24,2036-10-24,Active,0.0,409,Home Purchase,High
2388,BKAILN57261097,2420,15739,3,100,6014330,9.89,74,108886.86,4293447.45,2020-11-30,2026-12-29,Default,10180490.64,776,Personal Expenses,Low
2389,BKAILN11244278,6725,9688,2,23,1981900,17.93,69,46226.04,1520434.98,2023-02-11,2028-10-12,Default,0.0,633,Personal Expenses,High
2390,BKAILN63370240,2220,5504,3,57,1941906,10.6,62,40811.54,1045469.12,2024-05-16,2029-06-19,Active,3113851.58,772,Working Capital,Low
2391,BKAILN26926289,5497,13715,5,7,1842911,8.74,8,237977.97,1835632.02,2022-01-14,2022-09-11,Active,2379007.19,794,Agriculture,Low
2392,BKAILN14404289,3028,12874,8,9,2187919,12.46,191,26386.71,1584784.63,2021-02-13,2036-10-22,Active,2571350.85,659,Home Purchase,Medium
2393,BKAILN68442003,6652,10584,12,37,2566509,14.24,21,138794.48,1254416.37,2017-07-07,2019-03-29,Active,0.0,749,Working Capital,Medium
2394,BKAILN32369333,8202,14233,4,10,37640370,11.44,69,746966.58,11259333.18,2022-05-23,2028-01-22,Active,0.0,529,Home Purchase,High
2395,BKAILN84883048,9177,12611,6,38,175703,14.88,20,9973.57,52925.3,2024-03-15,2025-11-05,Active,0.0,754,Working Capital,Low
2396,BKAILN93603480,6120,1184,3,72,3847455,10.08,44,104957.24,413828.04,2019-12-03,2023-07-15,Active,6828516.25,460,Personal Expenses,High
2397,BKAILN52676369,9197,13014,5,77,3441469,8.87,10,358292.45,2035788.86,2017-09-01,2018-06-28,Active,4831179.69,477,Agriculture,High
2398,BKAILN88836674,7320,11903,4,10,4718569,9.75,30,177867.77,2027021.89,2024-10-18,2027-04-06,Active,0.0,794,Medical,Low
2399,BKAILN81130078,326,2168,8,80,1201656,12.07,124,17001.77,409051.35,2023-04-14,2033-06-20,Default,2052201.74,642,Agriculture,High
2400,BKAILN55014786,4068,4954,12,19,2374047,11.46,12,210331.95,920796.11,2024-08-21,2025-08-16,Active,0.0,741,Vehicle Purchase,Medium
2401,BKAILN92600750,9149,17539,8,35,698769,9.14,233,6417.66,175419.94,2024-04-16,2043-06-06,Active,1121090.22,374,Vehicle Purchase,High
2402,BKAILN11112124,233,17079,4,3,6001482,10.29,101,89059.71,1194109.41,2019-09-22,2028-01-08,Active,0.0,555,Home Purchase,High
2403,BKAILN55622787,547,18117,6,95,71915,16.97,77,1538.95,53300.42,2022-05-02,2028-08-28,Active,0.0,325,Home Purchase,High
2404,BKAILN24181622,3866,2245,6,13,4690951,13.64,102,77923.43,2961252.21,2018-11-14,2027-04-01,Active,0.0,488,Agriculture,High
2405,BKAILN77876608,1881,4884,10,91,6348581,7.91,14,476207.58,5374163.03,2020-06-23,2021-08-17,Active,10431009.33,447,Working Capital,High
2406,BKAILN90372030,1227,5642,10,50,2216320,8.57,36,70035.67,1784313.06,2019-03-23,2022-03-07,Active,2846689.88,628,Education,High
2407,BKAILN66313698,6402,11614,1,63,38001377,8.8,140,435121.98,20744671.92,2021-07-14,2033-01-12,Active,65782457.88,422,Business Expansion,High
2408,BKAILN49017326,1646,13040,4,35,7543480,8.59,171,76628.14,5339810.72,2019-02-11,2033-02-27,Active,0.0,705,Agriculture,Medium
2409,BKAILN84166566,8016,12634,3,33,2797045,11.6,69,55736.33,1467294.37,2025-03-30,2030-11-29,Active,3366031.51,577,Education,High
2410,BKAILN11787930,5291,16516,7,26,1692253,10.04,67,33097.53,773655.26,2019-05-27,2024-11-26,Active,0.0,816,Vehicle Purchase,Low
2411,BKAILN89122851,2818,498,1,56,1828524,9.42,214,17668.95,1111996.1,2021-07-18,2039-02-14,Active,3199026.89,427,Working Capital,High
2412,BKAILN42211272,6789,17658,7,31,19534268,12.87,57,459844.76,14055012.2,2020-08-13,2025-04-19,Active,0.0,442,Education,High
2413,BKAILN31608946,2199,16841,8,3,2863441,10.19,125,37265.23,2438291.28,2020-03-24,2030-06-30,Active,4795787.45,333,Personal Expenses,High
2414,BKAILN48421632,4383,14904,8,29,7484711,9.28,66,145225.46,1647890.83,2025-04-21,2030-09-22,Active,10258561.79,885,Medical,Low
2415,BKAILN80945891,7065,13991,5,60,489845,8.29,34,16214.87,131107.67,2023-01-26,2025-11-11,Active,620551.99,426,Home Purchase,High
2416,BKAILN98834351,1008,9676,7,1,3974235,11.82,136,53164.17,3712117.78,2017-07-06,2028-09-06,Active,0.0,381,Vehicle Purchase,High
2417,BKAILN96483212,3633,6174,4,96,1326867,11.47,166,15976.12,700731.93,2017-07-10,2031-02-27,Closed,0.0,654,Education,Medium
2418,BKAILN71201673,7475,8266,3,47,168476,9.8,61,3517.76,91530.57,2016-12-06,2021-12-10,Active,238512.9,485,Working Capital,High
2419,BKAILN40504238,6201,6213,1,68,395175,8.62,147,4361.67,226711.29,2022-05-05,2034-06-01,Active,554186.77,335,Agriculture,High
2420,BKAILN54456350,9632,18365,12,32,3248781,15.1,21,177009.0,2275568.11,2016-07-30,2018-04-21,Active,0.0,773,Vehicle Purchase,Low
2421,BKAILN30161306,5198,10175,8,53,250969,11.63,74,4767.49,79610.46,2021-09-07,2027-10-06,Active,389416.0,355,Agriculture,High
2422,BKAILN79768720,9331,16934,12,56,3215557,14.49,26,144842.5,2244637.58,2019-08-12,2021-09-30,Active,0.0,369,Agriculture,High
2423,BKAILN25403636,9180,10988,12,96,32013691,16.02,33,1205801.37,7092986.99,2018-12-07,2021-08-23,Active,0.0,366,Medical,High
2424,BKAILN77804320,9559,12422,11,46,77084,10.83,64,1590.86,47318.21,2020-01-14,2025-04-17,Active,92219.25,501,Personal Expenses,High
2425,BKAILN23075125,4187,5830,11,65,421195,11.36,29,16676.94,314333.2,2019-05-02,2021-09-18,Active,499675.25,330,Agriculture,High
2426,BKAILN85841389,6514,14592,10,13,679950,7.17,35,21587.01,223038.77,2024-04-17,2027-03-03,Active,1025285.54,343,Home Purchase,High
2427,BKAILN96048381,4801,19305,11,51,4647288,11.55,24,217788.65,1606137.62,2023-06-12,2025-06-01,Active,7255674.21,795,Education,Low
2428,BKAILN97581747,3558,8390,10,27,154005,7.89,78,2530.15,36924.19,2020-04-16,2026-09-12,Active,205184.12,484,Medical,High
2429,BKAILN62076839,5486,17434,6,62,1282529,12.62,67,26768.14,417619.28,2023-02-12,2028-08-14,Active,0.0,433,Medical,High
2430,BKAILN78451665,489,13532,11,11,1856975,9.78,43,51367.68,1710673.86,2020-03-24,2023-10-05,Closed,2140179.57,486,Home Purchase,High
2431,BKAILN71668143,1962,5580,8,38,1984746,11.95,160,24856.81,1707309.03,2016-08-08,2029-09-29,Active,3456691.48,392,Working Capital,High
2432,BKAILN59890730,2366,11876,7,42,1013761,11.83,180,12056.18,454338.91,2023-04-17,2038-01-28,Active,0.0,886,Agriculture,Low
2433,BKAILN61808983,4392,13606,8,96,298800,9.72,62,6149.45,90117.37,2017-10-12,2022-11-15,Active,453211.17,772,Business Expansion,Low
2434,BKAILN69243351,5469,12926,3,90,4926237,10.96,29,194128.73,968424.55,2022-11-07,2025-03-26,Active,7395155.85,480,Medical,High
2435,BKAILN36957830,6391,4755,10,92,7826077,9.6,16,523053.03,2316056.01,2021-01-02,2022-04-27,Closed,8699129.99,703,Home Purchase,Medium
2436,BKAILN50327053,8216,3543,6,12,9281694,15.75,61,222057.47,8002401.54,2017-07-07,2022-07-11,Active,0.0,356,Working Capital,High
2437,BKAILN89953100,5193,19030,4,96,1824964,11.99,145,23884.21,975365.9,2023-09-16,2035-08-14,Active,0.0,467,Personal Expenses,High
2438,BKAILN88895245,9915,12589,8,78,1256112,10.64,75,23001.11,167364.09,2016-11-11,2023-01-09,Active,1460130.0,486,Business Expansion,High
2439,BKAILN38473591,2109,12816,6,66,1502981,13.05,82,27793.51,1199885.79,2023-01-26,2029-10-21,Active,0.0,407,Personal Expenses,High
2440,BKAILN91541051,1105,17246,5,35,1023688,9.26,11,97426.54,562772.43,2021-06-20,2022-05-16,Active,1185957.28,438,Working Capital,High
2441,BKAILN30822341,3607,12079,2,47,2356405,15.92,57,59183.77,948210.13,2021-05-31,2026-02-04,Closed,0.0,460,Working Capital,High
2442,BKAILN57890830,2355,17799,9,57,908860,11.71,13,74780.63,235942.12,2017-07-02,2018-07-27,Active,1590387.23,541,Personal Expenses,High
2443,BKAILN76952744,4360,13513,2,36,1755412,13.31,36,59409.22,824139.0,2023-09-30,2026-09-14,Active,0.0,617,Working Capital,High
2444,BKAILN16592464,8845,15735,1,41,18247933,9.27,158,200364.28,13747572.06,2021-07-16,2034-07-08,Active,20702210.51,859,Vehicle Purchase,Low
2445,BKAILN96134233,9111,13778,6,63,1209715,16.25,107,21473.0,239505.53,2025-05-20,2034-03-04,Active,0.0,875,Vehicle Purchase,Low
2446,BKAILN62165332,5415,7938,5,29,46779234,9.5,8,6057634.33,12839743.72,2021-04-11,2021-12-07,Active,64034597.45,602,Personal Expenses,High
2447,BKAILN32853057,8225,3751,8,79,9022436,9.97,206,91625.65,2170755.51,2023-11-05,2040-10-06,Closed,15389716.71,740,Working Capital,Medium
2448,BKAILN90569084,4748,285,1,41,933557,8.66,244,8146.38,135599.97,2021-12-28,2042-01-12,Closed,1656635.33,418,Home Purchase,High
2449,BKAILN70518349,3871,13425,5,49,555409,9.42,30,20851.34,93548.47,2018-10-30,2021-04-17,Active,749125.65,798,Working Capital,Low
2450,BKAILN80753302,5736,17170,10,58,1420826,7.34,83,21881.05,404206.88,2021-05-30,2028-03-24,Active,2001736.73,841,Working Capital,Low
2451,BKAILN18659744,7130,7968,11,73,26989636,12.99,52,681477.62,25971755.59,2022-07-17,2026-10-24,Active,43343766.39,699,Working Capital,Medium
2452,BKAILN59551926,6284,2383,8,80,303426,9.88,182,3222.86,168956.77,2023-01-04,2037-12-16,Active,443198.98,755,Personal Expenses,Low
2453,BKAILN18017604,5304,19307,6,2,2926697,13.61,87,53098.9,1976472.95,2025-01-18,2032-03-12,Active,0.0,329,Working Capital,High
2454,BKAILN40080495,4543,9926,12,24,249116,11.18,13,20435.67,152097.17,2017-04-28,2018-05-23,Active,0.0,885,Education,Low
2455,BKAILN41775439,3313,12186,11,25,6965392,12.46,54,169163.86,5553499.43,2024-11-18,2029-04-26,Active,11382159.6,644,Working Capital,High
2456,BKAILN89780522,6609,4,10,68,1727503,9.83,52,40931.44,955986.73,2023-10-01,2028-01-08,Active,2783292.81,422,Personal Expenses,High
2457,BKAILN88918638,7682,14931,11,29,41950041,10.8,54,984281.74,36360009.63,2020-04-15,2024-09-21,Active,58622930.95,348,Medical,High
2458,BKAILN17415365,4790,9092,7,47,1693739,14.15,117,26761.8,1586931.23,2021-11-06,2031-06-17,Active,0.0,311,Personal Expenses,High
2459,BKAILN29805861,6632,11656,12,19,5685265,11.34,18,344958.6,1752144.89,2018-08-21,2020-02-12,Active,0.0,486,Education,High
2460,BKAILN71580813,7243,10469,6,27,4605301,13.03,42,137130.95,2532398.24,2020-09-24,2024-03-07,Active,0.0,369,Personal Expenses,High
2461,BKAILN10959112,8108,10792,3,92,1661017,9.65,64,33304.39,1634436.1,2025-02-12,2030-05-17,Active,2607596.46,611,Medical,High
2462,BKAILN14460970,7430,788,12,45,241137,13.8,6,41822.54,71191.51,2019-08-27,2020-02-23,Active,0.0,679,Medical,Medium
2463,BKAILN34583488,7922,17063,1,43,285108,9.17,226,2653.67,169000.18,2021-02-24,2039-09-18,Active,423942.33,328,Education,High
2464,BKAILN35798812,9280,1159,2,68,677149,12.67,33,24408.68,598407.73,2025-06-22,2028-03-08,Active,0.0,736,Medical,Medium
2465,BKAILN67118609,5505,13559,1,6,8565593,9.17,186,86432.11,4272011.52,2020-10-02,2036-01-12,Closed,10615047.9,704,Personal Expenses,Medium
2466,BKAILN74611183,2144,11594,8,2,1246013,10.3,149,14851.24,481716.45,2025-06-20,2037-09-15,Active,2020453.75,752,Education,Low
2467,BKAILN53665510,8661,14666,6,20,442566,15.82,114,7525.27,259574.51,2018-06-16,2027-10-27,Active,0.0,627,Personal Expenses,High
2468,BKAILN21495364,6060,1943,9,60,1491179,10.81,35,49864.03,535806.02,2023-10-15,2026-08-30,Active,1759440.59,593,Vehicle Purchase,High
2469,BKAILN68616351,1464,7569,10,83,4193609,7.73,63,81194.47,743910.49,2024-03-20,2029-05-23,Active,6477651.43,691,Vehicle Purchase,Medium
2470,BKAILN27464823,7825,758,8,52,588274,11.32,151,7323.57,561252.68,2025-02-14,2037-07-11,Active,875123.21,441,Home Purchase,High
2471,BKAILN15465365,3691,12903,11,28,1145400,11.04,62,24323.83,876450.67,2021-08-06,2026-09-09,Active,1943296.93,818,Agriculture,Low
2472,BKAILN41636793,5726,2118,5,98,7728038,9.46,33,266880.29,4142707.21,2024-05-30,2027-02-14,Active,11335365.03,526,Education,High
2473,BKAILN44876462,5849,6938,5,76,4645231,8.82,26,196931.14,3004171.71,2017-12-22,2020-02-10,Closed,7614880.36,335,Home Purchase,High
2474,BKAILN60530246,1794,14337,5,7,4280581,10.1,33,149103.16,830607.38,2021-12-15,2024-08-31,Active,4739339.03,889,Personal Expenses,Low
2475,BKAILN40846287,8939,9636,4,49,37265350,8.79,27,1526210.89,7169203.26,2019-03-19,2021-06-06,Active,0.0,318,Education,High
2476,BKAILN24992481,2537,11442,9,29,7730618,9.93,15,550148.21,7698112.37,2021-03-08,2022-06-01,Active,10504245.48,537,Education,High
2477,BKAILN75536169,4590,11923,8,5,1327667,10.41,188,14345.51,1078865.1,2019-12-01,2035-05-11,Active,2054183.56,616,Personal Expenses,High
2478,BKAILN33151169,6270,2703,2,34,391850,14.0,41,12079.25,52171.13,2020-09-29,2024-02-11,Active,0.0,584,Vehicle Purchase,High
2479,BKAILN94942673,2351,19648,8,54,577368,9.31,166,6197.55,193483.09,2020-09-05,2034-04-25,Active,1026549.95,812,Vehicle Purchase,Low
2480,BKAILN15977606,4167,19495,12,65,4823468,16.42,14,380931.69,4032520.78,2017-04-24,2018-06-18,Active,0.0,871,Agriculture,Low
2481,BKAILN73783281,6831,80,3,91,1648361,8.82,36,52279.46,1256625.41,2021-11-08,2024-10-23,Active,2173728.05,477,Vehicle Purchase,High
2482,BKAILN53694582,5788,11190,11,50,1048468,12.2,43,30221.58,284451.12,2024-02-11,2027-08-24,Active,1293701.74,458,Medical,High
2483,BKAILN11193704,9432,11521,3,35,819682,11.41,51,20357.64,718680.64,2024-02-15,2028-04-24,Closed,1108258.99,374,Working Capital,High
2484,BKAILN33075119,217,14373,3,21,3685956,11.57,45,101348.59,3369936.64,2019-10-11,2023-06-22,Active,5724516.85,838,Education,Low
2485,BKAILN30326759,6664,15397,7,21,1951788,10.53,90,31455.87,1483305.87,2024-04-27,2031-09-18,Active,0.0,554,Medical,High
2486,BKAILN26592145,9514,9598,3,98,1437756,11.6,32,52451.83,578220.61,2018-08-12,2021-03-29,Active,2091397.74,820,Personal Expenses,Low
2487,BKAILN65979746,8012,11357,11,82,1723835,12.33,72,33997.86,1119660.78,2018-09-11,2024-08-10,Closed,2846319.96,506,Education,High
2488,BKAILN96727073,8215,6857,12,98,264365,15.0,18,16492.35,127007.0,2018-03-23,2019-09-14,Active,0.0,749,Medical,Medium
2489,BKAILN81673837,3631,6207,2,26,106257,13.48,38,3450.82,98141.63,2025-01-15,2028-02-29,Active,0.0,867,Working Capital,Low
2490,BKAILN28142474,8811,1912,11,16,1573933,13.27,70,32417.1,1315845.89,2019-06-10,2025-03-10,Active,1904873.84,733,Medical,Medium
2491,BKAILN85613946,7931,17832,9,13,436716,11.88,56,10196.55,152164.2,2021-07-15,2026-02-19,Active,751023.58,546,Medical,High
2492,BKAILN61010245,5788,1954,5,38,2354250,10.43,33,82367.99,1295066.47,2025-05-13,2028-01-28,Active,3983914.43,541,Education,High
2493,BKAILN24061378,9016,4798,7,55,3304174,14.52,179,45234.32,760444.64,2024-01-10,2038-09-23,Default,0.0,644,Business Expansion,High
2494,BKAILN76628282,290,12933,4,18,115731,9.85,130,1451.45,101820.49,2021-11-17,2032-07-22,Active,0.0,895,Business Expansion,Low
2495,BKAILN38779476,6861,18100,1,12,1847562,9.52,276,16523.36,1735785.85,2020-10-23,2043-06-25,Active,2096488.29,846,Education,Low
2496,BKAILN36532585,9480,587,2,25,2821936,12.68,68,58388.31,492375.24,2020-06-01,2026-01-01,Active,0.0,587,Education,High
2497,BKAILN76093866,4677,16832,1,42,3640611,10.31,207,37693.77,387888.13,2020-02-04,2037-02-04,Closed,4456435.28,591,Personal Expenses,High
2498,BKAILN33368852,2502,19532,10,27,492035,8.57,80,8095.16,150351.58,2020-04-28,2026-11-23,Active,581606.5,638,Personal Expenses,High
2499,BKAILN75673121,6027,9557,11,31,1036708,12.22,73,20197.07,335830.48,2017-12-03,2023-12-02,Active,1636707.52,602,Agriculture,High
2500,BKAILN39082985,6551,13471,5,77,2218574,9.08,14,167609.57,568686.34,2019-01-24,2020-03-19,Active,3965997.53,738,Medical,Medium
2501,BKAILN15193215,224,16378,8,96,3533039,11.95,152,45208.39,2083571.29,2021-09-24,2034-03-20,Active,5220996.98,669,Home Purchase,Medium
2502,BKAILN10317389,4633,6323,10,27,3861436,8.74,105,52740.19,3144135.55,2024-08-18,2033-04-03,Active,6317769.3,812,Working Capital,Low
2503,BKAILN38024813,5356,6082,11,1,538560,11.18,50,13523.28,97787.2,2025-02-26,2029-04-06,Active,825429.6,504,Agriculture,High
2504,BKAILN63500237,3715,7573,3,15,250916,11.96,75,4766.19,192933.59,2021-02-25,2027-04-25,Active,298920.5,695,Vehicle Purchase,Medium
2505,BKAILN52471285,7621,8194,1,6,149772,10.28,159,1728.27,31297.6,2020-06-20,2033-07-12,Active,247987.26,602,Business Expansion,High
2506,BKAILN41239219,5868,5155,10,54,239781,9.0,85,3825.24,199614.9,2017-01-04,2023-12-29,Default,333091.43,751,Working Capital,Low
2507,BKAILN80767121,6167,15694,10,13,1406386,8.11,72,24734.11,966108.62,2022-10-24,2028-09-22,Active,1574718.49,490,Agriculture,High
2508,BKAILN20892215,4932,19005,6,6,1118352,16.2,14,88205.22,555004.93,2020-07-03,2021-08-27,Active,0.0,594,Business Expansion,High
2509,BKAILN93811795,8587,19490,8,92,117373,10.18,98,1768.53,45108.51,2024-02-19,2032-03-08,Active,167281.51,835,Medical,Low
2510,BKAILN77209676,5108,11937,2,40,216329,14.08,25,10034.55,44219.51,2022-07-21,2024-08-09,Default,0.0,599,Personal Expenses,High
2511,BKAILN90142911,5263,10167,4,41,655934,8.8,76,11288.86,468437.8,2025-06-30,2031-09-27,Active,0.0,711,Working Capital,Medium
2512,BKAILN61935886,1709,6760,8,84,6025474,11.59,61,131179.89,5390627.43,2020-12-24,2025-12-28,Active,7004822.62,329,Business Expansion,High
2513,BKAILN13974649,4005,10417,2,61,2929696,15.54,69,64474.22,524600.51,2018-03-19,2023-11-18,Active,0.0,466,Working Capital,High
2514,BKAILN68745393,9060,4868,7,38,7660803,10.93,19,440923.44,3515770.86,2016-09-28,2018-04-21,Active,0.0,358,Agriculture,High
2515,BKAILN68585780,2368,9004,5,97,861818,8.62,30,32036.38,332138.86,2020-03-13,2022-08-30,Active,1123939.11,705,Education,Medium
2516,BKAILN63731567,899,7351,4,67,3232507,12.31,39,100986.29,3001411.09,2020-10-05,2023-12-19,Active,0.0,567,Working Capital,High
2517,BKAILN48470063,6959,8426,2,42,812073,15.21,55,20594.36,128442.87,2023-11-09,2028-05-16,Active,0.0,807,Medical,Low
2518,BKAILN22902143,3493,15592,2,84,2040053,17.6,46,61291.45,1712368.92,2018-04-06,2022-01-15,Active,0.0,405,Medical,High
2519,BKAILN81877447,7017,18895,11,88,5882366,12.2,65,124112.6,3757416.76,2019-05-30,2024-09-30,Active,9286837.82,795,Personal Expenses,Low
2520,BKAILN95728319,4645,16006,12,40,342252,12.75,9,40076.7,133628.72,2017-12-12,2018-09-08,Active,0.0,584,Medical,High
2521,BKAILN99235146,6989,16449,4,99,1872359,9.57,81,31468.78,992413.88,2018-09-28,2025-05-24,Active,0.0,396,Working Capital,High
2522,BKAILN25512262,8493,10731,4,80,2204605,8.81,147,24568.17,1160485.24,2023-02-06,2035-03-05,Active,0.0,384,Personal Expenses,High
2523,BKAILN74839594,9348,5019,5,65,1251764,9.93,29,48727.89,865572.09,2016-08-31,2019-01-18,Active,1687397.8,658,Vehicle Purchase,Medium
2524,BKAILN20330034,6980,3109,8,12,2208152,11.55,159,27179.88,1424353.36,2018-09-14,2031-10-06,Active,3807333.44,594,Vehicle Purchase,High
2525,BKAILN62848595,8230,6599,1,12,1834329,10.08,304,16723.41,226240.26,2018-08-24,2043-08-13,Active,3272355.34,355,Education,High
2526,BKAILN54201076,6393,15927,11,64,355433,12.79,53,8812.58,102613.7,2023-09-15,2028-01-22,Active,628725.31,489,Home Purchase,High
2527,BKAILN22338495,3105,9152,12,23,322159,14.75,12,29039.54,234974.25,2020-05-03,2021-04-28,Active,0.0,567,Personal Expenses,High
2528,BKAILN30275090,195,19963,4,33,391079,9.08,104,5445.54,74738.46,2016-09-15,2025-04-01,Active,0.0,616,Personal Expenses,High
2529,BKAILN98920756,5396,18566,10,18,186788,7.72,73,3214.5,122308.61,2017-07-21,2023-07-20,Active,224226.25,351,Working Capital,High
2530,BKAILN63067163,4840,5969,4,63,1705187,12.31,24,80516.15,1399368.48,2018-09-08,2020-08-28,Active,0.0,529,Working Capital,High
2531,BKAILN98544080,1207,7844,8,84,428357,9.52,193,4343.44,75630.95,2023-11-02,2039-09-09,Active,567330.44,404,Business Expansion,High
2532,BKAILN23903292,2794,6919,1,18,1918507,9.32,168,20484.4,673448.66,2019-01-13,2032-10-31,Active,2815772.89,595,Education,High
2533,BKAILN50856743,3395,19162,3,14,4030446,9.49,34,135658.25,3522995.89,2017-08-10,2020-05-26,Active,5772236.54,889,Home Purchase,Low
2534,BKAILN34938155,2303,12314,9,84,280480,13.89,47,7771.04,135142.5,2024-04-01,2028-02-10,Active,494325.67,867,Home Purchase,Low
2535,BKAILN46232995,9807,17842,10,72,2283562,9.99,88,36708.43,2130260.38,2024-08-31,2031-11-23,Active,3858569.06,608,Medical,High
2536,BKAILN43582265,9419,8736,9,51,1083651,9.51,40,31718.05,326177.71,2024-06-05,2027-09-18,Active,1350451.98,362,Working Capital,High
2537,BKAILN79630067,2133,6700,6,34,5130149,13.16,68,107432.4,1999313.99,2021-07-05,2027-02-04,Active,0.0,819,Business Expansion,Low
2538,BKAILN81798741,4593,16127,11,62,4329542,10.0,56,97066.98,2449338.68,2022-11-24,2027-07-01,Active,5738408.99,439,Education,High
2539,BKAILN39039998,546,14623,6,99,959658,14.61,106,16166.29,182606.96,2022-03-13,2030-11-26,Active,0.0,540,Agriculture,High
2540,BKAILN19272837,7058,3058,7,14,4778732,13.25,138,67623.42,867577.05,2022-11-21,2034-03-23,Default,0.0,886,Working Capital,Low
2541,BKAILN75453429,8076,2529,6,60,4055522,16.2,15,300480.91,2906434.32,2022-08-20,2023-11-13,Active,0.0,535,Medical,High
2542,BKAILN79438854,2124,1478,8,62,557634,11.0,226,5856.41,505517.83,2024-12-06,2043-06-30,Active,725346.33,679,Business Expansion,Medium
2543,BKAILN29787890,5902,10528,7,8,1952850,10.5,81,33754.9,1832769.02,2022-06-23,2029-02-16,Active,0.0,549,Working Capital,High
2544,BKAILN14591054,5663,15621,3,71,2917896,10.62,62,61352.25,631569.99,2024-02-28,2029-04-02,Active,4873211.53,462,Home Purchase,High
2545,BKAILN47269488,5273,14269,4,42,1626401,9.76,106,22954.84,1534971.45,2016-07-10,2025-03-25,Closed,0.0,569,Personal Expenses,High
2546,BKAILN17453358,5924,2783,12,48,29758445,14.68,23,1492238.92,28947813.49,2025-02-15,2027-01-06,Closed,0.0,566,Working Capital,High
2547,BKAILN90720996,9778,7954,7,5,2731023,12.16,83,48815.26,1498165.64,2018-04-05,2025-01-28,Closed,0.0,623,Home Purchase,High
2548,BKAILN12564210,9354,2365,2,33,3271804,12.18,44,92565.99,480781.57,2019-06-17,2023-01-27,Active,0.0,790,Vehicle Purchase,Low
2549,BKAILN44208074,5879,8255,7,80,5113678,11.48,144,65563.46,614913.24,2025-01-30,2036-11-28,Active,0.0,722,Medical,Medium
2550,BKAILN47852279,6494,13927,5,18,1424257,10.2,23,68436.39,1415954.86,2022-05-04,2024-03-24,Active,2116613.52,445,Agriculture,High
2551,BKAILN61547258,5782,5797,1,88,4922090,8.44,169,49876.2,4867781.47,2024-07-02,2038-05-20,Active,5800553.86,409,Home Purchase,High
2552,BKAILN76740984,4207,2332,9,81,346822,12.54,35,11882.68,328119.61,2021-09-16,2024-08-01,Active,488129.32,372,Vehicle Purchase,High
2553,BKAILN43219536,1993,19135,8,59,3624367,12.32,183,43996.33,3501783.42,2017-10-03,2032-10-14,Active,4567027.28,460,Home Purchase,High
2554,BKAILN91461995,2950,8235,3,88,1366743,9.93,48,34618.21,652590.15,2018-11-05,2022-10-15,Active,1853073.34,817,Medical,Low
2555,BKAILN89953062,2575,18949,3,59,684588,10.4,73,12694.46,489181.95,2017-02-19,2023-02-18,Active,886768.71,804,Working Capital,Low
2556,BKAILN83070087,4180,13277,10,31,487477,7.28,46,12176.6,300768.07,2025-06-12,2029-03-23,Closed,641848.91,647,Education,High
2557,BKAILN66111339,4173,18749,11,61,4073377,12.5,59,92763.28,3163994.12,2020-02-27,2025-01-01,Closed,5844860.14,788,Personal Expenses,Low
2558,BKAILN86725539,7314,10048,9,57,193752,9.7,27,8016.39,98643.14,2019-06-21,2021-09-08,Active,270558.8,851,Personal Expenses,Low
2559,BKAILN61076274,4148,4135,7,44,445076,11.84,114,6520.41,402666.99,2023-05-17,2032-09-26,Active,0.0,467,Medical,High
2560,BKAILN13510859,6141,14290,2,94,4226955,13.86,75,84556.44,1634576.16,2020-06-26,2026-08-24,Active,0.0,419,Agriculture,High
2561,BKAILN72823339,908,4417,8,47,9005295,9.16,137,106215.4,3102527.34,2024-04-04,2035-07-06,Default,12146398.47,761,Home Purchase,Low
2562,BKAILN53044802,7509,10610,12,17,4590831,11.01,17,292891.05,3024527.93,2016-09-15,2018-02-07,Active,0.0,851,Medical,Low
2563,BKAILN38255743,3966,11085,8,89,3128632,9.9,128,39670.17,2196905.14,2017-07-18,2028-01-22,Active,4478259.93,719,Education,Medium
2564,BKAILN80863233,2342,15559,1,50,3432193,9.84,205,34637.4,1796336.99,2023-09-14,2040-07-16,Active,5538225.88,433,Personal Expenses,High
2565,BKAILN14175876,3071,15227,1,56,354647,10.38,262,3426.49,330748.25,2020-11-27,2042-06-05,Active,591433.99,853,Vehicle Purchase,Low
2566,BKAILN68029314,5815,7338,5,62,453845,9.62,26,19407.51,291750.39,2020-02-05,2022-03-26,Active,625703.51,405,Personal Expenses,High
2567,BKAILN88106922,5467,712,11,88,1529645,11.6,32,55804.1,960276.06,2024-10-11,2027-05-29,Active,2099764.84,738,Education,Medium
2568,BKAILN93870294,8350,4651,6,27,707846,15.25,56,17743.78,408530.6,2020-02-28,2024-10-04,Active,0.0,791,Home Purchase,Low
2569,BKAILN87070268,2877,9133,1,80,163119,9.43,170,1742.33,86827.04,2016-11-09,2030-10-27,Active,205886.99,742,Home Purchase,Medium
2570,BKAILN15291726,4052,2234,2,14,1785917,15.73,57,44677.02,854520.15,2022-02-18,2026-10-25,Active,0.0,569,Personal Expenses,High
2571,BKAILN85548801,976,12041,10,78,16434950,9.72,45,437278.32,3789516.22,2018-03-05,2021-11-14,Closed,27393847.64,536,Agriculture,High
2572,BKAILN48519429,2606,17364,11,65,2909505,11.23,61,62816.07,2060215.66,2019-04-01,2024-04-04,Active,4668904.62,665,Medical,Medium
2573,BKAILN73739747,2239,2600,8,59,4306419,11.52,121,60328.41,3594416.41,2025-05-24,2035-05-02,Active,6940746.22,759,Business Expansion,Low
2574,BKAILN97863451,5001,16746,7,32,1192074,10.37,23,57373.46,769712.6,2018-07-31,2020-06-20,Active,0.0,584,Education,High
2575,BKAILN89794211,1299,5619,7,68,4044372,14.75,130,62475.74,2320860.02,2018-01-13,2028-09-17,Default,0.0,574,Personal Expenses,High
2576,BKAILN90102255,6180,12482,3,41,184800,10.4,54,4299.8,92178.65,2025-04-20,2029-09-26,Active,294473.59,469,Vehicle Purchase,High
2577,BKAILN11067223,7540,3352,2,73,165553,16.08,74,3540.58,19563.22,2022-04-19,2028-05-17,Active,0.0,379,Vehicle Purchase,High
2578,BKAILN39798686,5859,10416,4,4,617921,11.65,87,10551.79,223684.31,2024-05-20,2031-07-13,Active,0.0,705,Medical,Medium
2579,BKAILN22298178,3587,15636,6,8,666640,12.46,20,37084.81,304054.75,2021-05-12,2023-01-02,Active,0.0,530,Business Expansion,High
2580,BKAILN34814883,1699,14592,11,28,899630,12.27,41,26972.35,739242.8,2025-03-11,2028-07-23,Active,1618657.6,306,Medical,High
2581,BKAILN84034981,2590,5220,10,93,2349920,8.44,93,34512.05,1431366.03,2022-04-04,2029-11-23,Active,3265477.07,378,Vehicle Purchase,High
2582,BKAILN32960738,5130,2786,1,35,937710,10.46,226,9511.58,594700.71,2017-09-26,2036-04-19,Active,1639658.09,354,Home Purchase,High
2583,BKAILN19402342,1844,18750,5,42,12183956,10.49,8,1583513.6,1795092.46,2021-09-13,2022-05-11,Active,21028649.29,548,Agriculture,High
2584,BKAILN65987483,815,10727,1,33,4518367,10.12,158,51864.84,2462307.66,2017-01-06,2029-12-29,Closed,6503351.1,747,Working Capital,Medium
2585,BKAILN89277434,4317,16392,7,54,517260,10.32,132,6570.04,404191.93,2022-07-30,2033-06-02,Active,0.0,696,Personal Expenses,Medium
2586,BKAILN23037549,6270,1820,6,48,437307,16.97,25,20888.35,161846.61,2024-03-15,2026-04-04,Default,0.0,871,Home Purchase,Low
2587,BKAILN16259692,4304,8875,2,94,1527834,14.76,54,38889.43,906863.84,2017-03-24,2021-08-30,Active,0.0,633,Vehicle Purchase,High
2588,BKAILN54077927,2030,7450,5,57,803984,10.24,25,35848.07,586892.19,2024-10-27,2026-11-16,Active,1361654.89,366,Agriculture,High
2589,BKAILN49569133,2456,183,3,57,1431650,10.08,40,42288.99,1078114.34,2020-11-22,2024-03-06,Default,2241532.5,419,Business Expansion,High
2590,BKAILN89989525,7660,12827,8,53,1621714,11.29,71,31416.33,851670.69,2019-01-13,2024-11-12,Active,2546391.65,531,Home Purchase,High
2591,BKAILN56689416,1817,17593,6,1,3352437,12.76,70,68149.55,377190.05,2020-08-26,2026-05-27,Active,0.0,768,Personal Expenses,Low
2592,BKAILN16139220,7102,14021,8,63,1095483,10.94,105,16255.56,725887.69,2019-07-26,2028-03-10,Active,1911271.62,793,Business Expansion,Low
2593,BKAILN24863928,5938,5192,10,58,870938,9.18,114,11476.74,290066.21,2024-03-09,2033-07-20,Closed,964538.77,454,Working Capital,High
2594,BKAILN56344378,9716,19137,10,35,7352067,8.46,40,211577.04,4548059.32,2017-11-25,2021-03-09,Active,8965144.32,346,Personal Expenses,High
2595,BKAILN18164213,8719,7084,11,54,359800,13.01,49,9503.97,89465.99,2016-10-26,2020-11-04,Active,586020.43,432,Home Purchase,High
2596,BKAILN42340802,7499,2041,9,29,4760608,11.93,21,252303.58,1197589.38,2018-03-23,2019-12-13,Closed,5394177.31,707,Working Capital,Medium
2597,BKAILN86845099,6650,11378,10,70,8283512,8.06,91,121958.85,1401569.48,2017-01-20,2024-07-12,Active,13201411.4,455,Medical,High
2598,BKAILN33862424,5345,9041,7,47,1254441,14.21,25,58265.28,1039236.99,2023-11-19,2025-12-08,Active,0.0,451,Home Purchase,High
2599,BKAILN23005812,8779,6557,7,82,4345244,12.88,16,297015.68,3805929.87,2018-03-21,2019-07-14,Closed,0.0,809,Business Expansion,Low
2600,BKAILN85640452,3792,896,1,97,1416493,10.46,283,13505.41,1406678.72,2022-04-13,2045-07-11,Active,2517619.75,546,Agriculture,High
2601,BKAILN15120580,6289,9042,1,73,4997119,8.76,327,40205.9,3631313.96,2018-09-02,2045-07-12,Active,8825968.01,808,Medical,Low
2602,BKAILN75575207,8680,18906,8,4,3960747,10.31,61,83696.71,601703.16,2022-10-13,2027-10-17,Active,5659602.19,429,Personal Expenses,High
2603,BKAILN93642336,8937,10741,7,63,5400683,10.95,41,158490.63,782774.86,2016-08-02,2019-12-15,Active,0.0,421,Personal Expenses,High
2604,BKAILN32093578,8215,10667,4,1,500499,12.11,154,6418.11,222485.84,2025-03-25,2037-11-17,Active,0.0,822,Working Capital,Low
2605,BKAILN35304126,5399,5145,6,33,244223,12.57,13,20192.6,221883.46,2021-05-10,2022-06-04,Active,0.0,419,Business Expansion,High
2606,BKAILN95242092,4379,2877,8,66,402576,10.94,181,4550.54,310610.14,2018-07-10,2033-05-22,Active,476752.53,843,Business Expansion,Low
2607,BKAILN87910333,9892,6975,5,28,12799423,8.31,6,2185238.84,12539262.03,2017-04-05,2017-10-02,Active,14686337.5,738,Education,Medium
2608,BKAILN15642816,9296,4944,8,87,1302526,10.43,219,13323.37,729200.29,2022-12-19,2040-12-14,Active,2196261.33,507,Medical,High
2609,BKAILN37324801,7819,6724,10,79,1365655,7.15,18,80236.54,507344.3,2023-11-01,2025-04-24,Active,2279430.71,426,Business Expansion,High
2610,BKAILN67381014,5734,6389,3,11,645791,10.85,58,14356.98,570020.79,2022-04-13,2027-01-17,Active,905060.25,512,Working Capital,High
2611,BKAILN24611331,4810,12501,12,90,1281887,16.31,31,50948.93,754703.94,2017-01-17,2019-08-05,Active,0.0,627,Business Expansion,High
2612,BKAILN30891596,3444,7887,9,29,26096293,11.51,47,692379.66,3698668.11,2016-12-25,2020-11-04,Active,32331554.84,587,Medical,High
2613,BKAILN42904667,8951,14272,2,49,804456,15.46,61,19122.27,84621.5,2022-08-09,2027-08-13,Active,0.0,617,Vehicle Purchase,High
2614,BKAILN37184089,6772,16498,8,4,820512,9.14,187,8244.54,623853.67,2020-02-27,2035-07-08,Active,1250610.05,736,Personal Expenses,Medium
2615,BKAILN22531591,9974,19032,4,70,6688186,10.62,166,77033.24,4065188.06,2025-01-07,2038-08-27,Active,0.0,330,Personal Expenses,High
2616,BKAILN35249294,6616,15087,8,68,294691,9.18,235,2705.72,178906.64,2025-06-19,2044-10-07,Closed,460354.45,723,Education,Medium
2617,BKAILN80273663,1038,5231,9,63,272097,12.42,16,18540.67,243742.7,2016-10-23,2018-02-15,Active,375293.38,816,Vehicle Purchase,Low
2618,BKAILN70342521,9778,4397,12,21,1641477,15.69,17,108313.15,788008.73,2025-03-29,2026-08-21,Active,0.0,376,Business Expansion,High
2619,BKAILN10588488,8947,11330,11,93,289253,11.94,74,5541.44,45140.68,2019-04-02,2025-04-30,Active,361129.34,872,Personal Expenses,Low
2620,BKAILN95147938,2220,12678,9,8,7138909,12.08,29,285075.9,4178171.64,2021-12-07,2024-04-25,Active,12439951.76,768,Medical,Low
2621,BKAILN73959436,4976,7294,2,82,561976,15.52,76,11658.58,522474.71,2021-11-29,2028-02-26,Active,0.0,891,Personal Expenses,Low
2622,BKAILN68896775,1752,4153,12,54,9395950,13.83,32,352758.01,7501230.91,2018-04-19,2020-12-04,Active,0.0,546,Personal Expenses,High
2623,BKAILN20445712,4649,5476,1,16,46273173,8.9,349,371364.42,14411381.35,2024-05-25,2053-01-23,Active,74675570.35,505,Working Capital,High
2624,BKAILN31347320,7366,7407,7,93,301906,14.9,81,5931.83,165173.53,2024-04-03,2030-11-28,Active,0.0,857,Working Capital,Low
2625,BKAILN63817759,4147,445,11,98,1411633,12.96,54,34637.95,1312012.37,2025-05-06,2029-10-12,Active,1988104.1,580,Personal Expenses,High
2626,BKAILN99119044,4927,4906,8,34,4516158,10.03,158,51598.71,1845528.8,2020-09-16,2033-09-08,Active,5363617.51,651,Agriculture,Medium
2627,BKAILN15861474,7102,770,7,13,143666,12.0,168,1769.15,68675.39,2017-06-11,2031-03-30,Active,0.0,577,Vehicle Purchase,High
2628,BKAILN81993205,9926,17195,2,50,989441,12.21,32,36382.16,647622.07,2022-11-06,2025-06-23,Active,0.0,507,Working Capital,High
2629,BKAILN63880917,6111,16294,11,35,1550659,13.02,51,39749.83,1526873.11,2020-09-02,2024-11-10,Active,1771281.95,669,Home Purchase,Medium
2630,BKAILN96909618,6534,1031,9,7,307222,13.61,24,14694.07,163729.67,2023-11-14,2025-11-03,Active,472761.7,304,Education,High
2631,BKAILN86043270,1370,209,7,7,4670501,11.77,85,81252.43,1663953.73,2024-08-27,2031-08-21,Active,0.0,337,Agriculture,High
2632,BKAILN46073149,6556,4270,7,84,219384,11.46,163,2660.14,115640.24,2024-06-04,2037-10-24,Active,0.0,831,Personal Expenses,Low
2633,BKAILN86586115,8298,15000,12,88,391215,12.29,30,15212.42,85081.56,2017-06-30,2019-12-17,Closed,0.0,863,Medical,Low
2634,BKAILN17934675,8720,13239,1,97,3726654,9.37,170,39673.11,2282930.68,2021-01-07,2034-12-25,Closed,4375804.72,758,Business Expansion,Low
2635,BKAILN66442189,4215,8035,8,40,182554,9.33,231,1704.14,85148.87,2025-04-02,2044-03-23,Active,223318.41,769,Vehicle Purchase,Low
2636,BKAILN20674593,1339,13476,11,2,4876517,11.16,32,176892.37,1736055.37,2023-05-06,2025-12-21,Active,8398021.25,569,Working Capital,High
2637,BKAILN52470177,9237,6138,12,8,1652248,13.94,17,107665.14,1503934.94,2018-05-02,2019-09-24,Active,0.0,805,Business Expansion,Low
2638,BKAILN12747509,4033,4388,11,78,2690757,10.88,44,74433.75,1236213.5,2024-05-23,2028-01-03,Closed,4733031.62,536,Personal Expenses,High
2639,BKAILN80504584,7022,16348,12,89,1102442,12.18,26,48455.9,452603.0,2022-01-13,2024-03-03,Active,0.0,767,Vehicle Purchase,Low
2640,BKAILN38331922,4847,3368,12,73,2543074,10.82,33,89439.97,1354807.22,2018-07-19,2021-04-04,Active,0.0,822,Agriculture,Low
2641,BKAILN87704028,9338,8115,8,9,545683,11.2,228,5789.23,537968.67,2022-03-26,2040-12-16,Active,834636.39,469,Vehicle Purchase,High
2642,BKAILN48142768,8450,19404,3,10,33397747,9.14,56,734826.99,32484303.93,2020-03-26,2024-10-31,Active,37913752.7,484,Working Capital,High
2643,BKAILN97329601,2415,7306,8,37,1258458,10.97,205,13611.69,1136405.29,2021-07-27,2038-05-29,Active,1692870.97,419,Vehicle Purchase,High
2644,BKAILN89312100,5387,20000,5,84,1950762,8.17,33,66203.34,575103.78,2018-03-10,2020-11-24,Active,3429425.46,545,Working Capital,High
2645,BKAILN31949706,1202,3302,8,10,191286,10.89,227,1992.2,144499.58,2017-10-02,2036-05-25,Active,226952.89,835,Vehicle Purchase,Low
2646,BKAILN95315100,7467,1699,11,63,3339393,10.11,66,66168.53,1852355.22,2019-04-18,2024-09-18,Active,4181543.08,775,Home Purchase,Low
2647,BKAILN98150417,3313,4260,8,55,541860,9.09,154,5973.02,144650.63,2023-01-24,2035-09-18,Active,749535.93,561,Education,High
2648,BKAILN69180503,9901,16945,1,64,367911,10.41,246,3624.59,242586.05,2019-09-30,2039-12-14,Active,608451.77,547,Working Capital,High
2649,BKAILN45930889,1764,19210,3,70,1800899,11.03,65,36925.51,1494178.12,2024-04-13,2029-08-15,Active,2359860.65,583,Working Capital,High
2650,BKAILN24047206,5173,19769,8,93,2694487,12.41,205,31713.64,513428.87,2025-04-20,2042-02-20,Active,4479020.24,660,Education,Medium
2651,BKAILN96919298,7307,18814,8,100,4072536,12.25,174,50137.42,1227840.85,2017-04-07,2031-07-23,Active,7219911.33,372,Medical,High
2652,BKAILN12737251,335,1421,11,22,8548560,10.7,55,197321.71,3630553.94,2021-03-31,2025-10-06,Active,9706131.59,415,Agriculture,High
2653,BKAILN40508334,8401,1751,5,84,4188605,9.99,30,158357.59,873584.33,2021-07-26,2024-01-12,Active,4974661.81,633,Medical,High
2654,BKAILN32517015,8159,9404,2,87,223489,15.11,12,20183.34,116414.9,2019-04-07,2020-04-01,Active,0.0,889,Agriculture,Low
2655,BKAILN37703331,8832,16122,3,18,320331,9.33,82,5297.86,247351.41,2024-08-22,2031-05-18,Active,430377.29,566,Home Purchase,High
2656,BKAILN60413294,4427,10341,8,87,3302252,10.14,214,33425.32,2735225.9,2022-07-02,2040-01-29,Active,5480095.92,878,Agriculture,Low
2657,BKAILN99232414,1220,11625,3,58,5053204,10.81,66,101900.78,4274054.73,2017-06-19,2022-11-20,Active,8271292.22,757,Medical,Low
2658,BKAILN96746703,1943,1001,11,25,511617,12.04,57,11829.42,463591.14,2024-04-09,2028-12-14,Active,618666.92,390,Agriculture,High
2659,BKAILN93113065,6688,13187,8,94,1244758,9.46,64,24841.57,542660.52,2017-03-08,2022-06-10,Active,1743587.21,379,Agriculture,High
2660,BKAILN97784655,6096,11213,1,59,28261044,10.43,304,264698.42,4890822.18,2016-11-18,2041-11-07,Active,50617487.87,701,Vehicle Purchase,Medium
2661,BKAILN21219138,962,11062,8,1,3521499,10.3,224,35452.67,2389674.17,2018-11-28,2037-04-22,Active,5056118.79,608,Working Capital,High
2662,BKAILN25740932,5090,15901,10,82,3012098,7.06,108,37761.73,2717154.47,2022-03-04,2031-01-16,Active,4211990.15,490,Agriculture,High
2663,BKAILN75866125,8654,2304,2,82,165501,16.78,54,4386.62,41114.41,2022-03-07,2026-08-13,Closed,0.0,300,Agriculture,High
2664,BKAILN63429285,1995,13019,3,78,5934762,10.63,27,248106.41,1189313.48,2020-02-18,2022-05-08,Active,10027136.32,742,Agriculture,Medium
2665,BKAILN91709271,7058,6644,8,14,2496663,9.2,207,24100.48,1687262.02,2019-01-24,2036-01-25,Active,3936577.51,753,Vehicle Purchase,Low
2666,BKAILN29960753,2451,19828,7,66,1312107,11.94,157,16553.35,627412.81,2018-08-06,2031-06-29,Active,0.0,370,Personal Expenses,High
2667,BKAILN93446015,6608,17401,9,95,9522790,11.83,57,219179.98,3146031.51,2023-10-14,2028-06-19,Active,11920222.43,656,Agriculture,Medium
2668,BKAILN44540056,7998,10911,3,76,6965721,10.2,40,206153.71,4269237.47,2025-02-06,2028-05-21,Default,9809073.78,632,Home Purchase,High
2669,BKAILN61252112,7309,17102,2,9,3613316,16.59,36,128088.48,574780.11,2024-07-08,2027-06-23,Active,0.0,635,Education,High
2670,BKAILN99940356,2748,7099,9,85,1350846,10.32,30,51278.61,1098121.71,2020-10-16,2023-04-04,Active,1538823.83,585,Agriculture,High
2671,BKAILN13145143,432,9037,11,57,94980,10.44,58,2092.31,15871.61,2017-05-07,2022-02-10,Active,120521.66,894,Vehicle Purchase,Low
2672,BKAILN92708627,4178,5103,7,64,363747,13.54,84,6724.53,234385.2,2024-05-26,2031-04-20,Active,0.0,528,Business Expansion,High
2673,BKAILN16708244,6927,17126,12,10,1937983,14.26,8,255380.59,1281525.77,2025-04-07,2025-12-03,Closed,0.0,736,Vehicle Purchase,Medium
2674,BKAILN31903291,33,13410,5,61,1394731,10.58,19,80049.29,999118.91,2020-04-08,2021-10-30,Active,2349677.88,584,Home Purchase,High
2675,BKAILN74983203,2895,9335,6,1,1662601,16.18,107,29441.33,883934.58,2018-03-29,2027-01-11,Active,0.0,630,Home Purchase,High
2676,BKAILN30445510,5081,9954,4,82,1590363,8.83,40,46041.96,1030515.8,2019-03-29,2022-07-11,Closed,0.0,482,Agriculture,High
2677,BKAILN15086682,1356,329,5,18,7904440,9.94,9,915046.22,7871745.88,2023-06-22,2024-03-18,Active,9111434.72,886,Agriculture,Low
2678,BKAILN66726361,8293,5647,4,31,1429179,9.35,58,30721.07,536441.63,2019-01-11,2023-10-17,Active,0.0,469,Working Capital,High
2679,BKAILN26202090,5134,11105,12,62,413921,12.72,12,36915.94,277422.22,2019-08-23,2020-08-17,Active,0.0,420,Vehicle Purchase,High
2680,BKAILN73156467,5925,457,2,65,34327144,15.54,59,835699.28,8286048.56,2022-09-19,2027-07-25,Active,0.0,509,Personal Expenses,High
2681,BKAILN37449718,9322,11451,4,95,1170624,8.97,105,16130.1,853153.36,2022-09-08,2031-04-24,Active,0.0,398,Agriculture,High
2682,BKAILN53714169,5343,17145,6,6,513606,17.6,33,19744.59,245650.16,2025-05-13,2028-01-28,Default,0.0,565,Vehicle Purchase,High
2683,BKAILN34118892,9447,6203,9,94,1497942,10.27,30,56827.53,642291.71,2023-05-28,2025-11-13,Active,2011899.8,751,Home Purchase,Low
2684,BKAILN59283441,5769,17646,7,18,3514989,14.32,52,91113.89,413090.27,2021-03-27,2025-07-04,Active,0.0,361,Education,High
2685,BKAILN36570595,2223,14721,7,96,1893333,10.29,63,39023.53,297564.95,2025-04-11,2030-06-14,Active,0.0,678,Medical,Medium
2686,BKAILN75438341,1471,7746,5,57,7830887,10.3,32,280901.52,4372699.93,2019-05-24,2022-01-08,Default,12317605.27,516,Personal Expenses,High
2687,BKAILN30137388,3654,12791,1,43,474038,9.43,340,4004.89,282375.42,2018-12-17,2046-11-20,Active,852031.11,480,Working Capital,High
2688,BKAILN30761756,2770,5020,4,2,465288,11.54,148,5907.5,183752.81,2018-06-24,2030-08-20,Active,0.0,692,Medical,Medium
2689,BKAILN70071563,1232,18318,5,87,1918949,10.31,32,68843.54,859650.08,2017-04-10,2019-11-26,Closed,2392525.21,358,Agriculture,High
2690,BKAILN36800734,8499,4980,1,79,1742818,10.31,230,17406.96,1666222.28,2025-02-01,2043-12-24,Active,2719870.16,841,Agriculture,Low
2691,BKAILN17681679,4022,13813,3,84,1292121,11.92,57,29798.18,944525.93,2021-04-26,2025-12-31,Active,2140391.7,408,Home Purchase,High
2692,BKAILN19840600,2297,7021,6,41,3741340,13.64,54,93090.03,2331391.55,2017-10-20,2022-03-28,Active,0.0,607,Home Purchase,High
2693,BKAILN37425725,6558,842,11,32,319704,13.36,59,7420.9,164440.01,2025-06-18,2030-04-23,Active,414860.94,478,Agriculture,High
2694,BKAILN28029570,1851,6502,9,23,1670948,9.63,53,38830.31,576135.53,2016-11-13,2021-03-22,Active,2776368.36,799,Personal Expenses,Low
2695,BKAILN49867888,3944,1529,8,99,2304745,11.99,114,33961.84,344189.44,2019-11-06,2029-03-18,Active,3026362.44,824,Personal Expenses,Low
2696,BKAILN80546098,7742,9152,10,60,454414,9.91,54,10464.56,272887.18,2024-02-21,2028-07-29,Active,805464.46,367,Business Expansion,High
2697,BKAILN10989199,3559,1877,12,17,719776,16.22,34,26545.94,357504.56,2017-09-29,2020-07-15,Active,0.0,696,Business Expansion,Medium
2698,BKAILN84008513,1506,2601,3,69,2071142,8.98,57,44768.37,1127813.47,2023-12-05,2028-08-10,Active,2734528.98,857,Education,Low
2699,BKAILN86024751,1687,318,1,74,499333,9.18,126,6189.12,125191.8,2020-06-01,2030-10-07,Active,687766.36,866,Business Expansion,Low
2700,BKAILN82909569,295,2463,1,28,482848,8.29,350,3664.98,425242.82,2021-01-19,2049-10-19,Active,588556.93,499,Home Purchase,High
2701,BKAILN41704978,6603,1175,3,60,392189,8.85,60,8112.68,137079.41,2017-01-11,2021-12-16,Active,600555.68,384,Personal Expenses,High
2702,BKAILN40694296,3949,6777,3,47,198026,8.87,71,3594.76,169953.42,2017-04-02,2023-01-31,Active,246203.37,659,Agriculture,Medium
2703,BKAILN58746010,1223,11074,12,13,643100,11.62,10,67784.55,345225.47,2024-02-29,2024-12-25,Active,0.0,336,Education,High
2704,BKAILN55361260,9291,13750,1,54,29690844,9.58,233,281112.72,11236781.5,2020-02-23,2039-04-14,Active,45914150.08,506,Medical,High
2705,BKAILN77695451,319,383,10,4,972463,7.15,113,11850.34,290918.66,2023-04-03,2032-07-14,Active,1138584.41,627,Vehicle Purchase,High
2706,BKAILN62523240,5943,179,2,3,1256191,13.44,60,28865.95,858665.56,2022-10-19,2027-09-23,Active,0.0,574,Vehicle Purchase,High
2707,BKAILN24166795,9795,697,11,18,7436503,13.12,47,203187.55,5046036.0,2022-04-12,2026-02-20,Active,8485481.59,814,Home Purchase,Low
2708,BKAILN75310874,5719,1060,2,59,1758390,13.31,56,42323.01,1510047.07,2025-04-29,2029-12-04,Default,0.0,414,Business Expansion,High
2709,BKAILN98835573,2382,16883,12,81,1467788,13.97,11,142935.48,1316396.55,2024-06-12,2025-05-08,Closed,0.0,463,Medical,High
2710,BKAILN44506224,9105,15931,12,11,4256248,14.12,19,251296.2,464536.28,2023-08-28,2025-03-20,Closed,0.0,303,Medical,High
2711,BKAILN25434718,9537,14348,7,38,169266,13.81,98,2889.44,136542.73,2022-03-27,2030-04-14,Active,0.0,780,Business Expansion,Low
2712,BKAILN56988543,4998,15417,5,26,236190,9.09,17,14859.78,214451.08,2018-07-31,2019-12-23,Default,421845.73,896,Agriculture,Low
2713,BKAILN85899159,8532,5227,5,34,791501,8.41,20,42551.66,106234.47,2024-06-17,2026-02-07,Active,1304652.86,325,Business Expansion,High
2714,BKAILN11711830,2743,5684,5,47,1426843,10.13,27,59318.87,522283.72,2020-07-28,2022-10-16,Active,2060916.36,738,Working Capital,Medium
2715,BKAILN56496785,4902,2270,4,63,148674,11.14,44,4131.34,87924.41,2023-05-30,2027-01-09,Active,0.0,889,Home Purchase,Low
2716,BKAILN92351274,3346,6924,2,97,575859,13.41,69,12017.18,116467.71,2019-04-18,2024-12-17,Active,0.0,492,Agriculture,High
2717,BKAILN61374196,4668,12664,10,36,2686333,8.89,25,118107.33,1318076.91,2021-07-14,2023-08-03,Active,3160099.91,362,Personal Expenses,High
2718,BKAILN17780433,1274,10018,7,32,6422483,10.93,154,77738.64,2153683.72,2019-04-12,2031-12-05,Active,0.0,661,Education,Medium
2719,BKAILN24370481,4111,7813,6,68,354151,14.28,13,29565.34,201466.0,2023-11-20,2024-12-14,Active,0.0,642,Education,High
2720,BKAILN85537487,8669,1158,6,100,1016141,15.78,30,41210.02,209364.37,2019-03-05,2021-08-21,Active,0.0,425,Medical,High
2721,BKAILN40467024,9209,17279,10,38,1210646,9.31,17,76289.47,920765.27,2025-05-02,2026-09-24,Active,1790409.0,354,Agriculture,High
2722,BKAILN23629768,9481,15015,11,5,5546661,11.4,74,104704.59,4221059.91,2024-02-15,2030-03-15,Active,7376322.72,801,Personal Expenses,Low
2723,BKAILN43183143,8354,14897,5,56,4963966,10.91,30,189801.84,4712441.08,2018-11-15,2021-05-03,Active,8915577.85,616,Vehicle Purchase,High
2724,BKAILN85590911,6179,5901,4,95,3732884,8.97,105,51435.64,3446298.07,2018-10-12,2027-05-28,Active,0.0,467,Education,High
2725,BKAILN99493203,661,10698,12,53,4051130,13.36,11,393339.81,2650328.75,2018-05-21,2019-04-16,Active,0.0,884,Working Capital,Low
2726,BKAILN30174685,9459,16614,11,57,189229,12.72,30,7396.71,86564.36,2020-06-22,2022-12-09,Active,294499.77,536,Business Expansion,High
2727,BKAILN41909375,7009,7875,11,57,67507,12.03,51,1697.24,7202.35,2016-08-13,2020-10-21,Active,106424.5,490,Medical,High
2728,BKAILN26014825,7168,18401,8,19,85327,9.87,71,1591.46,23003.99,2024-08-29,2030-06-29,Active,145195.95,793,Business Expansion,Low
2729,BKAILN56145337,5113,3967,2,36,291836,16.05,48,8278.19,170668.59,2020-04-30,2024-04-09,Active,0.0,534,Working Capital,High
2730,BKAILN64294421,6594,7583,6,61,2813672,16.55,65,65829.49,1633091.18,2019-10-06,2025-02-06,Active,0.0,480,Home Purchase,High
2731,BKAILN78062142,1705,13258,1,48,324036,9.48,285,2863.97,119372.23,2024-02-08,2047-07-07,Closed,507935.19,785,Home Purchase,Low
2732,BKAILN34774343,9106,17265,9,22,2287433,11.88,15,164850.7,496083.3,2017-12-23,2019-03-18,Active,2971450.83,711,Personal Expenses,Medium
2733,BKAILN22574690,8459,2798,4,25,3918943,9.55,120,50817.51,1315655.54,2024-08-16,2034-06-25,Active,0.0,499,Education,High
2734,BKAILN47203029,9301,3669,3,84,3281481,10.67,36,106919.39,2620617.26,2025-06-19,2028-06-03,Active,5084759.52,535,Vehicle Purchase,High
2735,BKAILN97104002,2155,5288,8,82,1500923,10.44,208,15638.47,424938.88,2024-06-05,2041-07-06,Active,1896725.73,786,Business Expansion,Low
2736,BKAILN36856642,6514,15948,9,9,4431185,9.84,34,149870.13,1436427.61,2019-07-03,2022-04-18,Active,7766833.69,390,Medical,High
2737,BKAILN73361091,2620,13555,4,89,430618,10.51,42,12298.24,234172.33,2019-10-10,2023-03-23,Active,0.0,314,Business Expansion,High
2738,BKAILN91816828,3628,19718,1,83,1732413,9.01,127,21210.56,1001295.18,2023-07-22,2033-12-26,Active,2717185.83,754,Medical,Low
2739,BKAILN66605517,9668,16928,1,94,885533,10.0,348,7814.63,366198.69,2019-02-01,2047-09-02,Active,1342021.36,550,Education,High
2740,BKAILN41030995,852,12741,1,64,1573070,9.24,281,13699.84,1416470.69,2016-07-14,2039-08-13,Active,2645932.18,463,Business Expansion,High
2741,BKAILN68723377,1724,5193,11,5,2355058,11.8,48,61786.7,2116345.65,2019-03-17,2023-02-24,Default,2592006.95,601,Medical,High
2742,BKAILN67140312,1151,15718,7,29,284060,10.2,152,3335.99,167619.42,2020-06-21,2032-12-15,Active,0.0,869,Education,Low
2743,BKAILN16608475,6991,11788,8,99,3744893,10.61,164,43342.65,1183988.88,2017-08-02,2031-01-21,Active,5580385.8,896,Business Expansion,Low
2744,BKAILN59865857,6824,2806,12,65,8483022,12.98,23,418587.4,6005220.38,2022-10-08,2024-08-28,Active,0.0,787,Medical,Low
2745,BKAILN77793572,3830,13566,6,10,424590,14.37,73,8756.93,148146.86,2018-09-01,2024-08-30,Active,0.0,647,Medical,High
2746,BKAILN62336574,8136,2040,8,20,848540,10.02,198,8776.94,288742.1,2022-06-28,2038-10-02,Active,935975.8,659,Personal Expenses,Medium
2747,BKAILN68808628,6735,6827,9,98,9584855,10.28,33,334671.21,1893813.08,2016-12-28,2019-09-14,Active,10565935.99,539,Vehicle Purchase,High
2748,BKAILN11289447,8397,12299,1,41,564906,8.75,322,4558.48,136191.85,2018-06-29,2044-12-09,Active,862985.5,862,Business Expansion,Low
2749,BKAILN37780148,3386,2624,1,31,9979370,9.43,318,85517.25,8781479.54,2025-06-20,2051-08-03,Active,16900800.72,814,Vehicle Purchase,Low
2750,BKAILN70171070,5972,11957,1,41,1269953,8.62,240,11117.59,202383.89,2025-01-08,2044-09-25,Active,2232996.88,682,Agriculture,Medium
2751,BKAILN52217608,7846,6888,4,67,4875137,11.04,166,57403.32,747781.9,2021-01-29,2034-09-18,Active,0.0,645,Vehicle Purchase,High
2752,BKAILN35995111,1300,14435,2,49,560151,10.88,63,11710.25,490324.2,2017-12-11,2023-02-13,Active,0.0,651,Education,Medium
2753,BKAILN93188304,7399,10753,5,59,1760024,8.88,17,110561.5,513275.73,2022-03-19,2023-08-11,Active,2871308.53,696,Working Capital,Medium
2754,BKAILN31126044,5084,19923,5,91,1667264,9.18,6,285364.75,458365.08,2021-04-28,2021-10-25,Active,2850606.63,859,Agriculture,Low
2755,BKAILN48805849,322,6324,10,54,1646587,8.2,104,22171.04,931598.63,2021-11-29,2030-06-15,Default,1852967.13,410,Vehicle Purchase,High
2756,BKAILN97906529,9951,6826,9,3,6014517,11.5,33,213458.89,3916766.93,2020-06-15,2023-03-02,Active,10261733.54,461,Vehicle Purchase,High
2757,BKAILN15492210,7790,6080,5,44,1939711,8.65,36,61366.81,758791.32,2017-07-04,2020-06-18,Active,3262553.95,331,Personal Expenses,High
2758,BKAILN96885968,6067,3577,3,7,1843509,11.8,27,78075.84,1802372.47,2019-08-05,2021-10-23,Active,2598319.59,375,Medical,High
2759,BKAILN27797295,4446,19710,7,50,4542612,12.17,135,61929.02,1278991.98,2018-04-14,2029-05-16,Active,0.0,431,Personal Expenses,High
2760,BKAILN54893528,4325,784,2,21,3893945,14.92,72,82168.44,3324404.38,2025-03-01,2031-01-29,Active,0.0,613,Vehicle Purchase,High
2761,BKAILN61926405,7978,8833,5,99,1607972,8.61,35,52115.6,564313.29,2019-02-04,2021-12-20,Active,1905057.05,697,Agriculture,Medium
2762,BKAILN26401667,8835,7844,9,42,1763584,12.22,49,45894.01,1072895.0,2022-11-25,2026-12-04,Active,2037122.82,604,Vehicle Purchase,High
2763,BKAILN56115831,2467,15743,10,72,464163,7.16,48,11149.45,235543.33,2024-11-26,2028-11-05,Active,628296.05,579,Home Purchase,High
2764,BKAILN92000458,2031,8276,10,49,1861534,8.0,70,33366.3,950753.38,2024-11-20,2030-08-21,Active,3324885.68,551,Medical,High
2765,BKAILN85138972,6097,17529,8,64,8472088,10.91,203,91615.3,6102560.33,2018-09-02,2035-05-06,Active,13328078.6,319,Home Purchase,High
2766,BKAILN92135579,7834,9978,12,99,21632830,13.32,6,3746832.68,21017774.24,2021-02-01,2021-07-31,Active,0.0,762,Agriculture,Low
2767,BKAILN65185265,1147,13231,4,30,457742,8.87,146,5136.01,346971.47,2020-12-11,2032-12-08,Active,0.0,840,Agriculture,Low
2768,BKAILN66556542,4967,893,4,79,176767,11.66,54,4222.54,148013.61,2017-10-27,2022-04-04,Active,0.0,828,Agriculture,Low
2769,BKAILN44454686,9227,11026,6,37,347282,16.66,47,10109.43,118812.74,2022-03-04,2026-01-12,Active,0.0,554,Business Expansion,High
2770,BKAILN31947291,8727,300,11,4,4735314,11.36,34,163540.63,3097693.88,2019-07-19,2022-05-04,Active,8181265.42,819,Education,Low
2771,BKAILN20687908,9849,5552,1,28,1173911,9.05,339,9605.49,771367.8,2020-09-20,2048-07-25,Active,1783250.48,339,Working Capital,High
2772,BKAILN79426749,6837,3054,3,84,757596,11.37,24,35440.19,549766.04,2022-07-05,2024-06-24,Active,910459.16,733,Personal Expenses,Medium
2773,BKAILN12674054,1535,18069,8,35,3012962,11.85,206,34281.21,2846593.05,2020-08-12,2037-07-14,Active,4612502.67,458,Working Capital,High
2774,BKAILN47761076,1071,456,8,28,4803835,10.38,156,56221.73,3815190.84,2017-06-26,2030-04-19,Active,5462606.94,724,Vehicle Purchase,Medium
2775,BKAILN59587404,5932,9223,2,55,2757485,15.27,74,57741.38,910159.31,2023-02-15,2029-03-15,Active,0.0,738,Education,Medium
2776,BKAILN90798118,8406,5666,11,91,3176279,12.7,38,101953.33,1061761.08,2020-08-13,2023-09-27,Default,4994400.97,377,Business Expansion,High
2777,BKAILN99704595,6928,77,5,64,944639,10.04,32,33770.42,914033.38,2017-06-26,2020-02-11,Active,1323291.36,845,Business Expansion,Low
2778,BKAILN72169465,4477,2891,4,65,198753,11.63,153,2497.15,65903.24,2016-12-04,2029-06-29,Active,0.0,344,Working Capital,High
2779,BKAILN57153554,1280,4298,1,8,4809667,9.09,344,39369.09,4522979.39,2017-12-21,2046-03-24,Active,7879146.92,727,Home Purchase,Medium
2780,BKAILN41143171,1947,10342,11,69,700722,12.01,51,17610.37,347324.21,2018-05-02,2022-07-10,Active,931776.12,301,Vehicle Purchase,High
2781,BKAILN18211628,9576,5404,4,100,460293,12.36,176,5675.94,151324.88,2021-11-28,2036-05-13,Closed,0.0,317,Medical,High
2782,BKAILN13620098,622,7861,2,98,7037899,14.81,18,438428.77,5039743.05,2021-08-31,2023-02-22,Active,0.0,895,Medical,Low
2783,BKAILN29819709,8274,9881,3,78,2105312,11.17,34,72520.76,1549875.08,2021-05-18,2024-03-03,Active,3700180.27,691,Agriculture,Medium
2784,BKAILN19615379,484,18952,6,88,336452,16.13,68,7579.81,267678.49,2018-12-29,2024-07-30,Active,0.0,512,Working Capital,High
2785,BKAILN79582798,3254,398,8,88,1610125,10.91,195,17662.76,1420384.93,2017-05-12,2033-05-18,Active,2345659.05,756,Agriculture,Low
2786,BKAILN70517081,4790,11190,6,54,4192069,15.42,87,80314.56,3029371.52,2018-05-19,2025-07-11,Active,0.0,318,Working Capital,High
2787,BKAILN79847852,7406,10755,11,7,295239,12.49,64,6342.02,244017.97,2019-07-06,2024-10-07,Active,429661.93,665,Home Purchase,Medium
2788,BKAILN37938376,9520,684,11,81,1890435,10.03,55,43016.14,1739369.59,2018-12-09,2023-06-16,Active,3252811.46,594,Vehicle Purchase,High
2789,BKAILN11748951,7827,7718,9,82,1787395,10.63,43,50167.01,589590.54,2016-08-05,2020-02-16,Active,3087326.35,575,Personal Expenses,High
2790,BKAILN62987154,4140,4107,2,56,2758642,17.32,12,252020.38,2534651.33,2020-01-10,2021-01-04,Active,0.0,373,Agriculture,High
2791,BKAILN59213486,2215,818,7,70,303449,13.14,82,5626.25,151321.17,2023-06-14,2030-03-09,Active,0.0,730,Medical,Medium
2792,BKAILN17974536,8066,9674,1,9,436143,9.72,139,5240.2,105766.51,2021-10-18,2033-03-19,Active,653393.77,347,Agriculture,High
2793,BKAILN22941629,6518,16081,7,18,4306196,13.41,80,81707.61,2586290.49,2023-11-03,2030-05-30,Active,0.0,540,Vehicle Purchase,High
2794,BKAILN96422190,3882,16104,7,59,197205,14.1,76,3937.82,30601.53,2021-02-02,2027-05-02,Active,0.0,765,Education,Low
2795,BKAILN73206339,8734,1524,2,93,2251504,12.42,81,41192.65,1245992.29,2025-03-20,2031-11-14,Active,0.0,563,Business Expansion,High
2796,BKAILN70379296,9709,698,8,29,3138434,9.21,148,35554.98,2092755.1,2019-06-15,2031-08-11,Active,4450864.25,673,Medical,Medium
2797,BKAILN93995408,3563,15830,7,68,3172330,12.96,93,54231.47,2653672.21,2025-04-09,2032-11-28,Active,0.0,897,Agriculture,Low
2798,BKAILN13329203,4322,17845,6,23,2018703,12.14,110,30502.77,682539.08,2023-05-02,2032-05-14,Active,0.0,517,Personal Expenses,High
2799,BKAILN49005580,1465,13907,1,27,1482750,8.25,159,15362.07,1232454.61,2023-03-27,2036-04-17,Active,2436266.51,744,Working Capital,Medium
2800,BKAILN73713166,2872,12724,2,29,2848601,11.28,30,109412.87,1584567.1,2021-08-03,2024-01-20,Active,0.0,391,Home Purchase,High
2801,BKAILN24403481,2725,12037,9,65,5109150,12.95,15,370752.17,3791669.22,2019-09-21,2020-12-14,Active,8769242.74,380,Vehicle Purchase,High
2802,BKAILN64313762,8463,3464,12,1,258565,15.78,7,38906.17,56932.03,2024-05-19,2024-12-15,Active,0.0,409,Business Expansion,High
2803,BKAILN25374095,1191,410,11,58,988593,12.99,50,25707.23,529485.24,2020-10-23,2024-12-01,Active,1660526.09,762,Agriculture,Low
2804,BKAILN67409130,9000,18654,9,43,1074814,11.35,53,25879.18,445968.37,2022-11-12,2027-03-21,Active,1638891.15,618,Personal Expenses,High
2805,BKAILN39675594,9381,12253,5,12,1165864,10.93,16,78635.72,788207.19,2019-02-11,2020-06-05,Active,1683413.13,793,Agriculture,Low
2806,BKAILN96769288,1013,14415,1,83,400262,8.76,161,4234.95,301016.18,2017-12-01,2031-02-21,Active,687366.58,661,Working Capital,Medium
2807,BKAILN55203038,9684,13716,11,10,375574,13.48,30,14816.39,141313.87,2018-03-17,2020-09-02,Active,652605.13,454,Working Capital,High
2808,BKAILN87801254,284,14235,11,24,4880221,13.36,62,109401.12,3885662.17,2019-11-03,2024-12-06,Active,5681251.99,428,Business Expansion,High
2809,BKAILN21253777,8553,7061,6,34,11792621,16.04,105,209620.31,6858964.66,2019-01-17,2027-09-02,Closed,0.0,659,Vehicle Purchase,Medium
2810,BKAILN48168100,7983,4751,10,38,1412510,7.61,43,37634.62,940867.61,2018-08-07,2022-02-17,Closed,2302461.04,554,Vehicle Purchase,High
2811,BKAILN48392920,8189,9877,2,17,2395684,15.78,71,52115.91,283964.15,2022-10-18,2028-08-17,Active,0.0,716,Medical,Medium
2812,BKAILN66455296,2766,18356,3,91,4191490,10.02,39,126365.84,1068927.57,2018-05-06,2021-07-19,Active,7100278.61,406,Vehicle Purchase,High
2813,BKAILN55314450,8540,3152,6,17,8674866,12.85,113,132725.51,1664449.47,2022-12-31,2032-04-12,Active,0.0,491,Personal Expenses,High
2814,BKAILN67086231,5589,5968,7,99,39683858,14.91,69,859823.42,12979745.76,2017-03-06,2022-11-05,Active,0.0,778,Agriculture,Low
2815,BKAILN98187809,2353,18133,10,39,223577,8.2,114,2829.64,36875.73,2021-05-06,2030-09-16,Active,262259.95,680,Personal Expenses,Medium
2816,BKAILN15843981,7942,13632,1,54,4624025,9.85,333,40625.83,1543660.08,2020-07-28,2047-12-04,Active,6162751.24,839,Personal Expenses,Low
2817,BKAILN56996003,9940,9377,9,70,1897731,10.84,26,82223.96,1035898.47,2024-12-24,2027-02-12,Active,3114399.52,501,Education,High
2818,BKAILN51502325,1768,15965,5,55,5995702,9.09,15,424362.53,1619430.36,2018-01-23,2019-04-18,Active,8125449.58,554,Working Capital,High
2819,BKAILN86258818,1303,5552,5,74,187388,9.22,31,6816.29,68136.35,2024-05-20,2026-12-06,Active,307899.66,527,Medical,High
2820,BKAILN75744917,1723,10542,6,50,1989043,14.64,48,54994.26,441401.38,2024-09-05,2028-08-15,Active,0.0,753,Working Capital,Low
2821,BKAILN11880272,8621,66,4,85,1738670,11.81,178,20739.86,1597921.71,2019-02-10,2033-09-24,Active,0.0,558,Education,High
2822,BKAILN72355344,6895,8252,3,42,1048248,10.59,26,45296.22,135897.89,2022-03-10,2024-04-28,Active,1662704.28,550,Agriculture,High
2823,BKAILN15871766,220,18168,11,2,1600332,10.78,52,38656.94,621284.17,2021-03-09,2025-06-16,Active,1960236.63,723,Home Purchase,Medium
2824,BKAILN82219803,2520,17897,11,51,4145209,12.98,79,78311.07,416245.0,2025-07-02,2031-12-28,Active,7251709.56,767,Personal Expenses,Low
2825,BKAILN66921978,9357,5573,11,22,393747,10.14,70,7474.65,61138.17,2024-09-17,2030-06-18,Active,669800.19,364,Personal Expenses,High
2826,BKAILN85337274,975,14593,7,1,736661,14.7,112,12124.63,118591.76,2017-09-08,2026-11-20,Active,0.0,892,Education,Low
2827,BKAILN82200772,3895,10039,8,75,4913092,11.57,218,54042.65,3419432.02,2023-10-08,2041-09-03,Active,6810673.86,640,Agriculture,High
2828,BKAILN40829947,3929,11779,4,47,1852381,10.74,162,21703.19,273624.08,2024-07-05,2037-10-25,Active,0.0,444,Working Capital,High
2829,BKAILN20958158,9829,877,8,45,2927216,11.96,98,46931.96,1651172.36,2018-03-29,2026-04-16,Active,4467767.47,745,Personal Expenses,Medium
2830,BKAILN91835402,4877,2114,6,55,813706,12.46,101,13044.32,521834.77,2018-12-10,2027-03-28,Active,0.0,358,Working Capital,High
2831,BKAILN82666817,1326,2328,11,72,3947003,12.13,65,83136.56,2844806.18,2017-04-23,2022-08-25,Closed,5101055.24,569,Business Expansion,High
2832,BKAILN87351959,2856,13792,8,24,4164618,11.19,191,46780.95,2616272.62,2022-06-21,2038-02-27,Active,4706220.98,345,Agriculture,High
2833,BKAILN57713436,7485,678,6,11,4754761,16.15,119,80365.69,3204524.16,2019-04-02,2029-01-09,Active,0.0,323,Personal Expenses,High
2834,BKAILN56149880,6122,13818,5,65,1879079,10.59,36,61154.43,1300014.93,2023-11-09,2026-10-24,Active,2878439.69,638,Vehicle Purchase,High
2835,BKAILN46668084,3068,9615,7,80,50752,14.0,15,3707.8,22440.62,2023-02-19,2024-05-14,Active,0.0,456,Vehicle Purchase,High
2836,BKAILN67038475,830,11782,8,61,1223421,11.37,61,26499.56,616145.74,2018-03-16,2023-03-20,Active,1464785.2,575,Education,High
2837,BKAILN90962635,486,3097,5,87,7036889,9.6,21,365360.72,2050286.37,2019-07-18,2021-04-08,Active,9905324.85,849,Agriculture,Low
2838,BKAILN16114971,2523,5141,4,25,211163,9.57,141,2499.57,190139.45,2022-07-17,2034-02-14,Active,0.0,437,Personal Expenses,High
2839,BKAILN58307599,5853,11372,6,18,4328956,14.2,39,139218.98,1774006.32,2021-04-06,2024-06-19,Active,0.0,760,Agriculture,Low
2840,BKAILN51591370,8359,15499,9,15,1255163,10.96,36,41068.65,664305.06,2019-11-20,2022-11-04,Active,1528114.08,710,Home Purchase,Medium
2841,BKAILN28284691,9585,8701,1,82,4688861,8.65,210,43403.19,1674592.75,2022-10-29,2040-01-28,Active,7198305.99,657,Vehicle Purchase,Medium
2842,BKAILN74744281,662,14006,5,78,479003,9.37,15,33964.51,369153.43,2018-01-11,2019-04-06,Closed,597990.1,500,Business Expansion,High
2843,BKAILN53713685,9239,9156,2,21,9486371,14.42,62,217892.55,6540469.6,2021-06-03,2026-07-07,Active,0.0,656,Business Expansion,Medium
2844,BKAILN24488073,6184,14467,11,90,3211361,10.26,80,55588.43,2398631.64,2020-04-27,2026-11-22,Active,3714537.51,305,Vehicle Purchase,High
2845,BKAILN39977744,6810,18791,4,99,1808037,10.02,91,28442.96,894328.1,2023-10-06,2031-03-28,Active,0.0,564,Vehicle Purchase,High
2846,BKAILN80658160,7873,15054,10,50,1506554,7.62,93,21500.81,836257.23,2017-06-25,2025-02-13,Active,1743153.72,392,Working Capital,High
2847,BKAILN14869499,454,10528,9,25,203571,12.53,46,5595.65,186200.11,2024-09-30,2028-07-11,Active,287629.04,877,Education,Low
2848,BKAILN55098584,6019,17622,7,98,5521074,9.61,93,84419.57,3193234.74,2016-07-14,2024-03-04,Default,0.0,609,Personal Expenses,High
2849,BKAILN42450029,7390,6872,7,14,697284,12.65,107,10899.53,91531.57,2022-12-15,2031-09-29,Active,0.0,830,Medical,Low
2850,BKAILN79300905,915,5936,6,37,858717,15.07,51,22903.29,241847.9,2023-07-27,2027-10-04,Active,0.0,678,Personal Expenses,Medium
2851,BKAILN79031416,6745,6592,2,18,1966859,17.38,61,48775.89,697634.03,2016-09-19,2021-09-23,Active,0.0,428,Home Purchase,High
2852,BKAILN62059050,3808,9724,3,36,2139658,9.42,53,49505.73,2067042.13,2025-01-01,2029-05-10,Active,2357935.15,796,Vehicle Purchase,Low
2853,BKAILN99116503,8116,1237,11,22,1287191,11.16,35,43255.72,951639.79,2024-09-03,2027-07-20,Active,1991055.78,860,Business Expansion,Low
2854,BKAILN99731208,6248,16625,6,47,6910616,16.05,23,351031.3,3644402.27,2024-06-07,2026-04-28,Active,0.0,502,Vehicle Purchase,High
2855,BKAILN52890176,5902,7772,9,6,1828547,11.14,36,59985.59,435904.81,2020-03-23,2023-03-08,Active,2227024.12,336,Business Expansion,High
2856,BKAILN16912707,8300,16116,2,5,1058560,17.95,14,84366.77,263176.4,2018-05-21,2019-07-15,Active,0.0,574,Agriculture,High
2857,BKAILN30648117,9119,8541,9,27,959139,13.08,54,23592.9,415855.04,2019-10-17,2024-03-24,Active,1427554.01,838,Personal Expenses,Low
2858,BKAILN80414048,55,15102,5,80,2177600,9.59,18,130369.58,1612066.85,2020-01-10,2021-07-03,Default,2713181.77,507,Education,High
2859,BKAILN52229719,255,10917,7,53,1913054,12.96,12,170832.87,236460.41,2021-05-08,2022-05-03,Active,0.0,765,Agriculture,Low
2860,BKAILN27860289,2684,6618,6,22,1783343,16.47,78,37387.06,1570706.14,2021-01-19,2027-06-17,Active,0.0,808,Home Purchase,Low
2861,BKAILN23519765,4035,12511,5,98,259346,8.72,7,38134.13,218876.2,2025-01-31,2025-08-29,Active,440059.22,780,Business Expansion,Low
2862,BKAILN84326116,6737,3953,11,35,1131709,12.69,29,45518.12,249223.6,2024-04-13,2026-08-31,Active,1359284.16,461,Education,High
2863,BKAILN17479376,248,893,11,13,206209,10.65,45,5578.26,65135.69,2022-04-13,2025-12-23,Active,248288.92,434,Personal Expenses,High
2864,BKAILN86124869,1571,7646,9,43,4818903,13.72,22,248986.05,748061.0,2021-10-08,2023-07-30,Active,7277681.54,800,Education,Low
2865,BKAILN60445832,4684,1836,10,99,1834246,7.97,60,37165.57,1332946.0,2017-03-30,2022-03-04,Active,2370501.59,799,Personal Expenses,Low
2866,BKAILN62628267,4031,7782,8,49,1288454,11.03,152,15767.35,873243.01,2025-07-01,2037-12-25,Active,1453144.57,355,Personal Expenses,High
2867,BKAILN88879758,2386,9552,4,42,1485417,12.14,109,22557.41,412984.79,2016-09-30,2025-09-13,Active,0.0,491,Personal Expenses,High
2868,BKAILN32303841,9733,5243,12,22,7522664,13.2,20,421080.4,1185760.64,2023-10-02,2025-05-24,Active,0.0,742,Education,Medium
2869,BKAILN61644555,2369,15904,9,88,323701,13.34,24,15441.08,95726.01,2023-09-02,2025-08-22,Active,492339.93,328,Vehicle Purchase,High
2870,BKAILN59617744,6355,14509,1,87,1082800,10.22,295,10044.92,289077.75,2023-09-14,2047-12-07,Active,1939450.11,557,Medical,High
2871,BKAILN96264811,7522,9121,10,15,7344968,9.12,101,104432.37,7116391.14,2017-09-19,2026-01-05,Active,11635142.87,501,Medical,High
2872,BKAILN91793575,355,11153,6,32,991342,14.87,115,16219.44,424978.32,2018-12-21,2028-06-01,Active,0.0,381,Vehicle Purchase,High
2873,BKAILN35647441,230,187,6,62,1224705,14.93,58,29768.31,264780.54,2020-02-26,2024-12-01,Active,0.0,486,Agriculture,High
2874,BKAILN93184327,1606,8811,2,71,1124904,14.68,50,30209.01,875070.82,2018-06-09,2022-07-18,Active,0.0,472,Working Capital,High
2875,BKAILN33181077,5455,4266,11,87,71673,11.02,47,1884.54,36715.71,2023-12-10,2027-10-20,Active,125936.65,300,Vehicle Purchase,High
2876,BKAILN66750039,6688,14605,11,54,2260467,9.91,31,82949.01,1555222.44,2023-07-05,2026-01-20,Closed,4034752.02,446,Home Purchase,High
2877,BKAILN32887525,4736,10647,11,98,603504,13.23,76,11768.14,195245.41,2025-02-07,2031-05-07,Active,843099.36,573,Education,High
2878,BKAILN74217225,1167,11313,1,20,971694,9.22,189,9763.99,358102.66,2023-01-11,2038-07-21,Closed,1108761.35,512,Vehicle Purchase,High
2879,BKAILN42315629,1279,6106,4,21,369132,11.68,35,12495.63,242588.55,2025-03-01,2028-01-15,Default,0.0,673,Education,Medium
2880,BKAILN48986459,4618,5352,12,65,1729902,15.66,18,108457.66,850037.94,2024-10-23,2026-04-16,Active,0.0,690,Medical,Medium
2881,BKAILN49503706,4752,17161,1,99,3930231,9.3,288,34156.41,637746.55,2017-04-18,2040-12-13,Active,4424117.31,438,Agriculture,High
2882,BKAILN19338435,896,2023,10,57,4136022,8.92,28,164166.51,487110.11,2018-03-07,2020-06-24,Active,5358737.17,898,Medical,Low
2883,BKAILN48810829,928,8681,12,11,1115385,10.93,32,40339.23,320339.68,2018-10-06,2021-05-23,Active,0.0,724,Home Purchase,Medium
2884,BKAILN78929391,7467,18011,8,41,933994,9.14,130,11344.36,275830.99,2025-05-25,2036-01-28,Active,1265657.73,834,Agriculture,Low
2885,BKAILN64108227,345,18574,1,45,474598,9.98,233,4617.44,144823.47,2019-08-24,2038-10-13,Active,833424.18,640,Education,High
2886,BKAILN68307680,2854,15430,8,13,636400,10.66,235,6461.97,616132.82,2024-04-30,2043-08-19,Active,754461.92,381,Working Capital,High
2887,BKAILN52627143,5698,7060,10,16,68749,7.58,26,2875.59,65889.01,2022-08-24,2024-10-12,Active,117649.2,491,Home Purchase,High
2888,BKAILN33729599,4926,656,8,71,805400,9.7,79,13834.0,476125.3,2025-02-22,2031-08-20,Active,1443210.15,628,Home Purchase,High
2889,BKAILN97897588,9423,7785,12,10,769126,14.16,27,33430.88,542185.84,2024-05-22,2026-08-10,Active,0.0,896,Business Expansion,Low
2890,BKAILN24844015,9622,4448,12,85,80891,15.52,30,3270.39,70802.95,2017-06-10,2019-11-27,Active,0.0,762,Education,Low
2891,BKAILN54396042,721,4871,9,52,3406900,11.84,31,128099.95,1432082.85,2016-07-11,2019-01-27,Active,5264157.7,605,Education,High
2892,BKAILN85903655,2223,15347,8,19,1748262,9.85,170,19111.97,233870.34,2024-07-27,2038-07-14,Active,2008838.76,475,Medical,High
2893,BKAILN10408648,8367,4416,1,33,4590112,9.91,246,43682.89,2354243.81,2020-05-24,2040-08-07,Default,5263272.66,805,Medical,Low
2894,BKAILN68018636,6314,2750,11,91,959239,10.93,69,18786.34,143201.11,2023-07-03,2029-03-03,Active,1176222.23,554,Education,High
2895,BKAILN88709104,6935,3617,1,12,1736545,8.44,331,13544.97,264217.4,2021-01-01,2048-03-10,Active,2739199.75,728,Home Purchase,Medium
2896,BKAILN39038461,6751,677,9,100,2113104,10.72,55,48796.39,2010601.99,2017-12-21,2022-06-28,Active,3030773.95,795,Medical,Low
2897,BKAILN67473172,141,11154,4,46,1859314,9.37,173,19629.32,1261527.49,2020-12-19,2035-03-06,Active,0.0,805,Home Purchase,Low
2898,BKAILN89260909,8275,1169,11,45,75515,9.65,77,1319.3,50078.54,2020-11-01,2027-02-28,Default,92941.83,349,Working Capital,High
2899,BKAILN18835872,6430,1579,7,48,4453831,14.6,91,81206.43,1492587.27,2024-01-30,2031-07-22,Active,0.0,727,Education,Medium
2900,BKAILN92047147,8792,6898,10,53,588729,8.91,86,9286.93,392866.64,2016-12-14,2024-01-07,Active,692752.13,617,Vehicle Purchase,High
2901,BKAILN68445577,7191,10907,10,48,696449,7.04,29,26186.51,128298.47,2017-09-14,2020-02-01,Active,824059.27,789,Home Purchase,Low
2902,BKAILN33805265,5280,1719,5,92,2834986,8.56,21,145843.17,1928249.44,2021-07-12,2023-04-03,Active,4437814.7,435,Agriculture,High
2903,BKAILN59287907,3333,10650,1,10,946502,10.29,269,9023.84,819000.76,2020-07-18,2042-08-22,Closed,1625846.78,783,Medical,Low
2904,BKAILN13458795,3400,16141,5,70,199136,9.98,21,10374.11,50521.25,2024-04-30,2026-01-20,Active,282919.62,345,Home Purchase,High
2905,BKAILN11292395,9786,806,2,74,511581,10.52,30,19467.52,425363.1,2024-06-01,2026-11-18,Active,0.0,714,Personal Expenses,Medium
2906,BKAILN44994717,5119,8712,12,77,467766,13.62,31,17983.75,256716.72,2025-04-18,2027-11-04,Active,0.0,705,Medical,Medium
2907,BKAILN27748100,7071,3430,10,3,420195,7.87,97,5868.64,414594.5,2023-08-11,2031-07-30,Active,665115.11,754,Home Purchase,Low
2908,BKAILN88886725,5195,12553,3,70,877656,11.1,25,39483.11,549634.27,2021-10-15,2023-11-04,Active,1520088.23,843,Agriculture,Low
2909,BKAILN81436260,699,5775,5,30,40184816,10.62,25,1798835.63,10897064.84,2021-07-21,2023-08-10,Active,61263463.2,364,Personal Expenses,High
2910,BKAILN60699756,607,2030,7,66,3069618,9.96,175,33321.4,1525755.42,2016-11-20,2031-04-06,Active,0.0,537,Working Capital,High
2911,BKAILN34121821,9379,526,4,2,366067,11.61,143,4737.21,108368.79,2017-06-25,2029-03-24,Active,0.0,561,Education,High
2912,BKAILN24946716,6988,16120,11,52,1217001,11.45,83,21293.56,207595.42,2018-02-12,2024-12-07,Active,1397816.37,463,Agriculture,High
2913,BKAILN58389938,9050,4286,1,97,4120953,8.45,216,37186.89,1563449.34,2017-08-03,2035-05-01,Active,6653415.85,731,Working Capital,Medium
2914,BKAILN63606786,3173,17269,5,26,4764172,10.11,35,157741.65,3432474.73,2025-04-21,2028-03-06,Active,8179562.49,863,Agriculture,Low
2915,BKAILN54391342,3689,6007,7,88,751247,12.81,17,48556.8,168054.99,2025-01-05,2026-05-30,Active,0.0,714,Medical,Medium
2916,BKAILN76597532,8461,13921,2,3,2069854,13.08,37,68279.17,749987.9,2016-07-29,2019-08-13,Active,0.0,839,Home Purchase,Low
2917,BKAILN56581929,4479,2850,9,66,470329,12.7,52,11807.35,270454.29,2018-09-15,2022-12-23,Active,715854.12,557,Personal Expenses,High
2918,BKAILN80646997,2178,1502,9,26,7580050,11.84,31,285011.01,3881520.65,2025-03-28,2027-10-14,Active,13192434.98,527,Home Purchase,High
2919,BKAILN52773072,7933,12576,11,92,8751703,12.34,27,372868.29,879789.91,2021-10-03,2023-12-22,Active,14388770.88,494,Medical,High
2920,BKAILN22502794,7120,7337,7,20,22130843,14.22,65,490186.07,7806804.03,2020-03-18,2025-07-20,Active,0.0,664,Agriculture,Medium
2921,BKAILN20092311,7269,17285,7,21,4896192,13.4,176,63696.32,1819231.66,2020-10-30,2035-04-15,Active,0.0,650,Working Capital,Medium
2922,BKAILN89922138,6191,10046,12,4,81548,13.47,12,7301.64,57306.15,2019-12-24,2020-12-18,Closed,0.0,388,Home Purchase,High
2923,BKAILN26965667,7310,17049,1,32,9284510,10.11,270,87282.54,3686373.74,2017-11-29,2040-02-02,Active,14115770.78,736,Personal Expenses,Medium
2924,BKAILN35939489,7401,8931,8,85,6882500,10.67,144,84937.1,5407690.66,2020-03-21,2032-01-18,Active,8934751.46,417,Education,High
2925,BKAILN62142685,2929,14886,9,48,269231,12.41,22,13745.57,248171.19,2023-01-02,2024-10-23,Active,367096.08,670,Working Capital,Medium
2926,BKAILN63594514,4889,5555,11,24,172874,12.8,24,8202.51,73492.87,2020-06-20,2022-06-10,Active,233487.36,542,Vehicle Purchase,High
2927,BKAILN19135154,9212,15352,8,50,8003550,9.12,125,99412.03,2247385.05,2017-09-02,2027-12-09,Active,12510330.13,311,Education,High
2928,BKAILN97434553,4367,7364,8,4,1632827,9.22,121,20773.66,1293817.97,2021-07-17,2031-06-25,Active,2387836.57,577,Personal Expenses,High
2929,BKAILN10994343,4941,13904,12,66,212913,11.94,16,14460.35,71023.48,2016-11-15,2018-03-10,Active,0.0,848,Home Purchase,Low
2930,BKAILN69784727,9010,14946,9,25,154523,12.7,37,5068.99,127434.24,2020-07-30,2023-08-14,Active,181181.26,659,Business Expansion,Medium
2931,BKAILN80805306,8115,6472,6,9,489823,17.22,27,22010.71,421379.88,2020-03-10,2022-05-29,Active,0.0,540,Medical,High
2932,BKAILN92856483,8939,17129,2,93,258562,14.77,27,11313.86,182776.68,2017-02-16,2019-05-07,Active,0.0,706,Agriculture,Medium
2933,BKAILN44578963,8095,13266,8,84,659377,12.08,160,8311.39,643743.3,2019-02-12,2032-04-04,Default,1016098.16,428,Agriculture,High
2934,BKAILN54826370,7473,17590,8,48,3645941,9.15,235,33405.15,2548625.32,2019-09-07,2038-12-26,Active,4927544.28,444,Medical,High
2935,BKAILN43706716,5589,8828,6,17,2108603,17.98,88,43288.61,1686003.62,2023-01-02,2030-03-26,Default,0.0,544,Personal Expenses,High
2936,BKAILN22358622,9891,64,2,58,1586103,17.73,56,41835.58,634318.3,2019-02-27,2023-10-04,Active,0.0,755,Agriculture,Low
2937,BKAILN84294434,3219,6330,8,52,399945,10.65,169,4577.89,364577.51,2021-02-11,2034-12-30,Closed,523294.1,549,Education,High
2938,BKAILN21884443,542,3285,6,21,3513072,13.26,13,291598.35,2714248.06,2017-03-25,2018-04-19,Active,0.0,479,Vehicle Purchase,High
2939,BKAILN70264249,7721,1386,12,30,1749408,12.92,16,119612.01,738860.42,2018-09-18,2020-01-11,Active,0.0,884,Personal Expenses,Low
2940,BKAILN54258452,5024,12154,1,50,394953,9.06,256,3490.85,359041.42,2024-10-01,2045-10-11,Active,656067.69,521,Medical,High
2941,BKAILN99799364,5111,10140,7,75,1581328,14.31,169,21797.25,754959.24,2022-11-12,2036-09-29,Active,0.0,607,Business Expansion,High
2942,BKAILN46876840,2304,19024,1,38,777428,9.74,358,6679.87,96718.7,2018-05-25,2047-10-20,Active,1301787.79,323,Education,High
2943,BKAILN32747779,980,18870,2,75,189647,11.17,34,6532.69,132246.8,2018-10-01,2021-07-17,Active,0.0,854,Personal Expenses,Low
2944,BKAILN24073320,6048,85,3,100,2904001,11.59,30,111963.71,1610999.42,2018-08-09,2021-01-25,Active,4388718.7,341,Working Capital,High
2945,BKAILN14622056,3891,1250,10,40,47501179,8.05,50,1121394.02,35663780.78,2024-10-26,2028-12-04,Active,84739199.15,825,Home Purchase,Low
2946,BKAILN38349941,3937,13641,1,1,407644,10.19,203,4219.83,322818.0,2017-08-23,2034-04-26,Closed,482224.02,580,Personal Expenses,High
2947,BKAILN87567826,1344,15532,5,77,725912,8.59,9,83571.19,485070.57,2018-07-22,2019-04-18,Active,1131653.58,433,Business Expansion,High
2948,BKAILN27291597,297,12079,10,74,1879818,8.14,91,27752.68,1017159.13,2024-10-06,2032-03-28,Active,2615594.13,882,Medical,Low
2949,BKAILN65881973,296,12616,7,38,64310,9.64,157,722.28,26128.83,2024-07-31,2037-06-23,Active,0.0,521,Vehicle Purchase,High
2950,BKAILN14479122,1910,12178,6,26,393525,15.42,37,13430.74,340488.44,2025-06-20,2028-07-04,Active,0.0,723,Home Purchase,Medium
2951,BKAILN96820500,8840,572,6,39,3812141,12.54,113,57643.09,2257209.42,2019-03-20,2028-06-30,Default,0.0,875,Personal Expenses,Low
2952,BKAILN31875264,4634,1036,1,43,33909359,8.85,190,332360.11,24239737.28,2024-05-30,2040-01-07,Closed,50834182.17,515,Personal Expenses,High
2953,BKAILN96429058,9489,2412,11,89,668930,13.31,42,20010.27,125979.81,2019-02-23,2022-08-06,Active,736511.36,825,Agriculture,Low
2954,BKAILN81221755,702,8558,8,89,14865743,10.54,66,297757.17,10536930.45,2021-10-11,2027-03-14,Default,25202581.75,687,Vehicle Purchase,Medium
2955,BKAILN74970584,8421,6551,3,78,49390941,10.67,26,2136084.41,39329860.49,2021-11-03,2023-12-23,Active,81564603.05,632,Home Purchase,High
2956,BKAILN86084203,5012,17019,4,46,287080,10.41,78,5080.44,232850.56,2019-04-25,2025-09-20,Active,0.0,719,Home Purchase,Medium
2957,BKAILN11913628,5234,1878,8,96,2792165,9.88,177,30021.62,2016572.16,2021-08-03,2036-02-16,Active,3301217.31,580,Business Expansion,High
2958,BKAILN98203816,1789,4430,4,88,12496721,11.34,122,173014.69,10469454.33,2019-09-24,2029-10-01,Active,0.0,611,Vehicle Purchase,High
2959,BKAILN58471823,7068,2567,9,35,1721937,13.66,12,154332.43,1256577.43,2022-09-17,2023-09-12,Active,2358418.29,630,Education,High
2960,BKAILN54738376,2387,19295,11,33,413007,13.34,72,8365.04,268841.73,2024-11-05,2030-10-05,Active,645504.26,424,Agriculture,High
2961,BKAILN65207272,1252,4317,2,16,991114,11.33,51,24576.41,404878.17,2017-02-05,2021-04-15,Active,0.0,438,Agriculture,High
2962,BKAILN13077765,2009,13755,12,59,96159,13.88,22,4975.64,71027.56,2023-08-28,2025-06-18,Active,0.0,524,Agriculture,High
2963,BKAILN62107433,8273,10074,6,13,254575,17.87,92,5100.14,173727.44,2017-05-08,2024-11-27,Active,0.0,496,Vehicle Purchase,High
2964,BKAILN86692166,224,11231,5,94,2094900,9.18,11,199297.92,314663.47,2018-04-16,2019-03-12,Active,3743549.95,824,Home Purchase,Low
2965,BKAILN34042098,1406,862,10,90,839342,9.29,105,11707.34,199061.76,2021-01-17,2029-09-02,Active,1482980.76,803,Education,Low
2966,BKAILN60080124,5564,11016,8,12,4445310,10.0,91,69884.37,2480666.22,2019-01-30,2026-07-22,Active,7495280.77,386,Working Capital,High
2967,BKAILN36608482,2101,18078,12,40,3779122,16.35,17,250543.87,846353.66,2023-12-05,2025-04-28,Active,0.0,795,Personal Expenses,Low
2968,BKAILN61534044,5151,3486,11,84,6359825,12.18,60,142049.96,1071397.08,2018-07-31,2023-07-05,Active,11132396.37,476,Vehicle Purchase,High
2969,BKAILN60046723,3722,1985,3,28,225953,8.86,64,4442.89,217575.74,2021-06-07,2026-09-09,Active,385103.3,440,Education,High
2970,BKAILN47848920,4069,15237,5,83,58211,10.55,13,4758.16,21662.1,2020-09-29,2021-10-24,Active,76559.19,385,Home Purchase,High
2971,BKAILN85613339,7642,13091,6,80,8978356,13.35,90,158409.78,4351625.46,2024-01-30,2031-06-22,Closed,0.0,613,Personal Expenses,High
2972,BKAILN38412678,5697,506,10,58,2771046,8.75,78,46707.48,1893093.54,2020-08-11,2027-01-07,Active,3641165.84,365,Vehicle Purchase,High
2973,BKAILN25191101,1737,9263,10,64,138024,8.87,69,2560.86,76662.2,2020-11-23,2026-07-25,Active,243184.45,753,Working Capital,Low
2974,BKAILN39984206,3858,4532,11,27,2604121,10.24,26,112104.94,561781.78,2023-11-27,2026-01-15,Active,4139990.71,883,Business Expansion,Low
2975,BKAILN15324195,7992,3752,5,15,655987,8.7,9,75555.06,603570.03,2022-01-20,2022-10-17,Active,911377.41,798,Working Capital,Low
2976,BKAILN25761559,5276,12090,2,67,244024,16.44,27,10873.38,225027.68,2024-10-30,2027-01-18,Active,0.0,806,Education,Low
2977,BKAILN37715582,7307,2268,7,36,872764,11.16,65,17952.39,645962.95,2022-04-20,2027-08-22,Active,0.0,894,Personal Expenses,Low
2978,BKAILN47459286,805,1981,6,20,401302,17.05,78,8544.9,231051.97,2019-12-03,2026-04-30,Active,0.0,614,Vehicle Purchase,High
2979,BKAILN63316671,7513,3825,9,16,1143490,12.21,22,58274.08,1099117.92,2020-09-14,2022-07-06,Active,1487239.84,851,Business Expansion,Low
2980,BKAILN68808094,8485,9558,7,48,3847720,9.87,55,87253.77,1382876.93,2020-04-20,2024-10-26,Active,0.0,727,Personal Expenses,Medium
2981,BKAILN76505927,5360,9336,4,16,4684713,11.27,86,79643.67,909298.18,2019-09-03,2026-09-26,Active,0.0,725,Working Capital,Medium
2982,BKAILN73912626,7242,1812,5,40,3440829,9.88,33,119498.96,2585757.09,2025-03-02,2027-11-17,Active,5232777.06,362,Working Capital,High
2983,BKAILN33097318,5759,19260,6,23,4033961,17.78,15,301901.08,782171.98,2022-07-25,2023-10-18,Active,0.0,782,Education,Low
2984,BKAILN53824193,1714,16321,10,61,250224,8.88,57,5396.6,102025.54,2021-05-25,2026-01-29,Active,388351.38,466,Working Capital,High
2985,BKAILN30660019,388,6057,7,17,1145995,11.26,178,13270.29,635749.21,2023-10-09,2038-05-23,Active,0.0,438,Business Expansion,High
2986,BKAILN47392210,8414,15117,1,54,1351061,9.19,351,11110.28,1003383.78,2023-10-01,2052-07-30,Active,2388372.32,409,Agriculture,High
2987,BKAILN62307777,3197,5878,8,8,139255,12.33,172,1728.79,136026.83,2023-09-13,2037-10-29,Active,224803.98,650,Home Purchase,Medium
2988,BKAILN26992753,3563,13007,7,33,5952228,13.51,22,306956.1,1952786.78,2019-09-03,2021-06-24,Active,0.0,659,Vehicle Purchase,Medium
2989,BKAILN49926537,959,13498,2,19,569724,11.28,15,40900.15,309079.47,2021-04-17,2022-07-11,Active,0.0,334,Education,High
2990,BKAILN64726521,450,11054,2,67,1477793,16.77,27,66084.1,385629.38,2016-08-12,2018-10-31,Active,0.0,890,Medical,Low
2991,BKAILN71126821,7495,5518,2,22,2752858,17.62,39,93218.3,812890.21,2022-04-15,2025-06-28,Active,0.0,346,Personal Expenses,High
2992,BKAILN14426279,1345,15931,5,100,4125093,9.85,36,132814.83,3874118.96,2020-01-17,2023-01-01,Active,5012297.48,707,Personal Expenses,Medium
2993,BKAILN30185467,3406,17355,11,29,161896,12.97,52,4086.19,21010.44,2023-03-09,2027-06-16,Active,217758.18,894,Education,Low
2994,BKAILN47400714,9016,19971,3,52,3131453,9.43,55,70343.06,2153461.23,2021-01-16,2025-07-24,Active,4823777.57,570,Agriculture,High
2995,BKAILN88590173,4058,6436,1,85,3753726,8.88,148,41822.62,1472940.21,2021-05-24,2033-07-20,Active,4946266.81,778,Personal Expenses,Low
2996,BKAILN19779161,827,4877,1,79,3597509,8.55,347,28017.28,2813567.39,2017-02-26,2045-08-28,Active,4742628.49,689,Working Capital,Medium
2997,BKAILN14413389,5410,348,5,27,593321,8.88,24,27073.06,148485.29,2025-02-17,2027-02-07,Active,926864.93,769,Education,Low
2998,BKAILN57953155,1416,2787,4,75,31843777,12.3,71,633521.94,3459778.07,2021-01-17,2026-11-17,Active,0.0,850,Agriculture,Low
2999,BKAILN78273896,5518,3738,6,24,2780709,16.27,105,49814.33,566771.46,2016-12-21,2025-08-06,Active,0.0,803,Education,Low
3000,BKAILN43119886,8951,8430,11,10,3700460,11.32,74,69700.61,3301936.04,2024-01-14,2030-02-11,Active,5642644.47,656,Working Capital,Medium
3001,BKAILN79901055,8528,7719,8,56,95423,12.38,159,1223.75,31729.9,2017-12-28,2031-01-19,Active,165999.88,672,Personal Expenses,Medium
3002,BKAILN57202059,9443,5981,10,50,2199864,8.68,42,60923.88,1154299.21,2023-04-28,2026-10-09,Active,2755766.89,415,Agriculture,High
3003,BKAILN35020294,2345,15878,7,47,546411,13.04,18,33585.84,79648.25,2022-10-29,2024-04-21,Active,0.0,350,Medical,High
3004,BKAILN21676352,4340,4654,12,88,1089119,12.95,32,40430.76,985984.72,2022-11-14,2025-07-01,Active,0.0,763,Personal Expenses,Low
3005,BKAILN93497069,4561,18697,5,42,2954916,9.35,11,281349.55,1379579.05,2017-10-26,2018-09-21,Active,4747527.97,815,Personal Expenses,Low
3006,BKAILN13996877,7723,5698,7,66,8315349,13.58,44,240970.57,2435063.29,2019-10-10,2023-05-22,Active,0.0,616,Working Capital,High
3007,BKAILN85337373,1023,8611,10,3,1373356,8.51,92,20374.32,1149462.34,2019-10-29,2027-05-20,Active,1540312.72,847,Medical,Low
3008,BKAILN62305779,8005,7621,7,18,126856,13.48,124,1900.74,81449.72,2021-06-21,2031-08-28,Active,0.0,439,Personal Expenses,High
3009,BKAILN35178823,3046,18570,3,57,1161387,9.35,33,40047.98,216832.29,2016-10-14,2019-07-01,Active,1780347.69,892,Business Expansion,Low
3010,BKAILN89576137,5325,3482,2,29,1972853,15.78,62,46732.75,1573198.24,2023-07-23,2028-08-25,Active,0.0,603,Agriculture,High
3011,BKAILN74277208,1077,3064,7,66,3947371,13.97,13,328960.96,1798438.48,2020-12-12,2022-01-06,Active,0.0,612,Education,High
3012,BKAILN65135274,3561,14177,11,75,1702404,9.52,33,58838.39,675266.43,2021-01-08,2023-09-25,Active,2307543.71,355,Working Capital,High
3013,BKAILN65359240,9590,14511,2,52,4721285,17.77,70,108794.14,2938600.93,2017-01-24,2022-10-25,Active,0.0,688,Education,Medium
3014,BKAILN36454607,4128,5082,3,38,4974772,9.39,41,142308.74,1547387.23,2022-04-04,2025-08-16,Active,7793678.93,575,Agriculture,High
3015,BKAILN27607983,1765,19345,3,62,310807,10.15,31,11439.97,58707.91,2023-11-16,2026-06-03,Active,382339.51,608,Business Expansion,High
3016,BKAILN89312122,5986,17710,11,31,1708672,12.43,75,32878.32,868571.3,2024-05-03,2030-07-01,Active,2000265.74,480,Working Capital,High
3017,BKAILN52658039,6988,6612,1,87,852934,9.39,172,9039.63,650313.09,2023-03-07,2037-04-22,Active,1130852.23,522,Medical,High
3018,BKAILN69893254,1395,11748,2,34,367427,15.73,21,20128.76,287963.65,2023-04-23,2025-01-12,Active,0.0,567,Medical,High
3019,BKAILN29745581,535,13044,4,70,3269589,12.25,153,42324.97,2008507.12,2019-05-25,2031-12-18,Active,0.0,444,Vehicle Purchase,High
3020,BKAILN23418988,9244,16851,6,11,864327,16.41,100,15910.49,519452.41,2017-12-10,2026-02-26,Active,0.0,886,Education,Low
3021,BKAILN39123202,8476,14209,6,15,367218,17.59,88,7454.15,148664.83,2020-10-23,2028-01-15,Active,0.0,505,Agriculture,High
3022,BKAILN99683091,3882,12536,8,61,1404033,11.42,158,17216.64,426636.66,2022-10-19,2035-10-11,Active,2214675.01,795,Personal Expenses,Low
3023,BKAILN10054856,6355,14781,12,18,268944,12.06,6,46413.82,217976.8,2020-06-01,2020-11-28,Default,0.0,609,Agriculture,High
3024,BKAILN69564466,9044,14820,8,41,4326209,12.45,73,84804.2,2830529.43,2024-10-09,2030-10-08,Active,7719751.19,686,Agriculture,Medium
3025,BKAILN53782353,20,8536,12,51,529935,12.05,36,17614.08,269072.37,2024-02-24,2027-02-08,Active,0.0,642,Agriculture,High
3026,BKAILN56398291,7210,13703,2,76,333903,12.71,41,10082.24,176664.71,2021-04-04,2024-08-16,Active,0.0,588,Vehicle Purchase,High
3027,BKAILN78377590,5409,10556,2,21,396071,12.43,57,9235.53,300268.54,2017-11-28,2022-08-04,Active,0.0,523,Education,High
3028,BKAILN81911375,5977,18972,4,14,1795500,8.96,77,30744.79,507059.28,2022-01-15,2028-05-13,Active,0.0,667,Personal Expenses,Medium
3029,BKAILN75463132,6669,6428,8,54,239777,10.43,191,2577.65,163632.98,2017-07-06,2033-03-14,Active,429626.54,532,Personal Expenses,High
3030,BKAILN91268171,4413,12102,2,7,1416917,11.08,26,61549.73,584317.97,2021-10-08,2023-11-27,Active,0.0,499,Working Capital,High
3031,BKAILN79861588,5465,10659,9,89,4257035,13.0,20,237889.13,2750325.41,2024-10-25,2026-06-17,Active,6861107.48,454,Business Expansion,High
3032,BKAILN57811450,4136,10159,8,93,1792361,11.03,239,18558.5,1316188.59,2019-02-26,2038-10-14,Active,2301958.05,372,Home Purchase,High
3033,BKAILN59668050,2604,15889,10,82,46926373,8.2,119,577438.95,25582436.69,2021-06-16,2031-03-26,Active,52702816.73,323,Home Purchase,High
3034,BKAILN91558768,8004,10502,4,10,2970833,9.97,142,35712.31,2654060.88,2018-02-11,2029-10-11,Active,0.0,884,Home Purchase,Low
3035,BKAILN23763362,5941,1369,10,35,1241629,7.08,102,16235.63,1203946.76,2016-07-13,2024-11-28,Active,1609577.24,717,Business Expansion,Medium
3036,BKAILN10586896,2939,19174,8,89,345483,9.17,99,4987.34,61923.23,2021-12-09,2030-01-26,Active,549316.48,329,Business Expansion,High
3037,BKAILN26985016,3943,15781,12,65,184592,11.06,20,10148.73,184462.0,2021-08-09,2023-04-01,Active,0.0,629,Home Purchase,High
3038,BKAILN41123805,3205,6906,5,32,1223375,9.84,35,40351.14,434149.55,2019-05-27,2022-04-11,Active,1462522.66,691,Vehicle Purchase,Medium
3039,BKAILN49538981,1462,6831,12,6,1696912,15.7,16,118234.42,250737.43,2016-08-15,2017-12-08,Active,0.0,441,Home Purchase,High
3040,BKAILN25939547,7952,15861,7,95,1051438,13.14,77,20281.57,640716.87,2017-02-26,2023-06-25,Closed,0.0,597,Medical,High
3041,BKAILN93960365,8706,5230,4,12,443709,9.64,83,7345.4,370953.56,2017-06-07,2024-04-01,Active,0.0,402,Home Purchase,High
3042,BKAILN21402615,447,17827,7,8,960832,13.16,157,12856.95,671836.61,2018-05-20,2031-04-12,Active,0.0,416,Medical,High
3043,BKAILN42181519,5861,13864,9,40,4011831,12.01,37,130275.53,3264699.99,2017-12-27,2021-01-10,Active,5675986.56,624,Business Expansion,High
3044,BKAILN31815890,5017,546,2,85,1112329,15.04,36,38581.04,1092051.67,2018-11-12,2021-10-27,Active,0.0,701,Vehicle Purchase,Medium
3045,BKAILN97898707,3134,11968,10,99,1495905,7.43,40,42334.73,967078.98,2025-05-22,2028-09-03,Active,2275352.97,324,Agriculture,High
3046,BKAILN34737868,7286,12583,10,41,1708626,7.72,55,36984.24,910265.2,2017-06-14,2021-12-20,Active,2142830.94,832,Vehicle Purchase,Low
3047,BKAILN58612756,8976,11308,9,93,1129037,12.51,23,55462.85,828584.25,2019-01-21,2020-12-11,Active,1428038.82,870,Education,Low
3048,BKAILN10525272,7317,8881,1,8,1830568,8.42,294,14729.98,1090124.37,2022-01-17,2046-03-12,Active,2410913.46,444,Personal Expenses,High
3049,BKAILN94170418,9782,17355,1,31,856645,10.44,293,8092.25,127799.6,2018-08-21,2042-09-14,Active,1148827.12,557,Home Purchase,High
3050,BKAILN90187864,7437,5647,4,77,609550,9.2,94,9123.22,91012.64,2024-09-29,2032-06-19,Active,0.0,453,Personal Expenses,High
3051,BKAILN97943849,3467,6811,6,90,2900120,17.95,26,135457.84,2280566.15,2019-12-19,2022-02-06,Active,0.0,736,Education,Medium
3052,BKAILN37904295,3508,9926,3,47,252965,9.88,53,5909.11,136649.57,2023-08-30,2028-01-06,Active,352260.15,401,Working Capital,High
3053,BKAILN88311373,9287,9960,9,39,242689,10.3,51,5895.97,154868.46,2023-08-02,2027-10-10,Active,390186.01,333,Vehicle Purchase,High
3054,BKAILN49206585,8324,11597,8,70,3793459,10.28,113,52533.5,3722037.07,2017-07-16,2026-10-27,Active,4638497.24,727,Vehicle Purchase,Medium
3055,BKAILN17013813,6494,15204,8,77,3355844,10.53,209,35100.9,690801.67,2021-11-23,2039-01-23,Active,4647117.33,674,Agriculture,Medium
3056,BKAILN32238753,6960,8597,5,49,4457433,10.59,8,579532.9,2101889.87,2021-10-14,2022-06-11,Closed,6327137.22,617,Personal Expenses,High
3057,BKAILN78077657,3008,16533,10,48,1643911,8.07,120,20006.03,1189140.06,2025-06-05,2035-04-14,Active,2531047.6,525,Vehicle Purchase,High
3058,BKAILN24751071,3022,7348,2,72,4640917,13.63,71,95577.44,1218072.23,2023-09-25,2029-07-25,Active,0.0,478,Vehicle Purchase,High
3059,BKAILN72281794,4319,19337,5,61,781889,10.1,18,46993.98,145690.63,2017-06-10,2018-12-02,Active,1336946.12,823,Working Capital,Low
3060,BKAILN54492725,8196,9611,11,74,1189557,9.89,67,23176.65,1173322.29,2017-04-25,2022-10-26,Active,1569267.54,532,Business Expansion,High
3061,BKAILN20625718,2126,230,7,74,232545,12.75,69,4772.32,122349.59,2017-06-24,2023-02-23,Active,0.0,629,Business Expansion,High
3062,BKAILN66858737,418,18499,9,70,208297,9.9,54,4795.8,188366.49,2022-04-13,2026-09-19,Active,290843.15,514,Business Expansion,High
3063,BKAILN13757910,5934,16081,1,47,3351519,8.96,120,42383.11,3049490.72,2020-06-06,2030-04-15,Active,5943927.28,363,Medical,High
3064,BKAILN22053370,8417,6127,5,70,237491,10.73,15,16988.82,58569.71,2022-02-21,2023-05-17,Active,373605.37,601,Agriculture,High
3065,BKAILN26029722,5482,3959,6,78,1475625,12.9,16,100878.93,1085296.74,2025-02-10,2026-06-05,Active,0.0,618,Medical,High
3066,BKAILN22438773,6943,19234,8,36,48873541,10.29,174,541703.11,44593446.09,2018-02-17,2032-06-03,Active,87525887.04,711,Working Capital,Medium
3067,BKAILN82221951,2624,15873,2,60,31016333,11.79,81,557067.36,13151766.37,2016-09-13,2023-05-10,Active,0.0,673,Agriculture,Medium
3068,BKAILN68379596,342,17162,10,83,1372118,8.86,28,54424.07,966313.54,2017-12-16,2020-04-04,Active,1751205.67,329,Agriculture,High
3069,BKAILN59048480,9607,12575,2,75,423104,10.65,33,14846.78,332780.72,2018-07-04,2021-03-20,Active,0.0,565,Personal Expenses,High
3070,BKAILN46047061,9704,2787,4,32,187024,11.32,177,2177.52,79049.87,2020-02-27,2034-09-11,Active,0.0,824,Personal Expenses,Low
3071,BKAILN26104259,3777,7657,12,61,4353684,13.67,33,159019.03,3133185.86,2018-01-28,2020-10-14,Active,0.0,389,Education,High
3072,BKAILN29401369,8023,16490,4,63,173275,9.31,92,2641.87,154295.18,2020-04-14,2027-11-04,Active,0.0,400,Agriculture,High
3073,BKAILN33176317,828,16630,4,19,4709023,9.48,154,52967.26,3331913.27,2023-05-08,2035-12-31,Active,0.0,476,Home Purchase,High
3074,BKAILN88668903,5788,15592,5,15,1001687,8.85,15,70786.64,606625.77,2016-10-10,2018-01-03,Active,1393114.94,561,Home Purchase,High
3075,BKAILN46908995,1598,16337,5,6,4479690,10.92,27,187880.87,1199391.83,2018-06-01,2020-08-19,Active,5851636.45,436,Medical,High
3076,BKAILN99599642,7750,18808,11,22,1532207,12.64,39,48111.62,1514227.9,2022-12-27,2026-03-11,Active,2658741.86,649,Business Expansion,High
3077,BKAILN30932277,7971,13712,8,71,1591685,9.78,122,20639.21,391599.15,2016-12-23,2026-12-31,Active,1841879.32,642,Vehicle Purchase,High
3078,BKAILN27813227,4389,324,7,59,252047,10.47,35,8387.9,56260.23,2019-09-27,2022-08-12,Active,0.0,408,Agriculture,High
3079,BKAILN54653615,719,3291,7,14,383518,11.06,174,4433.04,82487.94,2019-01-20,2033-05-06,Active,0.0,551,Vehicle Purchase,High
3080,BKAILN78281165,9593,19448,10,33,480166,8.13,100,6626.14,83720.63,2019-03-09,2027-05-26,Active,805564.92,592,Vehicle Purchase,High
3081,BKAILN26850975,1766,14673,12,47,1118122,14.06,10,119143.43,903661.07,2022-09-10,2023-07-07,Active,0.0,613,Vehicle Purchase,High
3082,BKAILN51535377,8468,2236,10,38,1305883,7.01,45,33085.0,624969.58,2022-01-30,2025-10-11,Active,2168646.61,796,Education,Low
3083,BKAILN13340342,4097,7807,6,11,1571241,11.94,77,29307.74,1408304.92,2025-04-23,2031-08-20,Active,0.0,534,Vehicle Purchase,High
3084,BKAILN74922822,2171,14461,3,95,705349,9.0,84,11348.42,209425.19,2019-08-05,2026-06-29,Active,881868.84,796,Working Capital,Low
3085,BKAILN34969585,4719,15559,5,18,2688571,10.51,11,257446.22,1907970.89,2019-08-05,2020-06-30,Active,3475080.44,400,Personal Expenses,High
3086,BKAILN41703306,2642,7692,3,77,4025919,8.89,43,109672.6,3819265.02,2024-12-13,2028-06-25,Closed,4574935.45,739,Personal Expenses,Medium
3087,BKAILN83292639,2937,13601,8,29,9454166,9.73,155,107365.19,9179016.31,2023-05-20,2036-02-11,Active,13444086.74,664,Business Expansion,Medium
3088,BKAILN80836023,2007,3268,9,78,4335276,12.22,35,147870.31,3187501.46,2019-03-07,2022-01-20,Active,6524141.75,395,Education,High
3089,BKAILN55553766,3082,10116,9,26,993142,10.04,57,21978.6,278503.63,2023-05-17,2028-01-21,Active,1730813.48,626,Personal Expenses,High
3090,BKAILN34863017,4769,4861,12,36,283209,11.09,25,12739.4,200365.3,2019-03-02,2021-03-21,Active,0.0,520,Home Purchase,High
3091,BKAILN97957395,8159,5594,1,40,406876,9.63,140,4848.8,148123.68,2024-01-02,2035-07-03,Active,512334.25,828,Medical,Low
3092,BKAILN16690769,2401,9939,10,15,783881,9.21,74,13923.89,743268.71,2019-06-14,2025-07-12,Active,1099135.98,379,Education,High
3093,BKAILN57736211,2349,17709,8,27,21843507,11.68,131,295760.28,9731521.86,2020-07-24,2031-04-28,Active,32940771.17,378,Personal Expenses,High
3094,BKAILN12797162,2359,15296,8,57,8005448,10.77,151,97021.39,1148660.46,2019-07-04,2031-11-28,Active,10893046.48,603,Business Expansion,High
3095,BKAILN65163746,8806,11430,11,61,1315714,12.96,38,42397.57,1295483.4,2025-03-24,2028-05-07,Active,1465104.85,695,Medical,Medium
3096,BKAILN59137409,8240,2443,10,50,40268023,9.34,72,732666.39,7327582.23,2016-08-06,2022-07-06,Active,63833582.44,575,Home Purchase,High
3097,BKAILN22532064,2284,19522,3,85,663134,9.1,61,13619.04,646499.05,2020-03-07,2025-03-11,Active,882725.7,415,Home Purchase,High
3098,BKAILN61484985,7445,9661,12,72,445635,15.72,36,15605.67,54441.69,2020-07-24,2023-07-09,Active,0.0,337,Education,High
3099,BKAILN76345446,6162,7293,11,10,2669946,10.9,79,47507.61,1212111.94,2016-07-06,2023-01-01,Active,4719408.81,585,Business Expansion,High
3100,BKAILN37383592,7225,5217,5,33,362039,9.11,34,12121.64,337738.46,2017-02-11,2019-11-28,Active,623634.3,462,Personal Expenses,High
3101,BKAILN47244689,5828,10989,7,22,137746,13.6,44,3993.1,93614.18,2022-02-03,2025-09-15,Active,0.0,312,Vehicle Purchase,High
3102,BKAILN81457663,862,12303,12,35,27496919,15.04,28,1170483.72,11812643.34,2023-11-07,2026-02-24,Active,0.0,760,Business Expansion,Low
3103,BKAILN19273745,1779,14032,10,6,6585819,9.53,95,98995.44,4347495.26,2019-10-07,2027-07-27,Active,11451239.01,527,Agriculture,High
3104,BKAILN47575488,3008,8359,6,1,2776488,12.64,84,49967.95,2104405.14,2018-05-02,2025-03-26,Active,0.0,625,Home Purchase,High
3105,BKAILN55419618,8640,12099,11,46,1840761,12.47,37,60180.89,228392.77,2019-05-11,2022-05-25,Default,3061586.34,546,Medical,High
3106,BKAILN44888723,2179,11451,7,94,1678257,10.93,79,29888.17,1317596.73,2016-11-05,2023-05-03,Active,0.0,794,Education,Low
3107,BKAILN76403700,8651,10742,11,8,433368,11.82,27,18357.96,170727.42,2020-02-24,2022-05-14,Active,632973.83,899,Personal Expenses,Low
3108,BKAILN64231161,7194,17120,9,87,470511,13.38,39,14943.09,92358.07,2019-10-07,2022-12-20,Active,692101.83,856,Vehicle Purchase,Low
3109,BKAILN92800188,9723,5057,6,60,966506,11.76,120,13732.79,658321.53,2024-09-15,2034-07-25,Active,0.0,876,Medical,Low
3110,BKAILN57092217,7413,1822,8,47,54427,12.15,65,1146.97,44708.86,2024-09-03,2030-01-05,Active,81185.75,797,Education,Low
3111,BKAILN31168076,9247,9470,1,10,660027,9.52,182,6865.92,228523.83,2020-12-07,2035-11-19,Active,1171941.23,793,Medical,Low
3112,BKAILN89378806,4361,1305,7,10,4383583,12.21,147,57610.65,3488674.39,2016-11-04,2028-12-01,Default,0.0,836,Personal Expenses,Low
3113,BKAILN71588582,9684,1871,2,71,4964965,16.74,16,348378.67,2860436.69,2024-05-13,2025-09-05,Active,0.0,721,Medical,Medium
3114,BKAILN21319336,707,532,8,52,1372730,9.76,223,13359.02,743064.99,2023-08-09,2041-12-02,Active,1907608.71,348,Personal Expenses,High
3115,BKAILN61174167,1169,17832,8,2,1945022,10.02,60,41345.11,842883.52,2024-01-08,2028-12-12,Active,3059343.69,707,Home Purchase,Medium
3116,BKAILN27771565,1913,5547,9,90,475078,13.6,27,20523.43,90365.57,2025-04-09,2027-06-28,Active,828275.79,443,Medical,High
3117,BKAILN88922990,1834,171,10,49,5643029,7.13,24,252985.66,2488140.66,2017-04-09,2019-03-30,Closed,6981285.22,575,Agriculture,High
3118,BKAILN40785793,2941,18306,10,20,2166372,8.55,73,38163.32,375663.66,2024-08-11,2030-08-10,Active,3601152.53,735,Working Capital,Medium
3119,BKAILN24569033,1031,15883,2,3,4474949,14.76,44,132303.95,2189918.26,2024-02-21,2027-10-03,Active,0.0,449,Education,High
3120,BKAILN21224422,8492,4651,6,42,462453,12.77,50,11974.87,340133.42,2023-09-28,2027-11-06,Active,0.0,460,Vehicle Purchase,High
3121,BKAILN66227868,3527,8032,11,48,10132454,11.6,45,278748.27,3697933.89,2023-08-04,2027-04-15,Active,18014222.5,441,Business Expansion,High
3122,BKAILN22092716,3381,4269,11,2,3856534,11.35,44,107556.04,918896.36,2023-04-29,2026-12-09,Active,4659464.64,710,Agriculture,Medium
3123,BKAILN92536017,1013,1439,8,39,1144293,10.49,178,12700.74,685632.34,2020-01-07,2034-08-21,Active,1658422.22,499,Medical,High
3124,BKAILN97341376,5110,19987,1,77,252738,9.82,354,2190.58,32472.22,2021-04-05,2050-05-03,Active,305727.34,744,Home Purchase,Medium
3125,BKAILN64631351,5639,15329,5,60,9994196,10.38,21,522496.66,6737637.67,2021-11-27,2023-08-19,Active,16931094.74,611,Business Expansion,High
3126,BKAILN79944153,7607,7045,4,19,1222621,11.25,139,15773.55,762685.63,2017-02-17,2028-07-19,Closed,0.0,478,Education,High
3127,BKAILN67491577,5003,11232,8,81,1039092,11.69,169,12563.53,822577.99,2022-01-30,2035-12-18,Active,1703394.75,596,Home Purchase,High
3128,BKAILN49444647,5884,6595,4,71,427529,12.07,31,16121.62,168327.78,2020-11-03,2023-05-22,Default,0.0,876,Education,Low
3129,BKAILN80310710,9809,13612,4,47,1198144,9.05,87,18830.38,992244.76,2019-09-24,2026-11-16,Active,0.0,435,Working Capital,High
3130,BKAILN19828101,1278,11975,5,87,127992,9.81,26,5484.48,39611.52,2023-03-29,2025-05-17,Active,197733.73,706,Home Purchase,Medium
3131,BKAILN42661775,9987,8957,2,21,3493741,17.36,23,179658.18,1015551.86,2023-10-12,2025-09-01,Active,0.0,662,Business Expansion,Medium
3132,BKAILN13044063,6048,14391,6,96,1208582,14.82,104,20701.87,608690.01,2018-10-09,2027-04-25,Active,0.0,673,Education,Medium
3133,BKAILN49580850,3621,496,2,5,83740,17.04,59,2105.43,51954.23,2018-04-11,2023-02-14,Active,0.0,571,Personal Expenses,High
3134,BKAILN84304128,140,17241,4,23,1286580,9.05,27,52845.97,873482.39,2020-06-30,2022-09-18,Active,0.0,493,Medical,High
3135,BKAILN90091267,8241,15590,3,11,1374893,11.58,75,25843.65,1061339.52,2024-08-12,2030-10-10,Active,1953936.55,534,Vehicle Purchase,High
3136,BKAILN25034708,4609,6513,3,65,4482692,10.15,81,76672.78,4461835.07,2017-12-26,2024-08-21,Active,5738266.65,690,Business Expansion,Medium
3137,BKAILN44838195,4033,18273,7,75,7625440,12.23,46,208481.66,4415677.89,2021-07-06,2025-04-16,Active,0.0,785,Working Capital,Low
3138,BKAILN33958920,3067,9429,3,44,2679205,11.34,84,46354.88,2468202.33,2020-05-13,2027-04-07,Active,3989595.94,856,Vehicle Purchase,Low
3139,BKAILN73514921,7300,17261,1,42,196573,9.89,360,1709.11,124312.02,2018-05-15,2047-12-09,Active,271195.72,412,Working Capital,High
3140,BKAILN89799865,2896,7044,4,31,1226442,10.76,32,44257.86,1200469.5,2024-01-25,2026-09-11,Active,0.0,741,Medical,Medium
3141,BKAILN95845468,6050,13118,12,89,4637527,15.51,7,697195.11,2946506.73,2023-04-24,2023-11-20,Active,0.0,487,Personal Expenses,High
3142,BKAILN25699798,1025,14579,11,45,1252452,12.49,30,48820.17,1034565.12,2020-01-06,2022-06-24,Active,1485544.73,397,Medical,High
3143,BKAILN51476699,5104,7219,11,71,2595882,10.32,59,56285.16,1046690.74,2024-02-09,2028-12-14,Active,3472914.46,893,Personal Expenses,Low
3144,BKAILN21250791,925,11463,2,36,6809855,13.93,20,383510.02,3828156.21,2017-12-31,2019-08-23,Active,0.0,898,Education,Low
3145,BKAILN67775504,1351,5054,6,1,303707,14.03,104,5062.01,85612.03,2016-10-08,2025-04-24,Active,0.0,427,Education,High
3146,BKAILN39827551,6505,14410,9,18,396666,11.39,46,10682.46,208211.85,2017-09-17,2021-06-28,Active,528105.26,622,Personal Expenses,High
3147,BKAILN52108009,6485,16974,12,43,3574964,16.17,7,538604.76,770721.52,2018-04-22,2018-11-18,Active,0.0,859,Vehicle Purchase,Low
3148,BKAILN52642504,5115,934,5,22,2992260,8.24,15,210617.27,533926.33,2024-07-24,2025-10-17,Active,4090612.47,854,Education,Low
3149,BKAILN59570071,2006,18018,2,42,4752839,14.38,62,109068.4,1543915.63,2020-12-01,2026-01-04,Active,0.0,536,Education,High
3150,BKAILN93231066,8447,14346,10,11,3673431,8.98,66,70733.48,3132950.63,2024-10-22,2030-03-25,Active,5929923.0,546,Vehicle Purchase,High
3151,BKAILN75585722,7683,9536,9,16,1145757,10.8,32,41367.73,921541.01,2022-03-23,2024-11-07,Active,1913886.03,761,Vehicle Purchase,Low
3152,BKAILN39754867,3969,14207,7,26,102574,14.02,100,1744.4,26414.77,2017-01-02,2025-03-21,Active,0.0,675,Personal Expenses,Medium
3153,BKAILN13117642,7480,12511,12,55,40414698,12.62,28,1673833.02,34132687.71,2023-05-29,2025-09-15,Active,0.0,644,Agriculture,High
3154,BKAILN56458323,3428,4455,10,50,60108,8.92,57,1297.51,28778.21,2024-12-21,2029-08-27,Active,92049.23,681,Vehicle Purchase,Medium
3155,BKAILN86343675,7143,17053,8,37,3089200,9.95,87,49982.8,2183861.2,2025-05-06,2032-06-28,Active,5209885.13,500,Medical,High
3156,BKAILN75534425,1732,12697,6,81,605034,15.08,110,10180.62,145113.43,2017-10-21,2026-11-03,Active,0.0,825,Business Expansion,Low
3157,BKAILN85031984,1734,17508,10,62,354991,7.65,98,4882.12,197147.09,2024-06-08,2032-06-26,Active,533548.22,525,Education,High
3158,BKAILN14293001,8519,14125,2,92,1600445,13.6,12,143398.3,171516.22,2017-02-25,2018-02-20,Active,0.0,823,Working Capital,Low
3159,BKAILN78500133,1759,13229,12,56,118769,11.25,19,6853.43,77580.59,2019-09-09,2021-04-01,Active,0.0,472,Business Expansion,High
3160,BKAILN67274194,2988,11293,8,44,932490,12.32,111,14116.37,294070.5,2024-03-16,2033-04-28,Active,1115571.63,800,Personal Expenses,Low
3161,BKAILN24797571,6282,7029,7,77,2534941,13.13,28,105599.44,1681775.1,2020-09-30,2023-01-18,Active,0.0,645,Education,High
3162,BKAILN48564109,1991,7677,8,43,182032,9.33,144,2105.56,160479.98,2024-06-17,2036-04-15,Active,325988.53,499,Medical,High
3163,BKAILN52319309,4991,8289,5,69,1152561,9.21,28,45901.3,428026.78,2020-07-02,2022-10-20,Active,1868798.11,738,Personal Expenses,Medium
3164,BKAILN73226359,4580,1311,4,100,6066157,10.96,166,71129.13,3572788.98,2019-10-13,2033-06-01,Active,0.0,801,Medical,Low
3165,BKAILN93169248,9219,14052,2,89,1895315,13.05,38,61157.2,898776.38,2018-01-26,2021-03-11,Active,0.0,728,Personal Expenses,Medium
3166,BKAILN45382693,1430,836,5,55,307927,8.88,34,10277.03,96848.9,2017-02-26,2019-12-13,Active,511513.75,554,Personal Expenses,High
3167,BKAILN76952269,808,7744,3,78,1434356,10.74,70,27664.06,1368835.03,2023-09-28,2029-06-28,Active,2354249.64,731,Agriculture,Medium
3168,BKAILN26375051,1835,17032,8,24,5796574,11.99,184,68991.96,3494256.88,2017-11-01,2032-12-12,Default,7199814.24,780,Home Purchase,Low
3169,BKAILN75179947,3246,4431,1,7,4609990,8.74,354,36361.99,1220997.6,2019-10-09,2048-11-05,Active,7446075.3,416,Home Purchase,High
3170,BKAILN76891576,7652,17235,7,71,5809032,11.69,84,101584.75,3240842.92,2020-03-05,2027-01-28,Active,0.0,820,Vehicle Purchase,Low
3171,BKAILN90368504,1419,15012,6,78,4597191,16.97,92,89639.85,812654.45,2020-02-25,2027-09-16,Active,0.0,599,Agriculture,High
3172,BKAILN12785169,8830,6692,2,18,4971556,15.35,18,310968.99,4090248.66,2019-02-05,2020-07-29,Active,0.0,398,Agriculture,High
3173,BKAILN61709537,5423,1982,7,83,1884710,12.36,120,27433.79,223880.23,2025-04-21,2035-02-28,Active,0.0,491,Home Purchase,High
3174,BKAILN39924542,3539,11053,6,23,3143289,17.41,45,95604.53,1372129.8,2020-12-08,2024-08-19,Active,0.0,397,Vehicle Purchase,High
3175,BKAILN32090471,9677,15659,10,7,9779121,8.12,67,182019.48,9724776.52,2024-09-16,2030-03-19,Active,14453145.63,880,Working Capital,Low
3176,BKAILN60566523,2496,3721,4,82,3671141,10.59,132,47196.32,1849445.45,2019-02-19,2029-12-23,Closed,0.0,802,Medical,Low
3177,BKAILN94145276,3133,9968,6,72,643121,13.1,53,16045.67,605210.97,2023-04-16,2027-08-23,Active,0.0,824,Working Capital,Low
3178,BKAILN33537769,4583,3408,4,87,605955,12.42,40,18577.61,230645.41,2025-01-09,2028-04-23,Active,0.0,330,Medical,High
3179,BKAILN49239259,7207,4061,7,66,177742,13.44,58,4183.43,41625.97,2018-05-26,2023-03-01,Active,0.0,364,Personal Expenses,High
3180,BKAILN14706073,1698,16221,7,18,19469711,10.39,31,718807.76,12630561.52,2018-04-22,2020-11-07,Active,0.0,400,Vehicle Purchase,High
3181,BKAILN41667840,1314,7370,9,19,32621387,12.95,17,2110610.49,30659400.8,2017-04-17,2018-09-09,Active,51499367.08,731,Home Purchase,Medium
3182,BKAILN33045176,7888,3012,11,36,3633617,12.97,83,66533.55,1406528.94,2018-05-27,2025-03-21,Active,5549371.13,701,Home Purchase,Medium
3183,BKAILN70204171,7578,3164,7,87,4128365,11.24,148,51670.66,2053986.69,2023-02-06,2035-04-04,Closed,0.0,680,Personal Expenses,Medium
3184,BKAILN95487789,186,48,2,17,1955654,11.83,36,64797.02,1037372.63,2017-03-04,2020-02-17,Active,0.0,801,Personal Expenses,Low
3185,BKAILN39449231,9936,17862,10,64,1080174,9.59,111,14713.8,1030592.55,2022-04-01,2031-05-14,Active,1188250.34,310,Home Purchase,High
3186,BKAILN90671897,8376,15944,7,90,4365734,14.93,85,83510.93,2065648.22,2019-06-11,2026-06-04,Active,0.0,611,Medical,High
3187,BKAILN96996218,3392,15416,12,47,1719091,11.57,12,152393.56,947367.68,2020-12-26,2021-12-21,Active,0.0,326,Personal Expenses,High
3188,BKAILN48637194,3361,592,9,65,221798,11.16,30,8506.63,50787.44,2018-12-31,2021-06-18,Active,359993.7,728,Education,Medium
3189,BKAILN10405792,9372,9216,3,41,244323,9.31,53,5640.02,91698.83,2021-02-03,2025-06-12,Active,309550.26,682,Personal Expenses,Medium
3190,BKAILN67508347,40,6601,4,72,129005,8.89,169,1340.88,42302.43,2018-02-16,2032-01-04,Active,0.0,748,Home Purchase,Medium
3191,BKAILN25194209,7534,19253,8,31,3069832,12.37,75,58972.75,1766257.81,2017-06-22,2023-08-20,Active,5005437.84,579,Agriculture,High
3192,BKAILN84345302,8395,6890,10,71,1841448,8.44,43,49775.33,508841.76,2017-05-18,2020-11-28,Active,2600631.75,739,Agriculture,Medium
3193,BKAILN56787308,2958,4655,9,32,128460,12.11,45,3565.88,62985.85,2017-06-06,2021-02-15,Active,189730.96,687,Personal Expenses,Medium
3194,BKAILN87814640,9890,17131,11,4,46468302,11.91,69,933378.86,35291713.22,2022-11-22,2028-07-23,Active,62822188.6,416,Vehicle Purchase,High
3195,BKAILN62963758,7598,5046,10,93,6480671,8.21,97,91634.72,4245621.97,2016-10-03,2024-09-21,Active,8720444.11,854,Agriculture,Low
3196,BKAILN69477569,3751,19719,3,62,3695167,10.49,81,63851.61,3051778.63,2020-07-09,2027-03-05,Active,5457051.13,723,Business Expansion,Medium
3197,BKAILN58526535,3532,15923,10,36,8608815,7.14,95,118892.66,7792947.0,2019-01-24,2026-11-13,Active,10841696.83,333,Agriculture,High
3198,BKAILN57000902,1781,17307,3,69,253378,11.92,32,9282.0,183351.88,2019-04-08,2021-11-23,Active,367060.71,698,Business Expansion,Medium
3199,BKAILN34493048,4333,15307,10,52,1325134,8.61,64,25894.6,609819.49,2025-04-06,2030-07-09,Active,2333680.36,783,Working Capital,Low
3200,BKAILN40416605,8326,11630,8,68,396302,11.68,161,4884.21,236782.76,2023-12-08,2037-02-27,Active,623711.17,606,Home Purchase,High
3201,BKAILN12203348,5354,2124,1,35,358701,9.55,327,3085.67,350927.52,2017-09-06,2044-07-16,Active,556492.67,620,Vehicle Purchase,High
3202,BKAILN49416780,9263,12837,9,13,1222974,12.9,59,28099.7,1169382.67,2022-04-14,2027-02-17,Active,1620581.57,690,Personal Expenses,Medium
3203,BKAILN21351271,5305,7929,8,31,367299,11.53,206,4101.14,267346.11,2023-12-01,2040-11-01,Closed,483083.7,687,Home Purchase,Medium
3204,BKAILN85564893,3986,17614,3,89,2251173,10.36,32,80814.92,1178113.53,2018-08-24,2021-04-10,Active,3883272.42,747,Working Capital,Medium
3205,BKAILN30796249,615,16318,2,44,340502,12.39,42,10032.82,192094.04,2020-08-16,2024-01-28,Active,0.0,372,Home Purchase,High
3206,BKAILN98811079,2569,4708,1,34,1795575,9.16,339,14832.54,1679127.9,2021-08-14,2049-06-18,Active,2250449.09,899,Working Capital,Low
3207,BKAILN35439055,9369,18829,7,48,45975933,11.36,66,939927.35,16168631.69,2022-01-13,2027-06-16,Active,0.0,385,Personal Expenses,High
3208,BKAILN74642553,218,11444,7,95,608623,12.6,62,13405.71,240060.94,2018-12-15,2024-01-18,Active,0.0,342,Agriculture,High
3209,BKAILN49093494,673,16466,10,83,2875218,8.11,20,154180.06,2377938.05,2024-10-15,2026-06-07,Active,4207096.7,796,Personal Expenses,Low
3210,BKAILN79718531,9552,19743,4,97,352989,12.43,120,5152.5,77340.65,2021-12-24,2031-11-02,Active,0.0,751,Agriculture,Low
3211,BKAILN53005853,6281,1711,3,72,515614,10.39,84,8664.06,118620.85,2021-06-16,2028-05-10,Closed,748527.63,348,Business Expansion,High
3212,BKAILN19121702,8978,8908,10,35,3101734,7.29,95,43068.97,1893706.45,2019-07-31,2027-05-20,Default,4119612.24,864,Medical,Low
3213,BKAILN44022540,8362,14987,9,40,5582035,13.75,39,178288.54,4800589.41,2018-04-23,2021-07-06,Active,6341251.29,681,Home Purchase,Medium
3214,BKAILN46536109,6412,3542,6,47,36340013,13.79,31,1400085.95,24851223.95,2018-12-13,2021-06-30,Active,0.0,616,Business Expansion,High
3215,BKAILN58329159,477,11433,3,80,1910939,11.48,82,33733.59,835992.36,2018-06-16,2025-03-11,Active,2605190.69,356,Working Capital,High
3216,BKAILN22914378,9861,10106,11,63,274499,10.99,53,6560.72,168992.72,2020-02-29,2024-07-07,Active,487827.71,897,Personal Expenses,Low
3217,BKAILN62023375,300,19415,3,16,6599664,11.6,77,121924.51,4781558.78,2024-07-29,2030-11-25,Active,10802893.47,880,Personal Expenses,Low
3218,BKAILN19968315,9518,1612,7,17,3293866,14.49,81,63969.47,828417.93,2022-12-12,2029-08-07,Active,0.0,403,Agriculture,High
3219,BKAILN42664129,1602,8624,11,48,4652487,10.03,55,105865.6,1509246.55,2016-08-27,2021-03-04,Default,7111093.89,850,Medical,Low
3220,BKAILN58909245,6830,10483,8,52,3618486,10.87,63,75628.23,2038930.45,2023-06-23,2028-08-25,Default,4649712.66,457,Agriculture,High
3221,BKAILN87278282,5730,7053,7,70,442124,13.68,20,24847.21,187582.68,2017-06-24,2019-02-14,Active,0.0,869,Personal Expenses,Low
3222,BKAILN70942454,8855,3491,6,72,46473563,17.06,18,2944498.93,38307189.78,2017-02-18,2018-08-12,Active,0.0,641,Personal Expenses,High
3223,BKAILN49589196,4442,14015,8,53,9450189,11.17,130,125637.38,3901016.64,2024-03-21,2034-11-24,Active,15407445.31,416,Working Capital,High
3224,BKAILN48989511,5140,10897,5,31,3705710,8.33,8,477800.16,1674238.83,2021-01-24,2021-09-21,Active,5467516.97,670,Agriculture,Medium
3225,BKAILN41271631,9193,3352,4,55,273115,10.49,151,3264.59,95038.23,2022-12-09,2035-05-05,Active,0.0,435,Agriculture,High
3226,BKAILN83640844,8467,7658,7,52,4574897,14.85,142,68572.68,1742340.25,2024-06-01,2036-01-30,Active,0.0,464,Working Capital,High
3227,BKAILN67844270,1863,3581,9,57,246109,13.73,54,6134.81,41717.76,2023-04-07,2027-09-13,Closed,439283.71,653,Education,Medium
3228,BKAILN74771602,6231,2496,8,79,3286465,10.77,181,36798.64,833873.78,2020-07-03,2035-05-16,Active,4019339.51,412,Agriculture,High
3229,BKAILN76515425,4988,496,9,68,45075660,10.22,22,2255518.61,31344483.7,2022-06-09,2024-03-30,Active,53373371.49,621,Personal Expenses,High
3230,BKAILN68960261,7948,19326,5,74,3999312,8.08,20,214403.51,3084550.8,2024-05-01,2025-12-22,Active,5371272.12,649,Home Purchase,High
3231,BKAILN44990692,5469,10264,7,10,438379,10.19,74,8003.3,58665.02,2019-10-30,2025-11-27,Active,0.0,623,Education,High
3232,BKAILN70588281,786,12473,5,33,1577668,8.31,35,50914.5,252435.52,2025-06-08,2028-04-23,Active,2205811.04,389,Business Expansion,High
3233,BKAILN24653369,6220,9791,5,10,178684,8.92,12,15619.55,79166.47,2021-06-21,2022-06-16,Active,208513.37,745,Personal Expenses,Medium
3234,BKAILN12093972,95,15957,4,15,1066502,9.25,132,12903.93,578318.97,2018-06-12,2029-04-15,Active,0.0,370,Personal Expenses,High
3235,BKAILN81432879,3104,17782,11,63,230783,9.91,43,6398.17,201112.67,2018-12-21,2022-07-03,Active,359111.02,634,Agriculture,High
3236,BKAILN79602610,1124,12538,9,70,3652737,9.66,41,104955.59,528377.0,2019-09-13,2023-01-25,Active,4675755.19,832,Education,Low
3237,BKAILN43653903,5577,106,8,31,5263883,11.5,110,77636.74,2003209.23,2016-09-01,2025-09-14,Active,9242988.39,582,Home Purchase,High
3238,BKAILN17081243,468,5812,7,64,237494,13.19,78,4550.0,126220.32,2019-09-30,2026-02-25,Active,0.0,516,Agriculture,High
3239,BKAILN17952469,4289,6801,4,19,2769000,11.36,59,61468.73,2352136.51,2023-01-05,2027-11-10,Closed,0.0,631,Agriculture,High
3240,BKAILN44920241,9662,6752,1,7,1473765,9.0,132,17627.41,365309.0,2023-12-04,2034-10-07,Default,2402729.81,674,Working Capital,Medium
3241,BKAILN49725521,2377,13790,4,8,295491,12.35,168,3704.3,121756.51,2018-02-12,2031-12-01,Active,0.0,744,Home Purchase,Medium
3242,BKAILN44677178,3971,3751,12,50,1981824,10.65,23,95640.07,1447903.3,2025-05-18,2027-04-08,Active,0.0,391,Business Expansion,High
3243,BKAILN58413127,4728,5680,10,55,919671,8.84,23,43615.51,897704.8,2024-12-12,2026-11-02,Active,1641268.49,460,Agriculture,High
3244,BKAILN82178668,9780,10460,3,74,1881788,10.51,65,38092.19,797878.27,2023-03-21,2028-07-22,Active,2679194.54,492,Education,High
3245,BKAILN52236254,1674,5322,3,66,1084541,9.81,65,21575.61,543008.06,2018-07-09,2023-11-10,Active,1462782.91,675,Working Capital,Medium
3246,BKAILN20506156,2747,4182,7,81,3710610,10.61,60,79957.83,1072953.15,2024-11-06,2029-10-11,Active,0.0,303,Medical,High
3247,BKAILN48724833,5433,14879,11,37,320446,12.54,68,6607.0,114885.99,2022-02-14,2027-09-16,Active,467187.26,643,Medical,High
3248,BKAILN55848506,4078,11129,10,23,154960,8.27,78,2574.92,45498.92,2022-04-17,2028-09-12,Default,238061.95,496,Working Capital,High
3249,BKAILN30352012,4191,15409,2,14,39028162,14.18,48,1070029.49,24065083.65,2017-05-21,2021-04-30,Default,0.0,878,Personal Expenses,Low
3250,BKAILN28774471,3435,19076,6,44,2194718,13.91,25,101626.76,540123.12,2025-04-11,2027-05-01,Default,0.0,405,Business Expansion,High
3251,BKAILN26987285,2692,13412,3,30,268901,9.06,76,4662.8,112825.64,2019-04-10,2025-07-07,Active,344611.27,568,Agriculture,High
3252,BKAILN45792109,5274,4085,12,80,7679561,16.49,10,827185.44,3090777.92,2024-04-23,2025-02-17,Active,0.0,337,Personal Expenses,High
3253,BKAILN34991739,3207,5731,8,91,4847908,10.93,68,95949.65,1392555.57,2024-05-17,2029-12-17,Active,6767204.2,605,Medical,High
3254,BKAILN35270136,1419,1151,6,44,267328,13.49,46,7474.91,224610.02,2021-03-01,2024-12-10,Active,0.0,876,Personal Expenses,Low
3255,BKAILN95743764,2649,12484,4,1,102531,9.2,164,1100.6,77577.21,2019-03-26,2032-09-13,Active,0.0,747,Medical,Medium
3256,BKAILN11671120,7893,18373,6,56,1723226,14.01,14,134136.36,1689444.58,2018-09-11,2019-11-05,Active,0.0,682,Agriculture,Medium
3257,BKAILN85424941,7539,8942,10,50,48217765,8.71,84,768701.7,43310379.32,2024-02-13,2031-01-07,Active,74224712.71,597,Medical,High
3258,BKAILN79754603,6496,7136,11,58,397152,9.83,68,7640.67,80133.64,2021-09-22,2027-04-24,Active,672640.71,634,Medical,High
3259,BKAILN59523212,8837,8801,4,28,773816,9.16,145,8842.46,426728.81,2020-08-18,2032-07-16,Active,0.0,845,Agriculture,Low
3260,BKAILN71962654,3388,13192,3,94,8398245,11.72,27,355365.67,1476466.83,2017-01-15,2019-04-05,Active,13357756.76,559,Vehicle Purchase,High
3261,BKAILN71867511,5416,18785,12,54,3841079,11.71,6,662221.57,2735971.85,2023-03-16,2023-09-12,Active,0.0,447,Working Capital,High
3262,BKAILN54751230,2738,3324,9,22,368716,11.22,40,11091.38,99371.35,2023-09-12,2026-12-25,Active,473144.1,583,Agriculture,High
3263,BKAILN25493380,5194,4068,1,39,510266,9.2,284,4416.83,176185.97,2017-11-08,2041-03-07,Active,794635.38,898,Vehicle Purchase,Low
3264,BKAILN39417095,6794,8345,1,10,2059824,9.06,135,24385.2,1372507.23,2020-02-17,2031-03-21,Closed,3297007.53,711,Education,Medium
3265,BKAILN90490633,6519,430,7,38,3119633,11.17,46,83680.8,1113217.48,2023-07-03,2027-04-13,Active,0.0,516,Home Purchase,High
3266,BKAILN80856557,5529,6087,9,58,1984443,13.79,41,60967.94,1857814.47,2022-11-04,2026-03-18,Active,3154284.44,709,Agriculture,Medium
3267,BKAILN26499343,4255,5229,9,100,348000,13.35,13,28900.0,280143.49,2022-01-23,2023-02-17,Active,570182.81,699,Home Purchase,Medium
3268,BKAILN52702125,1269,2452,10,61,4550055,9.41,12,398774.65,2237669.78,2018-09-10,2019-09-05,Active,5791246.77,403,Medical,High
3269,BKAILN16903049,5053,7723,4,60,1906585,8.97,38,57822.09,193582.78,2020-03-09,2023-04-23,Active,0.0,698,Working Capital,Medium
3270,BKAILN10992437,3272,6107,9,44,153972,11.57,35,5204.12,60202.69,2024-03-19,2027-02-02,Closed,195250.11,325,Agriculture,High
3271,BKAILN82394996,4934,5174,5,19,900230,9.34,14,68118.82,425905.37,2018-10-31,2019-12-25,Active,1133175.06,597,Agriculture,High
3272,BKAILN25770383,4043,2493,4,46,4487251,8.85,101,63166.72,4259995.44,2018-03-06,2026-06-22,Active,0.0,882,Working Capital,Low
3273,BKAILN50464134,5322,5531,4,24,1540480,11.94,121,21953.19,425442.96,2017-08-02,2027-07-11,Active,0.0,385,Education,High
3274,BKAILN38417383,4189,19533,4,53,3295174,9.06,107,45002.23,2095822.93,2017-06-19,2026-04-03,Active,0.0,881,Personal Expenses,Low
3275,BKAILN10874542,7098,9452,8,12,3453435,10.1,121,45609.32,345726.77,2019-12-09,2029-11-16,Active,5450750.12,601,Business Expansion,High
3276,BKAILN24368187,6552,6450,6,19,211570,12.97,31,8068.4,190619.68,2020-06-05,2022-12-22,Active,0.0,314,Home Purchase,High
3277,BKAILN65487225,4876,5477,4,60,110307,11.1,170,1289.99,73429.37,2018-09-19,2032-09-05,Closed,0.0,505,Business Expansion,High
3278,BKAILN92034166,7103,15689,3,85,1934897,11.71,49,49866.63,1081033.18,2020-10-24,2024-11-02,Active,3407488.17,792,Personal Expenses,Low
3279,BKAILN27796129,7999,18381,11,95,252585,12.92,35,8699.99,45489.74,2016-08-31,2019-07-17,Active,318945.46,525,Education,High
3280,BKAILN93629867,1541,17697,2,46,3749167,16.72,12,341443.86,612838.62,2021-03-09,2022-03-04,Active,0.0,589,Personal Expenses,High
3281,BKAILN63462637,480,13721,6,66,587276,13.96,27,25470.73,573895.17,2021-11-04,2024-01-23,Closed,0.0,453,Education,High
3282,BKAILN92545662,2781,6226,9,21,2300444,11.56,32,83880.74,2121563.16,2019-02-28,2021-10-15,Active,3146490.57,677,Personal Expenses,Medium
3283,BKAILN48333001,7908,2333,9,11,314598,12.2,47,8452.99,261921.75,2024-11-20,2028-09-30,Active,539509.16,527,Education,High
3284,BKAILN89529360,2525,1154,8,60,4215278,9.74,226,40774.73,3730291.11,2017-08-17,2036-03-10,Active,4924101.47,442,Medical,High
3285,BKAILN42359208,9545,16290,1,98,1660667,10.03,182,17791.55,1176036.89,2018-07-31,2033-07-12,Active,1905338.57,422,Medical,High
3286,BKAILN62546360,126,18067,9,92,829954,13.21,41,25262.82,786769.62,2020-08-05,2023-12-18,Active,1390287.17,551,Education,High
3287,BKAILN46339848,3244,775,10,52,1355852,9.31,115,17864.29,1107218.95,2022-08-02,2032-01-12,Active,1849059.29,770,Home Purchase,Low
3288,BKAILN28954816,826,5675,7,76,4336604,12.4,91,73750.12,2727058.57,2024-02-13,2031-08-05,Active,0.0,749,Business Expansion,Medium
3289,BKAILN83781089,1904,2473,4,90,321434,8.54,25,14080.6,292050.34,2022-04-03,2024-04-22,Default,0.0,893,Personal Expenses,Low
3290,BKAILN47966456,3917,5598,10,57,3416029,8.23,36,107408.76,2098513.04,2022-05-14,2025-04-28,Active,4570088.92,589,Education,High
3291,BKAILN21605747,6190,19396,10,28,28855560,8.68,95,421018.08,9733896.15,2018-03-20,2026-01-07,Default,50445517.69,719,Agriculture,Medium
3292,BKAILN52967810,7910,9643,3,10,322433,9.64,27,13331.57,179060.78,2022-10-21,2025-01-08,Active,398871.65,314,Personal Expenses,High
3293,BKAILN38230660,8625,11467,7,11,4520692,14.6,56,111798.18,1917279.97,2024-01-23,2028-08-29,Active,0.0,846,Medical,Low
3294,BKAILN74271833,1744,6229,6,22,3725401,14.45,21,201834.73,3130305.04,2020-11-24,2022-08-16,Active,0.0,581,Home Purchase,High
3295,BKAILN23212915,9027,12047,2,68,1766556,16.32,34,65238.94,1547240.68,2017-12-10,2020-09-25,Active,0.0,423,Business Expansion,High
3296,BKAILN31878627,8360,19405,1,2,8109633,8.46,218,72944.12,6543558.72,2018-05-24,2036-04-19,Active,14436501.01,821,Vehicle Purchase,Low
3297,BKAILN16585354,2341,14844,1,13,123705,9.46,337,1049.64,56805.12,2024-08-02,2052-04-07,Active,206818.04,704,Education,Medium
3298,BKAILN92635780,3257,17426,8,30,3151976,10.85,222,32968.87,1619767.77,2016-08-21,2034-11-15,Active,3664948.26,378,Personal Expenses,High
3299,BKAILN79411548,2697,3093,12,28,25609135,10.77,8,3331775.57,15346941.75,2018-06-21,2019-02-16,Active,0.0,489,Business Expansion,High
3300,BKAILN51491256,6256,18583,12,60,4638509,12.29,22,236558.91,1607831.52,2025-04-08,2027-01-28,Active,0.0,602,Vehicle Purchase,High
3301,BKAILN43117326,4535,11787,3,1,3259643,11.34,60,71426.5,2059019.2,2024-06-23,2029-05-28,Active,4543471.9,531,Business Expansion,High
3302,BKAILN10557660,6343,3483,10,50,95429,8.09,97,1343.49,42947.15,2016-10-19,2024-10-07,Active,131036.82,788,Agriculture,Low
3303,BKAILN19510324,8387,3461,9,69,6136534,12.8,38,197268.99,3312952.92,2019-08-25,2022-10-08,Active,9030840.27,835,Agriculture,Low
3304,BKAILN32968631,1359,7289,10,100,1033540,7.42,111,12896.87,894608.09,2023-11-28,2033-01-09,Active,1360512.82,772,Medical,Low
3305,BKAILN24698693,7817,5164,11,25,63422,13.36,33,2307.06,61627.11,2018-02-02,2020-10-19,Active,95700.59,601,Home Purchase,High
3306,BKAILN84460057,9437,7061,2,45,272024,13.79,61,6228.1,160763.6,2017-09-05,2022-09-09,Active,0.0,671,Vehicle Purchase,Medium
3307,BKAILN31331780,6825,10409,12,50,3278112,14.82,30,131425.62,2374838.41,2021-05-25,2023-11-11,Default,0.0,390,Agriculture,High
3308,BKAILN21159179,1948,4599,12,5,1161709,12.17,27,49402.06,595430.63,2021-09-29,2023-12-18,Closed,0.0,414,Home Purchase,High
3309,BKAILN94711056,9662,6088,2,53,413115,14.42,14,32236.44,253119.91,2021-05-20,2022-07-14,Active,0.0,802,Working Capital,Low
3310,BKAILN81875278,773,16900,3,54,1232828,9.87,50,30172.95,1008808.19,2018-09-10,2022-10-19,Active,1799047.73,564,Agriculture,High
3311,BKAILN82502557,6122,7108,11,17,383292,12.54,68,7902.76,93885.92,2023-11-16,2029-06-17,Active,583386.32,807,Business Expansion,Low
3312,BKAILN47657263,121,1555,12,32,1004244,14.64,8,132519.61,109102.23,2023-01-25,2023-09-22,Active,0.0,314,Agriculture,High
3313,BKAILN54671468,7,4852,6,46,5133348,14.88,118,83053.76,4558794.24,2025-01-10,2034-09-20,Active,0.0,743,Personal Expenses,Medium
3314,BKAILN62467111,3161,12942,1,78,469885,9.76,329,4107.61,358008.52,2020-05-01,2047-05-10,Active,702261.75,577,Business Expansion,High
3315,BKAILN65433904,3177,12742,9,57,1059357,12.94,45,29837.35,665355.83,2020-12-02,2024-08-13,Active,1868879.8,381,Personal Expenses,High
3316,BKAILN93588541,1627,11716,2,35,4507047,13.92,70,94379.73,3649490.63,2017-12-14,2023-09-14,Active,0.0,693,Personal Expenses,Medium
3317,BKAILN14757605,5925,1251,9,69,1834903,11.95,17,117864.69,1496238.65,2023-08-31,2025-01-22,Active,2984599.0,783,Personal Expenses,Low
3318,BKAILN81519271,6316,14481,6,67,2683827,17.52,17,179417.58,462457.05,2019-07-06,2020-11-27,Default,0.0,849,Working Capital,Low
3319,BKAILN50105049,2757,720,1,13,736764,8.48,347,5701.69,684352.81,2020-08-02,2049-02-01,Active,1242582.35,382,Vehicle Purchase,High
3320,BKAILN68715559,3212,11722,4,57,1891986,10.71,68,37235.38,720400.09,2023-07-09,2029-02-07,Closed,0.0,845,Education,Low
3321,BKAILN49824577,5078,13002,4,84,2975604,10.14,65,59683.94,945375.15,2025-05-16,2030-09-17,Active,0.0,626,Medical,High
3322,BKAILN17682373,7738,18556,3,1,1745429,11.46,71,33965.48,939841.72,2024-05-12,2030-03-12,Active,2900069.35,492,Business Expansion,High
3323,BKAILN90086846,9409,12198,12,16,1844302,15.72,24,90056.21,297549.76,2020-10-19,2022-10-09,Active,0.0,319,Home Purchase,High
3324,BKAILN29124754,8630,847,4,45,261795,11.36,113,3782.73,256917.47,2024-11-12,2034-02-23,Active,0.0,334,Working Capital,High
3325,BKAILN15538231,6134,14708,6,21,1038575,11.16,114,14816.03,461140.56,2016-11-19,2026-04-01,Active,0.0,543,Agriculture,High
3326,BKAILN85759351,359,10500,3,25,545598,11.36,81,9675.45,142393.44,2019-02-17,2025-10-13,Active,951924.38,517,Business Expansion,High
3327,BKAILN47478261,8511,19918,12,25,421648,11.86,21,22332.85,358443.76,2017-12-20,2019-09-11,Active,0.0,456,Education,High
3328,BKAILN37448319,3052,9087,4,15,8991750,11.09,147,112090.88,7902139.08,2021-02-24,2033-03-23,Default,0.0,632,Vehicle Purchase,High
3329,BKAILN68681727,5645,17356,9,44,4534716,10.77,38,141368.22,2254555.83,2020-01-17,2023-03-02,Active,6499965.6,592,Personal Expenses,High
3330,BKAILN27104672,9167,11902,9,12,684046,11.17,31,25504.4,417978.5,2020-06-22,2023-01-08,Active,879515.64,851,Education,Low
3331,BKAILN46740740,4664,18344,3,62,1184170,10.92,55,27461.73,537583.93,2019-07-22,2024-01-27,Active,1517764.16,369,Personal Expenses,High
3332,BKAILN34032400,8148,15941,5,73,15190779,9.33,19,863120.76,4161365.28,2025-04-19,2026-11-10,Closed,22280494.85,749,Home Purchase,Medium
3333,BKAILN11229796,5416,997,7,86,4809668,13.17,141,67208.0,1704799.67,2016-09-21,2028-04-21,Active,0.0,478,Working Capital,High
3334,BKAILN52679982,1857,11343,8,30,261518,10.87,135,3364.98,121937.49,2016-11-06,2027-12-09,Active,304629.34,714,Business Expansion,Medium
3335,BKAILN98708709,8340,13999,5,41,4186353,10.68,27,175110.43,2767907.32,2020-01-27,2022-04-16,Active,6162950.54,740,Vehicle Purchase,Medium
3336,BKAILN24363603,5485,12111,7,89,714926,14.11,25,33172.44,338377.63,2018-08-13,2020-09-01,Active,0.0,337,Education,High
3337,BKAILN85327737,7412,6412,7,41,3568910,11.2,46,95784.05,2287623.85,2017-04-03,2021-01-12,Active,0.0,797,Medical,Low
3338,BKAILN47315464,9843,17002,3,7,144321,8.77,76,2481.66,79439.74,2024-08-06,2030-11-03,Active,164800.84,384,Vehicle Purchase,High
3339,BKAILN40721019,9936,2238,8,25,477578,12.41,140,6471.66,325074.94,2017-10-20,2029-04-20,Active,575374.24,484,Business Expansion,High
3340,BKAILN80380028,4449,12781,9,77,3636731,13.06,52,91953.71,1536499.99,2022-09-17,2026-12-25,Active,5306265.34,310,Personal Expenses,High
3341,BKAILN72577661,874,4707,4,34,215486,9.05,140,2497.44,196229.97,2024-04-20,2035-10-20,Closed,0.0,494,Agriculture,High
3342,BKAILN17335930,6827,4819,10,55,1636253,8.58,56,35560.69,1008426.63,2025-03-09,2029-10-14,Active,2335194.33,503,Working Capital,High
3343,BKAILN21020180,2332,17365,9,88,1660543,13.53,48,44986.26,747171.25,2022-02-18,2026-01-28,Active,2941137.99,548,Education,High
3344,BKAILN29225189,2268,1248,11,24,3282263,13.22,61,74182.32,2067832.77,2025-01-02,2030-01-06,Closed,3821977.77,381,Business Expansion,High
3345,BKAILN49011107,1773,12705,6,86,388390,15.59,29,16159.52,136324.6,2019-10-15,2022-03-03,Active,0.0,632,Medical,High
3346,BKAILN13568037,7796,7928,8,37,3996931,9.03,197,38977.4,566032.82,2017-01-30,2033-04-06,Active,4888781.26,741,Personal Expenses,Medium
3347,BKAILN38032933,2300,7153,9,30,1393713,12.86,27,59720.81,1389373.61,2022-06-14,2024-09-01,Active,1746972.4,363,Working Capital,High
3348,BKAILN55805486,9872,13749,5,70,1508950,8.73,28,59761.21,387226.75,2019-06-21,2021-10-08,Active,2315754.84,584,Vehicle Purchase,High
3349,BKAILN92335158,8515,6405,4,95,33871512,8.87,58,720215.56,32105177.65,2021-05-27,2026-03-02,Active,0.0,813,Medical,Low
3350,BKAILN93185412,3055,9835,1,33,190108,9.32,150,2150.24,96095.59,2020-11-16,2033-03-13,Closed,216902.91,810,Working Capital,Low
3351,BKAILN80655899,7971,6911,5,15,295836,10.21,36,9574.99,129125.7,2024-04-07,2027-03-23,Active,481713.27,725,Education,Medium
3352,BKAILN78927405,3502,3262,5,2,1165413,8.47,31,41988.77,1130172.06,2022-05-14,2024-11-29,Active,1712953.01,680,Home Purchase,Medium
3353,BKAILN56972541,565,6138,4,63,1223436,11.93,166,15082.33,328738.44,2017-11-11,2031-07-01,Active,0.0,784,Education,Low
3354,BKAILN83464295,509,16011,7,32,2725588,11.18,40,81936.49,2552275.17,2023-09-06,2026-12-19,Active,0.0,828,Agriculture,Low
3355,BKAILN93281909,44,3834,12,73,1145010,15.85,28,49186.54,963977.82,2018-06-30,2020-10-17,Active,0.0,892,Vehicle Purchase,Low
3356,BKAILN26203862,8336,15454,4,1,1368321,11.48,85,23593.25,348848.06,2025-03-15,2032-03-08,Active,0.0,379,Home Purchase,High
3357,BKAILN58232485,6283,1616,1,68,143732,9.46,155,1609.68,19872.87,2023-08-19,2036-05-12,Active,217108.07,889,Home Purchase,Low
3358,BKAILN85867937,1633,3991,5,63,1437395,9.27,8,185976.38,378345.72,2019-06-27,2020-02-22,Active,2394978.68,660,Home Purchase,Medium
3359,BKAILN34536227,7617,6451,7,16,1344924,11.8,26,58874.39,654504.26,2017-06-18,2019-08-07,Active,0.0,339,Medical,High
3360,BKAILN56905263,2532,9024,6,12,210103,11.37,100,3260.5,169371.55,2020-04-23,2028-07-10,Active,0.0,362,Agriculture,High
3361,BKAILN65262142,1968,9112,10,22,1833180,9.44,111,24822.83,808445.29,2020-11-03,2029-12-16,Active,2525360.88,560,Vehicle Purchase,High
3362,BKAILN75646433,1600,565,1,98,4925893,8.29,359,37168.71,1658957.48,2020-07-12,2050-01-06,Active,6960988.83,577,Education,High
3363,BKAILN96194417,2315,6852,4,93,220455,12.34,61,4883.21,176883.01,2020-09-15,2025-09-19,Active,0.0,468,Working Capital,High
3364,BKAILN97441653,827,1172,1,3,1487161,8.51,190,14274.14,1485407.53,2020-10-10,2036-05-19,Closed,2090893.33,343,Business Expansion,High
3365,BKAILN78209692,9469,2794,2,37,3124619,14.47,60,73468.02,2996875.71,2018-06-27,2023-06-01,Active,0.0,608,Agriculture,High
3366,BKAILN76877501,5546,15104,10,43,3342310,8.93,61,68365.99,2284964.48,2024-12-19,2029-12-23,Active,4854246.14,679,Medical,Medium
3367,BKAILN44375943,6360,17564,2,82,435560,14.32,40,13757.45,254259.6,2017-03-07,2020-06-19,Active,0.0,581,Business Expansion,High
3368,BKAILN31587520,6602,9170,11,42,8077522,10.29,58,177343.14,7648552.08,2019-05-06,2024-02-09,Active,9885887.65,531,Business Expansion,High
3369,BKAILN85829223,7970,2718,8,24,180864,12.02,174,2200.04,49436.13,2021-06-13,2035-09-28,Active,204549.12,601,Medical,High
3370,BKAILN68287384,362,9853,2,15,1313838,15.2,80,26221.19,1224278.38,2016-10-25,2023-05-22,Active,0.0,300,Agriculture,High
3371,BKAILN74533810,5132,16472,1,56,251443,9.62,212,2470.3,54486.87,2019-01-11,2036-06-10,Active,291892.0,317,Working Capital,High
3372,BKAILN77323036,9696,13372,9,75,3349625,13.14,13,277843.39,675270.11,2023-04-13,2024-05-07,Active,4298561.01,437,Agriculture,High
3373,BKAILN47549647,2779,5654,2,4,1327732,15.44,52,35178.49,920946.86,2021-12-11,2026-03-20,Active,0.0,691,Education,Medium
3374,BKAILN71742142,6034,13295,6,81,2228467,16.42,79,46324.64,1295255.59,2021-07-31,2028-01-26,Default,0.0,865,Medical,Low
3375,BKAILN21467932,9962,6109,5,57,4126333,10.23,25,183966.0,4055817.79,2022-04-01,2024-04-20,Active,7181358.77,545,Education,High
3376,BKAILN20602752,9125,2915,8,50,939790,11.96,173,11420.4,623718.62,2017-10-24,2032-01-09,Active,1157387.22,813,Business Expansion,Low
3377,BKAILN51728737,5233,14910,8,97,112498,10.58,84,1901.49,99510.18,2019-12-29,2026-11-22,Default,158141.55,810,Business Expansion,Low
3378,BKAILN40556192,3913,1933,8,88,313177,11.19,76,5770.39,39285.96,2024-10-21,2031-01-18,Active,347862.37,392,Business Expansion,High
3379,BKAILN31698301,1785,11641,5,85,2033668,10.47,24,94285.23,1731047.88,2022-09-24,2024-09-13,Active,3334322.17,884,Business Expansion,Low
3380,BKAILN20133434,8483,10167,10,55,3118063,7.45,110,39202.77,1491854.62,2017-07-14,2026-07-27,Active,4060643.85,686,Business Expansion,Medium
3381,BKAILN94494521,9676,3417,6,38,2865532,17.33,93,56193.49,1084925.35,2020-07-13,2028-03-03,Active,0.0,345,Business Expansion,High
3382,BKAILN26279114,9283,15405,10,69,6880975,7.56,98,94319.5,5907563.35,2024-01-12,2032-01-30,Active,9379537.93,732,Agriculture,Medium
3383,BKAILN70802362,440,16462,9,82,1345503,13.49,20,75497.02,1156490.48,2019-01-24,2020-09-15,Active,2301636.61,768,Agriculture,Low
3384,BKAILN75826152,7106,15808,6,28,1630423,14.19,113,26227.54,1044150.38,2021-12-01,2031-03-14,Active,0.0,775,Home Purchase,Low
3385,BKAILN85958106,3913,9144,1,60,4199821,10.28,201,43878.41,3369549.12,2022-09-20,2039-03-25,Active,5310680.33,529,Business Expansion,High
3386,BKAILN45100338,6597,99,11,96,1679417,12.38,51,42514.66,539589.72,2020-06-29,2024-09-06,Active,2810254.06,676,Working Capital,Medium
3387,BKAILN88354657,2744,16644,3,68,160158,9.01,53,3674.06,90098.49,2021-10-11,2026-02-17,Closed,225369.48,873,Education,Low
3388,BKAILN17403416,8390,17126,12,69,4753788,15.15,36,165141.03,2179686.98,2019-11-24,2022-11-08,Active,0.0,523,Home Purchase,High
3389,BKAILN40178599,5023,9621,8,80,430430,11.09,209,4659.16,299584.32,2017-10-27,2034-12-27,Active,498513.08,588,Personal Expenses,High
3390,BKAILN49345327,9989,17316,5,81,4289894,10.68,20,235101.36,907917.87,2020-01-12,2021-09-03,Active,6830724.49,462,Agriculture,High
3391,BKAILN71089738,2925,8717,4,2,598599,9.52,132,7332.74,399879.84,2023-12-02,2034-10-05,Active,0.0,701,Agriculture,Medium
3392,BKAILN18303450,1033,2511,3,66,4991988,10.57,55,114908.71,4428352.96,2021-04-30,2025-11-05,Active,6882423.23,759,Personal Expenses,Low
3393,BKAILN99701973,367,4911,2,23,1779514,10.55,54,41535.02,1635462.44,2024-08-15,2029-01-21,Active,0.0,863,Business Expansion,Low
3394,BKAILN74756695,4207,2884,9,36,1156787,12.12,37,37625.1,209255.47,2018-05-24,2021-06-07,Active,1465123.3,392,Working Capital,High
3395,BKAILN93174603,1428,11435,6,84,884388,13.1,22,45437.76,418781.54,2024-08-29,2026-06-20,Active,0.0,608,Medical,High
3396,BKAILN45152963,3421,10669,1,23,987997,9.8,217,9735.24,115762.18,2021-10-08,2039-08-05,Closed,1395564.08,601,Working Capital,High
3397,BKAILN93928933,7863,15908,11,65,1366588,9.51,60,28707.57,1129292.97,2025-04-13,2030-03-18,Active,2126272.65,737,Medical,Medium
3398,BKAILN39000779,5671,804,5,74,7310759,8.19,31,262458.85,5803215.21,2022-06-03,2024-12-19,Active,8373594.1,623,Vehicle Purchase,High
3399,BKAILN95494249,6620,11928,4,13,5329477,12.35,43,154008.56,1268814.28,2018-10-16,2022-04-28,Active,0.0,563,Medical,High
3400,BKAILN41611553,8462,8693,3,97,9889289,11.73,29,393277.33,7805920.87,2020-09-08,2023-01-26,Active,17753523.42,586,Home Purchase,High
3401,BKAILN38356343,3918,18565,12,87,351916,14.16,9,41444.86,65300.96,2018-09-17,2019-06-14,Active,0.0,692,Education,Medium
3402,BKAILN26068986,1821,19908,11,22,49093082,10.48,84,827230.7,43401583.15,2023-12-31,2030-11-24,Active,68727720.84,801,Business Expansion,Low
3403,BKAILN97999094,2785,8791,3,47,455234,10.41,71,8614.67,356146.78,2022-10-28,2028-08-27,Active,536662.77,516,Personal Expenses,High
3404,BKAILN92267340,2447,7771,10,30,259705,7.27,69,4616.41,215233.91,2018-07-19,2024-03-19,Closed,302925.31,444,Working Capital,High
3405,BKAILN28426213,5098,11602,10,90,159872,7.37,105,2070.45,40097.79,2020-08-29,2029-04-14,Active,260283.32,771,Home Purchase,Low
3406,BKAILN83901796,2717,17428,5,86,558810,10.16,35,18515.3,390392.9,2020-06-30,2023-05-16,Active,649918.54,739,Education,Medium
3407,BKAILN27471367,9796,15998,2,1,3619697,14.52,28,153181.44,1665637.98,2024-06-01,2026-09-19,Active,0.0,684,Agriculture,Medium
3408,BKAILN43849796,2601,14182,11,26,415124,10.64,79,7330.57,102179.09,2017-06-19,2023-12-15,Active,719970.25,441,Medical,High
3409,BKAILN82678777,4590,15625,7,45,1213883,12.32,32,44698.36,1141630.06,2023-12-22,2026-08-08,Active,0.0,796,Vehicle Purchase,Low
3410,BKAILN99621011,551,12672,5,89,1428579,9.4,28,57019.1,147353.48,2024-08-17,2026-12-05,Active,2029681.59,606,Working Capital,High
3411,BKAILN25931832,9450,19243,4,48,3124430,9.21,87,49360.17,964648.72,2017-01-14,2024-03-08,Active,0.0,683,Home Purchase,Medium
3412,BKAILN13702916,7012,13878,9,23,285702,12.43,50,7349.79,230208.6,2019-05-28,2023-07-06,Active,463043.61,761,Home Purchase,Low
3413,BKAILN83543702,7798,5408,2,37,555108,15.79,34,20355.69,184930.63,2024-02-07,2026-11-23,Active,0.0,592,Education,High
3414,BKAILN85118187,772,16670,7,23,1936240,10.14,56,43542.31,1151270.24,2020-09-26,2025-05-03,Active,0.0,352,Personal Expenses,High
3415,BKAILN10525039,9722,8971,11,99,21478763,11.51,24,1006172.05,18138087.58,2018-12-30,2020-12-19,Active,28985426.46,417,Working Capital,High
3416,BKAILN11507679,2745,10327,11,12,6315476,10.54,60,135869.39,1374455.78,2018-12-27,2023-12-01,Active,10686485.75,894,Education,Low
3417,BKAILN54688897,4107,6937,3,22,48398079,10.31,59,1049151.76,40916888.27,2019-02-07,2023-12-13,Active,83737335.37,553,Home Purchase,High
3418,BKAILN81692871,1706,16080,4,14,603108,9.21,67,11547.28,67122.42,2025-02-21,2030-08-24,Active,0.0,792,Home Purchase,Low
3419,BKAILN87296542,2649,1638,7,70,9246743,12.48,49,241817.17,7550698.74,2019-03-14,2023-03-23,Active,0.0,678,Working Capital,Medium
3420,BKAILN48890188,9468,9197,2,15,388751,16.36,29,16319.36,242985.83,2019-01-30,2021-06-18,Active,0.0,767,Personal Expenses,Low
3421,BKAILN24183423,2392,10358,2,78,173055,13.3,19,10151.0,125846.25,2024-02-03,2025-08-26,Active,0.0,321,Vehicle Purchase,High
3422,BKAILN94383757,8033,2439,9,43,6135055,12.6,29,246494.99,3051750.05,2017-10-16,2020-03-04,Active,10704236.79,736,Education,Medium
3423,BKAILN68964116,8138,1692,12,6,4823434,15.43,28,206226.34,3901558.49,2024-08-02,2026-11-20,Active,0.0,609,Business Expansion,High
3424,BKAILN25355170,7704,5884,10,26,387751,9.44,106,5406.3,323109.27,2020-12-30,2029-09-14,Active,671551.82,452,Working Capital,High
3425,BKAILN82742034,7640,1851,11,49,329487,9.85,44,8952.19,324572.09,2024-04-07,2027-11-18,Active,512135.73,526,Working Capital,High
3426,BKAILN93746679,2424,12662,5,42,4922728,8.44,34,163293.18,3202913.07,2021-09-17,2024-07-03,Active,7473621.26,417,Working Capital,High
3427,BKAILN70471936,4324,761,2,98,1871936,14.07,41,57769.18,562939.29,2022-05-18,2025-09-29,Active,0.0,523,Business Expansion,High
3428,BKAILN61598472,5691,8701,10,73,725494,8.64,26,30696.88,251262.25,2023-06-21,2025-08-09,Active,935861.54,462,Working Capital,High
3429,BKAILN70415806,9800,3696,2,45,4429655,15.5,76,91847.28,3866389.07,2021-10-18,2028-01-15,Active,0.0,366,Medical,High
3430,BKAILN92814795,4470,1619,7,68,947776,12.69,22,48512.61,269575.33,2018-11-02,2020-08-23,Active,0.0,590,Business Expansion,High
3431,BKAILN21510470,6514,15422,1,76,3680774,10.4,226,37190.01,1083439.66,2017-08-20,2036-03-13,Closed,6456442.43,495,Education,High
3432,BKAILN86085656,444,14112,7,36,1967969,13.9,85,36514.79,1195607.02,2021-09-22,2028-09-15,Active,0.0,888,Business Expansion,Low
3433,BKAILN13419583,8853,12534,1,43,1706333,9.09,148,19214.35,1406110.27,2025-04-21,2037-06-17,Active,3062786.92,466,Personal Expenses,High
3434,BKAILN61702813,5444,8392,5,73,1249461,9.74,17,78982.42,715575.75,2024-07-19,2025-12-11,Default,2133328.36,745,Vehicle Purchase,Medium
3435,BKAILN60451460,3905,5762,8,8,809894,12.34,87,14130.86,86256.09,2024-02-10,2031-04-04,Active,1246757.38,871,Personal Expenses,Low
3436,BKAILN53897356,5496,17403,1,70,1528715,9.66,175,16317.51,329776.9,2020-10-01,2035-02-15,Active,2714039.77,476,Business Expansion,High
3437,BKAILN62215065,7673,14246,3,90,269479,11.15,53,6461.92,235442.15,2019-11-12,2024-03-20,Active,355103.45,569,Home Purchase,High
3438,BKAILN83157140,4937,14433,1,73,1223961,8.82,288,10238.59,324671.52,2024-06-19,2048-02-14,Active,1566224.68,658,Working Capital,Medium
3439,BKAILN88848962,352,10969,2,39,14477344,14.96,20,822335.17,10616253.54,2018-02-09,2019-10-02,Closed,0.0,328,Vehicle Purchase,High
3440,BKAILN39137582,9537,1578,5,59,1861399,10.57,19,106824.68,1110307.11,2022-09-28,2024-04-20,Closed,3122602.38,767,Agriculture,Low
3441,BKAILN74534089,9654,19456,12,64,417824,12.91,17,27025.51,80810.74,2022-10-21,2024-03-14,Active,0.0,628,Working Capital,High
3442,BKAILN78662541,800,3373,9,73,1273365,9.8,20,69268.36,383746.97,2020-08-13,2022-04-05,Active,1438691.61,731,Education,Medium
3443,BKAILN33273412,6827,11250,8,43,267646,9.42,167,2881.85,27059.18,2020-10-18,2034-07-07,Active,380801.02,758,Medical,Low
3444,BKAILN27181387,3504,6628,3,83,3407049,11.33,51,84483.74,592858.64,2025-06-10,2029-08-18,Active,6102381.95,864,Education,Low
3445,BKAILN70822689,1539,17844,11,99,848277,12.01,27,36009.55,389487.15,2017-05-25,2019-08-13,Default,1369078.08,317,Working Capital,High
3446,BKAILN71839901,5563,6335,4,88,1346428,9.43,43,37021.71,349983.49,2020-11-07,2024-05-20,Active,0.0,868,Vehicle Purchase,Low
3447,BKAILN44012460,5962,17070,9,60,174650,13.7,27,7553.18,146434.43,2023-10-27,2026-01-14,Active,298535.85,724,Agriculture,Medium
3448,BKAILN16220386,7641,103,7,13,159701,10.57,168,1824.9,157135.01,2016-12-31,2030-10-19,Active,0.0,825,Business Expansion,Low
3449,BKAILN59348819,1646,5846,12,14,27640063,15.44,34,1008821.36,4943414.08,2017-12-14,2020-09-29,Active,0.0,437,Medical,High
3450,BKAILN55883951,5992,15515,12,56,2326958,11.67,6,401133.43,2120753.21,2018-11-08,2019-05-07,Active,0.0,572,Agriculture,High
3451,BKAILN46022712,2002,14561,3,44,2429573,9.87,50,59462.78,741843.9,2025-01-07,2029-02-15,Active,4331008.79,791,Education,Low
3452,BKAILN51756971,3736,7118,4,85,118402,12.48,36,3959.84,21597.13,2020-06-15,2023-05-31,Active,0.0,694,Working Capital,Medium
3453,BKAILN92614210,9477,6958,2,93,835232,16.58,69,18855.52,205068.32,2018-08-15,2024-04-15,Active,0.0,308,Personal Expenses,High
3454,BKAILN20087808,658,2550,7,6,1830380,12.97,44,52492.56,1558486.26,2016-12-26,2020-08-07,Active,0.0,551,Business Expansion,High
3455,BKAILN66049215,8763,13124,1,91,187578,10.4,316,1739.48,71318.27,2024-12-23,2050-12-07,Active,251033.12,696,Home Purchase,Medium
3456,BKAILN87000416,2993,19675,4,2,941576,10.69,176,10616.78,754174.47,2017-08-02,2032-01-16,Active,0.0,535,Medical,High
3457,BKAILN63540758,5153,10220,3,28,1641676,9.75,57,36098.39,1214464.66,2017-05-15,2022-01-19,Active,2215980.67,784,Education,Low
3458,BKAILN20230008,6656,1117,9,94,994998,12.05,28,40942.12,331585.72,2022-11-07,2025-02-24,Active,1276726.76,367,Personal Expenses,High
3459,BKAILN47370983,7440,9899,9,69,2608171,12.56,19,152088.49,1854734.64,2022-07-07,2024-01-28,Active,4027140.86,596,Working Capital,High
3460,BKAILN93300870,9608,3050,11,33,3263381,11.08,63,68550.3,673065.81,2023-07-08,2028-09-09,Active,4430321.07,443,Home Purchase,High
3461,BKAILN25470348,2168,6933,8,94,7263402,9.22,111,97495.06,3607053.34,2024-01-18,2033-03-01,Active,11984878.24,706,Working Capital,Medium
3462,BKAILN72894015,7232,7135,5,8,3405338,9.1,35,111144.08,870106.33,2020-07-20,2023-06-05,Closed,6043405.03,723,Personal Expenses,Medium
3463,BKAILN85586822,1897,19641,9,12,948491,9.62,51,22731.5,704709.48,2024-12-06,2029-02-13,Active,1271511.78,517,Medical,High
3464,BKAILN50720289,8720,10547,9,44,9278903,13.7,45,264829.85,3604054.39,2017-05-23,2021-02-01,Active,13080362.44,812,Home Purchase,Low
3465,BKAILN31614402,1170,15384,7,91,99242,12.3,100,1591.1,39726.76,2019-11-14,2028-01-31,Active,0.0,716,Education,Medium
3466,BKAILN21178113,4400,19424,11,78,18262936,11.35,69,361583.58,6249888.85,2022-01-30,2027-10-01,Active,24724736.8,659,Medical,Medium
3467,BKAILN26792376,2332,4581,11,10,1307251,9.64,42,36794.21,464762.27,2021-11-12,2025-04-25,Closed,2169775.15,391,Vehicle Purchase,High
3468,BKAILN30402218,3037,4966,9,92,612550,9.95,17,38780.46,401753.97,2019-09-01,2021-01-23,Active,774227.93,879,Vehicle Purchase,Low
3469,BKAILN84181689,2698,12392,2,91,5382756,16.57,66,124813.27,3913623.85,2023-03-31,2028-08-31,Active,0.0,462,Vehicle Purchase,High
3470,BKAILN34868850,5986,19586,1,45,399298,9.79,124,5131.06,346232.68,2017-10-03,2027-12-10,Active,601436.96,719,Business Expansion,Medium
3471,BKAILN62189103,7038,19055,3,29,896158,9.04,47,22712.49,641751.3,2022-09-02,2026-07-13,Active,1110318.62,564,Agriculture,High
3472,BKAILN54356575,8091,5917,8,3,1109161,11.22,171,13022.5,294072.34,2023-07-15,2037-07-31,Closed,1277563.84,566,Working Capital,High
3473,BKAILN62010618,9762,9344,6,48,9627086,13.24,41,293178.24,3711143.08,2021-07-23,2024-12-04,Active,0.0,457,Medical,High
3474,BKAILN30103233,8718,18319,12,94,4351078,12.85,20,242839.56,1215570.25,2019-01-14,2020-09-05,Active,0.0,893,Agriculture,Low
3475,BKAILN48265026,5106,6412,7,5,8354743,12.28,147,110159.03,2189131.1,2017-05-21,2029-06-17,Active,0.0,652,Medical,Medium
3476,BKAILN28696828,480,1478,12,85,183476,16.47,9,21810.65,45076.32,2018-05-07,2019-02-01,Closed,0.0,566,Working Capital,High
3477,BKAILN16328328,4303,16641,1,48,3856180,8.66,278,32189.35,2029574.37,2020-07-15,2043-05-16,Active,5755979.75,385,Working Capital,High
3478,BKAILN77033031,1712,8529,10,1,857897,7.07,57,17763.11,119797.44,2018-05-28,2023-02-01,Active,1006591.77,614,Personal Expenses,High
3479,BKAILN71217266,9541,1110,8,81,3355888,11.85,149,43109.43,2122199.4,2024-01-01,2036-03-28,Active,5887938.66,504,Vehicle Purchase,High
3480,BKAILN73209425,9771,3279,11,40,300446,9.56,68,5739.79,217050.22,2018-07-07,2024-02-06,Active,526172.68,617,Working Capital,High
3481,BKAILN23752569,7102,11015,11,31,6162548,13.48,60,141735.79,3335783.09,2021-03-29,2026-03-03,Active,10409868.56,584,Vehicle Purchase,High
3482,BKAILN97651879,1861,3094,7,52,341405,13.54,124,5127.72,106824.91,2022-03-06,2032-05-12,Active,0.0,369,Working Capital,High
3483,BKAILN95644281,4064,8942,10,94,648619,9.43,29,25098.81,351305.7,2022-02-16,2024-07-05,Active,787914.28,716,Education,Medium
3484,BKAILN86720483,1108,8843,6,10,671727,11.61,27,28389.05,138040.4,2017-09-21,2019-12-10,Active,0.0,574,Business Expansion,High
3485,BKAILN73763445,9317,14294,12,13,1856749,11.28,31,69324.18,341492.29,2019-03-22,2021-10-07,Default,0.0,620,Vehicle Purchase,High
3486,BKAILN11174271,8339,822,3,96,890276,9.36,56,19682.78,520920.17,2017-09-22,2022-04-29,Active,1142985.06,789,Education,Low
3487,BKAILN18154481,2822,12655,8,80,285203,10.81,152,3452.57,74328.89,2022-06-04,2034-11-28,Active,375530.5,772,Working Capital,Low
3488,BKAILN41607297,1903,17146,11,83,1772039,10.67,49,44770.56,455112.98,2017-08-30,2021-09-08,Active,2518738.74,434,Home Purchase,High
3489,BKAILN83677191,2825,18664,9,84,176264,13.46,56,4255.99,167695.8,2020-07-28,2025-03-04,Active,301744.93,347,Medical,High
3490,BKAILN70496703,8480,6560,9,54,13081237,12.74,32,484298.06,4877241.24,2019-04-04,2021-11-19,Active,14406999.93,457,Agriculture,High
3491,BKAILN53791305,1343,11345,9,31,3241841,13.86,57,77951.88,2073221.66,2020-05-14,2025-01-18,Closed,4165058.56,766,Education,Low
3492,BKAILN11850861,2823,19467,7,61,488567,14.42,16,33747.46,113297.66,2019-09-13,2021-01-05,Active,0.0,316,Agriculture,High
3493,BKAILN34291136,2786,3964,11,17,791337,11.43,74,14950.4,223376.7,2021-12-26,2028-01-24,Active,1208160.59,452,Business Expansion,High
3494,BKAILN29278728,3695,9994,7,34,4250368,12.93,64,92265.48,1295855.02,2023-10-29,2029-01-30,Active,0.0,806,Business Expansion,Low
3495,BKAILN82738441,2733,5377,7,28,4202183,14.17,144,60842.48,2871652.41,2018-12-14,2030-10-12,Active,0.0,577,Medical,High
3496,BKAILN78320452,6554,6449,3,19,3782465,9.32,84,61472.44,1892126.07,2019-02-22,2026-01-16,Closed,4280910.97,396,Business Expansion,High
3497,BKAILN44541636,7318,4301,4,20,3333818,11.07,138,42810.58,2319703.19,2021-08-20,2032-12-20,Active,0.0,609,Home Purchase,High
3498,BKAILN36929457,522,7156,5,63,4671826,10.97,35,156575.73,4287408.33,2023-08-25,2026-07-10,Active,7289635.53,763,Working Capital,Low
3499,BKAILN63708250,73,18047,11,32,3127544,9.71,37,98151.19,2859028.26,2017-01-26,2020-02-10,Active,5619070.18,353,Personal Expenses,High
3500,BKAILN22566419,5197,15330,8,30,34389320,9.85,171,374930.49,21438417.19,2021-07-06,2035-07-23,Active,48462659.41,798,Working Capital,Low
3501,BKAILN17518690,5350,14314,4,77,1736952,10.51,151,20782.66,1099328.19,2017-02-10,2029-07-07,Active,0.0,598,Personal Expenses,High
3502,BKAILN30769480,4586,17727,7,5,4199879,13.69,168,56283.62,2164094.14,2025-01-04,2038-10-23,Active,0.0,710,Working Capital,Medium
3503,BKAILN17297032,1293,15595,3,94,8579357,9.27,66,166422.54,2753145.13,2017-06-19,2022-11-20,Active,15283834.43,454,Home Purchase,High
3504,BKAILN25016443,707,13718,2,59,1192291,11.34,53,28701.89,634209.52,2022-03-15,2026-07-22,Active,0.0,677,Vehicle Purchase,Medium
3505,BKAILN79155032,858,7702,5,3,5356151,10.07,31,196945.76,2456906.81,2017-08-22,2020-03-09,Active,8245899.87,831,Vehicle Purchase,Low
3506,BKAILN52969254,5128,599,10,26,403637,9.55,40,11821.9,84195.86,2022-02-09,2025-05-24,Active,594722.29,423,Medical,High
3507,BKAILN86664775,6049,945,1,100,317152,10.0,178,3424.73,157599.25,2022-09-15,2037-04-29,Active,397718.86,454,Business Expansion,High
3508,BKAILN80488856,639,19348,10,19,241354,8.62,101,3368.63,163620.98,2023-07-07,2031-10-23,Closed,287988.81,792,Medical,Low
3509,BKAILN67561766,7537,18409,12,54,2883591,14.48,33,106450.09,751657.95,2020-10-18,2023-07-05,Closed,0.0,583,Home Purchase,High
3510,BKAILN92185211,8812,13336,4,33,641351,10.67,123,8596.22,334094.96,2025-01-23,2035-03-02,Active,0.0,688,Vehicle Purchase,Medium
3511,BKAILN54860885,7527,7490,10,2,671666,7.19,81,10490.84,333358.78,2023-08-21,2030-04-16,Active,1195777.36,630,Home Purchase,High
3512,BKAILN75068060,6101,5185,9,15,313801,11.72,33,11169.65,238035.91,2018-04-26,2021-01-10,Active,548914.21,484,Education,High
3513,BKAILN82764766,2600,13696,8,60,127170,11.73,230,1391.63,96065.91,2024-09-28,2043-08-20,Active,174044.26,539,Working Capital,High
3514,BKAILN62891462,5430,14430,10,37,2459694,8.32,71,43984.87,304780.22,2020-12-07,2026-10-07,Closed,3030550.03,608,Home Purchase,High
3515,BKAILN63760927,2594,4124,10,73,4896869,8.14,80,79516.61,2710757.26,2018-10-28,2025-05-24,Active,5708251.49,597,Personal Expenses,High
3516,BKAILN13132092,524,15799,8,90,7025289,11.63,159,86819.57,6455948.69,2019-05-28,2032-06-18,Active,8147746.18,313,Medical,High
3517,BKAILN16397579,3405,6011,2,24,3713881,17.94,78,80969.73,2332880.6,2024-09-16,2031-02-12,Active,0.0,796,Business Expansion,Low
3518,BKAILN48010143,7901,5253,10,57,2674850,7.6,91,38763.93,905654.34,2021-05-12,2028-11-01,Active,4240982.24,590,Personal Expenses,High
3519,BKAILN84900812,6349,14725,12,73,1092845,14.1,11,106490.02,510613.64,2025-03-27,2026-02-20,Active,0.0,701,Vehicle Purchase,Medium
3520,BKAILN21462378,9189,4290,3,41,1288363,11.57,67,26193.8,1135968.63,2019-07-16,2025-01-15,Default,1589518.02,684,Medical,Medium
3521,BKAILN64471448,3560,10357,1,92,454455,9.48,252,4163.31,117504.44,2024-08-22,2045-05-04,Active,526132.01,465,Business Expansion,High
3522,BKAILN91582318,3274,6292,6,41,3630635,14.04,21,195999.86,3099407.95,2017-01-09,2018-10-01,Active,0.0,404,Vehicle Purchase,High
3523,BKAILN17834312,707,8696,5,32,146095,8.69,27,5976.65,128603.37,2024-05-22,2026-08-10,Active,196992.31,435,Business Expansion,High
3524,BKAILN78863376,3379,853,9,25,7446372,10.2,60,158947.18,5157853.32,2021-01-17,2025-12-22,Default,10437816.38,777,Personal Expenses,Low
3525,BKAILN44610649,8691,3681,3,39,1789816,10.69,41,52302.43,963231.06,2023-02-11,2026-06-25,Active,3079513.03,847,Business Expansion,Low
3526,BKAILN10384435,8336,8907,12,80,1681455,14.07,18,104162.74,271481.1,2021-11-04,2023-04-28,Active,0.0,457,Working Capital,High
3527,BKAILN95070590,9535,7016,4,89,5328899,11.66,110,79074.48,1923876.67,2019-06-14,2028-06-26,Active,0.0,655,Business Expansion,Medium
3528,BKAILN16350390,2110,5725,1,44,141537,10.13,213,1434.12,74354.6,2021-09-10,2039-03-10,Active,227882.18,628,Business Expansion,High
3529,BKAILN93912444,195,8103,11,88,8127430,10.13,72,151100.8,6510862.73,2017-11-27,2023-10-27,Active,13543545.43,622,Working Capital,High
3530,BKAILN85636562,180,14543,9,41,459789,10.1,28,18500.6,228771.51,2021-04-18,2023-08-06,Closed,661848.7,495,Agriculture,High
3531,BKAILN71604005,3419,15295,4,93,273458,10.67,126,3617.14,169684.28,2017-09-18,2028-01-24,Active,0.0,339,Business Expansion,High
3532,BKAILN89872231,1309,11865,8,49,3677573,10.37,196,39002.36,1545506.11,2016-11-14,2032-12-20,Active,4691059.24,486,Working Capital,High
3533,BKAILN63894453,557,4384,12,18,207680,13.64,23,10312.18,121278.62,2024-01-30,2025-12-20,Active,0.0,635,Medical,High
3534,BKAILN16199190,5737,17659,6,33,397693,17.32,22,21227.67,126621.38,2018-07-13,2020-05-03,Active,0.0,853,Home Purchase,Low
3535,BKAILN14478367,8866,8611,8,42,1207332,9.02,127,14788.42,208079.31,2023-05-10,2033-10-14,Active,1463708.86,367,Business Expansion,High
3536,BKAILN54964222,8285,10487,5,25,258178,9.34,24,11835.11,191133.99,2019-07-01,2021-06-20,Closed,393407.87,668,Personal Expenses,Medium
3537,BKAILN84314748,7298,9367,9,83,3758466,13.7,17,244490.09,639858.85,2021-10-20,2023-03-14,Active,5645433.25,819,Personal Expenses,Low
3538,BKAILN72028470,383,13004,4,6,1843120,11.66,45,50758.75,657362.76,2020-04-30,2024-01-10,Active,0.0,788,Working Capital,Low
3539,BKAILN32364994,7642,11966,12,40,2800326,12.54,29,112432.41,994730.44,2020-11-09,2023-03-29,Active,0.0,537,Business Expansion,High
3540,BKAILN31723892,6386,13139,12,97,8807950,15.45,19,525550.14,3609976.56,2018-04-19,2019-11-10,Active,0.0,692,Business Expansion,Medium
3541,BKAILN66689317,4548,13405,9,6,115947,9.76,35,3819.99,38188.06,2021-11-06,2024-09-21,Active,146871.5,404,Agriculture,High
3542,BKAILN40431960,1457,8632,11,75,836922,10.74,73,15664.31,242317.95,2019-06-18,2025-06-16,Active,1225672.2,530,Education,High
3543,BKAILN62856504,7040,14247,6,42,4876398,16.96,77,104325.17,1250659.05,2018-06-08,2024-10-04,Active,0.0,308,Personal Expenses,High
3544,BKAILN37544831,2750,13702,10,52,453110,8.35,101,6260.8,425697.31,2019-06-25,2027-10-11,Active,498459.15,320,Business Expansion,High
3545,BKAILN76327923,7967,13566,8,45,3703057,10.96,190,41131.86,2304461.7,2017-08-09,2033-03-18,Active,4253516.33,447,Vehicle Purchase,High
3546,BKAILN30974507,7884,2394,3,76,823234,9.9,72,15209.62,355293.67,2023-03-31,2029-02-27,Active,1168624.86,899,Agriculture,Low
3547,BKAILN73673985,729,3788,12,57,247112,12.87,9,28950.2,49042.59,2025-03-23,2025-12-18,Active,0.0,349,Vehicle Purchase,High
3548,BKAILN37139777,1560,4327,5,27,1120796,9.19,23,53333.78,861924.46,2020-01-14,2021-12-04,Active,1240352.62,860,Working Capital,Low
3549,BKAILN70737849,5709,3428,11,39,1291289,10.41,62,27015.96,163785.08,2018-05-06,2023-06-09,Active,2101719.33,526,Vehicle Purchase,High
3550,BKAILN96943403,2141,14591,9,68,414237,12.8,38,13316.33,268668.92,2023-05-18,2026-07-01,Active,587272.45,497,Education,High
3551,BKAILN18909892,9835,18571,9,11,8018577,10.8,51,196755.59,5611078.37,2018-02-24,2022-05-04,Active,8914705.45,444,Working Capital,High
3552,BKAILN17796010,5518,9502,3,33,226622,9.8,80,3869.35,101724.43,2019-01-31,2025-08-27,Active,292365.9,799,Business Expansion,Low
3553,BKAILN43137279,7038,727,5,37,509487,8.94,30,19014.3,269364.08,2018-01-12,2020-06-30,Closed,785683.54,374,Business Expansion,High
3554,BKAILN18115890,8623,9320,3,71,512910,11.86,30,19840.44,268957.07,2018-09-04,2021-02-20,Active,615998.9,341,Vehicle Purchase,High
3555,BKAILN45739030,4641,3101,3,59,3818047,9.88,84,63147.62,950144.36,2023-06-15,2030-05-09,Active,4347267.34,629,Working Capital,High
3556,BKAILN60987991,4116,16920,7,83,4600696,12.24,165,57749.79,2388057.57,2025-02-18,2038-09-08,Active,0.0,309,Medical,High
3557,BKAILN50824418,7613,15832,6,3,457949,16.31,111,8015.43,307792.0,2021-06-01,2030-07-14,Active,0.0,355,Medical,High
3558,BKAILN31155276,7538,10059,12,28,8876776,10.54,36,288684.37,3626827.08,2021-06-11,2024-05-26,Active,0.0,859,Education,Low
3559,BKAILN38307849,7463,7722,12,96,838253,15.41,30,33845.63,240934.76,2016-09-15,2019-03-04,Active,0.0,842,Education,Low
3560,BKAILN81166292,921,19734,4,42,1361598,11.93,42,39815.51,1299171.84,2016-10-08,2020-03-21,Active,0.0,554,Business Expansion,High
3561,BKAILN39041960,3569,1175,9,47,4452920,10.92,22,224258.33,3219138.2,2024-02-23,2025-12-14,Active,4959345.56,576,Home Purchase,High
3562,BKAILN77622253,4780,17260,10,51,2172073,8.76,114,28134.07,1642425.85,2024-11-20,2034-04-02,Active,3792780.09,713,Vehicle Purchase,Medium
3563,BKAILN51838078,2320,19049,3,23,1473896,9.28,35,48228.79,633173.51,2021-09-27,2024-08-12,Active,2069803.68,600,Working Capital,High
3564,BKAILN22102840,6953,12629,1,8,1254049,8.44,173,12554.48,280725.99,2022-05-15,2036-07-30,Active,1543632.11,477,Working Capital,High
3565,BKAILN99193948,5213,14960,3,64,103640,9.37,74,1849.23,27305.49,2022-04-11,2028-05-09,Active,115582.42,527,Medical,High
3566,BKAILN19125094,8035,11074,2,82,3029216,11.83,18,184488.67,1325326.43,2023-02-10,2024-08-03,Active,0.0,534,Medical,High
3567,BKAILN52987382,8787,11667,12,66,206001,13.3,26,9162.98,153545.86,2016-10-27,2018-12-16,Active,0.0,744,Agriculture,Medium
3568,BKAILN75676964,3590,935,6,82,1314493,13.1,115,20123.3,1173025.61,2018-05-12,2027-10-22,Active,0.0,883,Personal Expenses,Low
3569,BKAILN72741656,6715,3751,9,80,7616943,13.67,45,217282.4,6617651.3,2019-08-17,2023-04-28,Active,9441914.14,844,Working Capital,Low
3570,BKAILN85484449,8540,13154,1,97,101980,8.96,140,1176.79,84229.16,2022-02-24,2033-08-25,Active,156836.29,425,Agriculture,High
3571,BKAILN89549028,7475,257,2,11,326696,11.15,83,5664.44,161564.9,2019-11-12,2026-09-06,Active,0.0,429,Agriculture,High
3572,BKAILN22955091,6616,15777,9,54,236711,10.46,19,13572.7,103408.32,2024-12-16,2026-07-09,Active,405594.25,370,Working Capital,High
3573,BKAILN27581819,4052,5673,5,64,4314117,8.74,30,160607.13,3189362.86,2022-03-02,2024-08-18,Active,4997874.99,301,Home Purchase,High
3574,BKAILN37222197,4904,16670,12,79,116063,13.34,13,9638.02,36685.65,2023-06-22,2024-07-16,Active,0.0,336,Home Purchase,High
3575,BKAILN63029666,3433,2185,6,10,2342425,13.87,44,68217.29,1788257.28,2024-08-14,2028-03-26,Active,0.0,586,Agriculture,High
3576,BKAILN50387449,4837,11850,12,80,639738,13.23,6,110774.91,265382.86,2023-02-26,2023-08-25,Active,0.0,627,Business Expansion,High
3577,BKAILN41670421,5864,701,4,44,1113007,12.39,62,24395.95,367647.45,2023-05-04,2028-06-06,Active,0.0,405,Home Purchase,High
3578,BKAILN24851071,3105,2889,8,38,2459566,12.14,165,30718.32,1546012.15,2018-06-09,2031-12-28,Active,3035865.55,861,Medical,Low
3579,BKAILN47180745,5395,17554,10,39,2561005,7.84,95,36269.01,1937323.33,2022-09-12,2030-07-02,Active,3438687.66,830,Education,Low
3580,BKAILN26977974,5501,5795,3,58,1938494,10.19,54,44904.96,932807.09,2024-11-22,2029-04-30,Active,2720956.58,796,Vehicle Purchase,Low
3581,BKAILN84715586,3151,488,5,54,1993513,10.71,17,126907.92,1348831.69,2022-03-03,2023-07-26,Active,2284041.95,307,Vehicle Purchase,High
3582,BKAILN34870336,3754,15080,5,31,306876,8.6,29,11757.37,272456.89,2020-07-08,2022-11-25,Active,551799.69,576,Vehicle Purchase,High
3583,BKAILN32262459,2643,10895,10,100,3759084,9.56,28,150314.78,2575328.12,2018-03-16,2020-07-03,Active,6609141.12,498,Home Purchase,High
3584,BKAILN39491155,7813,312,3,44,284504,11.86,35,9655.21,161040.67,2022-12-03,2025-10-18,Active,410967.7,413,Personal Expenses,High
3585,BKAILN14502913,5004,401,11,82,2682224,12.35,70,53951.42,1880205.95,2018-06-23,2024-03-23,Active,4788353.09,346,Vehicle Purchase,High
3586,BKAILN58172379,539,1781,3,17,4843300,11.89,27,205326.56,1799478.27,2019-04-20,2021-07-08,Active,8444430.58,515,Agriculture,High
3587,BKAILN92722783,1162,19850,4,74,1371371,10.67,127,18062.06,763823.32,2021-09-14,2032-02-19,Active,0.0,611,Working Capital,High
3588,BKAILN76840523,8149,6223,12,63,3298482,11.19,13,270598.95,2396788.35,2022-09-22,2023-10-17,Active,0.0,699,Vehicle Purchase,Medium
3589,BKAILN34799632,8392,1137,3,78,313968,10.51,29,12306.63,144440.63,2020-10-21,2023-03-10,Active,398959.74,606,Working Capital,High
3590,BKAILN25276194,1158,8542,5,5,317726,10.19,18,19109.5,225466.47,2021-07-04,2022-12-26,Closed,407136.62,887,Agriculture,Low
3591,BKAILN90149472,288,15009,6,46,1241064,15.5,75,25935.77,1020776.68,2018-04-27,2024-06-24,Active,0.0,580,Working Capital,High
3592,BKAILN66634199,5419,3559,2,43,186682,12.0,43,5362.88,130684.69,2022-02-12,2025-08-25,Active,0.0,633,Education,High
3593,BKAILN99925532,7091,2745,3,22,610549,11.04,80,10815.35,372931.96,2021-08-31,2028-03-27,Active,862845.66,672,Medical,Medium
3594,BKAILN78350342,9619,4907,4,48,3309710,11.59,100,51761.73,2062956.99,2021-03-11,2029-05-28,Active,0.0,509,Business Expansion,High
3595,BKAILN98490291,8433,13822,5,58,947116,9.93,13,77144.75,166352.01,2022-12-25,2024-01-19,Active,1528157.4,700,Vehicle Purchase,Medium
3596,BKAILN92831140,4150,8226,8,15,487124,10.83,171,5601.55,281901.44,2024-10-16,2038-11-02,Active,868525.1,713,Education,Medium
3597,BKAILN84638799,7575,8787,7,3,4115390,13.64,139,59050.49,1257067.95,2021-08-28,2033-01-27,Active,0.0,885,Vehicle Purchase,Low
3598,BKAILN48742975,2764,12796,2,11,4523192,14.83,50,121814.2,3898379.98,2024-02-21,2028-03-31,Active,0.0,792,Education,Low
3599,BKAILN97207841,7540,982,8,72,2703906,10.09,135,33578.06,1490677.44,2016-07-05,2027-08-07,Active,4192320.86,523,Medical,High
3600,BKAILN34083452,4182,13174,6,5,167325,14.17,47,4659.39,114012.69,2022-01-04,2025-11-14,Active,0.0,896,Business Expansion,Low
3601,BKAILN23450789,5488,1724,3,66,4746326,10.51,46,125803.01,2429226.29,2018-04-30,2022-02-08,Active,5814660.84,533,Agriculture,High
3602,BKAILN53244554,4567,1510,7,50,2542334,11.93,25,115355.92,1624282.35,2020-06-20,2022-07-10,Active,0.0,518,Education,High
3603,BKAILN82171853,6860,9260,4,98,9469434,11.91,169,115804.6,9026240.77,2021-01-13,2034-12-01,Closed,0.0,380,Vehicle Purchase,High
3604,BKAILN77076032,694,12841,2,19,127917,17.93,22,6865.26,115827.93,2018-10-01,2020-07-22,Active,0.0,509,Medical,High
3605,BKAILN73649940,947,10497,6,61,423308,11.97,46,11519.52,345339.76,2019-09-10,2023-06-21,Active,0.0,846,Agriculture,Low
3606,BKAILN44222057,6748,3863,3,35,1543325,11.47,56,35718.49,1180043.27,2024-12-31,2029-08-07,Active,1754613.38,740,Vehicle Purchase,Medium
3607,BKAILN71004646,7201,17260,9,78,1239170,10.6,44,34112.25,684958.78,2020-10-05,2024-05-17,Active,1843549.72,723,Education,Medium
3608,BKAILN85583975,3417,4126,5,49,226207,9.85,30,8537.44,212393.83,2021-02-13,2023-08-02,Active,387300.54,884,Medical,Low
3609,BKAILN62741905,8767,6544,9,58,8113377,13.66,56,196729.58,8073382.2,2016-08-07,2021-03-14,Active,14514725.07,493,Home Purchase,High
3610,BKAILN25602232,2402,1289,11,33,652628,10.37,29,25538.56,77799.35,2019-05-25,2021-10-11,Active,848043.98,712,Working Capital,Medium
3611,BKAILN93082440,2343,4606,5,23,1317537,8.98,16,87681.56,786172.43,2017-08-02,2018-11-25,Active,2145927.21,513,Home Purchase,High
3612,BKAILN50566030,8801,14614,5,73,2968499,10.9,11,284792.72,1763552.75,2019-02-07,2020-01-03,Closed,3651812.24,331,Medical,High
3613,BKAILN94530605,7720,11372,8,77,2842570,11.53,83,49856.05,2361230.74,2019-02-14,2025-12-09,Active,4608621.04,806,Education,Low
3614,BKAILN73659369,4377,231,10,85,406571,7.39,118,4857.87,203100.92,2023-02-27,2032-11-06,Active,659024.39,628,Working Capital,High
3615,BKAILN87822315,6923,10229,1,80,15424372,10.33,359,139193.52,3699892.65,2018-09-24,2048-03-20,Active,18418977.69,721,Education,Medium
3616,BKAILN68211726,7471,6512,7,90,5161676,12.59,34,181284.38,1434608.25,2019-03-14,2021-12-28,Active,0.0,540,Vehicle Purchase,High
3617,BKAILN81932194,1765,16552,12,15,5642105,16.15,15,417900.52,1007168.23,2020-10-14,2022-01-07,Active,0.0,627,Home Purchase,High
3618,BKAILN77725078,9494,11238,7,92,365817,13.35,168,4821.24,57485.94,2022-11-09,2036-08-27,Active,0.0,802,Medical,Low
3619,BKAILN97765035,8155,9831,11,95,4851649,12.1,26,213063.72,2584475.05,2025-06-03,2027-07-23,Active,6116821.55,445,Medical,High
3620,BKAILN43604322,2482,11118,1,32,1147983,8.45,347,8859.9,325000.72,2019-06-29,2047-12-29,Active,1874836.14,575,Education,High
3621,BKAILN27527526,8305,6220,5,11,1540040,9.79,15,109497.23,846214.55,2017-02-08,2018-05-04,Active,1861457.55,897,Business Expansion,Low
3622,BKAILN42189979,5084,2973,6,4,2044465,14.07,20,115272.34,1619909.0,2020-07-07,2022-02-27,Active,0.0,479,Education,High
3623,BKAILN49383646,4614,2171,5,71,218834,8.43,7,32146.61,172074.21,2021-04-12,2021-11-08,Active,305636.23,873,Personal Expenses,Low
3624,BKAILN65974426,2054,651,7,39,2366621,14.09,150,33625.53,1731716.69,2020-08-04,2032-11-29,Active,0.0,876,Personal Expenses,Low
3625,BKAILN56182401,9705,5866,6,28,379459,16.55,81,7807.82,47870.03,2017-05-27,2024-01-21,Active,0.0,453,Working Capital,High
3626,BKAILN13509239,690,10158,2,78,5997137,11.37,64,125400.66,5085591.05,2016-08-06,2021-11-08,Closed,0.0,826,Home Purchase,Low
3627,BKAILN73716559,236,8496,6,17,2180689,12.92,84,39576.23,1671480.68,2018-12-03,2025-10-27,Active,0.0,389,Vehicle Purchase,High
3628,BKAILN44134667,4843,3790,8,30,1422783,9.74,65,28255.17,637240.91,2024-01-30,2029-06-02,Active,1725472.54,834,Medical,Low
3629,BKAILN42038702,3515,10410,6,70,1933044,14.86,18,120465.21,219530.8,2020-02-27,2021-08-20,Active,0.0,445,Working Capital,High
3630,BKAILN37068987,2742,16631,1,51,8103895,9.23,239,74223.8,7657323.84,2019-10-21,2039-06-08,Active,13876204.39,843,Vehicle Purchase,Low
3631,BKAILN86815877,2478,10073,2,45,1216582,13.35,51,31387.27,904722.38,2024-03-30,2028-06-07,Active,0.0,815,Personal Expenses,Low
3632,BKAILN99439308,5553,17942,12,100,378307,12.22,19,22000.08,111710.67,2025-04-28,2026-11-19,Active,0.0,345,Business Expansion,High
3633,BKAILN99063313,548,19548,6,77,2013472,15.64,56,50881.86,1924738.43,2021-06-16,2026-01-21,Active,0.0,848,Business Expansion,Low
3634,BKAILN81183879,6243,11563,10,44,181843,8.96,110,2429.73,151457.16,2023-07-12,2032-07-24,Active,306271.24,509,Working Capital,High
3635,BKAILN30532552,7372,19466,11,48,520457,9.74,34,17578.42,383065.45,2019-05-27,2022-03-12,Active,847731.47,890,Education,Low
3636,BKAILN15984132,1874,8696,12,6,89854,12.18,16,6112.61,18147.99,2020-08-17,2021-12-10,Active,0.0,471,Medical,High
3637,BKAILN24734545,7231,7917,5,40,480789,8.05,20,25768.57,291093.31,2025-02-25,2026-10-18,Active,799597.78,525,Agriculture,High
3638,BKAILN53935671,2151,17902,4,49,7022202,9.2,118,90645.99,1979121.11,2021-11-28,2031-08-08,Active,0.0,806,Education,Low
3639,BKAILN21224834,8734,7471,11,44,1906644,10.13,25,84916.51,1038381.56,2023-04-16,2025-05-05,Active,3043234.8,852,Home Purchase,Low
3640,BKAILN28301208,3751,11352,3,11,1060707,9.22,54,24072.87,572187.91,2018-04-08,2022-09-14,Active,1688967.73,567,Home Purchase,High
3641,BKAILN19750616,6352,7620,12,91,1151778,15.5,31,45324.08,850236.86,2019-07-13,2022-01-28,Active,0.0,604,Vehicle Purchase,High
3642,BKAILN59235061,7624,183,8,33,4695199,10.64,211,49282.64,493710.11,2023-10-24,2041-02-21,Active,6376501.72,382,Medical,High
3643,BKAILN29192610,6376,16925,12,61,201755,14.94,6,35106.19,122286.72,2019-02-22,2019-08-21,Active,0.0,823,Medical,Low
3644,BKAILN83143789,1742,244,4,29,4645205,11.19,76,85589.4,4562907.88,2022-12-14,2029-03-12,Active,0.0,351,Business Expansion,High
3645,BKAILN38851369,4135,16580,2,40,1222123,15.32,13,102623.83,307236.41,2020-08-08,2021-09-02,Active,0.0,726,Vehicle Purchase,Medium
3646,BKAILN40762338,9087,4768,4,68,9016177,12.26,109,137532.66,7334645.93,2025-04-07,2034-03-21,Active,0.0,451,Business Expansion,High
3647,BKAILN29263924,7939,4000,7,40,678775,9.94,129,8584.28,85499.15,2016-10-31,2027-06-06,Active,0.0,531,Working Capital,High
3648,BKAILN69579993,2904,1723,6,27,4180059,13.06,80,78523.67,3104995.87,2018-06-02,2024-12-27,Closed,0.0,856,Education,Low
3649,BKAILN74010409,4793,932,4,21,4019369,10.6,63,83464.05,3573077.94,2022-10-27,2027-12-30,Active,0.0,443,Working Capital,High
3650,BKAILN77695647,5805,9156,9,93,187524,10.96,23,9076.58,60582.98,2017-05-09,2019-03-30,Active,210100.29,401,Home Purchase,High
3651,BKAILN87605491,756,19212,6,74,2988374,16.22,112,51938.88,905142.88,2020-03-10,2029-05-22,Active,0.0,572,Vehicle Purchase,High
3652,BKAILN64909646,1556,7615,8,28,2846733,12.47,196,34074.24,668436.77,2020-12-11,2037-01-16,Active,3274268.75,591,Personal Expenses,High
3653,BKAILN49029337,9002,3922,4,34,623345,11.69,87,10657.76,449241.51,2017-02-02,2024-03-27,Active,0.0,495,Working Capital,High
3654,BKAILN93084398,7026,13569,8,47,1670819,12.42,230,19079.65,1297173.36,2023-11-21,2042-10-12,Active,2592919.84,493,Working Capital,High
3655,BKAILN46930471,6114,13484,12,45,2000444,11.13,14,153027.33,700742.9,2020-06-24,2021-08-18,Active,0.0,763,Education,Low
3656,BKAILN76498703,1839,5924,6,13,975884,11.12,66,19832.09,274302.68,2016-10-27,2022-03-30,Active,0.0,536,Medical,High
3657,BKAILN62686778,3555,4890,1,31,3378425,9.37,286,29577.84,859952.56,2022-08-14,2046-02-09,Active,5492393.91,852,Education,Low
3658,BKAILN53719761,2355,3257,7,52,4000939,11.47,93,65130.6,1816887.7,2021-01-23,2028-09-13,Active,0.0,533,Medical,High
3659,BKAILN37317394,4367,12818,5,36,4483686,8.14,35,144345.63,1303219.42,2018-07-30,2021-06-14,Active,7564358.9,899,Medical,Low
3660,BKAILN27922492,6778,14896,6,11,3633944,12.53,102,58074.01,852519.02,2022-03-28,2030-08-13,Closed,0.0,726,Education,Medium
3661,BKAILN29115022,1972,14995,7,84,97090,13.54,27,4191.54,48093.16,2021-02-27,2023-05-18,Active,0.0,490,Personal Expenses,High
3662,BKAILN40276148,3668,14498,6,94,3112918,15.13,115,51420.85,2463048.79,2025-03-26,2034-09-05,Active,0.0,649,Personal Expenses,High
3663,BKAILN39633188,633,1266,10,60,122161,7.3,67,2225.51,84616.39,2020-11-29,2026-06-01,Active,138653.1,710,Education,Medium
3664,BKAILN39662300,3033,2434,4,14,3987634,11.33,166,47666.78,2650015.2,2018-01-19,2031-09-08,Active,0.0,728,Personal Expenses,Medium
3665,BKAILN16425001,5788,15148,9,28,1305380,13.54,18,80541.73,388857.97,2020-08-04,2022-01-26,Active,2111950.75,419,Agriculture,High
3666,BKAILN41418921,6532,3250,9,50,1800690,11.04,12,159181.57,1416608.35,2018-01-13,2019-01-08,Active,2727448.12,899,Education,Low
3667,BKAILN41182084,6994,16054,12,58,1642162,14.71,25,76663.52,1628324.05,2019-06-14,2021-07-03,Active,0.0,692,Medical,Medium
3668,BKAILN44471618,149,18314,10,36,245113,8.13,41,6867.18,201440.91,2016-08-21,2020-01-03,Active,331606.51,311,Medical,High
3669,BKAILN96189390,7687,19571,9,2,606715,10.54,44,16684.39,494139.78,2023-10-30,2027-06-11,Default,941603.06,304,Personal Expenses,High
3670,BKAILN67229387,4276,1316,11,22,8372144,13.18,66,179000.28,3652836.29,2023-07-20,2028-12-20,Active,13348124.56,724,Home Purchase,Medium
3671,BKAILN53721647,1516,15499,3,90,803568,11.64,59,17951.01,393597.08,2021-02-25,2025-12-31,Active,1430912.99,723,Agriculture,Medium
3672,BKAILN36991833,3230,18707,7,23,1346042,11.75,58,30528.5,794220.19,2023-01-20,2027-10-26,Active,0.0,842,Vehicle Purchase,Low
3673,BKAILN49794255,2745,14557,1,27,892677,9.65,302,7880.12,552038.95,2022-08-24,2047-06-14,Active,1210240.77,755,Vehicle Purchase,Low
3674,BKAILN53940642,2322,19242,1,53,289607,9.78,294,2599.33,190643.42,2017-01-22,2041-03-17,Active,406416.62,697,Vehicle Purchase,Medium
3675,BKAILN13856812,1298,14677,8,73,663071,9.39,214,6394.68,204937.13,2020-01-03,2037-08-01,Active,1061169.93,347,Agriculture,High
3676,BKAILN51333111,2143,7117,7,66,2671729,14.68,23,133974.0,1923747.65,2022-09-13,2024-08-03,Active,0.0,740,Medical,Medium
3677,BKAILN34956411,1780,4846,6,95,21085967,13.24,30,829430.78,14531603.65,2021-09-24,2024-03-12,Closed,0.0,711,Home Purchase,Medium
3678,BKAILN56727046,2610,10792,3,89,389061,9.92,76,6915.08,238210.56,2023-05-20,2029-08-16,Active,537646.03,567,Personal Expenses,High
3679,BKAILN64708566,2417,16753,7,79,343862,11.26,169,4065.26,236989.43,2018-10-12,2032-08-29,Active,0.0,480,Working Capital,High
3680,BKAILN78477800,8199,12000,11,68,2803616,13.39,33,102025.53,1303132.81,2025-05-22,2028-02-06,Active,3671558.92,481,Vehicle Purchase,High
3681,BKAILN19591420,981,8450,8,39,355650,9.14,228,3292.58,76726.49,2019-02-26,2037-11-18,Active,587432.97,783,Personal Expenses,Low
3682,BKAILN81474611,8648,15304,2,66,46267037,15.43,40,1486781.7,41128143.52,2024-11-23,2028-03-07,Active,0.0,694,Home Purchase,Medium
3683,BKAILN54678451,1243,16616,4,89,387879,10.9,60,8414.1,227777.81,2017-12-22,2022-11-26,Active,0.0,811,Working Capital,Low
3684,BKAILN37254845,3802,16837,4,1,1711088,11.42,88,28796.66,1298310.81,2020-04-25,2027-07-18,Active,0.0,805,Vehicle Purchase,Low
3685,BKAILN27891612,3363,4623,2,2,4908844,12.42,36,164030.33,3959608.21,2024-02-14,2027-01-29,Active,0.0,570,Agriculture,High
3686,BKAILN50046269,2740,3056,6,9,1955722,14.82,34,70789.84,313443.84,2019-08-18,2022-06-03,Closed,0.0,534,Personal Expenses,High
3687,BKAILN19392726,7478,6223,11,12,215069,10.63,53,5102.37,69957.72,2018-06-17,2022-10-24,Active,286764.22,729,Medical,Medium
3688,BKAILN16510877,3743,10732,3,82,2645265,9.13,61,54365.48,1213266.62,2017-08-25,2022-08-29,Active,3121156.07,580,Home Purchase,High
3689,BKAILN54253684,4305,3832,1,30,251100,9.98,352,2207.95,86358.31,2023-02-22,2052-01-21,Default,344937.43,802,Education,Low
3690,BKAILN27693609,2155,16528,7,26,7683748,10.57,13,628140.23,7317088.3,2019-04-27,2020-05-21,Active,0.0,892,Education,Low
3691,BKAILN12157461,8131,5386,3,80,2128062,9.0,38,64568.75,627609.35,2025-01-13,2028-02-27,Active,3827460.94,719,Home Purchase,Medium
3692,BKAILN82070877,5504,10917,7,70,1075443,10.27,129,13801.07,702595.7,2024-03-11,2034-10-15,Active,0.0,449,Medical,High
3693,BKAILN69210027,6869,11849,2,93,388358,13.35,17,25199.35,289377.04,2017-04-26,2018-09-18,Active,0.0,847,Business Expansion,Low
3694,BKAILN38460526,1296,13033,3,15,7667135,10.47,27,319959.21,1012442.31,2024-04-27,2026-07-16,Active,12851762.39,639,Agriculture,High
3695,BKAILN94810860,8789,17029,8,9,1786341,11.51,235,19167.84,1782132.41,2024-03-25,2043-07-14,Active,3001962.64,450,Education,High
3696,BKAILN15781516,8213,10602,4,42,879424,10.7,107,12787.83,317477.36,2021-06-28,2030-04-12,Active,0.0,663,Working Capital,Medium
3697,BKAILN80879473,8846,19860,10,75,381433,8.54,117,4814.53,237088.15,2022-10-22,2032-06-01,Active,566068.96,827,Vehicle Purchase,Low
3698,BKAILN24131536,9269,17249,5,74,806314,10.53,18,48621.86,513231.32,2021-05-26,2022-11-17,Active,914302.92,435,Education,High
3699,BKAILN31849777,9502,7223,1,27,45778674,10.04,247,439092.78,40791439.17,2019-11-11,2040-02-24,Active,60922384.68,320,Agriculture,High
3700,BKAILN70247013,9633,3407,8,29,1683551,10.57,148,20400.65,634398.9,2019-06-10,2031-08-06,Active,2683069.93,447,Medical,High
3701,BKAILN46945780,2906,4494,4,13,1675669,9.06,115,21852.38,804644.61,2024-08-13,2034-01-23,Active,0.0,797,Business Expansion,Low
3702,BKAILN64712081,1200,600,2,87,3138993,16.08,53,83106.07,725566.07,2025-04-30,2029-09-06,Active,0.0,605,Agriculture,High
3703,BKAILN22795568,4974,12903,9,2,3035161,9.92,12,266725.96,1641270.6,2017-02-28,2018-02-23,Active,3370088.48,642,Personal Expenses,High
3704,BKAILN55960360,6960,6726,3,84,1831323,8.94,26,77738.5,352225.42,2025-04-10,2027-05-30,Active,2111010.1,869,Medical,Low
3705,BKAILN68352560,8785,13922,7,55,568448,9.88,98,8474.53,523542.67,2024-07-28,2032-08-15,Active,0.0,841,Working Capital,Low
3706,BKAILN86317319,4625,17136,7,96,474200,11.11,168,5575.84,473613.68,2016-12-09,2030-09-27,Active,0.0,335,Working Capital,High
3707,BKAILN61057119,1852,16881,4,61,1883617,8.84,173,19296.27,302353.56,2025-02-16,2039-05-04,Closed,0.0,611,Home Purchase,High
3708,BKAILN62092147,4591,5168,11,43,4606514,12.32,54,111552.62,2691799.08,2020-04-29,2024-10-05,Active,5812731.37,612,Education,High
3709,BKAILN75850783,3490,4867,4,32,916007,9.07,91,13958.03,687244.02,2018-06-22,2025-12-12,Active,0.0,758,Vehicle Purchase,Low
3710,BKAILN79393054,6602,9457,10,52,366907,9.14,33,12616.24,349794.92,2022-01-27,2024-10-13,Active,641570.12,373,Agriculture,High
3711,BKAILN61319004,1368,14074,10,95,3555732,9.44,31,129703.15,2332109.88,2020-12-10,2023-06-28,Active,5569679.15,471,Medical,High
3712,BKAILN32713159,1366,19647,5,57,4832041,10.9,26,209495.15,4530968.57,2019-03-21,2021-05-09,Active,5942362.39,701,Agriculture,Medium
3713,BKAILN66693845,1153,12948,1,8,1123524,8.92,196,10905.74,797217.41,2017-09-24,2033-10-30,Active,1483693.04,458,Vehicle Purchase,High
3714,BKAILN39246230,1176,7137,4,79,8884227,8.61,30,330212.66,970141.36,2017-10-08,2020-03-26,Active,0.0,665,Medical,Medium
3715,BKAILN44484386,2767,15817,8,66,2940619,9.99,156,33736.51,784830.02,2016-08-30,2029-06-23,Active,4823483.91,480,Business Expansion,High
3716,BKAILN47525549,9556,18144,3,60,3728990,11.5,66,76500.58,858260.1,2019-11-04,2025-04-06,Active,6647426.54,463,Vehicle Purchase,High
3717,BKAILN63913910,1479,351,11,38,653635,13.46,77,12720.49,137002.11,2019-04-27,2025-08-23,Closed,1106488.17,655,Agriculture,Medium
3718,BKAILN47031085,7540,2433,8,50,43776725,11.92,108,662742.66,7203512.74,2019-08-31,2028-07-14,Active,59750806.7,463,Agriculture,High
3719,BKAILN77420947,432,15844,10,65,7658621,7.58,108,98046.05,3083803.73,2025-03-20,2034-02-01,Active,9018735.55,431,Vehicle Purchase,High
3720,BKAILN26844949,8055,994,8,52,8148477,11.68,61,177769.22,1921908.03,2017-02-23,2022-02-27,Active,10328837.17,689,Medical,Medium
3721,BKAILN40314308,5988,2224,11,21,9973600,11.74,37,322583.48,2232477.89,2017-10-08,2020-10-22,Active,12378888.71,601,Home Purchase,High
3722,BKAILN55572594,641,1874,5,36,2918792,9.08,31,105982.81,654254.32,2021-06-03,2023-12-20,Active,4879906.94,349,Business Expansion,High
3723,BKAILN52375106,9319,5125,12,83,434132,15.27,6,75611.81,244051.49,2019-04-07,2019-10-04,Active,0.0,892,Business Expansion,Low
3724,BKAILN65258473,8895,12796,6,52,2683987,17.96,92,53915.5,675570.6,2024-11-15,2032-06-06,Default,0.0,409,Home Purchase,High
3725,BKAILN98196934,9658,3097,3,92,1969153,11.41,62,42183.23,1270830.77,2019-10-30,2024-12-02,Active,3423131.69,744,Business Expansion,Medium
3726,BKAILN42386898,9138,7223,6,29,4930496,17.94,98,96174.86,3958882.15,2017-03-14,2025-04-01,Closed,0.0,623,Agriculture,High
3727,BKAILN67742815,7630,17933,11,96,2825106,12.89,43,82383.31,415860.62,2022-12-09,2026-06-21,Active,3689912.35,445,Working Capital,High
3728,BKAILN51254710,943,12127,7,57,3468541,11.89,28,142462.53,3218879.83,2020-11-30,2023-03-20,Active,0.0,692,Agriculture,Medium
3729,BKAILN40537353,280,14827,7,38,8194892,9.65,31,299725.31,6343661.25,2022-04-25,2024-11-10,Closed,0.0,782,Home Purchase,Low
3730,BKAILN93879098,9580,9988,3,51,433098,10.23,55,9897.24,364411.41,2024-03-31,2028-10-06,Active,748554.33,737,Education,Medium
3731,BKAILN84219885,6943,18417,2,38,9663132,14.06,59,227783.22,5624321.84,2019-05-19,2024-03-23,Active,0.0,500,Medical,High
3732,BKAILN71000361,3228,18119,12,9,1595788,13.84,27,69119.93,667545.73,2019-01-18,2021-04-07,Active,0.0,655,Agriculture,Medium
3733,BKAILN26792985,3714,5281,12,62,362278,13.21,36,12243.25,63571.23,2020-09-28,2023-09-13,Active,0.0,321,Agriculture,High
3734,BKAILN62783551,8576,15199,4,88,256722,10.88,47,6732.74,215635.98,2016-11-08,2020-09-18,Active,0.0,761,Working Capital,Low
3735,BKAILN95041007,9409,14457,10,99,729361,9.72,49,18093.14,247681.15,2022-12-16,2026-12-25,Active,1098900.84,410,Working Capital,High
3736,BKAILN88963799,1660,12546,2,24,215709,11.15,74,4044.09,51150.68,2024-12-10,2031-01-08,Active,0.0,335,Agriculture,High
3737,BKAILN36769760,1068,18498,10,53,135227,9.88,73,2471.93,59682.81,2023-07-05,2029-07-03,Active,168436.38,803,Education,Low
3738,BKAILN71561022,1976,12140,5,55,649524,8.58,24,29548.33,467359.15,2019-04-07,2021-03-27,Active,918505.99,732,Vehicle Purchase,Medium
3739,BKAILN57884766,4796,2576,12,49,24186347,14.78,31,943345.3,15196843.2,2016-11-22,2019-06-10,Active,0.0,561,Home Purchase,High
3740,BKAILN44943633,5371,12272,8,61,8299441,11.4,149,104351.53,3307050.28,2019-05-08,2031-08-03,Active,10292524.81,332,Agriculture,High
3741,BKAILN93747482,7837,14804,9,40,6270988,13.38,33,228175.52,731146.12,2024-11-30,2027-08-17,Active,8587532.13,654,Vehicle Purchase,Medium
3742,BKAILN72709557,2835,2218,5,64,5021037,8.41,7,737539.48,507867.4,2023-11-21,2024-06-18,Active,6853696.73,862,Agriculture,Low
3743,BKAILN20813958,7107,15841,7,14,4776393,12.39,132,66438.18,2144662.59,2018-08-27,2029-06-30,Active,0.0,427,Home Purchase,High
3744,BKAILN99943773,6802,11730,5,70,316046,9.17,16,21060.32,223417.62,2017-03-03,2018-06-26,Active,507330.1,716,Business Expansion,Medium
3745,BKAILN23485466,3894,686,4,91,843291,10.19,128,10830.23,604109.69,2024-10-18,2035-04-24,Active,0.0,442,Home Purchase,High
3746,BKAILN63220893,104,18302,10,19,1763076,9.78,118,23316.39,1016766.28,2022-03-14,2031-11-22,Active,2028021.31,572,Personal Expenses,High
3747,BKAILN59521727,6171,14066,5,50,1687863,8.05,29,64241.38,1381299.19,2022-04-22,2024-09-08,Active,2649002.2,778,Agriculture,Low
3748,BKAILN21020443,654,6368,3,18,173641,9.03,34,5807.33,166026.63,2017-12-04,2020-09-19,Active,262386.68,693,Agriculture,Medium
3749,BKAILN98420360,1241,3752,6,80,509632,16.96,76,10982.76,362245.44,2020-03-01,2026-05-29,Active,0.0,639,Medical,High
3750,BKAILN90630307,3983,322,11,35,1216417,9.75,25,53962.28,1038652.95,2020-03-25,2022-04-14,Active,1849786.92,384,Home Purchase,High
3751,BKAILN62823933,5753,13472,2,63,357081,17.69,58,9201.75,281552.24,2024-08-16,2029-05-22,Closed,0.0,749,Education,Medium
3752,BKAILN87978240,9904,6120,5,21,1203276,8.32,22,59160.75,224221.18,2024-11-21,2026-09-12,Active,1893605.14,662,Education,Medium
3753,BKAILN94496641,2897,4193,12,18,8355162,15.75,14,657203.35,7242768.57,2024-07-16,2025-09-09,Active,0.0,887,Personal Expenses,Low
3754,BKAILN88920017,1947,9655,7,29,479484,13.36,83,8881.31,120453.81,2019-03-19,2026-01-11,Active,0.0,645,Business Expansion,High
3755,BKAILN84142649,6782,3732,2,58,196453,15.81,33,7379.26,29450.02,2023-07-17,2026-04-02,Closed,0.0,339,Home Purchase,High
3756,BKAILN58047080,7607,1940,9,96,1213320,11.72,19,70277.59,284644.47,2023-04-21,2024-11-11,Active,1559839.66,360,Working Capital,High
3757,BKAILN31089849,9853,61,10,90,4005621,9.3,86,63984.1,3590593.23,2016-08-25,2023-09-18,Active,6767294.03,889,Agriculture,Low
3758,BKAILN74440933,839,5934,12,90,372607,13.96,29,15211.37,255043.74,2024-07-16,2026-12-03,Active,0.0,533,Business Expansion,High
3759,BKAILN32230081,6846,5310,7,13,411933,12.19,110,6236.04,149623.63,2017-04-23,2026-05-06,Active,0.0,338,Medical,High
3760,BKAILN44252918,1090,10798,1,32,4427241,9.49,333,37752.0,929259.15,2018-05-10,2045-09-15,Default,6658664.49,848,Business Expansion,Low
3761,BKAILN82606983,8512,15463,12,23,137822,15.79,25,6505.13,71169.69,2018-11-28,2020-12-17,Active,0.0,881,Personal Expenses,Low
3762,BKAILN11885603,7933,15038,2,79,2974793,12.08,17,191264.98,2697808.9,2019-11-06,2021-03-30,Active,0.0,307,Education,High
3763,BKAILN35263198,8577,10573,12,40,4543095,13.26,20,254426.81,1979824.8,2023-10-30,2025-06-21,Closed,0.0,367,Medical,High
3764,BKAILN88170831,5876,8283,2,36,3095359,16.96,70,69930.23,2562287.62,2021-09-29,2027-06-30,Closed,0.0,424,Medical,High
3765,BKAILN91378795,2495,3390,4,57,4333751,9.54,34,145967.98,469640.91,2024-10-15,2027-08-01,Active,0.0,837,Home Purchase,Low
3766,BKAILN48576612,6503,365,9,72,3020863,12.49,29,121215.55,2439072.51,2018-06-05,2020-10-22,Active,5156555.72,743,Education,Medium
3767,BKAILN40159464,6039,6222,6,17,311318,12.76,75,6044.69,253571.18,2020-06-16,2026-08-14,Active,0.0,849,Business Expansion,Low
3768,BKAILN44285840,4669,13809,12,75,17662676,11.17,33,624107.44,10813666.16,2019-09-02,2022-05-19,Active,0.0,791,Medical,Low
3769,BKAILN76235907,773,8878,2,36,1959281,13.64,23,97286.51,1453722.92,2024-03-19,2026-02-07,Active,0.0,319,Agriculture,High
3770,BKAILN79470503,4807,5373,5,41,144794,10.5,33,5070.65,16261.49,2018-08-02,2021-04-18,Active,207801.73,578,Agriculture,High
3771,BKAILN57338504,3156,11148,8,69,7486707,9.42,115,99088.09,4656950.83,2017-10-16,2027-03-28,Active,12272761.49,790,Medical,Low
3772,BKAILN90209259,6107,8796,3,26,222711,11.11,37,7136.48,36137.68,2022-12-18,2026-01-01,Active,356535.79,718,Education,Medium
3773,BKAILN74680961,2587,1755,5,40,1246520,9.25,13,101139.46,343567.47,2016-08-14,2017-09-08,Active,2181565.23,784,Personal Expenses,Low
3774,BKAILN65868920,4618,11641,2,47,2594404,14.27,82,49706.76,1717752.27,2017-05-19,2024-02-12,Active,0.0,623,Education,High
3775,BKAILN66079129,6440,16966,9,77,3814426,10.67,25,170837.67,1295895.79,2017-09-21,2019-10-11,Active,6447485.71,300,Vehicle Purchase,High
3776,BKAILN96925314,8863,16036,3,23,320114,9.86,34,10829.79,305383.16,2018-06-26,2021-04-11,Active,358869.35,400,Medical,High
3777,BKAILN99334889,3326,17594,10,55,2689637,8.63,36,85067.33,1787024.22,2020-09-13,2023-08-29,Active,3601452.86,468,Agriculture,High
3778,BKAILN46332939,971,13537,12,76,9878600,10.79,23,477367.88,9366606.84,2022-10-07,2024-08-27,Active,0.0,741,Home Purchase,Medium
3779,BKAILN26232881,8399,17332,6,39,7485526,16.22,21,411821.08,3134666.85,2022-10-18,2024-07-09,Active,0.0,541,Vehicle Purchase,High
3780,BKAILN66690864,6679,161,2,24,7974847,13.41,35,276564.35,6693817.96,2022-12-30,2025-11-14,Active,0.0,535,Education,High
3781,BKAILN87031282,1138,8123,12,4,380636,15.23,21,20762.25,97781.83,2019-03-30,2020-12-19,Active,0.0,847,Working Capital,Low
3782,BKAILN66324635,841,10907,2,49,95024,10.65,70,1828.36,94881.62,2020-05-06,2026-02-04,Active,0.0,888,Medical,Low
3783,BKAILN46750726,5323,16581,1,20,1984387,9.58,237,18679.41,673353.63,2017-05-11,2036-10-28,Active,2545518.68,694,Vehicle Purchase,Medium
3784,BKAILN61156320,6636,4967,7,31,158927,14.12,134,2362.83,54857.53,2025-06-04,2036-06-06,Active,0.0,401,Education,High
3785,BKAILN10522963,1780,2942,6,18,2506977,12.73,94,42271.73,1588612.7,2024-07-02,2032-03-22,Active,0.0,312,Education,High
3786,BKAILN70476308,728,16175,1,5,313551,9.35,304,2697.96,129543.83,2021-03-03,2046-02-20,Active,526243.36,542,Medical,High
3787,BKAILN45264562,7013,5419,11,17,1456175,12.14,36,48463.28,1404470.94,2021-04-24,2024-04-08,Active,2478454.36,659,Vehicle Purchase,Medium
3788,BKAILN96763214,2526,12472,8,14,2236528,11.67,163,27410.06,1385406.04,2016-10-18,2030-03-09,Active,3361241.88,393,Working Capital,High
3789,BKAILN54983649,7123,256,9,71,205995,9.94,18,12365.77,197399.57,2022-01-06,2023-06-30,Active,370404.63,711,Working Capital,Medium
3790,BKAILN31533881,4030,9560,5,3,41327808,10.01,25,1838331.0,17841458.06,2021-06-17,2023-07-07,Active,71903145.15,368,Business Expansion,High
3791,BKAILN32906007,381,3220,12,19,555149,12.47,11,53668.98,270583.85,2020-02-02,2020-12-28,Active,0.0,576,Personal Expenses,High
3792,BKAILN90385705,8972,11779,3,60,360430,11.28,26,15690.38,335832.96,2019-09-12,2021-10-31,Active,471435.8,386,Personal Expenses,High
3793,BKAILN62371027,1126,16422,4,57,283782,9.66,85,4623.0,53805.47,2019-12-22,2026-12-15,Active,0.0,517,Personal Expenses,High
3794,BKAILN95282699,9348,11160,9,16,938020,13.59,49,25049.03,826795.7,2021-12-05,2025-12-14,Active,1562809.21,631,Business Expansion,High
3795,BKAILN49482578,9149,13251,5,94,78331,8.74,35,2543.49,24420.09,2022-04-14,2025-02-27,Active,140157.79,824,Vehicle Purchase,Low
3796,BKAILN54554655,7960,18808,11,88,1129678,9.98,84,18742.32,501048.91,2017-11-27,2024-10-21,Active,1394557.6,808,Working Capital,Low
3797,BKAILN10905646,5254,5928,6,78,502096,17.7,79,10803.83,200380.06,2022-04-09,2028-10-04,Active,0.0,655,Medical,Medium
3798,BKAILN57706261,1602,17231,8,31,1361744,9.16,125,16944.04,808252.02,2021-01-21,2031-04-29,Active,2365199.36,355,Home Purchase,High
3799,BKAILN42251056,3297,14019,3,74,5443656,10.24,47,141084.08,4881974.57,2023-07-07,2027-05-17,Active,8234264.36,321,Medical,High
3800,BKAILN62205029,432,12931,5,47,758418,8.11,34,25042.26,430475.98,2019-02-07,2021-11-23,Active,1167691.34,594,Vehicle Purchase,High
3801,BKAILN53384486,8077,14734,11,25,1387066,11.82,25,62865.46,657096.03,2024-02-09,2026-02-28,Active,2366597.05,682,Home Purchase,Medium
3802,BKAILN19908131,2549,2439,5,92,205071,9.08,26,8718.33,202764.57,2018-10-08,2020-11-26,Active,367533.33,516,Business Expansion,High
3803,BKAILN69879895,8184,18319,2,77,8953446,15.61,17,590456.99,1105622.03,2019-05-10,2020-10-01,Active,0.0,334,Business Expansion,High
3804,BKAILN36339331,1449,14207,10,42,8492288,9.07,82,139331.09,5899793.92,2019-10-16,2026-07-11,Active,11115090.63,504,Medical,High
3805,BKAILN17310218,5898,9991,4,26,4056804,12.1,40,123747.98,800300.74,2025-01-01,2028-04-15,Default,0.0,575,Medical,High
3806,BKAILN38812920,7982,5831,5,48,4185928,9.13,25,184499.84,3717653.54,2019-09-22,2021-10-11,Active,5331603.7,624,Home Purchase,High
3807,BKAILN14734409,3351,5980,2,29,986903,16.64,55,25765.98,234401.34,2020-11-13,2025-05-21,Active,0.0,318,Home Purchase,High
3808,BKAILN53390531,5968,11911,2,46,4247839,17.35,29,180366.38,1300703.42,2019-12-30,2022-05-18,Active,0.0,663,Business Expansion,Medium
3809,BKAILN40414848,6749,16203,11,62,1478268,11.68,76,27614.45,1200654.14,2021-03-04,2027-06-01,Active,1769464.85,613,Home Purchase,High
3810,BKAILN92936252,1690,6649,5,42,97077,9.89,28,3896.65,65994.03,2023-07-02,2025-10-19,Active,133492.53,582,Personal Expenses,High
3811,BKAILN75543205,9572,2300,5,1,1253136,10.53,22,62884.44,507392.38,2019-12-28,2021-10-18,Active,1566868.4,753,Medical,Low
3812,BKAILN91588972,1216,1984,8,4,1221556,9.61,151,13972.37,332681.5,2022-08-13,2035-01-07,Active,1606558.66,866,Home Purchase,Low
3813,BKAILN60095126,9539,12140,1,98,651547,8.63,165,6757.08,293329.95,2025-03-09,2038-09-27,Active,898162.32,436,Personal Expenses,High
3814,BKAILN44024388,2434,2549,5,91,117806,8.89,9,13579.19,114923.49,2020-01-28,2020-10-24,Active,144052.08,797,Home Purchase,Low
3815,BKAILN49540169,9637,16506,11,81,1668167,12.47,42,49217.07,822407.98,2024-04-05,2027-09-17,Active,2571326.3,837,Business Expansion,Low
3816,BKAILN10427861,9676,15257,11,31,6064547,10.11,79,105437.83,1079161.4,2022-01-16,2028-07-13,Active,8158525.99,652,Medical,Medium
3817,BKAILN58356207,2554,16261,4,8,323353,12.07,178,3910.99,277127.58,2022-06-06,2037-01-18,Active,0.0,859,Personal Expenses,Low
3818,BKAILN86189683,1987,8173,11,13,1141362,12.16,41,34159.1,378640.91,2020-02-10,2023-06-24,Active,1601869.84,646,Business Expansion,High
3819,BKAILN81476708,1184,5373,6,26,655229,11.89,33,23375.46,410433.93,2017-01-11,2019-09-28,Active,0.0,853,Agriculture,Low
3820,BKAILN54114390,2705,5658,7,42,6242722,9.68,180,65867.8,1026006.96,2024-05-14,2039-02-25,Active,0.0,899,Vehicle Purchase,Low
3821,BKAILN31253045,4558,15396,6,7,91926,14.15,38,3015.43,91414.2,2024-07-13,2027-08-27,Active,0.0,519,Medical,High
3822,BKAILN97260464,2007,14471,1,98,1081748,9.4,194,10864.88,798036.07,2022-05-30,2038-05-06,Closed,1705304.05,683,Medical,Medium
3823,BKAILN19872003,6893,12812,1,46,1049930,8.4,206,9640.54,190385.63,2019-07-21,2036-06-21,Active,1768128.48,876,Business Expansion,Low
3824,BKAILN31494030,2844,4113,8,78,1025448,9.51,202,10196.61,545694.8,2024-03-24,2040-10-26,Default,1194781.84,795,Vehicle Purchase,Low
3825,BKAILN83448910,256,10925,6,35,1350288,12.4,24,63815.27,488176.75,2016-08-12,2018-08-02,Active,0.0,400,Home Purchase,High
3826,BKAILN92316961,9687,1223,9,81,321438,10.96,26,13945.05,252277.18,2020-04-10,2022-05-30,Active,443106.47,409,Agriculture,High
3827,BKAILN71641223,8509,2507,6,43,5883311,16.17,101,106951.47,5758745.33,2025-04-03,2033-07-20,Active,0.0,835,Vehicle Purchase,Low
3828,BKAILN80593460,7048,14104,12,64,5564895,14.01,27,241487.15,2921067.95,2020-08-22,2022-11-10,Active,0.0,889,Working Capital,Low
3829,BKAILN18100750,1082,11049,2,37,143269,15.99,82,2882.71,61507.96,2019-09-19,2026-06-14,Closed,0.0,606,Business Expansion,High
3830,BKAILN75790004,8767,16054,11,26,259172,10.97,25,11643.7,154932.67,2019-05-30,2021-06-18,Active,301622.33,689,Home Purchase,Medium
3831,BKAILN86684845,5185,9517,9,4,1029289,12.99,19,60226.63,713263.25,2020-05-13,2021-12-04,Active,1633562.73,689,Business Expansion,Medium
3832,BKAILN71994024,1558,7205,4,82,3614711,11.54,97,57476.1,2544451.69,2016-10-06,2024-09-24,Active,0.0,652,Working Capital,Medium
3833,BKAILN33373585,3624,17013,8,98,3225902,9.08,87,50748.65,2448793.59,2023-08-13,2030-10-05,Active,5545872.3,363,Medical,High
3834,BKAILN29355767,9229,5259,1,20,204923,8.71,149,2255.06,181759.2,2021-01-22,2033-04-19,Active,351174.66,732,Working Capital,Medium
3835,BKAILN28227467,659,14172,4,51,112273,10.27,67,2208.78,56180.73,2017-06-23,2022-12-24,Active,0.0,749,Vehicle Purchase,Medium
3836,BKAILN18154793,8301,16925,10,27,1543892,8.94,58,32880.22,490301.31,2018-01-12,2022-10-18,Active,2536148.47,683,Agriculture,Medium
3837,BKAILN50072529,2223,14613,9,93,1582790,13.19,48,42611.7,1139912.44,2019-01-04,2022-12-14,Active,2281876.02,897,Business Expansion,Low
3838,BKAILN81222343,8809,18242,10,91,161264,9.81,66,3171.29,148248.85,2017-01-12,2022-06-15,Active,193889.91,470,Medical,High
3839,BKAILN33204762,4383,9295,10,32,305962,8.33,113,3915.92,117613.24,2024-09-22,2034-01-03,Active,372581.59,607,Education,High
3840,BKAILN55724682,4318,4818,10,64,698478,8.72,115,8981.74,583346.43,2022-07-17,2031-12-27,Active,785700.94,488,Medical,High
3841,BKAILN24044274,4945,17736,2,71,4286532,15.69,77,88651.21,541827.12,2023-05-24,2029-09-19,Active,0.0,767,Home Purchase,Low
3842,BKAILN63229559,8495,12084,6,71,4304004,16.23,51,117365.42,3871206.63,2017-10-24,2022-01-01,Active,0.0,857,Personal Expenses,Low
3843,BKAILN63498387,4162,5410,5,43,1126763,9.52,27,46525.59,285806.35,2023-10-02,2025-12-20,Active,1374303.38,850,Agriculture,Low
3844,BKAILN64659370,7135,2781,5,20,1968833,10.88,8,256250.9,1162327.25,2019-05-26,2020-01-21,Active,3269750.43,354,Home Purchase,High
3845,BKAILN17083925,7477,13017,2,23,2658377,11.03,16,179426.44,508034.06,2024-04-28,2025-08-21,Active,0.0,719,Home Purchase,Medium
3846,BKAILN31001513,773,12442,10,25,370034,9.81,63,7538.78,127336.73,2019-03-19,2024-05-21,Active,453818.15,319,Vehicle Purchase,High
3847,BKAILN68460573,8702,12799,2,37,1038685,16.54,28,44965.41,107818.86,2022-03-04,2024-06-21,Active,0.0,652,Agriculture,Medium
3848,BKAILN84572513,9330,16083,12,5,3162151,11.24,35,106383.02,910040.22,2017-12-07,2020-10-22,Active,0.0,837,Home Purchase,Low
3849,BKAILN74005989,3277,9227,5,90,3857713,8.8,10,401501.26,640265.48,2020-03-03,2020-12-28,Active,5930221.02,746,Business Expansion,Medium
3850,BKAILN90199569,2161,19432,5,2,2103753,8.43,8,271350.13,2038679.76,2022-11-29,2023-07-27,Active,3291300.41,619,Medical,High
3851,BKAILN99319076,9321,4382,9,17,3939004,13.16,48,105986.69,1449072.69,2023-11-25,2027-11-04,Active,4489401.82,604,Working Capital,High
3852,BKAILN58324859,2672,8638,12,16,3766484,13.17,32,140216.69,3258933.46,2022-05-12,2024-12-27,Active,0.0,885,Vehicle Purchase,Low
3853,BKAILN22079538,2285,1464,12,50,3712290,14.78,17,243365.93,3090307.22,2024-08-11,2026-01-03,Active,0.0,343,Working Capital,High
3854,BKAILN98572999,6916,16255,8,49,1994080,10.25,208,20533.35,1026002.24,2020-12-18,2038-01-18,Active,2777762.26,687,Personal Expenses,Medium
3855,BKAILN11623978,3482,5441,5,39,960830,10.89,28,39014.2,757102.29,2018-12-14,2021-04-02,Active,1584601.95,585,Education,High
3856,BKAILN26105454,5017,13078,2,13,2837191,13.67,44,82345.21,2048634.0,2022-04-14,2025-11-24,Active,0.0,436,Vehicle Purchase,High
3857,BKAILN20139867,4798,13118,10,75,375529,8.54,52,8665.58,360868.83,2018-07-28,2022-11-04,Active,463527.19,674,Business Expansion,Medium
3858,BKAILN44297478,1495,558,9,70,2857757,13.58,42,85865.29,1110885.7,2025-02-04,2028-07-18,Active,5124953.3,521,Working Capital,High
3859,BKAILN15015256,2061,19911,1,39,623555,10.43,271,5994.1,125355.92,2021-04-29,2043-08-02,Active,1083444.47,581,Education,High
3860,BKAILN29448888,1586,11793,12,44,405286,15.41,27,17858.17,401841.11,2023-05-11,2025-07-29,Closed,0.0,402,Working Capital,High
3861,BKAILN39087406,6211,1510,10,16,2725017,8.84,106,37127.98,545246.42,2020-07-29,2029-04-13,Active,3744160.85,630,Business Expansion,High
3862,BKAILN48513093,4383,3969,11,61,157282,11.38,24,7358.35,44193.68,2021-07-09,2023-06-29,Active,195004.25,372,Business Expansion,High
3863,BKAILN33855489,6216,3785,11,16,5530148,11.17,28,225272.94,5020033.94,2022-03-15,2024-07-02,Active,7664198.18,810,Personal Expenses,Low
3864,BKAILN71923606,3665,2884,1,26,7936814,8.64,215,72690.29,3120652.41,2021-06-09,2039-02-05,Active,11975282.88,706,Education,Medium
3865,BKAILN27198316,9907,3646,2,26,3301531,12.02,21,175113.4,1458010.85,2021-03-24,2022-12-14,Closed,0.0,697,Agriculture,Medium
3866,BKAILN11255465,5624,18128,3,36,360626,9.0,38,10941.96,172084.08,2022-03-27,2025-05-10,Active,425176.47,434,Vehicle Purchase,High
3867,BKAILN59589586,3860,6918,5,89,165272,10.8,17,10528.16,93237.86,2022-03-07,2023-07-30,Active,288398.97,493,Agriculture,High
3868,BKAILN54012389,4275,16734,10,95,732901,7.83,68,13379.85,328244.18,2021-07-31,2027-03-02,Active,1080813.09,644,Agriculture,High
3869,BKAILN15625343,9772,2027,9,62,795478,12.86,36,26749.19,739999.93,2025-06-24,2028-06-08,Active,877549.32,510,Vehicle Purchase,High
3870,BKAILN33960625,8505,12994,11,32,1020774,12.19,44,28884.75,940624.77,2024-05-28,2028-01-08,Active,1275558.34,714,Personal Expenses,Medium
3871,BKAILN92946094,3725,18679,6,34,1902170,13.15,14,147299.63,804100.95,2017-07-14,2018-09-07,Active,0.0,495,Personal Expenses,High
3872,BKAILN11844000,4815,1762,3,23,4233861,10.41,71,80119.89,1825453.97,2020-10-30,2026-08-30,Active,6509328.1,691,Personal Expenses,Medium
3873,BKAILN92932979,9649,5088,5,35,59775,8.92,20,3227.49,32852.78,2021-09-20,2023-05-13,Active,106575.41,462,Vehicle Purchase,High
3874,BKAILN99444295,6380,869,3,51,593142,9.5,44,16017.14,375305.13,2017-01-02,2020-08-14,Active,897648.74,528,Agriculture,High
3875,BKAILN47394442,5815,8403,4,47,1800625,10.67,61,38371.75,1387439.42,2017-09-02,2022-09-06,Active,0.0,782,Home Purchase,Low
3876,BKAILN79287238,1868,5787,4,78,265686,11.16,162,3180.89,224148.95,2018-10-20,2032-02-09,Active,0.0,618,Vehicle Purchase,High
3877,BKAILN95101621,1994,19247,6,34,772541,17.8,48,22612.73,318948.93,2017-05-08,2021-04-17,Active,0.0,382,Medical,High
3878,BKAILN25603197,4191,14654,7,100,837199,11.14,126,11298.8,733853.87,2022-04-29,2032-09-03,Active,0.0,344,Education,High
3879,BKAILN44685599,4299,5591,4,57,1290642,8.85,175,13154.43,284183.95,2019-05-19,2033-10-02,Default,0.0,828,Home Purchase,Low
3880,BKAILN51044078,5052,14535,5,48,97981,9.08,25,4316.38,65881.72,2024-04-11,2026-05-01,Closed,154027.07,788,Medical,Low
3881,BKAILN26525687,2672,11888,7,3,164134,11.38,140,2122.82,44900.71,2023-08-31,2035-03-01,Active,0.0,764,Education,Low
3882,BKAILN93100528,5424,2719,2,80,3544045,16.0,29,148157.2,3311962.37,2016-11-10,2019-03-30,Active,0.0,755,Agriculture,Low
3883,BKAILN89906811,1039,18623,11,86,814238,10.23,40,24109.32,422842.37,2019-02-25,2022-06-09,Active,1028444.12,671,Working Capital,Medium
3884,BKAILN84002748,4645,11638,6,72,4564354,12.1,33,163289.37,1955727.81,2023-06-18,2026-03-04,Active,0.0,899,Working Capital,Low
3885,BKAILN90584827,8258,18456,5,52,9211001,8.41,32,322329.37,8119457.89,2016-09-14,2019-05-02,Active,13857747.91,490,Medical,High
3886,BKAILN69114124,1402,19937,11,95,3912390,10.96,79,69736.96,1116949.04,2023-11-12,2030-05-09,Active,4313286.46,376,Working Capital,High
3887,BKAILN95269402,7746,8846,8,72,6001601,11.78,108,90386.76,981325.13,2024-02-01,2032-12-15,Active,8063472.19,733,Medical,Medium
3888,BKAILN27109250,6324,16757,8,59,996535,9.99,185,10578.12,956879.17,2022-10-10,2037-12-20,Active,1456495.76,355,Personal Expenses,High
3889,BKAILN34494007,3054,16609,6,66,2949507,17.54,45,89907.91,1176264.63,2020-12-10,2024-08-21,Active,0.0,633,Agriculture,High
3890,BKAILN85279552,9126,5656,12,68,292294,11.24,11,28088.74,52872.32,2022-03-16,2023-02-09,Active,0.0,682,Medical,Medium
3891,BKAILN91043907,7811,1630,6,55,1733671,11.62,23,84445.04,1491762.62,2025-05-02,2027-03-23,Active,0.0,320,Vehicle Purchase,High
3892,BKAILN54105278,5479,5977,1,34,297853,10.05,297,2723.25,289313.55,2022-04-10,2046-09-01,Active,349817.62,632,Education,High
3893,BKAILN97517871,3742,19482,8,45,886936,10.96,233,9207.65,271573.02,2024-03-20,2043-05-10,Active,994303.6,826,Business Expansion,Low
3894,BKAILN45285145,5365,1795,7,71,383207,13.01,94,6521.1,376304.92,2017-01-10,2024-09-30,Active,0.0,510,Home Purchase,High
3895,BKAILN61545284,164,14025,11,7,657201,12.69,54,16036.81,72879.13,2020-04-04,2024-09-10,Closed,1125122.1,363,Home Purchase,High
3896,BKAILN98505651,4816,9190,12,6,236018,13.02,6,40843.56,82121.49,2017-04-25,2017-10-22,Active,0.0,399,Home Purchase,High
3897,BKAILN57098642,5871,5122,5,20,902317,8.61,22,44483.26,209151.97,2017-03-21,2019-01-10,Active,1176207.7,411,Business Expansion,High
3898,BKAILN59649529,8840,7181,2,42,1115591,12.36,45,31103.66,680167.0,2019-05-06,2023-01-15,Closed,0.0,693,Education,Medium
3899,BKAILN53626546,6647,16736,8,81,1863185,9.84,112,25491.35,231423.66,2020-12-05,2030-02-16,Active,3257103.82,574,Personal Expenses,High
3900,BKAILN94844321,4000,19477,1,96,669080,10.41,338,6135.33,325211.31,2018-11-21,2046-08-26,Active,1000700.64,484,Vehicle Purchase,High
3901,BKAILN45196151,4104,19533,11,84,2912959,12.6,62,64161.7,1101227.98,2019-04-20,2024-05-23,Active,4131158.25,814,Education,Low
3902,BKAILN84646408,6913,430,4,10,8239443,8.73,145,92157.17,5670715.24,2025-02-23,2037-01-21,Default,0.0,453,Medical,High
3903,BKAILN73454778,8652,1804,8,15,4141962,10.43,217,42498.81,776902.03,2019-06-14,2037-04-10,Active,6434876.69,524,Vehicle Purchase,High
3904,BKAILN56857284,6651,15399,8,18,1061385,9.01,227,9754.8,846149.59,2022-12-02,2041-07-25,Active,1793895.19,437,Business Expansion,High
3905,BKAILN80509671,2176,2322,10,53,681412,9.04,54,15405.76,484656.1,2017-10-22,2022-03-30,Active,812447.16,662,Business Expansion,Medium
3906,BKAILN96188311,6904,9778,5,96,45776865,10.42,11,4381472.85,35422622.67,2019-06-04,2020-04-29,Active,71270988.69,782,Vehicle Purchase,Low
3907,BKAILN20493527,4571,18472,4,30,835759,10.33,137,10412.27,677077.8,2020-09-07,2031-12-09,Active,0.0,494,Business Expansion,High
3908,BKAILN41788729,7333,15455,12,58,8887615,10.77,35,297028.21,7696922.42,2017-07-10,2020-05-25,Active,0.0,341,Business Expansion,High
3909,BKAILN54318442,8910,10279,1,15,40507439,10.03,329,361984.07,35332170.31,2021-12-06,2048-12-14,Active,61019225.18,513,Working Capital,High
3910,BKAILN88871970,7506,17097,11,69,1074792,9.77,42,30317.49,949975.59,2020-08-30,2024-02-11,Default,1538120.84,532,Business Expansion,High
3911,BKAILN81860081,7589,1478,9,33,598505,13.86,21,32259.67,371149.39,2016-11-26,2018-08-18,Active,810637.17,625,Medical,High
3912,BKAILN61283834,494,15921,12,1,263012,13.13,20,14713.46,236526.18,2021-04-26,2022-12-17,Active,0.0,701,Personal Expenses,Medium
3913,BKAILN64096868,7142,5895,4,78,766477,12.31,150,10033.38,749803.18,2024-03-11,2036-07-06,Active,0.0,418,Agriculture,High
3914,BKAILN82768446,5319,9544,9,38,1501565,12.34,56,35405.05,1033604.74,2024-11-04,2029-06-11,Active,1930835.04,706,Home Purchase,Medium
3915,BKAILN29535959,1153,2528,11,86,1345611,12.12,69,27174.36,1311283.42,2019-10-28,2025-06-28,Active,2053282.91,544,Medical,High
3916,BKAILN56481651,6821,8250,4,45,31832997,11.44,95,510908.76,30616729.88,2022-02-21,2029-12-11,Active,0.0,844,Vehicle Purchase,Low
3917,BKAILN48632942,1561,15956,5,8,1148499,9.24,14,86851.92,209671.21,2023-01-31,2024-03-26,Active,1846029.89,695,Medical,Medium
3918,BKAILN12882768,6143,16405,4,4,184876,10.26,28,7452.62,89316.86,2025-01-23,2027-05-13,Active,0.0,704,Working Capital,Medium
3919,BKAILN77386436,192,14384,7,19,4345305,12.76,13,359660.03,2393050.56,2024-12-01,2025-12-26,Active,0.0,819,Home Purchase,Low
3920,BKAILN69726008,3698,9139,8,80,445871,10.15,64,9050.42,379495.8,2021-04-01,2026-07-04,Active,622698.97,700,Agriculture,Medium
3921,BKAILN62194401,5737,2213,1,56,2187936,8.45,203,20289.11,1713104.09,2021-11-19,2038-07-23,Closed,3287867.28,598,Education,High
3922,BKAILN18070062,9586,14101,2,65,427224,11.57,20,23589.42,240057.11,2024-02-16,2025-10-08,Active,0.0,781,Personal Expenses,Low
3923,BKAILN84348135,1501,19171,3,91,9540550,11.62,28,390647.98,1625770.96,2020-04-25,2022-08-13,Active,11955604.82,633,Vehicle Purchase,High
3924,BKAILN99684711,5458,8053,9,96,7028149,13.47,26,313178.55,4762728.34,2021-05-01,2023-06-20,Active,9654355.83,417,Medical,High
3925,BKAILN13720351,1042,1145,1,56,8186736,9.02,321,67650.65,2887259.3,2025-06-19,2051-10-31,Default,11461179.77,394,Business Expansion,High
3926,BKAILN53517319,3162,14021,10,50,3575985,8.04,76,60198.38,835577.93,2017-06-23,2023-09-20,Active,5676296.24,741,Vehicle Purchase,Medium
3927,BKAILN50374441,3323,12609,6,83,650412,11.12,21,34226.09,627408.5,2024-11-11,2026-08-03,Active,0.0,775,Working Capital,Low
3928,BKAILN18960780,2549,2646,2,84,1602252,12.64,61,35735.93,1334764.82,2021-10-29,2026-11-02,Active,0.0,463,Medical,High
3929,BKAILN89105780,7273,19729,4,89,4864171,10.69,76,88368.42,1185630.66,2018-03-20,2024-06-16,Active,0.0,817,Personal Expenses,Low
3930,BKAILN28508560,516,15689,4,17,242674,10.37,142,2973.3,211521.8,2018-11-19,2030-07-19,Default,0.0,678,Working Capital,Medium
3931,BKAILN89620906,8398,8338,10,94,904830,9.97,107,12797.76,155315.83,2017-09-19,2026-07-04,Active,1615978.94,323,Education,High
3932,BKAILN44796709,1494,7703,12,97,246333,16.0,32,9506.99,245908.73,2021-09-04,2024-04-21,Active,0.0,372,Medical,High
3933,BKAILN94373545,3724,3536,3,10,2455274,9.89,44,66756.77,717438.02,2018-03-09,2021-10-19,Active,3298539.65,401,Medical,High
3934,BKAILN94836532,2883,4976,8,10,415174,9.49,112,5601.54,394717.47,2024-02-08,2033-04-21,Active,672121.34,679,Business Expansion,Medium
3935,BKAILN37730808,766,19697,2,84,1651912,14.37,15,120970.56,482246.46,2019-02-10,2020-05-05,Active,0.0,524,Medical,High
3936,BKAILN30569075,9206,18475,9,53,4704632,13.12,50,122643.87,1155223.45,2025-04-07,2029-05-16,Active,8002079.33,822,Business Expansion,Low
3937,BKAILN85303902,138,11874,9,70,156917,10.04,27,6517.05,50736.08,2019-06-03,2021-08-21,Active,276147.04,817,Personal Expenses,Low
3938,BKAILN45066699,4480,5194,8,26,1549091,11.31,211,16940.66,226676.21,2019-02-14,2036-06-14,Active,2007052.39,728,Agriculture,Medium
3939,BKAILN44312377,2375,5012,5,82,8957732,9.54,6,1534770.93,1221576.68,2019-01-13,2019-07-12,Active,12891966.11,681,Home Purchase,Medium
3940,BKAILN55079377,6417,11701,2,98,333578,12.76,61,7460.44,215531.3,2017-12-14,2022-12-18,Active,0.0,410,Agriculture,High
3941,BKAILN42436633,6904,14899,11,73,1072845,11.6,84,18709.92,964263.63,2022-09-04,2029-07-29,Active,1903475.8,632,Medical,High
3942,BKAILN58232932,9718,12380,11,53,2913666,12.52,82,53047.66,1620340.46,2024-11-06,2031-08-02,Active,3348542.67,785,Vehicle Purchase,Low
3943,BKAILN73162100,2014,1611,5,62,245642,9.98,18,14750.28,158669.98,2017-09-21,2019-03-15,Active,429411.59,658,Business Expansion,Medium
3944,BKAILN57078054,8537,10969,2,46,6795743,12.43,13,561434.12,3234874.51,2018-11-23,2019-12-18,Active,0.0,686,Working Capital,Medium
3945,BKAILN18901338,8735,3584,1,64,949786,9.59,197,9589.14,551291.57,2022-04-11,2038-06-16,Active,1512091.48,704,Personal Expenses,Medium
3946,BKAILN78076267,9519,15612,12,30,772593,12.4,18,47257.99,85523.63,2017-11-19,2019-05-13,Active,0.0,337,Home Purchase,High
3947,BKAILN10870778,9284,14959,4,7,3153305,10.2,32,112964.77,925595.79,2022-09-09,2025-04-26,Active,0.0,604,Working Capital,High
3948,BKAILN27996640,7977,9461,1,80,6633162,8.5,292,53839.85,5118835.52,2022-12-14,2046-12-08,Closed,11854798.81,781,Medical,Low
3949,BKAILN26421300,5435,17064,2,41,991552,14.26,76,19885.52,836469.21,2024-02-10,2030-05-09,Default,0.0,349,Education,High
3950,BKAILN73585119,8427,17958,7,37,2192875,10.64,55,50552.31,2028630.31,2018-06-21,2022-12-27,Active,0.0,780,Home Purchase,Low
3951,BKAILN63591574,3717,9943,6,6,1961710,16.87,29,82836.64,501576.45,2019-10-11,2022-02-27,Active,0.0,468,Business Expansion,High
3952,BKAILN96802643,5830,3384,5,100,5906576,9.7,31,216168.13,4251551.84,2019-11-11,2022-05-29,Active,7019609.93,381,Business Expansion,High
3953,BKAILN68003789,3818,12162,10,58,1628985,7.81,33,55013.63,558881.88,2023-01-18,2025-10-04,Active,2698865.59,569,Agriculture,High
3954,BKAILN34837299,7345,8655,11,87,1087370,11.65,36,35934.74,217408.07,2020-05-02,2023-04-17,Active,1830916.38,757,Medical,Low
3955,BKAILN24423560,5433,11620,2,35,63557,17.07,81,1326.65,35686.52,2020-07-13,2027-03-09,Closed,0.0,448,Education,High
3956,BKAILN82546496,8739,13556,4,11,1740690,10.26,174,19261.52,566484.34,2024-05-07,2038-08-22,Active,0.0,644,Vehicle Purchase,High
3957,BKAILN44901204,8209,9372,4,5,7032680,9.1,118,90400.63,3562631.31,2020-05-15,2030-01-23,Active,0.0,647,Vehicle Purchase,High
3958,BKAILN19271511,9361,13304,3,92,1936745,8.97,24,88453.04,1096693.05,2019-09-03,2021-08-23,Active,2752845.41,304,Agriculture,High
3959,BKAILN76291469,9529,17009,11,77,6571129,11.27,37,211062.89,6196122.0,2017-12-14,2020-12-28,Active,9015773.1,332,Personal Expenses,High
3960,BKAILN42657055,8526,2305,12,2,2767306,14.58,23,138635.77,1712414.24,2017-04-30,2019-03-21,Active,0.0,540,Medical,High
3961,BKAILN44997309,6476,15788,7,37,2800799,14.34,83,53387.01,2083553.14,2023-10-28,2030-08-22,Active,0.0,687,Working Capital,Medium
3962,BKAILN79876654,4718,16412,7,72,873383,13.3,61,19775.28,387572.24,2018-03-25,2023-03-29,Active,0.0,834,Home Purchase,Low
3963,BKAILN50772538,3619,14837,6,13,301212,15.05,45,8799.98,229543.08,2019-02-09,2022-10-21,Default,0.0,529,Education,High
3964,BKAILN98584058,4466,19908,12,21,313876,12.21,27,13353.58,161691.03,2017-06-03,2019-08-22,Active,0.0,482,Vehicle Purchase,High
3965,BKAILN52256731,1788,5761,1,20,1345232,10.01,323,12044.67,966409.12,2019-07-28,2046-02-06,Active,1796742.09,776,Education,Low
3966,BKAILN30150810,4409,16254,2,84,1696071,16.68,52,46028.89,440274.99,2025-06-10,2029-09-17,Active,0.0,488,Education,High
3967,BKAILN92688946,6701,9102,11,19,8891939,13.19,68,186349.19,1365891.51,2025-04-24,2030-11-24,Active,13126296.79,310,Medical,High
3968,BKAILN81166652,2186,4193,9,39,221241,13.8,35,7714.21,220948.63,2016-10-03,2019-08-19,Active,361114.14,338,Business Expansion,High
3969,BKAILN87680196,3087,13355,4,33,711844,8.66,122,8795.21,106252.11,2020-01-20,2030-01-27,Active,0.0,424,Agriculture,High
3970,BKAILN87459041,6107,2023,5,10,490420,10.93,17,31270.23,98781.17,2022-04-12,2023-09-04,Active,769705.6,469,Medical,High
3971,BKAILN26156959,4639,6116,3,64,2911364,9.38,71,53586.85,2718382.62,2023-12-24,2029-10-23,Active,4303496.05,819,Home Purchase,Low
3972,BKAILN55561730,3665,4652,3,12,190920,9.2,69,3573.39,33592.46,2016-12-23,2022-08-24,Active,319986.03,894,Personal Expenses,Low
3973,BKAILN97588304,4992,4004,9,80,4776717,12.39,54,115841.56,4196144.4,2018-03-07,2022-08-13,Active,7380773.6,423,Personal Expenses,High
3974,BKAILN24498877,5699,9056,10,27,1352634,9.36,23,64471.54,1044999.0,2018-02-25,2020-01-16,Active,2281723.99,405,Agriculture,High
3975,BKAILN80037229,2248,898,12,53,5920115,13.18,7,883292.31,4184564.99,2022-02-13,2022-09-11,Active,0.0,873,Working Capital,Low
3976,BKAILN68170338,6031,4755,7,83,377990,14.74,177,5247.61,277816.25,2023-07-11,2038-01-23,Active,0.0,495,Medical,High
3977,BKAILN67128205,7286,2351,10,19,1974205,8.37,59,40931.98,1419248.27,2020-11-18,2025-09-23,Active,2813286.51,396,Vehicle Purchase,High
3978,BKAILN51539861,9557,14897,5,6,169684,10.12,9,19657.68,47838.55,2016-07-22,2017-04-18,Active,263694.65,469,Medical,High
3979,BKAILN28317269,2310,17797,1,90,3982291,9.14,228,36867.73,1053863.36,2019-01-23,2037-10-15,Active,6977129.52,362,Home Purchase,High
3980,BKAILN97574065,2130,5439,5,44,3797537,8.04,18,224656.8,2724370.48,2021-12-01,2023-05-25,Active,4443856.76,742,Vehicle Purchase,Medium
3981,BKAILN83724294,1065,9280,9,61,2055138,10.02,60,43685.84,1333500.12,2017-02-09,2022-01-14,Default,2527988.44,749,Working Capital,Medium
3982,BKAILN52092935,3995,7302,11,35,371165,12.47,43,10747.44,93989.36,2024-02-11,2027-08-24,Closed,554660.03,397,Working Capital,High
3983,BKAILN38099720,1932,1652,4,92,2087734,9.27,100,30045.92,1166822.58,2019-11-03,2028-01-20,Active,0.0,501,Home Purchase,High
3984,BKAILN16952327,5582,17601,9,46,1847765,11.03,21,97156.37,200994.86,2019-08-19,2021-05-10,Active,2277150.56,561,Working Capital,High
3985,BKAILN99722042,4929,18459,2,94,7044267,14.88,72,148492.44,6971079.28,2022-09-08,2028-08-07,Closed,0.0,603,Education,High
3986,BKAILN86547855,4668,19126,11,38,196811,9.57,47,5037.65,57012.43,2019-08-08,2023-06-18,Closed,331488.47,763,Education,Low
3987,BKAILN90485297,6723,7195,3,1,4666010,11.48,39,143909.85,4623139.07,2020-05-09,2023-07-23,Active,6099107.12,748,Working Capital,Medium
3988,BKAILN32612781,8295,2081,11,2,3851666,10.86,60,83475.88,3441201.21,2024-09-30,2029-09-04,Default,4768615.3,866,Working Capital,Low
3989,BKAILN61156104,2609,8017,12,14,134310,15.52,30,5430.09,84879.1,2019-11-07,2022-04-25,Default,0.0,589,Agriculture,High
3990,BKAILN37180365,5239,19037,7,6,254574,11.53,106,3839.34,93140.02,2017-11-16,2026-08-01,Active,0.0,497,Agriculture,High
3991,BKAILN38273632,5574,4770,5,89,1265786,8.04,27,51405.57,428055.0,2024-06-22,2026-09-10,Active,1737835.0,753,Agriculture,Low
3992,BKAILN52338668,7587,13173,3,40,289713,9.95,54,6677.34,268941.24,2020-10-02,2025-03-10,Active,392493.71,702,Medical,Medium
3993,BKAILN71684023,9352,12785,4,77,316733,10.03,111,4390.03,194259.41,2020-10-06,2029-11-18,Active,0.0,718,Education,Medium
3994,BKAILN21207382,5647,13618,5,24,263215,10.67,26,11383.66,243663.03,2018-10-07,2020-11-25,Active,382259.41,623,Medical,High
3995,BKAILN25538706,872,15394,8,69,1438136,11.09,132,18903.6,432947.65,2023-01-31,2033-12-04,Closed,1830897.26,357,Personal Expenses,High
3996,BKAILN67472603,5940,10137,7,79,242777,13.75,23,12067.47,207730.13,2019-05-12,2021-04-01,Active,0.0,402,Home Purchase,High
3997,BKAILN70640795,6411,10024,11,55,3602549,12.21,30,139949.14,1580649.02,2019-12-18,2022-06-05,Active,6397687.16,679,Home Purchase,Medium
3998,BKAILN23219094,2323,2857,4,59,3187425,11.91,75,60462.22,831058.5,2020-12-18,2027-02-15,Active,0.0,811,Agriculture,Low
3999,BKAILN31308515,8157,16215,12,97,5468699,16.19,19,328218.37,4685361.79,2016-10-19,2018-05-12,Active,0.0,800,Medical,Low
4000,BKAILN94386080,1937,13654,7,33,657664,11.55,126,9031.37,540323.5,2017-09-24,2028-01-30,Active,0.0,780,Education,Low
4001,BKAILN70207901,2856,8739,3,89,6642281,10.03,84,110372.72,4881921.79,2018-12-22,2025-11-15,Active,11093450.29,647,Business Expansion,High
4002,BKAILN96611720,7837,16805,8,10,3772874,10.51,197,40270.47,625491.05,2018-05-14,2034-07-19,Default,5677422.23,648,Medical,High
4003,BKAILN11269776,5574,6334,4,32,526321,10.58,28,21295.07,250505.87,2016-12-06,2019-03-26,Active,0.0,794,Home Purchase,Low
4004,BKAILN91184909,5965,13655,9,95,364248,13.01,17,23577.11,168405.34,2019-02-15,2020-07-09,Active,447270.65,860,Business Expansion,Low
4005,BKAILN17380906,4859,8780,1,13,1733773,10.15,123,22731.64,1254267.43,2019-04-11,2029-05-18,Closed,2834332.5,564,Business Expansion,High
4006,BKAILN86961935,6871,2889,7,81,404041,11.73,176,4819.38,231739.7,2022-04-26,2036-10-09,Active,0.0,498,Home Purchase,High
4007,BKAILN80166738,7943,11804,5,68,4356805,10.36,31,160789.08,3944232.13,2020-02-20,2022-09-07,Active,7828456.34,896,Vehicle Purchase,Low
4008,BKAILN71533151,9308,7535,12,44,207343,15.6,11,20351.25,121216.11,2023-02-01,2023-12-28,Active,0.0,445,Vehicle Purchase,High
4009,BKAILN27747419,6485,2456,11,99,7868264,10.57,74,145170.69,5403948.64,2023-03-27,2029-04-24,Active,13951010.42,630,Working Capital,High
4010,BKAILN21247430,6738,6403,11,57,139356,11.28,57,3169.23,19830.42,2023-02-06,2027-10-13,Active,164071.75,829,Agriculture,Low
4011,BKAILN95143614,5463,14661,4,6,912690,12.02,141,12113.37,296533.69,2018-06-12,2030-01-10,Active,0.0,884,Home Purchase,Low
4012,BKAILN36999159,5272,13275,2,24,491178,12.97,16,33594.69,117002.09,2020-09-12,2022-01-05,Active,0.0,481,Medical,High
4013,BKAILN39420732,8763,13921,5,1,6451435,10.44,13,527010.21,3475160.29,2021-11-19,2022-12-14,Active,9882719.06,370,Education,High
4014,BKAILN41308775,1953,1642,9,61,463131,12.25,20,25718.42,200555.33,2022-09-03,2024-04-25,Active,609832.92,635,Home Purchase,High
4015,BKAILN88665826,3701,9102,8,47,1308733,9.1,232,12005.12,441696.6,2022-01-26,2041-02-15,Closed,2029920.11,630,Personal Expenses,High
4016,BKAILN12320094,1291,7949,2,88,240151,13.55,26,10710.36,112155.37,2025-04-16,2027-06-05,Active,0.0,383,Business Expansion,High
4017,BKAILN65173346,9743,1385,3,26,1542290,9.37,38,47062.37,1539971.68,2022-12-08,2026-01-21,Active,1738919.75,388,Medical,High
4018,BKAILN49171946,9085,10817,12,13,2611542,14.98,10,279418.19,281940.66,2017-02-20,2017-12-17,Active,0.0,439,Agriculture,High
4019,BKAILN56461877,8653,14798,9,30,5612027,12.74,59,128487.47,1805602.73,2016-08-24,2021-06-29,Active,7656085.09,863,Vehicle Purchase,Low
4020,BKAILN73330181,240,7867,7,65,274651,11.58,135,3648.08,210342.69,2025-03-17,2036-04-18,Closed,0.0,513,Personal Expenses,High
4021,BKAILN45654893,5523,11416,5,33,986975,10.54,33,34582.14,429152.13,2023-08-18,2026-05-04,Active,1397231.77,589,Medical,High
4022,BKAILN16012636,5708,9225,6,88,301333,15.44,81,6011.37,93433.0,2022-07-07,2029-03-02,Active,0.0,856,Vehicle Purchase,Low
4023,BKAILN59340207,3607,18793,12,30,2503136,13.57,22,129157.13,314872.5,2019-06-30,2021-04-20,Active,0.0,779,Working Capital,Low
4024,BKAILN55034135,4779,17222,7,81,518749,11.98,120,7436.54,292208.85,2018-11-20,2028-09-28,Active,0.0,721,Vehicle Purchase,Medium
4025,BKAILN61976342,8117,16476,11,6,163356,10.29,72,3050.25,50342.57,2020-11-22,2026-10-22,Active,230430.29,381,Personal Expenses,High
4026,BKAILN45174623,9509,3525,11,37,1222919,12.16,59,27639.12,766977.97,2024-01-12,2028-11-16,Active,1662492.08,490,Personal Expenses,High
4027,BKAILN62190033,8529,13101,5,77,100706,8.98,11,9571.26,13671.79,2017-07-07,2018-06-02,Active,147522.34,792,Agriculture,Low
4028,BKAILN70743272,5116,3879,2,4,493341,14.62,47,13849.25,343226.32,2024-05-04,2028-03-14,Active,0.0,864,Agriculture,Low
4029,BKAILN82857995,6792,11043,4,30,143452,12.02,129,1985.92,58256.81,2016-11-21,2027-06-27,Active,0.0,804,Agriculture,Low
4030,BKAILN53156554,9204,14074,7,11,273620,11.65,66,5634.26,203910.44,2017-12-01,2023-05-04,Active,0.0,583,Vehicle Purchase,High
4031,BKAILN31297329,7879,13729,8,19,3113593,11.14,189,35009.94,1987213.27,2024-10-04,2040-04-13,Active,4320898.27,508,Home Purchase,High
4032,BKAILN12727042,4530,14605,9,91,729852,10.15,26,31389.02,202605.36,2023-08-29,2025-10-17,Default,1155459.55,821,Education,Low
4033,BKAILN27981973,5636,18788,8,50,31181855,11.75,106,474091.58,23134789.76,2017-03-01,2025-11-14,Closed,36436381.48,736,Personal Expenses,Medium
4034,BKAILN52398499,3250,17158,2,7,1062890,14.28,21,57500.14,473466.05,2024-03-01,2025-11-21,Active,0.0,419,Agriculture,High
4035,BKAILN47647683,4399,1202,3,17,1572577,10.86,81,27476.05,249948.11,2019-01-25,2025-09-20,Active,1911179.49,536,Home Purchase,High
4036,BKAILN96646534,5004,1992,11,99,4775341,11.55,81,85161.88,1689911.6,2020-04-17,2026-12-12,Active,7392215.25,683,Working Capital,Medium
4037,BKAILN70564197,5175,7455,9,97,1781319,10.81,12,157278.1,1662773.91,2021-02-22,2022-02-17,Active,2794555.27,743,Agriculture,Medium
4038,BKAILN37217253,8003,6676,9,25,2891441,11.83,31,108704.96,2852483.38,2024-07-11,2027-01-27,Active,5196785.8,504,Agriculture,High
4039,BKAILN13207355,8535,9721,11,18,702732,10.71,27,29404.3,678626.68,2019-02-07,2021-04-27,Active,1150760.61,449,Medical,High
4040,BKAILN47053651,8697,5347,6,73,41978023,15.27,25,1970915.34,20367812.83,2019-10-26,2021-11-14,Closed,0.0,563,Business Expansion,High
4041,BKAILN67270305,6105,4987,3,9,127699,8.79,44,3405.55,18247.97,2019-01-21,2022-09-02,Active,154577.3,592,Education,High
4042,BKAILN66887147,6860,11480,3,34,2918123,9.9,33,101372.78,2793465.64,2018-09-01,2021-05-18,Active,4687135.96,338,Agriculture,High
4043,BKAILN60293649,5982,15846,11,100,39553567,13.22,50,1033088.99,5628478.38,2020-07-27,2024-09-04,Default,66355832.73,879,Medical,Low
4044,BKAILN96843268,1176,18230,9,45,1218628,13.46,58,28694.75,625204.22,2023-03-12,2027-12-16,Active,2172525.61,786,Agriculture,Low
4045,BKAILN58240848,9009,19320,10,16,1490767,7.32,20,79404.45,590523.54,2016-07-06,2018-02-26,Active,2471348.83,390,Agriculture,High
4046,BKAILN63994788,2898,3479,3,2,3121233,9.52,37,97675.17,1927555.05,2024-09-28,2027-10-13,Closed,4475144.38,652,Home Purchase,Medium
4047,BKAILN17391979,3174,14556,5,1,646748,10.71,28,26206.73,586065.2,2021-10-26,2024-02-13,Closed,944986.96,339,Agriculture,High
4048,BKAILN39156708,7715,16591,2,25,271784,17.45,50,7686.9,182109.43,2020-05-06,2024-06-14,Active,0.0,477,Agriculture,High
4049,BKAILN31058693,2111,13204,3,50,16229200,11.68,31,608995.17,11634201.24,2021-02-01,2023-08-20,Active,26345023.95,716,Medical,Medium
4050,BKAILN29761191,9702,16402,7,51,2593359,10.24,36,83972.92,1279631.24,2019-11-26,2022-11-10,Default,0.0,331,Business Expansion,High
4051,BKAILN56861812,8267,6118,2,87,1733296,14.63,37,58483.64,1093525.88,2021-05-31,2024-06-14,Active,0.0,496,Personal Expenses,High
4052,BKAILN76889143,8746,3697,12,93,1968236,12.19,22,100286.09,1779951.9,2018-07-21,2020-05-11,Active,0.0,833,Business Expansion,Low
4053,BKAILN81115946,7738,1624,8,48,2661658,9.52,93,40572.92,1031856.75,2020-05-16,2028-01-05,Closed,3100492.82,508,Vehicle Purchase,High
4054,BKAILN66507791,665,15625,5,5,1945336,8.08,35,62573.38,710949.73,2023-06-14,2026-04-29,Active,2293454.07,506,Education,High
4055,BKAILN71622477,8425,18513,12,54,3163589,14.35,24,152416.64,1660175.95,2024-05-27,2026-05-17,Active,0.0,864,Working Capital,Low
4056,BKAILN59625009,3773,15272,12,28,501147,11.72,18,30495.83,177289.23,2018-09-13,2020-03-06,Active,0.0,808,Education,Low
4057,BKAILN31934648,2606,12376,7,76,921778,14.17,159,12876.08,879763.43,2019-02-12,2032-03-05,Active,0.0,423,Business Expansion,High
4058,BKAILN60162748,3863,10223,5,96,176947,9.95,26,7593.65,141357.19,2024-06-03,2026-07-23,Closed,317421.05,823,Education,Low
4059,BKAILN99053595,4260,1151,10,10,44063620,8.45,14,3316150.31,28567506.46,2017-07-31,2018-09-24,Active,49150748.37,745,Personal Expenses,Medium
4060,BKAILN19293775,103,10844,5,93,4335094,9.66,18,259674.94,1917070.83,2020-01-02,2021-06-25,Closed,5152044.65,707,Medical,Medium
4061,BKAILN23879062,5464,19183,2,35,29125289,14.59,14,2275047.11,3910565.64,2021-10-30,2022-12-24,Active,0.0,635,Agriculture,High
4062,BKAILN90424369,1623,15908,1,14,8869677,8.8,204,83955.28,1028565.51,2024-08-28,2041-05-31,Default,12004182.43,359,Working Capital,High
4063,BKAILN87503036,7233,11912,4,85,1467261,10.26,166,16579.7,839306.35,2019-04-01,2032-11-18,Active,0.0,784,Business Expansion,Low
4064,BKAILN27502719,8513,17517,6,31,3766051,16.16,49,105483.2,2549214.59,2017-10-08,2021-10-17,Active,0.0,841,Personal Expenses,Low
4065,BKAILN57321801,8021,3146,1,76,720291,8.34,236,6219.01,570774.83,2023-12-18,2043-05-07,Active,1138857.54,802,Personal Expenses,Low
4066,BKAILN97271420,1543,12437,3,41,4880865,10.81,67,97349.02,4134334.56,2021-08-11,2027-02-11,Active,8200692.12,716,Vehicle Purchase,Medium
4067,BKAILN12888059,6883,14031,2,63,488132,16.07,37,16816.4,177228.14,2020-12-05,2023-12-20,Active,0.0,482,Medical,High
4068,BKAILN90089693,6608,6595,7,93,378719,13.79,163,5152.2,276960.43,2019-11-11,2033-04-01,Active,0.0,481,Home Purchase,High
4069,BKAILN67825059,5168,17243,3,11,362631,10.17,72,6749.17,71282.64,2021-08-13,2027-07-13,Active,624845.32,473,Personal Expenses,High
4070,BKAILN39868017,285,10663,8,89,388678,9.61,225,3733.0,381362.03,2022-11-17,2041-05-11,Active,572076.08,430,Working Capital,High
4071,BKAILN80636581,9200,2005,3,10,9525179,10.13,26,409564.73,8816541.34,2022-10-05,2024-11-23,Active,13679233.55,837,Education,Low
4072,BKAILN69449405,4469,10899,2,23,7937427,11.52,37,255892.86,1223658.36,2024-06-08,2027-06-23,Closed,0.0,332,Home Purchase,High
4073,BKAILN77705978,461,16733,12,48,4418541,12.59,7,657986.8,2277114.26,2017-05-21,2017-12-17,Active,0.0,629,Business Expansion,High
4074,BKAILN17999025,1243,3721,12,22,496811,10.88,34,17045.45,374029.68,2023-09-10,2026-06-26,Closed,0.0,651,Personal Expenses,Medium
4075,BKAILN11111066,7190,19314,6,13,1328961,11.42,78,24214.19,713009.54,2018-11-24,2025-04-21,Active,0.0,871,Medical,Low
4076,BKAILN26225689,8108,10423,8,97,364739,12.19,87,6334.29,120450.9,2024-02-18,2031-04-12,Active,581023.3,813,Home Purchase,Low
4077,BKAILN65972448,3029,9869,10,61,7008415,8.05,41,196089.7,5851263.97,2024-10-08,2028-02-20,Active,10003105.12,533,Home Purchase,High
4078,BKAILN19398532,7931,18044,6,25,904569,12.28,41,27124.81,708124.84,2016-10-29,2020-03-12,Active,0.0,891,Agriculture,Low
4079,BKAILN83194339,6081,11477,4,58,8096229,12.17,120,116954.41,4836427.42,2019-10-30,2029-09-07,Active,0.0,402,Personal Expenses,High
4080,BKAILN23879901,553,9341,1,23,18844036,9.25,235,173866.69,3093929.16,2020-04-28,2039-08-17,Active,31952542.06,699,Home Purchase,Medium
4081,BKAILN81989336,347,307,4,93,1231724,8.58,76,21063.63,195779.24,2019-11-21,2026-02-17,Active,0.0,778,Agriculture,Low
4082,BKAILN18156431,7189,9751,2,68,367161,17.39,66,8678.49,190819.24,2017-06-29,2022-11-30,Active,0.0,622,Vehicle Purchase,High
4083,BKAILN22854587,9587,17115,5,14,1088687,8.71,24,49591.65,864703.09,2020-11-09,2022-10-30,Active,1652417.96,652,Medical,Medium
4084,BKAILN72028827,7556,15434,9,87,1085733,13.46,26,48375.78,989746.91,2021-09-20,2023-11-09,Active,1630423.9,463,Medical,High
4085,BKAILN42547950,8071,16436,6,57,483596,14.73,89,8961.88,137595.54,2024-08-05,2031-11-27,Active,0.0,419,Personal Expenses,High
4086,BKAILN73344698,2307,10472,11,71,1985535,11.92,53,48367.28,302972.84,2022-10-17,2027-02-23,Active,2264025.21,761,Home Purchase,Low
4087,BKAILN10502052,5477,62,10,54,49301527,8.92,65,959182.59,23047146.94,2022-06-15,2027-10-17,Active,67490232.9,704,Home Purchase,Medium
4088,BKAILN45311133,1885,19055,3,4,243793,11.4,71,4736.61,146965.46,2018-05-06,2024-03-05,Active,272533.53,311,Vehicle Purchase,High
4089,BKAILN86264614,244,10770,2,29,1439082,13.58,25,66412.48,1129835.51,2020-07-25,2022-08-14,Active,0.0,332,Medical,High
4090,BKAILN16142024,2795,6690,1,11,1191454,8.51,271,9909.37,396202.55,2025-04-13,2047-07-17,Active,1621449.17,625,Personal Expenses,High
4091,BKAILN53415617,509,350,12,62,1524449,12.26,14,117416.55,1278743.01,2023-01-21,2024-03-16,Active,0.0,401,Medical,High
4092,BKAILN64294783,2844,1574,9,62,125882,10.17,46,3316.0,114410.61,2016-08-28,2020-06-08,Active,218686.8,446,Agriculture,High
4093,BKAILN28882732,6020,515,11,4,3312970,11.39,47,87705.22,1623169.46,2019-11-01,2023-09-11,Active,5035178.66,759,Personal Expenses,Low
4094,BKAILN26031481,5680,3552,4,15,1849199,10.2,155,21511.12,1602223.74,2023-11-04,2036-07-28,Active,0.0,515,Business Expansion,High
4095,BKAILN74954423,6710,11813,8,65,1191996,10.79,80,20960.07,862055.05,2023-04-17,2029-11-11,Default,1653172.71,413,Business Expansion,High
4096,BKAILN55809524,907,14771,9,45,471245,13.02,27,20228.51,238262.63,2017-08-16,2019-11-04,Active,561996.48,663,Medical,Medium
4097,BKAILN51188626,3394,8998,10,8,27853591,7.35,97,381702.59,16494876.39,2016-09-16,2024-09-04,Active,34484275.89,579,Working Capital,High
4098,BKAILN60722054,4047,10272,12,63,1746468,16.36,16,122231.29,942500.7,2024-04-15,2025-08-08,Active,0.0,747,Medical,Medium
4099,BKAILN54149079,4750,7646,12,57,272353,13.55,23,13511.93,77208.22,2017-04-23,2019-03-14,Active,0.0,702,Business Expansion,Medium
4100,BKAILN22091444,3590,10168,3,69,2749617,11.88,75,52114.32,923758.73,2024-01-03,2030-03-02,Active,4795751.08,717,Agriculture,Medium
4101,BKAILN76094650,1741,17859,1,18,61676,8.47,146,678.21,17120.32,2021-06-04,2033-06-01,Active,107484.14,621,Working Capital,High
4102,BKAILN66029982,6000,17752,3,33,1950896,9.34,53,45063.17,1672934.57,2020-10-03,2025-02-09,Active,3353722.55,665,Education,Medium
4103,BKAILN50184735,5950,13600,11,64,4703383,12.36,83,84573.97,2938626.4,2022-07-05,2029-04-29,Default,6659355.24,734,Education,Medium
4104,BKAILN26268183,4064,2142,2,90,368856,15.77,50,10111.02,194304.77,2021-07-23,2025-08-31,Default,0.0,439,Business Expansion,High
4105,BKAILN68119076,7959,5782,4,23,4478356,10.83,120,61259.2,1092026.74,2019-11-17,2029-09-25,Active,0.0,762,Personal Expenses,Low
4106,BKAILN91647477,4719,19818,2,19,1267448,16.28,21,69765.63,983822.59,2019-09-05,2021-05-27,Active,0.0,594,Medical,High
4107,BKAILN54319629,5990,8890,7,73,1528343,12.12,83,27285.44,1460599.58,2024-03-21,2031-01-14,Active,0.0,886,Agriculture,Low
4108,BKAILN77096885,1809,15927,9,12,289398,10.64,22,14537.19,74273.68,2017-04-21,2019-02-10,Active,428430.2,789,Vehicle Purchase,Low
4109,BKAILN51644856,2746,19167,5,88,8175246,8.93,26,346996.45,2819479.01,2023-07-22,2025-09-09,Active,9222316.1,311,Working Capital,High
4110,BKAILN61387768,9103,1397,6,69,422230,17.58,104,7933.88,130366.55,2020-07-22,2029-02-05,Active,0.0,390,Education,High
4111,BKAILN86036076,8789,7276,5,74,3988056,8.42,25,174480.09,1109606.21,2021-11-30,2023-12-20,Active,7011672.38,881,Personal Expenses,Low
4112,BKAILN78818024,3005,9033,12,54,607467,16.38,25,28843.87,379906.95,2024-03-10,2026-03-30,Active,0.0,617,Business Expansion,High
4113,BKAILN90792798,3519,17692,2,34,52105,17.01,78,1108.28,25030.53,2025-04-20,2031-09-16,Active,0.0,732,Business Expansion,Medium
4114,BKAILN18707308,6548,8132,1,40,178634,9.96,221,1767.05,23750.65,2021-04-30,2039-06-25,Active,212467.42,702,Vehicle Purchase,Medium
4115,BKAILN11055199,1183,14887,7,47,1789357,11.07,141,22735.51,1500357.67,2023-08-04,2035-03-04,Active,0.0,362,Vehicle Purchase,High
4116,BKAILN42176257,3172,17068,10,64,285874,9.0,53,6556.65,270953.19,2020-03-18,2024-07-25,Active,319244.01,669,Education,Medium
4117,BKAILN98034587,9066,16067,11,36,4492272,11.66,77,83132.81,3166575.96,2019-11-14,2026-03-12,Closed,7248860.84,382,Home Purchase,High
4118,BKAILN98651651,7969,12598,1,6,6380199,10.01,184,67959.16,2087829.12,2018-06-08,2033-07-19,Closed,7764856.06,529,Medical,High
4119,BKAILN66881934,4695,15692,6,20,3146885,13.64,29,127988.91,2744162.82,2023-07-28,2025-12-14,Active,0.0,461,Medical,High
4120,BKAILN98385254,7300,10824,11,49,2665197,10.48,43,74613.18,1879055.46,2017-10-21,2021-05-03,Active,3267949.89,453,Working Capital,High
4121,BKAILN21194746,9410,4698,9,37,192659,10.46,55,4424.36,158289.45,2019-10-25,2024-05-01,Active,305708.12,827,Education,Low
4122,BKAILN40581785,2441,1021,5,98,3834271,8.33,33,130406.86,1661971.91,2019-12-25,2022-09-10,Active,4586384.67,820,Personal Expenses,Low
4123,BKAILN56913477,5630,8836,5,99,555683,9.85,7,82011.01,322431.18,2020-07-31,2021-02-26,Active,934258.85,582,Vehicle Purchase,High
4124,BKAILN37406995,4158,17465,5,28,1759251,8.82,15,124297.48,1065998.29,2020-09-12,2021-12-06,Active,2136619.57,536,Working Capital,High
4125,BKAILN20246842,1755,12760,6,43,1826667,17.92,69,42595.15,1775908.28,2022-11-26,2028-07-27,Active,0.0,500,Education,High
4126,BKAILN74266475,1534,11852,7,80,3586237,10.89,109,51951.32,1502292.39,2025-02-09,2034-01-23,Active,0.0,409,Medical,High
4127,BKAILN50947777,1856,1804,4,91,1267673,11.66,81,22680.85,361581.0,2024-02-17,2030-10-13,Active,0.0,864,Vehicle Purchase,Low
4128,BKAILN14304600,1361,14913,2,30,6164933,11.09,41,181331.6,4251290.27,2018-05-19,2021-09-30,Default,0.0,435,Education,High
4129,BKAILN12213683,6770,9301,3,70,4260503,10.8,73,79872.78,2012891.2,2018-04-18,2024-04-16,Default,5373577.04,792,Agriculture,Low
4130,BKAILN54563442,9407,2651,4,12,8600424,12.19,180,104273.16,2168586.94,2019-01-16,2033-10-29,Default,0.0,882,Education,Low
4131,BKAILN35553196,2106,12733,10,78,1862579,9.81,51,44808.9,596656.55,2019-02-16,2023-04-26,Active,3266137.52,677,Agriculture,Medium
4132,BKAILN33040628,3886,19679,4,89,2342917,11.99,56,54831.85,1879818.77,2021-11-18,2026-06-25,Closed,0.0,506,Business Expansion,High
4133,BKAILN65411113,5460,19827,2,19,1148243,15.46,60,27594.66,513048.71,2017-02-08,2022-01-13,Active,0.0,558,Agriculture,High
4134,BKAILN71112477,51,6525,6,24,297674,17.49,88,6024.95,33725.91,2019-08-05,2026-10-27,Active,0.0,588,Home Purchase,High
4135,BKAILN42906227,1929,704,12,47,314220,10.58,22,15775.34,310123.64,2017-09-19,2019-07-11,Active,0.0,770,Medical,Low
4136,BKAILN21468708,342,16124,2,19,213068,16.22,13,17982.22,45190.42,2020-10-12,2021-11-06,Active,0.0,334,Medical,High
4137,BKAILN16322837,9823,16062,12,66,16534450,13.69,8,2174314.95,3134994.75,2017-01-05,2017-09-02,Active,0.0,724,Personal Expenses,Medium
4138,BKAILN42356151,1681,1087,11,7,1842336,9.6,84,30205.54,1566216.34,2020-05-14,2027-04-08,Active,2549353.62,736,Vehicle Purchase,Medium
4139,BKAILN32069916,7748,2605,6,34,431308,12.41,88,7488.78,192057.14,2023-02-04,2030-04-28,Closed,0.0,544,Personal Expenses,High
4140,BKAILN59987638,648,19057,12,85,231447,11.57,27,9777.26,226434.09,2024-01-28,2026-04-17,Active,0.0,769,Vehicle Purchase,Low
4141,BKAILN68553693,8397,15546,5,96,24370682,9.54,8,3156324.64,19952447.09,2025-05-26,2026-01-21,Active,28061807.54,383,Agriculture,High
4142,BKAILN64070119,3417,19652,4,16,1475487,11.44,148,18644.48,494597.03,2019-05-22,2031-07-18,Active,0.0,546,Home Purchase,High
4143,BKAILN79738738,2073,5679,2,87,372234,16.67,77,7902.56,313156.21,2021-11-24,2028-03-22,Active,0.0,868,Medical,Low
4144,BKAILN27599581,2363,13691,11,39,498666,13.44,79,9544.37,344535.48,2023-11-30,2030-05-27,Active,628012.98,598,Business Expansion,High
4145,BKAILN66530351,206,13233,5,14,795950,9.91,36,25649.45,641286.23,2021-02-14,2024-01-30,Active,1296162.71,762,Education,Low
4146,BKAILN78714016,9224,6552,6,90,185309,17.88,74,4150.28,57641.05,2022-01-05,2028-02-03,Default,0.0,849,Home Purchase,Low
4147,BKAILN62668504,9090,15581,4,38,8269742,11.32,135,108579.05,6525425.92,2025-05-21,2036-06-22,Active,0.0,453,Working Capital,High
4148,BKAILN96187196,9039,10683,2,89,283520,15.22,25,13304.82,272475.51,2019-12-28,2022-01-16,Active,0.0,684,Agriculture,Medium
4149,BKAILN49919052,6728,9102,7,92,345487,11.16,121,4768.86,181664.07,2023-09-16,2033-08-24,Active,0.0,765,Working Capital,Low
4150,BKAILN15480966,784,3575,12,25,3020133,12.25,16,205552.72,1820065.33,2018-01-04,2019-04-29,Active,0.0,475,Agriculture,High
4151,BKAILN48619284,6874,12016,9,30,1913468,10.61,22,96091.75,645931.39,2017-12-05,2019-09-26,Closed,3279751.1,347,Working Capital,High
4152,BKAILN16372801,2377,1605,3,25,629568,8.97,55,14002.61,320510.97,2019-12-14,2024-06-20,Active,935182.01,344,Medical,High
4153,BKAILN34225004,4033,16470,4,70,293077,8.7,148,3235.62,250912.15,2024-07-03,2036-08-29,Active,0.0,499,Working Capital,High
4154,BKAILN59159944,4668,9035,6,96,275062,13.37,114,4272.89,76986.18,2021-03-12,2030-07-23,Active,0.0,847,Agriculture,Low
4155,BKAILN18429536,6538,11406,7,11,3815797,11.97,109,57579.4,2829465.4,2016-10-22,2025-10-05,Active,0.0,630,Agriculture,High
4156,BKAILN26013131,5953,4734,6,31,299794,17.09,44,9216.65,47419.43,2018-03-18,2021-10-28,Active,0.0,610,Personal Expenses,High
4157,BKAILN55703159,7780,13058,9,31,556353,11.72,15,40053.88,83679.14,2021-08-16,2022-11-09,Active,860105.13,510,Business Expansion,High
4158,BKAILN17530937,2121,1279,3,81,1123059,9.38,44,30263.12,268540.56,2021-02-05,2024-09-17,Active,1397739.01,722,Personal Expenses,Medium
4159,BKAILN12180058,7354,19866,4,2,1626338,10.38,125,21339.2,1103400.78,2018-09-03,2028-12-09,Active,0.0,745,Agriculture,Medium
4160,BKAILN46009649,9957,2213,11,84,1203045,11.23,26,52343.38,741452.79,2022-05-19,2024-07-07,Active,1481807.63,580,Business Expansion,High
4161,BKAILN55140671,5459,14597,6,39,1673194,15.32,35,59578.4,377236.85,2023-07-25,2026-06-09,Closed,0.0,632,Business Expansion,High
4162,BKAILN88127820,1444,12475,10,11,1828096,9.73,104,26085.86,564740.55,2025-03-22,2033-10-06,Closed,2308990.35,313,Medical,High
4163,BKAILN99380882,3598,6189,2,23,2841922,12.34,37,92734.86,1650254.14,2023-07-27,2026-08-10,Active,0.0,575,Agriculture,High
4164,BKAILN31219139,8264,13439,5,71,1571009,8.83,32,55280.24,745019.09,2022-06-09,2025-01-24,Active,1833610.61,636,Business Expansion,High
4165,BKAILN66852483,269,17784,6,13,538201,13.89,50,14238.13,266400.36,2024-06-06,2028-07-15,Active,0.0,329,Personal Expenses,High
4166,BKAILN51886422,7799,1686,1,53,1793257,9.13,159,19481.2,1122667.26,2019-05-03,2032-05-24,Active,2851389.86,368,Agriculture,High
4167,BKAILN93283748,7304,13810,6,39,4826975,11.23,112,69743.33,2955455.66,2017-11-19,2027-01-31,Active,0.0,761,Personal Expenses,Low
4168,BKAILN28053197,5444,13508,1,75,1359073,9.72,296,12121.47,220726.85,2021-01-13,2045-05-07,Active,1790281.97,721,Education,Medium
4169,BKAILN34031098,2493,17232,6,85,784129,11.47,113,11378.6,633627.78,2024-04-11,2033-07-23,Active,0.0,581,Vehicle Purchase,High
4170,BKAILN12935990,4506,8736,7,94,230260,12.72,145,3116.28,209436.78,2022-06-06,2034-05-04,Active,0.0,852,Working Capital,Low
4171,BKAILN26694233,1731,4390,11,14,40210908,11.7,26,1758362.26,26112401.38,2023-12-19,2026-02-06,Default,56802842.07,573,Home Purchase,High
4172,BKAILN60341031,3448,2976,6,100,23152383,14.65,105,392397.2,15496981.06,2018-05-27,2027-01-10,Active,0.0,472,Vehicle Purchase,High
4173,BKAILN83028906,5613,5365,10,18,2289226,7.77,15,160639.56,452414.01,2024-01-25,2025-04-19,Active,3462863.09,541,Medical,High
4174,BKAILN70682460,140,8441,2,80,5665339,17.64,51,158657.82,3029931.65,2022-01-06,2026-03-16,Active,0.0,895,Medical,Low
4175,BKAILN42815823,2735,16855,2,36,4772618,16.43,34,176511.26,1946555.69,2018-12-20,2021-10-05,Active,0.0,617,Business Expansion,High
4176,BKAILN49273246,9371,2628,3,34,2876770,11.46,66,58958.65,987634.81,2019-10-12,2025-03-14,Default,3318891.09,748,Personal Expenses,Medium
4177,BKAILN75234996,997,13706,7,82,281652,14.08,57,6804.33,53861.33,2017-01-21,2021-09-27,Active,0.0,874,Medical,Low
4178,BKAILN82569049,565,15216,3,31,1069726,11.19,33,37808.66,1003267.02,2019-10-14,2022-06-30,Default,1242448.07,725,Business Expansion,Medium
4179,BKAILN67827672,6869,11476,10,83,1854044,8.39,58,38994.67,1025706.44,2024-09-02,2029-06-08,Active,3117183.76,318,Working Capital,High
4180,BKAILN71015389,2209,14987,7,57,1086282,11.49,106,16358.5,189392.86,2019-12-22,2028-09-05,Active,0.0,370,Working Capital,High
4181,BKAILN33108666,1893,16615,5,48,4631578,10.63,27,193625.99,2160373.15,2019-06-13,2021-08-31,Active,6771491.31,585,Medical,High
4182,BKAILN63823678,1671,13359,1,53,6214571,10.35,345,56521.16,2929725.35,2022-07-07,2050-11-07,Active,10614226.41,779,Business Expansion,Low
4183,BKAILN63908718,5270,11765,9,86,441164,11.17,14,33755.78,232795.39,2016-07-23,2017-09-16,Closed,622118.79,747,Personal Expenses,Medium
4184,BKAILN52082683,1177,15204,2,50,846304,15.06,54,21672.63,259563.29,2018-03-06,2022-08-12,Default,0.0,728,Medical,Medium
4185,BKAILN30997343,1922,11792,11,10,857175,11.41,75,16036.46,351314.9,2023-05-11,2029-07-08,Active,1359336.75,423,Home Purchase,High
4186,BKAILN22611960,3572,2731,1,13,106754,9.61,274,963.2,88946.22,2017-05-06,2039-11-07,Active,156495.8,742,Working Capital,Medium
4187,BKAILN40811282,8379,15590,9,78,410592,9.62,41,11789.95,134832.05,2017-10-24,2021-03-07,Active,549786.75,894,Agriculture,Low
4188,BKAILN33219013,3149,1549,4,2,1024007,10.59,101,15361.46,673686.04,2024-03-25,2032-07-11,Active,0.0,693,Personal Expenses,Medium
4189,BKAILN11648990,7462,16221,4,70,1930306,10.06,143,23219.26,303765.38,2021-10-15,2033-07-14,Active,0.0,851,Agriculture,Low
4190,BKAILN57048513,3640,2181,9,8,1952786,10.33,16,131170.87,1662356.11,2016-10-23,2018-02-15,Closed,3463859.46,758,Education,Low
4191,BKAILN80247473,9755,2057,7,23,1978103,14.26,155,27992.0,1862147.94,2020-07-08,2033-04-01,Default,0.0,579,Working Capital,High
4192,BKAILN83996468,6765,13667,3,68,1223720,10.76,67,24376.24,399366.82,2020-06-09,2025-12-10,Active,1402379.17,641,Vehicle Purchase,High
4193,BKAILN46826942,479,4531,10,25,3512877,9.45,68,66918.93,3108072.49,2023-08-09,2029-03-10,Active,4329633.37,452,Business Expansion,High
4194,BKAILN43130703,9365,9781,3,15,17058537,9.28,71,313131.63,16794764.59,2021-12-29,2027-10-29,Active,20042738.3,452,Education,High
4195,BKAILN86141392,2867,16693,11,26,1692173,12.26,27,72031.77,1426729.75,2020-02-02,2022-04-22,Active,2169629.74,399,Working Capital,High
4196,BKAILN87544561,9979,7316,2,39,5258763,11.34,66,107456.2,828353.82,2018-07-08,2023-12-09,Active,0.0,724,Personal Expenses,Medium
4197,BKAILN84435263,2878,2402,8,83,8698921,10.45,215,89651.01,7844207.53,2017-09-16,2035-05-15,Active,10463323.23,797,Education,Low
4198,BKAILN50405049,5993,14485,8,50,9303173,11.11,67,186965.02,3363369.38,2021-02-02,2026-08-05,Active,13704224.11,553,Working Capital,High
4199,BKAILN73053506,4492,10477,9,53,703707,13.33,41,21461.29,458011.02,2017-05-02,2020-09-13,Active,928508.62,691,Vehicle Purchase,Medium
4200,BKAILN41617519,2381,1124,5,91,5926421,11.0,9,689039.22,1674962.98,2024-08-18,2025-05-15,Active,8593622.57,524,Agriculture,High
4201,BKAILN24591625,8418,15654,1,80,252464,10.17,194,2656.34,90635.11,2024-01-04,2039-12-11,Active,414990.89,346,Personal Expenses,High
4202,BKAILN70621195,1737,2371,2,46,367166,16.36,74,7909.46,363507.97,2017-08-31,2023-09-29,Active,0.0,801,Education,Low
4203,BKAILN43542857,2668,5596,8,25,8570669,10.13,63,175969.35,2302150.18,2022-10-28,2027-12-31,Active,11250224.82,707,Business Expansion,Medium
4204,BKAILN62014645,1476,19648,11,91,4361377,12.87,71,88069.11,539542.41,2023-02-15,2028-12-15,Active,5496658.7,730,Business Expansion,Medium
4205,BKAILN18605121,7104,17881,10,23,1745668,8.32,67,32661.87,771062.95,2021-01-01,2026-07-04,Active,2035815.42,577,Working Capital,High
4206,BKAILN26553121,7278,624,10,78,951321,8.48,18,56470.01,717161.27,2018-01-05,2019-06-29,Active,1140074.43,662,Education,Medium
4207,BKAILN22382808,7332,16392,8,36,926451,9.77,169,10111.24,213151.63,2022-08-07,2036-06-24,Active,1335709.14,724,Vehicle Purchase,Medium
4208,BKAILN73069890,207,3487,9,35,109212,11.07,53,2614.53,61283.03,2021-04-08,2025-08-15,Active,156538.06,554,Personal Expenses,High
4209,BKAILN89982429,8291,7658,8,28,1269678,9.35,239,11727.77,1238345.69,2024-05-27,2044-01-13,Active,1525775.74,666,Business Expansion,Medium
4210,BKAILN27935031,6404,2181,10,1,1712467,8.47,104,23297.97,415952.79,2022-07-09,2031-01-23,Active,2262607.74,382,Business Expansion,High
4211,BKAILN85222388,3488,16086,12,55,4043331,11.31,28,164971.5,1099797.22,2021-07-24,2023-11-11,Active,0.0,880,Personal Expenses,Low
4212,BKAILN45180294,2179,6624,4,44,2679388,12.25,64,57226.1,778478.26,2020-07-16,2025-10-18,Active,0.0,389,Personal Expenses,High
4213,BKAILN63802997,7144,8501,11,62,2156927,11.95,41,64334.4,1004014.64,2017-02-11,2020-06-25,Active,3531252.93,796,Vehicle Purchase,Low
4214,BKAILN30599621,8127,4704,9,79,215342,11.45,53,5195.59,99219.69,2025-03-29,2029-08-05,Active,296170.75,345,Business Expansion,High
4215,BKAILN63989428,9086,2351,4,8,265300,12.43,114,3976.3,216541.28,2022-08-01,2031-12-12,Closed,0.0,314,Working Capital,High
4216,BKAILN53268406,355,10989,10,95,2855655,9.5,58,61592.35,1390619.89,2023-11-08,2028-08-13,Active,5099168.22,786,Vehicle Purchase,Low
4217,BKAILN48015298,912,12306,4,89,1379487,9.12,71,25212.59,1310141.65,2021-02-20,2026-12-21,Active,0.0,486,Personal Expenses,High
4218,BKAILN95669402,1068,1412,6,96,4203392,15.17,45,123056.88,3264758.15,2023-02-08,2026-10-20,Active,0.0,782,Vehicle Purchase,Low
4219,BKAILN94973393,8796,16235,1,90,1140670,9.92,225,11183.93,440746.35,2018-08-28,2037-02-19,Active,1359419.8,323,Business Expansion,High
4220,BKAILN60494367,4058,18753,6,24,1848217,16.29,95,34739.15,615145.73,2020-11-07,2028-08-27,Active,0.0,891,Business Expansion,Low
4221,BKAILN67210295,825,1653,10,82,1077706,8.18,33,36579.25,829802.64,2022-03-29,2024-12-13,Active,1245254.33,376,Education,High
4222,BKAILN72218356,8900,2132,3,39,1384966,10.14,45,37126.75,424380.54,2022-02-10,2025-10-22,Active,1793004.51,399,Home Purchase,High
4223,BKAILN20327493,9546,7286,9,88,1862697,12.25,36,62090.85,441133.75,2018-08-18,2021-08-02,Active,3302771.65,419,Personal Expenses,High
4224,BKAILN51380534,7771,2328,6,69,864250,14.35,23,43202.99,614019.72,2025-05-15,2027-04-05,Active,0.0,573,Vehicle Purchase,High
4225,BKAILN52602681,5368,15782,11,13,366029,9.75,81,6185.5,82902.68,2020-12-05,2027-08-01,Active,590230.34,537,Personal Expenses,High
4226,BKAILN54967510,3514,4415,1,93,93962,9.57,356,796.45,64862.99,2016-09-09,2045-12-06,Default,157010.99,534,Business Expansion,High
4227,BKAILN92330679,58,4990,3,66,1961413,11.56,50,49616.3,888176.04,2021-11-03,2025-12-12,Active,3231459.53,344,Vehicle Purchase,High
4228,BKAILN22071981,5494,12107,2,33,424936,11.02,21,22341.37,101659.55,2025-02-14,2026-11-06,Active,0.0,684,Personal Expenses,Medium
4229,BKAILN81957438,7729,13314,12,38,1853957,13.18,34,65637.14,412979.14,2021-06-28,2024-04-13,Active,0.0,833,Home Purchase,Low
4230,BKAILN59528818,4805,12599,10,36,1808685,7.08,99,24174.0,1326171.63,2021-09-28,2029-11-15,Default,2127909.46,813,Medical,Low
4231,BKAILN65743743,6935,16522,8,5,106284,9.51,203,1054.73,64060.31,2022-07-25,2039-03-28,Active,147119.91,534,Working Capital,High
4232,BKAILN75635752,624,1861,6,45,4952170,12.88,81,91825.6,4312972.93,2023-06-09,2030-02-02,Active,0.0,654,Vehicle Purchase,Medium
4233,BKAILN33891547,4034,18527,5,93,459814,10.59,12,40551.24,222311.97,2024-06-16,2025-06-11,Active,735308.52,720,Agriculture,Medium
4234,BKAILN29907404,2033,4921,2,2,714478,11.96,23,34914.53,479645.99,2018-06-19,2020-05-09,Active,0.0,885,Agriculture,Low
4235,BKAILN28555919,3088,18849,1,88,7750703,8.36,303,61500.81,3301024.31,2021-06-11,2046-05-01,Active,13368924.9,694,Agriculture,Medium
4236,BKAILN87786600,5510,3936,5,78,1793259,10.68,33,62950.99,783047.91,2016-08-01,2019-04-18,Active,3013987.49,307,Home Purchase,High
4237,BKAILN27986857,5573,3185,10,8,8154955,7.94,91,119572.82,3676058.39,2024-01-25,2031-07-17,Active,13912384.72,715,Working Capital,Medium
4238,BKAILN74479395,6864,13762,4,71,3001578,8.6,143,33620.36,1046695.06,2023-09-07,2035-06-06,Active,0.0,795,Personal Expenses,Low
4239,BKAILN11030344,7698,5114,12,73,13587255,10.53,36,441811.22,9442946.13,2018-07-09,2021-06-23,Active,0.0,367,Agriculture,High
4240,BKAILN37247718,4640,18790,8,12,1605590,9.6,132,19740.12,807949.96,2018-06-03,2029-04-06,Active,2821103.98,564,Business Expansion,High
4241,BKAILN89536302,4602,8006,11,81,1814280,9.7,38,55642.94,551997.79,2019-07-07,2022-08-20,Active,2274183.19,615,Personal Expenses,High
4242,BKAILN63550215,3359,12316,6,75,3414140,11.41,38,107474.39,3227411.73,2017-10-11,2020-11-24,Active,0.0,819,Medical,Low
4243,BKAILN67912137,4864,6931,5,91,1263114,10.95,8,164441.28,865069.31,2024-05-13,2025-01-08,Active,1702203.32,350,Home Purchase,High
4244,BKAILN33682146,7473,4629,6,44,429719,13.06,108,6784.44,97436.08,2019-10-08,2028-08-21,Active,0.0,871,Medical,Low
4245,BKAILN57239635,3146,14059,10,63,6301302,7.74,19,353451.22,1148219.38,2024-09-08,2026-04-01,Active,9020863.95,676,Personal Expenses,Medium
4246,BKAILN68166873,9856,7781,5,54,3435168,10.84,31,127547.09,2997113.86,2016-08-13,2019-03-01,Active,5995444.9,462,Personal Expenses,High
4247,BKAILN82282948,7019,17735,1,67,373433,9.31,341,3120.96,305423.77,2025-03-28,2053-03-31,Closed,575490.26,882,Agriculture,Low
4248,BKAILN51969393,4084,15254,4,93,5080209,9.83,99,75103.8,3976348.06,2021-04-03,2029-05-21,Active,0.0,608,Agriculture,High
4249,BKAILN93099297,1331,9828,5,34,242494,10.99,10,25487.56,232349.15,2025-03-08,2026-01-02,Active,285327.93,365,Medical,High
4250,BKAILN34575986,2544,11927,9,48,1078529,13.65,31,41480.63,207484.89,2022-06-15,2024-12-31,Active,1378805.28,557,Education,High
4251,BKAILN31958718,9965,15955,8,66,1821257,9.26,219,17259.67,355121.82,2017-12-24,2035-12-20,Active,2862768.09,694,Education,Medium
4252,BKAILN17677994,4416,392,11,89,4184285,11.52,42,121527.5,888463.63,2017-03-18,2020-08-29,Active,6441191.79,744,Home Purchase,Medium
4253,BKAILN21651637,8736,8659,12,83,168034,13.98,24,8066.21,28320.88,2023-11-17,2025-11-06,Active,0.0,676,Personal Expenses,Medium
4254,BKAILN50150259,9554,6088,5,29,3332693,8.78,7,490134.4,818509.27,2017-12-24,2018-07-22,Active,4047054.29,727,Education,Medium
4255,BKAILN74603546,6954,9176,5,80,8011484,9.9,30,302553.15,4432719.23,2023-01-06,2025-06-24,Active,13849086.6,611,Education,High
4256,BKAILN69337432,1035,12464,12,37,2835654,15.89,10,304624.62,744549.52,2016-10-21,2017-08-17,Active,0.0,721,Medical,Medium
4257,BKAILN57648348,5732,17743,6,65,200237,11.85,57,4610.73,61253.09,2021-08-28,2026-05-04,Active,0.0,671,Business Expansion,Medium
4258,BKAILN92786513,9458,11450,12,72,1687390,15.91,26,77152.09,1585532.39,2017-10-31,2019-12-20,Active,0.0,580,Business Expansion,High
4259,BKAILN67281784,1659,14826,2,54,4235195,16.15,20,242949.35,3851421.54,2024-08-01,2026-03-24,Active,0.0,407,Business Expansion,High
4260,BKAILN39325055,1544,4702,10,56,4681688,8.37,119,58031.94,3000948.66,2018-01-28,2027-11-07,Active,7234113.85,554,Education,High
4261,BKAILN44328509,8567,9559,11,5,3188803,11.5,24,149364.54,1694068.99,2019-06-19,2021-06-08,Active,5515985.11,664,Medical,Medium
4262,BKAILN60737308,2551,4785,9,31,1298033,13.46,15,94502.66,220070.28,2018-02-24,2019-05-20,Active,2198631.2,554,Medical,High
4263,BKAILN29266679,248,11886,7,39,1232947,11.02,121,16920.63,894928.39,2021-06-20,2031-05-29,Active,0.0,876,Working Capital,Low
4264,BKAILN73973237,2714,13608,1,78,128787,9.3,174,1350.58,84667.48,2018-04-15,2032-07-30,Active,146799.28,792,Education,Low
4265,BKAILN75348781,185,2273,4,18,365633,12.19,34,12771.71,148464.15,2024-01-03,2026-10-19,Active,0.0,334,Home Purchase,High
4266,BKAILN18497843,8110,16844,9,43,241545,10.78,42,6929.57,171823.71,2024-01-29,2027-07-12,Active,352370.79,529,Personal Expenses,High
4267,BKAILN94489414,3110,14493,4,73,1632642,9.59,113,21994.63,1156278.8,2025-05-14,2034-08-25,Active,0.0,792,Personal Expenses,Low
4268,BKAILN14432232,1446,6105,3,25,6027732,10.56,26,260382.53,1963659.02,2019-01-14,2021-03-04,Default,8335764.34,678,Personal Expenses,Medium
4269,BKAILN60472885,2307,12078,9,87,7280050,10.16,23,349676.27,2170524.58,2019-06-04,2021-04-24,Active,8256365.67,455,Vehicle Purchase,High
4270,BKAILN40524692,6211,16889,5,97,1493374,8.22,23,70400.03,910333.4,2017-04-16,2019-03-07,Active,1769635.23,849,Home Purchase,Low
4271,BKAILN57637571,2124,10999,10,91,1420343,9.28,33,48931.34,1120607.72,2019-08-06,2022-04-22,Active,1627042.31,663,Business Expansion,Medium
4272,BKAILN72548277,3284,15585,11,53,7692370,10.23,84,128618.47,6773841.95,2016-12-27,2023-11-21,Active,8735072.89,889,Education,Low
4273,BKAILN94475355,6623,6823,8,6,3048184,12.37,181,37240.81,2704986.28,2021-09-14,2036-07-27,Active,4421802.99,514,Education,High
4274,BKAILN79879865,3846,7908,9,51,25021979,13.21,45,708087.41,3010231.8,2021-03-10,2024-11-19,Active,36349452.35,843,Business Expansion,Low
4275,BKAILN79399626,209,12774,8,87,2166675,11.56,141,28159.17,2121442.66,2020-04-16,2031-11-15,Active,2482090.35,823,Working Capital,Low
4276,BKAILN69959823,4144,12815,2,71,1727710,16.85,41,55713.94,1723844.31,2020-06-23,2023-11-05,Active,0.0,315,Medical,High
4277,BKAILN93174968,2006,15440,9,55,2255070,13.89,30,89403.94,574174.5,2024-05-23,2026-11-09,Active,3201807.38,563,Working Capital,High
4278,BKAILN96025699,1950,17098,9,98,2923654,13.51,47,80449.34,382826.8,2020-02-03,2023-12-14,Active,4494924.32,591,Agriculture,High
4279,BKAILN28860879,5027,16100,3,8,1615446,9.52,81,27109.68,1006059.59,2023-06-28,2030-02-21,Active,1816345.27,763,Vehicle Purchase,Low
4280,BKAILN95203276,132,6489,2,45,910206,15.94,57,22870.43,859519.09,2023-11-08,2028-07-14,Active,0.0,335,Education,High
4281,BKAILN10292914,3372,1771,11,64,1855997,9.58,47,47515.63,1565926.93,2024-01-11,2027-11-21,Active,2243303.5,547,Medical,High
4282,BKAILN96731996,8003,19989,11,69,3091106,11.49,77,56928.55,590072.5,2020-12-26,2027-04-24,Active,4764993.56,661,Business Expansion,Medium
4283,BKAILN59905491,6598,7883,12,87,4872109,11.5,12,431742.2,2852204.39,2024-12-04,2025-11-29,Active,0.0,489,Business Expansion,High
4284,BKAILN65401690,1182,15295,5,63,13347371,10.72,33,468800.04,11043570.9,2025-05-03,2028-01-18,Active,15198858.68,770,Business Expansion,Low
4285,BKAILN99833308,1398,15646,3,88,318850,11.44,83,5577.15,105512.88,2021-04-26,2028-02-19,Active,498385.19,510,Business Expansion,High
4286,BKAILN74122817,6949,4944,7,9,1075181,10.48,40,31963.3,435165.81,2020-08-29,2023-12-12,Active,0.0,322,Business Expansion,High
4287,BKAILN26376169,4318,2270,7,6,78846,10.7,92,1259.68,34654.88,2025-03-31,2032-10-20,Active,0.0,423,Agriculture,High
4288,BKAILN58230049,2039,12299,5,13,890604,8.96,36,28304.39,644120.28,2024-10-12,2027-09-27,Default,1470073.03,559,Vehicle Purchase,High
4289,BKAILN34567364,3654,5555,7,97,2638373,11.33,130,35321.26,2186990.67,2018-09-07,2029-05-12,Active,0.0,540,Medical,High
4290,BKAILN57523485,1088,16262,12,8,4506299,12.78,20,251355.4,3966760.15,2023-03-21,2024-11-10,Active,0.0,450,Working Capital,High
4291,BKAILN93068205,4092,48,9,97,8132293,11.9,17,522187.66,8105377.3,2021-07-29,2022-12-21,Active,10448902.56,890,Business Expansion,Low
4292,BKAILN34340791,1074,4277,4,50,692334,8.55,50,16508.01,586042.23,2017-01-16,2021-02-24,Active,0.0,406,Home Purchase,High
4293,BKAILN68911394,8377,827,7,25,786974,13.29,24,37521.47,687906.92,2020-10-23,2022-10-13,Active,0.0,780,Medical,Low
4294,BKAILN13962673,8878,11195,2,57,428427,13.77,41,13158.33,213154.0,2021-06-06,2024-10-18,Active,0.0,890,Personal Expenses,Low
4295,BKAILN30275195,4290,12850,2,76,1201201,14.18,25,55775.35,393327.31,2021-04-13,2023-05-03,Active,0.0,456,Business Expansion,High
4296,BKAILN62069313,3313,8242,9,26,1617707,13.73,18,99956.06,1185765.11,2023-04-18,2024-10-09,Active,2510195.7,463,Education,High
4297,BKAILN37831092,8843,3615,7,7,3055475,10.37,84,51310.55,705113.3,2021-08-10,2028-07-04,Active,0.0,761,Personal Expenses,Low
4298,BKAILN73831418,3834,1979,4,25,1500849,11.47,70,29506.06,981739.18,2018-12-09,2024-09-08,Active,0.0,708,Agriculture,Medium
4299,BKAILN40718118,1359,18732,10,3,1590866,8.34,34,52697.61,517578.31,2019-07-07,2022-04-22,Closed,2258914.24,596,Working Capital,High
4300,BKAILN18156311,1526,10805,11,92,4594938,11.29,37,147631.88,3291410.41,2021-09-10,2024-09-24,Active,7678624.53,785,Vehicle Purchase,Low
4301,BKAILN14669146,769,10524,3,89,1817471,11.64,32,66338.82,1616757.96,2020-05-25,2023-01-10,Active,3028022.32,460,Home Purchase,High
4302,BKAILN20621117,2683,18731,9,35,165708,12.09,29,6617.95,97019.55,2024-05-09,2026-09-26,Closed,239008.49,762,Vehicle Purchase,Low
4303,BKAILN35952412,6320,13112,12,23,244111,10.96,8,31781.3,183706.34,2019-12-19,2020-08-15,Active,0.0,755,Agriculture,Low
4304,BKAILN73160152,4260,11950,11,2,1541596,12.71,80,28669.38,1299361.28,2025-05-15,2031-12-10,Active,2323243.98,739,Agriculture,Medium
4305,BKAILN64728524,8420,4020,3,15,779103,9.51,33,26923.69,389319.73,2018-05-30,2021-02-13,Active,1041810.46,754,Home Purchase,Low
4306,BKAILN47332246,3264,19516,1,27,7655250,10.21,227,76280.74,5930129.63,2024-12-15,2043-08-08,Active,9771363.26,793,Education,Low
4307,BKAILN84969440,4910,8214,11,71,1870384,11.3,24,87435.3,1556007.72,2018-03-05,2020-02-23,Closed,2431892.53,499,Education,High
4308,BKAILN26400359,8938,14129,4,67,359172,11.25,163,4308.64,193273.52,2023-03-31,2036-08-19,Active,0.0,377,Medical,High
4309,BKAILN84985173,4667,1816,9,28,3092456,10.45,55,71002.19,1698548.37,2016-11-03,2021-05-11,Active,4895550.63,436,Vehicle Purchase,High
4310,BKAILN41292113,3148,10705,1,14,1472909,10.2,261,14063.9,872399.71,2024-03-23,2045-08-30,Active,2095880.58,432,Working Capital,High
4311,BKAILN84217020,8914,7685,1,32,3277996,9.63,155,37034.92,2476214.65,2017-02-10,2029-11-04,Default,5350556.83,550,Medical,High
4312,BKAILN92212635,9599,17398,8,78,4761109,11.38,184,54801.68,1874297.77,2024-11-03,2039-12-15,Active,8246755.39,465,Business Expansion,High
4313,BKAILN34553345,7580,6518,5,7,1178362,10.86,23,56980.72,635533.86,2020-11-24,2022-10-15,Active,1628917.52,436,Medical,High
4314,BKAILN46387160,8862,19970,7,14,4008491,11.11,21,210916.91,3694570.73,2019-07-22,2021-04-12,Active,0.0,345,Vehicle Purchase,High
4315,BKAILN70183340,668,3719,11,32,4665741,10.58,51,113985.52,4174077.16,2019-01-31,2023-04-10,Active,6798999.32,560,Medical,High
4316,BKAILN71096841,9496,14674,8,28,2454943,10.5,62,51471.43,1493955.69,2018-10-31,2023-12-04,Active,2737118.3,639,Home Purchase,High
4317,BKAILN19642214,9239,304,12,32,6393601,11.54,29,253690.24,3436876.66,2021-05-19,2023-10-06,Active,0.0,589,Education,High
4318,BKAILN92643949,5055,2616,2,89,1394574,11.38,76,25833.01,1244770.94,2025-03-01,2031-05-29,Active,0.0,314,Working Capital,High
4319,BKAILN62343340,9283,16665,8,85,44064274,9.56,124,560623.69,14554463.11,2018-05-12,2028-07-18,Active,69993017.6,513,Home Purchase,High
4320,BKAILN15583342,8843,2163,6,99,2931119,12.4,51,74230.78,775063.2,2019-02-10,2023-04-20,Active,0.0,517,Medical,High
4321,BKAILN43425501,3689,12302,5,17,41499125,9.06,17,2610325.6,18648491.51,2023-08-12,2025-01-03,Active,69766079.57,630,Business Expansion,High
4322,BKAILN28707701,6777,6540,8,98,1997857,12.05,67,41110.04,1013539.27,2023-12-11,2029-06-12,Closed,2871367.96,465,Agriculture,High
4323,BKAILN80534966,1700,16129,2,65,4357458,17.51,71,98966.57,3707376.57,2019-05-09,2025-03-08,Active,0.0,647,Working Capital,High
4324,BKAILN97459142,5540,15514,3,80,56523,9.72,44,1532.24,14704.38,2022-01-07,2025-08-19,Active,91879.93,504,Business Expansion,High
4325,BKAILN33005173,2666,15902,5,91,626804,10.89,15,44884.59,372167.88,2018-09-21,2019-12-15,Closed,786269.65,649,Business Expansion,High
4326,BKAILN34091844,111,836,2,55,1411939,10.6,71,26855.03,1192711.72,2016-12-10,2022-10-10,Active,0.0,309,Agriculture,High
4327,BKAILN72400729,158,8573,6,21,3271929,15.56,36,114321.82,763347.64,2023-09-17,2026-09-01,Active,0.0,585,Vehicle Purchase,High
4328,BKAILN12951580,8649,10396,9,95,921882,13.92,15,67315.58,557328.49,2025-04-12,2026-07-06,Active,1167039.91,354,Personal Expenses,High
4329,BKAILN26901052,9643,3804,6,95,3607185,12.01,84,63695.97,1073999.66,2022-01-24,2028-12-18,Closed,0.0,320,Education,High
4330,BKAILN79928298,6938,4457,1,2,1216267,9.52,231,11502.83,890019.53,2018-04-13,2037-04-03,Active,2158675.17,781,Education,Low
4331,BKAILN63967665,8238,289,8,16,372981,11.03,186,4192.88,211733.22,2022-09-03,2037-12-13,Active,538834.18,444,Home Purchase,High
4332,BKAILN26448983,5861,14999,2,25,3458710,14.0,56,84467.07,3099486.7,2020-10-24,2025-05-31,Active,0.0,827,Vehicle Purchase,Low
4333,BKAILN81147646,2000,19520,12,59,436879,10.58,25,19548.38,126375.95,2025-04-16,2027-05-06,Active,0.0,321,Vehicle Purchase,High
4334,BKAILN31816744,1106,18787,8,27,1122425,10.42,219,11473.8,450942.4,2019-11-21,2037-11-16,Active,1243112.42,802,Business Expansion,Low
4335,BKAILN17481709,9018,16363,9,30,4338455,13.05,45,122429.93,3218404.64,2025-04-23,2029-01-02,Active,5637825.6,460,Vehicle Purchase,High
4336,BKAILN29143714,5743,4207,4,32,23361775,9.06,49,572164.22,12558581.14,2017-07-06,2021-07-15,Active,0.0,815,Working Capital,Low
4337,BKAILN40753992,5937,1024,5,56,2717195,9.42,35,89089.3,1036971.14,2021-07-14,2024-05-29,Closed,4489692.77,841,Vehicle Purchase,Low
4338,BKAILN34932947,2241,6081,2,16,297175,11.92,15,21422.33,181816.83,2020-01-24,2021-04-18,Active,0.0,302,Medical,High
4339,BKAILN91557861,7765,1940,11,87,4756949,12.48,81,87184.0,3444953.48,2018-03-17,2024-11-10,Active,6981815.96,846,Agriculture,Low
4340,BKAILN88295968,8122,15530,1,88,3776159,8.38,210,34332.17,1353821.75,2019-08-16,2036-11-14,Active,6476951.54,695,Working Capital,Medium
4341,BKAILN25612454,7246,17906,4,43,338009,12.08,86,5892.68,256228.58,2020-12-24,2028-01-17,Active,0.0,448,Personal Expenses,High
4342,BKAILN38449080,9083,1738,3,98,1894222,11.54,56,43905.55,937838.81,2024-06-30,2029-02-04,Closed,3066667.77,491,Agriculture,High
4343,BKAILN70326288,5244,6519,10,64,93321,9.65,86,1507.45,34479.19,2020-03-07,2027-03-31,Active,124152.44,434,Home Purchase,High
4344,BKAILN62628297,9896,4126,5,63,2840956,10.79,35,94972.87,1251135.19,2019-03-17,2022-01-30,Active,4990839.89,370,Home Purchase,High
4345,BKAILN67958085,5364,14761,4,10,2297932,12.28,176,28217.74,272536.23,2018-12-23,2033-06-07,Active,0.0,549,Personal Expenses,High
4346,BKAILN60314741,7945,8501,3,37,5632373,10.67,38,175320.18,2330673.27,2019-06-04,2022-07-18,Active,7585560.35,311,Home Purchase,High
4347,BKAILN73646046,2992,7987,4,19,1542366,12.08,45,42791.5,1379485.31,2018-10-06,2022-06-17,Active,0.0,322,Medical,High
4348,BKAILN72018536,2730,12645,4,53,2833820,12.06,87,49015.17,668331.3,2021-01-01,2028-02-24,Active,0.0,351,Medical,High
4349,BKAILN90735056,5868,12778,2,28,6452914,17.1,58,164244.14,1470117.73,2020-08-14,2025-05-20,Active,0.0,527,Personal Expenses,High
4350,BKAILN30978044,6706,7263,5,40,4455798,8.56,14,335560.99,3648472.35,2023-04-02,2024-05-26,Active,5346000.0,898,Medical,Low
4351,BKAILN75811941,2771,18064,1,50,3293016,8.82,352,26192.9,537259.18,2025-05-19,2054-04-17,Default,4142004.39,764,Working Capital,Low
4352,BKAILN13128874,7605,3426,11,59,1626821,12.52,49,42576.18,1170711.96,2017-09-09,2021-09-18,Active,2825875.63,427,Agriculture,High
4353,BKAILN49357151,2528,1512,6,20,140164,13.27,16,9606.3,46995.87,2024-08-22,2025-12-15,Active,0.0,722,Personal Expenses,Medium
4354,BKAILN49765631,4441,15190,7,57,1403026,11.47,136,18477.94,401232.28,2017-10-03,2028-12-04,Active,0.0,533,Agriculture,High
4355,BKAILN26064568,2979,172,12,34,4386045,11.51,18,266472.74,2608158.9,2020-06-30,2021-12-22,Closed,0.0,737,Personal Expenses,Medium
4356,BKAILN56836074,1394,19785,8,86,3059423,11.71,183,35931.84,1396012.29,2025-02-28,2040-03-11,Closed,5385633.49,470,Business Expansion,High
4357,BKAILN29297286,4234,17987,6,2,4585328,15.62,66,103963.45,3059336.76,2024-02-09,2029-07-12,Active,0.0,714,Vehicle Purchase,Medium
4358,BKAILN85215613,6331,5140,7,87,917447,12.15,167,11410.79,136152.68,2017-04-25,2031-01-12,Closed,0.0,774,Medical,Low
4359,BKAILN20922792,4912,2324,11,23,3329173,12.97,40,102955.18,1683429.59,2018-09-17,2021-12-30,Active,5930471.56,620,Business Expansion,High
4360,BKAILN96173415,5081,15212,2,54,1535330,16.24,15,113784.36,1088669.36,2023-07-17,2024-10-09,Active,0.0,765,Working Capital,Low
4361,BKAILN20062900,1018,11681,6,19,6601091,14.72,48,182777.74,679173.7,2025-05-24,2029-05-03,Active,0.0,413,Vehicle Purchase,High
4362,BKAILN48875710,5790,6607,1,32,4021019,9.75,242,38037.81,2623725.05,2024-05-13,2044-03-29,Active,5517736.55,690,Personal Expenses,Medium
4363,BKAILN69534705,7502,6247,4,83,1420573,9.32,35,46510.43,252306.1,2023-05-04,2026-03-19,Active,0.0,780,Medical,Low
4364,BKAILN84118208,227,5748,10,59,2379583,8.23,22,116897.76,1265635.04,2021-05-12,2023-03-03,Active,4004095.86,848,Home Purchase,Low
4365,BKAILN55718183,5116,13115,10,64,153419,8.83,99,2187.52,88593.2,2018-07-28,2026-09-14,Active,274769.95,666,Home Purchase,Medium
4366,BKAILN71584122,533,6279,1,36,16653678,8.89,210,156617.15,12815867.55,2016-09-02,2033-12-02,Active,18544310.31,875,Business Expansion,Low
4367,BKAILN95190598,2262,14711,7,72,88746,10.58,119,1207.17,38545.21,2024-05-05,2034-02-12,Active,0.0,651,Working Capital,Medium
4368,BKAILN51850732,1736,19623,7,34,329329,14.41,142,4844.03,74513.49,2021-03-10,2032-11-07,Active,0.0,857,Vehicle Purchase,Low
4369,BKAILN86680207,5285,15758,7,54,2697653,12.91,104,43226.96,2141020.41,2024-10-17,2033-05-03,Active,0.0,502,Working Capital,High
4370,BKAILN63913744,3847,3250,4,70,149421,10.62,83,2549.28,26067.23,2021-08-12,2028-06-06,Active,0.0,868,Education,Low
4371,BKAILN37155837,7622,19549,8,94,1672959,10.81,218,17555.79,1459795.84,2017-05-26,2035-04-22,Active,2290353.63,765,Working Capital,Low
4372,BKAILN95895849,4983,17227,7,61,1585914,12.44,20,88208.73,1496397.15,2024-03-04,2025-10-25,Active,0.0,523,Agriculture,High
4373,BKAILN28618806,6147,9975,12,16,5431436,12.11,33,194334.96,996814.15,2018-03-20,2020-12-04,Active,0.0,591,Education,High
4374,BKAILN12877961,8732,7320,3,45,3003716,11.39,27,126636.36,2019399.75,2021-11-17,2024-02-05,Active,4926881.87,835,Education,Low
4375,BKAILN14834822,6520,4760,12,47,36605159,16.35,13,3091601.57,18034836.33,2025-04-27,2026-05-22,Default,0.0,766,Business Expansion,Low
4376,BKAILN68684887,985,12330,11,83,3691921,11.39,65,76371.14,2159179.12,2017-07-28,2022-11-29,Active,6504737.04,633,Medical,High
4377,BKAILN20999854,9221,15618,12,28,906966,11.58,10,95579.66,651280.66,2021-09-08,2022-07-05,Active,0.0,348,Business Expansion,High
4378,BKAILN92995648,9735,7297,3,71,1473464,8.82,70,27002.35,795169.93,2024-09-30,2030-07-01,Active,2310746.34,397,Personal Expenses,High
4379,BKAILN34855797,4090,4567,4,50,533002,9.4,95,7975.66,192719.22,2021-11-29,2029-09-18,Active,0.0,899,Agriculture,Low
4380,BKAILN37336029,3455,16443,3,81,1743576,9.59,61,36225.92,609381.63,2020-06-22,2025-06-26,Active,2725857.03,733,Education,Medium
4381,BKAILN93769447,3203,2338,3,37,2933268,10.47,25,131101.04,2084981.19,2017-01-22,2019-02-11,Active,5005418.87,321,Medical,High
4382,BKAILN56077864,4583,19108,12,57,109010,15.68,18,6835.5,64663.27,2024-06-25,2025-12-17,Active,0.0,563,Business Expansion,High
4383,BKAILN61344947,7488,2483,12,29,830862,15.19,34,30223.83,195979.02,2020-07-29,2023-05-15,Active,0.0,321,Medical,High
4384,BKAILN91017256,164,2739,8,43,439543,11.86,240,4796.91,411430.55,2022-01-14,2041-10-01,Active,579588.11,532,Medical,High
4385,BKAILN80842119,1157,16558,4,40,970710,10.81,109,14019.12,108475.35,2018-08-16,2027-07-30,Active,0.0,478,Medical,High
4386,BKAILN48119582,6691,18316,11,95,630779,11.05,45,17185.05,389696.81,2016-09-27,2020-06-08,Active,723861.35,507,Home Purchase,High
4387,BKAILN50770819,634,14225,7,70,735328,11.41,28,30036.45,394509.63,2020-11-15,2023-03-05,Active,0.0,516,Personal Expenses,High
4388,BKAILN37937472,4908,4101,8,14,916190,9.52,146,10618.12,492538.16,2017-10-08,2029-10-05,Active,1043286.62,755,Home Purchase,Low
4389,BKAILN87373206,9706,12181,12,32,406286,15.04,25,19031.05,113555.82,2016-09-22,2018-10-12,Default,0.0,810,Vehicle Purchase,Low
4390,BKAILN63149823,7381,10394,3,50,65310,10.96,82,1135.06,19709.6,2020-05-20,2027-02-13,Active,88227.25,475,Education,High
4391,BKAILN63319168,1941,295,10,3,1921519,9.7,120,25074.88,1882146.81,2018-03-19,2028-01-26,Closed,2165243.39,499,Agriculture,High
4392,BKAILN93802706,9137,15380,11,22,434445,13.23,76,8471.54,324388.5,2019-03-07,2025-06-03,Active,581761.4,347,Agriculture,High
4393,BKAILN45272566,1283,12099,3,64,1236118,10.21,50,30456.21,1234345.19,2016-12-12,2021-01-20,Active,2084758.17,641,Medical,High
4394,BKAILN92482618,8057,10138,10,55,1471725,8.49,35,47617.98,974082.68,2024-06-05,2027-04-21,Default,2217588.17,623,Business Expansion,High
4395,BKAILN98803944,9075,16759,10,76,3588237,8.6,66,68425.95,2920930.85,2025-03-03,2030-08-04,Closed,4411077.68,874,Personal Expenses,Low
4396,BKAILN83925914,2254,16455,9,2,720429,13.23,51,18543.37,520565.93,2022-12-18,2027-02-25,Active,972143.08,831,Education,Low
4397,BKAILN79345995,497,9499,4,21,397162,8.89,73,7063.34,273199.35,2025-05-16,2031-05-15,Active,0.0,888,Home Purchase,Low
4398,BKAILN54178613,606,14270,9,10,3096687,11.65,23,150879.16,1941989.66,2018-12-04,2020-10-24,Active,4367852.41,816,Medical,Low
4399,BKAILN62656898,6921,13192,2,79,4239267,15.38,27,186734.38,753522.15,2018-06-22,2020-09-09,Active,0.0,488,Vehicle Purchase,High
4400,BKAILN50519099,9731,12060,3,96,30436606,9.27,39,906869.27,4917714.11,2021-01-07,2024-03-22,Active,43291476.2,624,Business Expansion,High
4401,BKAILN44584354,5488,2358,11,88,3235428,13.35,29,131143.72,1381732.22,2024-09-14,2027-02-01,Active,3994722.99,424,Medical,High
4402,BKAILN88278744,1703,11782,2,51,4873279,17.36,41,158408.08,4031069.23,2020-03-12,2023-07-25,Active,0.0,608,Home Purchase,High
4403,BKAILN17607714,6961,9436,1,5,3956021,10.33,152,46762.54,647669.74,2021-07-23,2034-01-16,Default,6781111.42,598,Home Purchase,High
4404,BKAILN74731969,2296,8572,6,21,3234542,14.86,107,54716.91,1786637.96,2023-12-30,2032-10-13,Closed,0.0,475,Business Expansion,High
4405,BKAILN52359390,9848,10540,2,64,4505290,16.84,67,104175.31,3479704.11,2019-08-14,2025-02-13,Active,0.0,458,Working Capital,High
4406,BKAILN37805454,8984,17470,10,12,3475108,7.33,40,98186.8,1147057.61,2022-12-30,2026-04-13,Active,5738243.73,491,Business Expansion,High
4407,BKAILN91046688,2977,10157,7,83,8627070,12.75,110,133361.78,6048287.01,2018-08-17,2027-08-30,Active,0.0,439,Agriculture,High
4408,BKAILN66139847,3075,13868,9,64,1483188,9.64,20,80573.17,245483.6,2018-05-30,2020-01-20,Active,1728034.16,585,Education,High
4409,BKAILN72423948,3002,16340,2,18,3817462,12.13,67,78709.31,1328663.65,2018-11-19,2024-05-21,Active,0.0,572,Working Capital,High
4410,BKAILN37149235,3646,13025,11,97,357917,11.45,62,7674.52,127663.37,2018-07-02,2023-08-05,Closed,542060.23,555,Medical,High
4411,BKAILN76533401,1233,18855,10,34,65804,8.7,67,1243.41,50414.07,2017-10-26,2023-04-28,Closed,98802.7,769,Vehicle Purchase,Low
4412,BKAILN21304971,8328,9225,6,14,7209748,15.36,101,127599.52,3664921.8,2020-05-29,2028-09-14,Active,0.0,616,Education,High
4413,BKAILN88784895,7958,6242,7,90,3518413,10.89,19,202439.91,3499833.92,2023-12-28,2025-07-20,Active,0.0,715,Working Capital,Medium
4414,BKAILN44585351,9384,18511,8,29,3414749,9.63,190,35087.72,2882892.29,2024-06-20,2040-01-28,Active,5233479.03,779,Vehicle Purchase,Low
4415,BKAILN75952350,833,1823,6,91,4489842,15.5,33,167970.23,1718098.46,2021-07-12,2024-03-28,Active,0.0,570,Personal Expenses,High
4416,BKAILN41213448,6407,8488,4,7,377795,11.71,25,17103.25,288152.16,2021-08-18,2023-09-07,Active,0.0,552,Personal Expenses,High
4417,BKAILN42845337,2012,644,7,94,1429645,10.31,151,16936.87,1207907.22,2017-01-06,2029-06-02,Active,0.0,720,Personal Expenses,Medium
4418,BKAILN78142988,2486,346,3,36,7116932,9.97,43,197511.0,5340072.01,2019-07-24,2023-02-03,Active,12036572.74,725,Business Expansion,Medium
4419,BKAILN35410310,7835,17847,3,88,3909654,12.0,55,92761.91,2775894.61,2023-08-13,2028-02-18,Active,5767721.68,571,Education,High
4420,BKAILN95667481,6058,7025,5,14,669600,8.42,17,41921.97,503327.01,2024-11-10,2026-04-04,Active,992490.88,885,Vehicle Purchase,Low
4421,BKAILN34166099,8808,9707,8,45,1052661,9.17,216,9969.65,361447.42,2017-08-19,2035-05-17,Active,1513790.92,521,Medical,High
4422,BKAILN85891673,4390,1839,3,28,1836799,9.2,57,39898.24,1730812.64,2023-11-25,2028-07-31,Active,3092946.44,422,Personal Expenses,High
4423,BKAILN55791258,4488,19044,8,5,1791935,10.26,223,18020.23,552577.56,2019-06-02,2037-09-25,Active,2616023.2,588,Agriculture,High
4424,BKAILN77066548,6512,9213,8,58,4111764,11.22,194,46008.67,3620514.75,2024-04-30,2040-04-06,Active,6617579.09,717,Medical,Medium
4425,BKAILN94687154,9511,15472,4,64,179094,9.92,121,2347.4,19329.29,2020-06-29,2030-06-07,Active,0.0,708,Medical,Medium
4426,BKAILN82365245,1463,1752,1,93,1714307,9.45,199,17087.28,231586.23,2020-08-04,2036-12-08,Active,2053682.77,742,Agriculture,Medium
4427,BKAILN22208135,2880,5962,4,69,540005,10.05,86,8834.68,89349.15,2024-01-14,2031-02-06,Default,0.0,900,Agriculture,Low
4428,BKAILN23907699,1936,17419,11,43,6012282,11.29,30,230955.97,5785651.85,2019-01-24,2021-07-12,Active,9326237.78,626,Home Purchase,High
4429,BKAILN19373804,2559,10174,3,79,3359441,8.77,65,65113.1,2283755.87,2017-03-07,2022-07-09,Active,3726152.58,720,Business Expansion,Medium
4430,BKAILN52865688,7715,4778,9,62,3361254,12.74,31,127816.59,2671865.93,2025-05-14,2027-11-30,Closed,4922594.57,719,Home Purchase,Medium
4431,BKAILN10925970,5890,7415,2,56,339749,13.62,55,8338.52,288962.2,2022-09-10,2027-03-18,Active,0.0,595,Working Capital,High
4432,BKAILN34416692,9275,14309,7,17,2034947,12.29,94,33818.29,1028087.4,2024-06-02,2032-02-21,Closed,0.0,783,Education,Low
4433,BKAILN35450808,2300,14830,4,39,1364266,11.39,96,21718.5,227592.5,2020-10-29,2028-09-17,Active,0.0,750,Personal Expenses,Low
4434,BKAILN50253825,7606,13977,7,50,3610565,13.49,173,47448.65,684479.7,2025-05-11,2039-07-27,Active,0.0,831,Working Capital,Low
4435,BKAILN73714763,6269,11753,4,90,6222714,9.88,120,81820.68,3702585.54,2024-11-26,2034-10-05,Active,0.0,557,Home Purchase,High
4436,BKAILN80846594,1153,9533,11,81,1939188,10.89,35,64918.39,1888860.59,2023-05-26,2026-04-10,Active,3474726.79,828,Personal Expenses,Low
4437,BKAILN13510792,7453,10335,2,8,1164840,10.95,48,30077.62,538029.05,2018-11-13,2022-10-23,Active,0.0,336,Personal Expenses,High
4438,BKAILN77227900,1152,16763,6,75,655276,16.44,30,26785.0,327311.22,2019-12-19,2022-06-06,Default,0.0,611,Home Purchase,High
4439,BKAILN42400492,3471,14322,12,11,43709182,14.26,18,2711589.94,9304081.79,2022-06-16,2023-12-08,Active,0.0,734,Business Expansion,Medium
4440,BKAILN25086247,8261,8377,4,87,1413374,9.77,176,15141.01,767745.97,2019-05-03,2033-10-16,Active,0.0,865,Vehicle Purchase,Low
4441,BKAILN64651828,1142,18258,8,55,2154539,10.33,232,21488.53,327828.25,2020-01-10,2039-01-30,Active,3652787.55,596,Personal Expenses,High
4442,BKAILN87661636,1427,4960,2,76,1083966,17.09,64,25924.73,159076.49,2020-10-16,2026-01-18,Active,0.0,889,Medical,Low
4443,BKAILN38519308,4872,15918,7,20,2123825,14.42,49,57601.68,221096.75,2019-10-11,2023-10-20,Active,0.0,374,Home Purchase,High
4444,BKAILN71383624,413,7941,10,80,332183,8.3,43,8957.34,145142.81,2020-09-01,2024-03-14,Active,468553.73,697,Education,Medium
4445,BKAILN39459808,228,18037,8,81,2971899,10.06,212,30030.29,2100234.24,2020-07-16,2037-12-14,Active,4972341.72,651,Agriculture,Medium
4446,BKAILN34698623,7997,1719,1,31,275140,10.29,195,2909.84,161195.2,2018-05-15,2034-05-21,Active,410693.84,869,Education,Low
4447,BKAILN68558643,4052,18669,5,39,5327105,10.17,25,237352.67,1816287.09,2020-06-19,2022-07-09,Active,7236434.22,704,Business Expansion,Medium
4448,BKAILN91011590,3048,5599,10,60,1563102,9.89,75,28025.14,990337.89,2021-05-14,2027-07-12,Active,2708266.1,762,Home Purchase,Low
4449,BKAILN37588613,4032,15550,2,16,3574483,17.73,31,144556.33,3043413.74,2020-01-28,2022-08-15,Default,0.0,692,Business Expansion,Medium
4450,BKAILN16645477,3340,14399,10,51,564379,7.6,27,22807.0,324778.85,2024-11-28,2027-02-16,Active,1004404.96,778,Working Capital,Low
4451,BKAILN49927758,2659,15219,3,18,103941,9.69,59,2221.54,76771.92,2017-08-19,2022-06-24,Active,133172.17,651,Personal Expenses,Medium
4452,BKAILN47896478,8487,4855,6,79,4326308,16.32,113,75173.53,3005751.99,2024-01-05,2033-04-17,Active,0.0,391,Personal Expenses,High
4453,BKAILN26197387,1404,13174,10,45,1270006,9.97,113,17371.81,494702.23,2018-01-09,2027-04-22,Active,1734391.46,326,Agriculture,High
4454,BKAILN16878332,6816,13104,6,84,998807,11.66,56,23210.71,864412.61,2016-07-06,2021-02-10,Active,0.0,357,Agriculture,High
4455,BKAILN82469555,564,799,11,94,22603048,13.49,54,560676.68,3077082.73,2025-04-21,2029-09-27,Active,37435938.75,518,Medical,High
4456,BKAILN90974136,8184,17280,12,58,1536084,14.15,34,55101.31,1467724.87,2017-08-19,2020-06-04,Active,0.0,313,Business Expansion,High
4457,BKAILN34707124,1668,10704,10,26,1904733,7.3,61,37469.99,1122291.15,2020-10-20,2025-10-24,Active,2136810.59,793,Home Purchase,Low
4458,BKAILN98638138,5978,466,1,84,9066868,9.63,204,90479.12,1336007.55,2025-05-23,2042-02-23,Closed,14588028.61,635,Personal Expenses,High
4459,BKAILN96739198,3225,8444,9,78,392078,12.11,15,28298.21,164575.73,2024-01-13,2025-04-07,Active,613483.08,506,Medical,High
4460,BKAILN12227362,3573,13104,3,81,140734,10.85,29,5538.69,97365.8,2019-09-22,2022-02-08,Active,244777.66,552,Education,High
4461,BKAILN11604859,9914,16827,3,14,7141269,11.94,81,128828.07,2630077.1,2022-07-19,2029-03-14,Active,12356277.36,535,Home Purchase,High
4462,BKAILN55572790,3377,6491,12,38,1666595,13.17,26,74028.35,887362.44,2021-03-26,2023-05-15,Active,0.0,612,Medical,High
4463,BKAILN78108026,752,6528,12,26,1464649,11.95,27,62133.45,238455.41,2016-09-28,2018-12-17,Active,0.0,375,Agriculture,High
4464,BKAILN23088574,1846,12947,2,31,302080,12.03,39,9396.51,90208.11,2024-10-29,2028-01-12,Active,0.0,683,Personal Expenses,Medium
4465,BKAILN42885124,4381,4118,9,56,3891611,12.9,30,152450.18,1619193.34,2023-08-14,2026-01-30,Active,6580356.76,313,Home Purchase,High
4466,BKAILN11891007,267,19250,3,92,147805,10.18,39,4467.23,76502.21,2019-09-13,2022-11-26,Active,176041.54,609,Business Expansion,High
4467,BKAILN66101910,7666,18272,2,73,997191,10.53,35,33213.8,616060.35,2016-08-20,2019-07-06,Closed,0.0,660,Agriculture,Medium
4468,BKAILN85270241,4782,9771,5,23,367909,10.69,17,23417.85,110367.92,2025-01-29,2026-06-23,Active,634603.42,448,Business Expansion,High
4469,BKAILN32229694,5421,12301,4,1,2391530,10.68,76,43435.14,1630701.0,2024-10-24,2031-01-21,Active,0.0,596,Education,High
4470,BKAILN12664346,2822,10669,10,46,354788,7.6,12,30796.87,281279.11,2025-03-27,2026-03-22,Active,478567.92,351,Medical,High
4471,BKAILN80704447,7863,9224,2,39,4962530,14.34,67,108052.74,1019123.94,2016-08-30,2022-03-02,Active,0.0,547,Medical,High
4472,BKAILN61264924,3758,6111,1,42,372886,9.04,210,3541.38,284193.39,2025-02-09,2042-05-11,Active,668144.43,801,Medical,Low
4473,BKAILN41003958,8175,11877,10,100,304689,8.32,61,6142.43,56413.67,2019-01-07,2024-01-11,Active,366354.71,308,Vehicle Purchase,High
4474,BKAILN51434040,2651,12057,2,31,1123467,16.46,43,34759.05,589266.15,2019-03-19,2022-09-29,Active,0.0,874,Medical,Low
4475,BKAILN77975045,6011,13487,12,87,6572050,16.02,9,779832.15,5342322.0,2025-05-15,2026-02-09,Active,0.0,845,Home Purchase,Low
4476,BKAILN58272640,1523,12056,3,46,225969,10.89,73,4246.72,153091.0,2022-04-15,2028-04-13,Active,312490.53,867,Agriculture,Low
4477,BKAILN99495835,8980,18045,5,71,566199,9.62,21,29402.69,178392.51,2025-05-02,2027-01-22,Active,768319.05,341,Education,High
4478,BKAILN84060822,1138,7455,4,44,1055883,11.17,116,14922.78,765287.02,2019-06-10,2028-12-19,Active,0.0,735,Medical,Medium
4479,BKAILN99323462,8046,14768,11,17,3133818,12.35,48,83065.01,1254164.54,2020-09-10,2024-08-20,Active,4350004.62,673,Medical,Medium
4480,BKAILN72704390,703,11577,6,75,28827492,15.61,120,475915.38,10576342.22,2019-05-05,2029-03-13,Active,0.0,490,Vehicle Purchase,High
4481,BKAILN10363090,6918,16034,7,40,3683794,10.04,69,70490.4,3498926.45,2022-04-14,2027-12-14,Active,0.0,810,Business Expansion,Low
4482,BKAILN49765589,8335,1737,11,98,130471,10.13,25,5810.81,101916.1,2020-06-26,2022-07-16,Active,153346.89,739,Medical,Medium
4483,BKAILN48203035,8604,9855,3,70,9724120,11.83,67,198995.46,7742040.84,2024-10-22,2030-04-24,Active,14341678.92,401,Vehicle Purchase,High
4484,BKAILN90335435,6737,1938,7,55,654567,13.28,96,11104.24,168257.09,2017-06-20,2025-05-09,Active,0.0,447,Business Expansion,High
4485,BKAILN67791620,7265,16946,4,19,3988110,11.65,70,78773.7,676803.99,2017-10-16,2023-07-17,Active,0.0,721,Agriculture,Medium
4486,BKAILN96109147,8674,11456,8,43,3555514,10.13,176,38866.36,1626815.05,2019-04-06,2033-09-19,Active,5030782.8,783,Personal Expenses,Low
4487,BKAILN69545834,297,14204,2,26,1594095,17.19,22,84988.82,1447373.2,2019-09-08,2021-06-29,Active,0.0,842,Personal Expenses,Low
4488,BKAILN55196402,3641,13073,5,40,3857400,10.85,10,405181.49,2187168.6,2017-02-16,2017-12-13,Active,4875906.96,367,Agriculture,High
4489,BKAILN92833948,6696,5952,3,95,9517980,8.9,64,187336.77,1199200.47,2017-07-05,2022-10-07,Active,12518219.76,629,Business Expansion,High
4490,BKAILN32733748,1341,11518,11,67,124998,10.48,73,2322.95,44625.07,2024-09-07,2030-09-06,Active,197270.92,576,Vehicle Purchase,High
4491,BKAILN80760864,6264,19797,6,99,471200,16.15,99,8642.15,193560.14,2023-11-03,2031-12-21,Active,0.0,357,Home Purchase,High
4492,BKAILN82933603,3076,9263,6,75,1953761,11.48,36,64408.65,1568672.56,2018-07-16,2021-06-30,Active,0.0,440,Medical,High
4493,BKAILN90586438,7842,12979,6,38,627309,16.82,29,26473.96,429142.29,2017-05-06,2019-09-23,Active,0.0,581,Agriculture,High
4494,BKAILN88817978,2490,2615,10,87,387172,7.32,119,4585.54,137181.44,2022-12-17,2032-09-25,Active,694047.8,768,Home Purchase,Low
4495,BKAILN15102030,9225,17631,1,37,214744,9.07,193,2118.4,112677.89,2017-01-22,2032-11-29,Closed,254393.65,474,Education,High
4496,BKAILN26466695,7737,17136,8,54,351455,11.71,224,3869.05,274717.23,2024-06-19,2042-11-12,Active,536155.02,801,Working Capital,Low
4497,BKAILN95300632,5540,584,11,37,689741,13.39,68,14527.34,660528.5,2019-06-01,2024-12-31,Active,890369.98,695,Agriculture,Medium
4498,BKAILN91164403,2789,18308,10,81,441930,8.16,110,5718.73,295452.75,2017-01-06,2026-01-19,Active,709398.25,616,Personal Expenses,High
4499,BKAILN41197111,3992,3854,2,12,1957861,16.58,21,108048.33,532551.37,2022-04-06,2023-12-27,Active,0.0,420,Personal Expenses,High
4500,BKAILN86661183,9286,641,12,36,7596872,10.81,29,298838.34,6156158.94,2019-07-30,2021-12-16,Active,0.0,509,Personal Expenses,High
4501,BKAILN10198636,2635,15166,10,52,583807,9.14,14,44121.8,270982.22,2024-03-16,2025-05-10,Active,1039735.5,642,Agriculture,High
4502,BKAILN61433445,9599,5031,5,51,939929,8.85,6,160723.25,642667.39,2017-06-24,2017-12-21,Active,1225379.02,312,Working Capital,High
4503,BKAILN51234260,4351,9729,5,38,4048917,8.46,19,228441.05,3543502.54,2019-11-09,2021-06-01,Default,5409835.06,753,Medical,Low
4504,BKAILN37598248,4020,17543,9,99,4721262,13.69,20,265355.41,1930971.88,2021-07-24,2023-03-16,Active,6490206.07,770,Agriculture,Low
4505,BKAILN24445822,44,10326,2,77,3184621,14.21,77,63269.08,348024.06,2024-11-28,2031-03-27,Active,0.0,520,Working Capital,High
4506,BKAILN74587324,3956,7385,1,72,1035272,9.29,223,9763.49,208632.19,2020-04-05,2038-07-30,Active,1617132.71,360,Business Expansion,High
4507,BKAILN84460381,5719,744,1,74,2451292,9.6,133,30009.85,1572618.78,2019-08-11,2030-07-14,Default,2897191.57,691,Vehicle Purchase,Medium
4508,BKAILN11875835,7002,1164,8,29,8229350,11.18,217,88500.22,905655.47,2018-10-02,2036-07-29,Closed,14800801.13,415,Education,High
4509,BKAILN28241170,7620,1217,3,43,339763,10.97,37,10864.68,174129.94,2023-02-16,2026-03-02,Active,451239.92,808,Working Capital,Low
4510,BKAILN76612404,6655,15955,1,94,497431,9.71,259,4594.91,229459.04,2018-08-02,2039-11-10,Active,848535.63,751,Personal Expenses,Low
4511,BKAILN15289430,6420,13932,9,28,2795656,13.61,44,81056.79,810225.93,2019-11-13,2023-06-25,Active,4046731.19,301,Working Capital,High
4512,BKAILN63781951,7625,599,7,56,7601158,12.29,150,99407.47,5970119.6,2018-12-06,2031-04-02,Active,0.0,548,Personal Expenses,High
4513,BKAILN57451543,3351,2298,6,46,324719,11.06,39,9949.9,190542.29,2019-03-30,2022-06-12,Default,0.0,390,Home Purchase,High
4514,BKAILN54348186,5380,13031,1,9,3555496,9.94,297,32232.8,2444023.41,2021-11-26,2046-04-19,Active,5291713.42,488,Business Expansion,High
4515,BKAILN35087598,5882,15657,12,87,208134,13.15,22,10698.31,160268.17,2019-08-27,2021-06-17,Active,0.0,502,Business Expansion,High
4516,BKAILN67385825,848,8529,12,98,1898852,12.81,17,122732.18,885479.02,2017-05-11,2018-10-03,Active,0.0,494,Working Capital,High
4517,BKAILN87108828,8350,2612,10,91,4831937,9.8,14,366650.54,4489198.4,2022-10-16,2023-12-10,Active,8004334.92,873,Vehicle Purchase,Low
4518,BKAILN89307610,5815,2473,4,21,3518590,11.36,95,56319.53,2407609.86,2022-01-02,2029-10-22,Closed,0.0,622,Agriculture,High
4519,BKAILN56476870,2222,3232,10,88,450566,8.0,86,6900.74,221549.05,2024-12-13,2032-01-06,Active,665491.79,865,Personal Expenses,Low
4520,BKAILN44831935,8352,4695,4,20,90050,9.84,32,3210.85,33658.86,2016-12-08,2019-07-26,Active,0.0,386,Medical,High
4521,BKAILN91276999,8001,8768,1,22,1180039,8.66,206,11021.64,1074877.71,2021-11-06,2038-10-08,Active,1470654.74,525,Agriculture,High
4522,BKAILN45681532,3893,10384,1,28,4785232,9.47,210,46731.57,3891265.05,2021-04-20,2038-07-20,Active,7229687.46,412,Working Capital,High
4523,BKAILN77592815,9830,6667,10,61,755129,9.41,64,15051.49,371402.4,2022-09-24,2027-12-27,Active,1087491.81,870,Medical,Low
4524,BKAILN81341964,4929,9012,1,70,884213,8.47,348,6832.0,519995.66,2017-06-15,2046-01-14,Active,1528796.35,425,Home Purchase,High
4525,BKAILN79243420,7487,16729,6,20,334522,12.05,24,15754.92,136442.15,2023-08-15,2025-08-04,Active,0.0,629,Personal Expenses,High
4526,BKAILN50464207,691,11976,4,82,875842,12.4,78,16410.22,821427.26,2022-09-29,2029-02-24,Active,0.0,654,Vehicle Purchase,Medium
4527,BKAILN93802639,3749,6488,1,64,4872892,10.06,144,58403.9,753895.62,2018-01-19,2029-11-17,Active,7783275.2,332,Agriculture,High
4528,BKAILN85683505,3369,5683,6,22,544334,14.54,52,14171.0,317830.87,2022-08-02,2026-11-09,Active,0.0,407,Home Purchase,High
4529,BKAILN69363161,9243,10280,7,3,235056,14.64,29,9672.43,116091.8,2024-08-13,2026-12-31,Active,0.0,822,Vehicle Purchase,Low
4530,BKAILN54701544,1273,15233,8,88,2769434,11.24,68,55248.95,466317.78,2025-01-03,2030-08-05,Active,3921898.58,805,Home Purchase,Low
4531,BKAILN66297945,7098,1677,10,94,2927160,9.79,37,91972.46,1031744.37,2018-04-24,2021-05-08,Active,3256607.48,319,Agriculture,High
4532,BKAILN28686854,1402,16889,6,91,352845,11.9,38,11189.97,223472.87,2021-11-08,2024-12-22,Active,0.0,462,Personal Expenses,High
4533,BKAILN75560080,238,7985,1,34,1110560,8.5,159,11663.3,719049.35,2021-01-23,2034-02-14,Active,1541421.01,520,Vehicle Purchase,High
4534,BKAILN42726459,9924,3796,10,73,19320313,8.42,53,437770.67,9851141.69,2018-06-28,2022-11-04,Active,25192269.66,876,Agriculture,Low
4535,BKAILN76392934,5479,16400,6,82,197346,12.94,87,3507.7,75898.06,2017-12-21,2025-02-12,Active,0.0,434,Home Purchase,High
4536,BKAILN34923997,2335,438,8,42,2797017,9.55,75,49667.92,653359.28,2025-04-05,2031-06-03,Active,4665135.98,860,Vehicle Purchase,Low
4537,BKAILN39987921,2373,12361,6,49,933239,16.53,83,18939.89,873899.07,2020-06-28,2027-04-23,Active,0.0,453,Home Purchase,High
4538,BKAILN59937325,5228,2157,4,32,3731698,10.7,52,89995.51,2914381.75,2016-08-05,2020-11-12,Active,0.0,431,Agriculture,High
4539,BKAILN60715575,2860,2368,3,46,3708714,10.73,35,123876.97,1956135.3,2025-04-26,2028-03-11,Active,4647476.12,645,Education,High
4540,BKAILN50867601,1879,18613,8,94,730793,12.14,99,11719.65,572126.69,2021-07-02,2029-08-19,Active,985609.43,880,Working Capital,Low
4541,BKAILN80193317,6343,14010,5,52,3262843,10.53,7,482624.19,2114438.26,2023-11-10,2024-06-07,Active,4275980.93,813,Business Expansion,Low
4542,BKAILN30520311,530,6214,9,15,3838415,13.41,40,119526.45,430118.6,2025-05-12,2028-08-24,Active,4467764.15,340,Agriculture,High
4543,BKAILN57695426,473,14765,8,56,3723387,10.62,141,46326.53,2469538.48,2023-09-27,2035-04-27,Default,6009368.8,608,Vehicle Purchase,High
4544,BKAILN51260486,2185,10457,8,92,3328109,10.85,191,36661.81,1729533.42,2018-12-11,2034-08-19,Active,5860532.93,420,Personal Expenses,High
4545,BKAILN24249209,4948,10553,12,24,2005279,12.27,11,193671.66,946903.33,2016-07-21,2017-06-16,Closed,0.0,311,Education,High
4546,BKAILN54027220,3599,16746,4,38,2560948,9.02,51,60639.22,1612038.23,2020-01-14,2024-03-23,Active,0.0,886,Personal Expenses,Low
4547,BKAILN97800299,3413,7157,2,30,2048752,15.67,50,56054.81,1401830.66,2024-04-08,2028-05-17,Default,0.0,352,Medical,High
4548,BKAILN58481448,6764,16044,10,53,3492034,7.59,60,70122.64,2485312.67,2024-11-29,2029-11-03,Active,4333742.01,372,Medical,High
4549,BKAILN35356278,564,7052,9,68,3698973,13.31,34,131188.71,1623642.6,2017-07-26,2020-05-11,Active,4269815.83,357,Vehicle Purchase,High
4550,BKAILN93464414,8522,7372,3,21,516041,10.04,67,10092.87,206097.39,2024-09-08,2030-03-11,Active,841333.43,711,Business Expansion,Medium
4551,BKAILN73060592,471,2626,12,74,4126079,15.36,34,150434.52,4123953.69,2019-03-08,2021-12-22,Active,0.0,779,Education,Low
4552,BKAILN26493085,2533,2629,8,92,1738838,10.62,89,28313.67,1051801.9,2018-05-25,2025-09-15,Active,2906818.42,747,Vehicle Purchase,Medium
4553,BKAILN90531851,8650,6020,12,38,231161,12.05,9,26991.31,206399.46,2016-07-25,2017-04-21,Closed,0.0,643,Business Expansion,High
4554,BKAILN77379755,4469,9001,4,41,16363265,9.08,161,176152.25,11745606.88,2018-08-06,2031-10-27,Active,0.0,660,Medical,Medium
4555,BKAILN59878995,2345,16330,6,40,68300,12.16,45,1897.59,9381.65,2024-04-18,2027-12-29,Active,0.0,741,Vehicle Purchase,Medium
4556,BKAILN52828571,1626,5017,6,97,196707,14.02,53,4999.35,163718.75,2019-07-31,2023-12-07,Active,0.0,732,Personal Expenses,Medium
4557,BKAILN91420750,1362,6046,3,19,8770626,10.61,32,315883.38,5605746.24,2025-02-15,2027-10-03,Active,10392019.62,523,Agriculture,High
4558,BKAILN49725601,2970,5157,2,31,5707851,13.13,44,164141.52,4429724.95,2019-06-07,2023-01-17,Active,0.0,785,Working Capital,Low
4559,BKAILN25740123,8773,3063,9,35,955043,10.47,17,60692.61,345927.32,2023-04-06,2024-08-28,Active,1644303.39,753,Working Capital,Low
4560,BKAILN74264910,9069,10300,5,18,3844193,8.69,18,228559.04,751527.91,2017-04-26,2018-10-18,Active,5478814.49,418,Agriculture,High
4561,BKAILN82460652,6534,19669,5,20,1030896,8.49,35,33354.86,245105.85,2018-11-17,2021-10-02,Active,1181451.44,660,Vehicle Purchase,Medium
4562,BKAILN23617498,8027,1100,3,39,1850064,10.89,27,77566.93,414755.97,2025-01-14,2027-04-04,Active,2141295.62,408,Personal Expenses,High
4563,BKAILN27233998,762,16371,9,31,1498371,12.45,42,44192.89,1128238.64,2024-03-06,2027-08-18,Active,2133764.82,303,Personal Expenses,High
4564,BKAILN74250319,1833,19066,1,51,977078,9.66,226,9400.87,928986.36,2019-09-25,2038-04-18,Active,1703242.89,762,Personal Expenses,Low
4565,BKAILN80271405,8864,9404,7,81,1938856,12.2,77,36430.25,784178.66,2019-05-10,2025-09-05,Active,0.0,862,Vehicle Purchase,Low
4566,BKAILN52436204,1746,5641,11,54,1071614,10.04,45,28675.52,321410.87,2021-07-13,2025-03-24,Active,1495980.54,599,Education,High
4567,BKAILN38563250,2991,2904,8,11,283106,12.12,167,3515.77,51707.53,2022-06-23,2036-03-11,Active,403799.97,852,Business Expansion,Low
4568,BKAILN75073114,1039,43,9,37,31865602,11.36,35,1073853.99,22559946.76,2019-08-04,2022-06-19,Active,44347466.01,803,Agriculture,Low
4569,BKAILN81204021,8519,15550,9,2,340758,13.94,59,8011.34,90130.7,2022-02-04,2026-12-10,Closed,460601.0,489,Working Capital,High
4570,BKAILN94164594,4211,342,3,91,1326991,9.89,74,24024.6,272926.14,2020-12-25,2027-01-23,Active,1630506.04,366,Personal Expenses,High
4571,BKAILN73378291,6131,14902,5,81,3306917,8.46,9,380508.63,2616111.57,2024-09-25,2025-06-22,Active,4506810.74,428,Education,High
4572,BKAILN48072708,8842,322,1,22,1852902,8.31,144,20373.07,1743286.71,2021-08-18,2033-06-16,Active,2834045.97,780,Medical,Low
4573,BKAILN38792473,8456,10094,4,51,3338129,11.04,115,47162.67,1635202.98,2018-10-20,2028-03-31,Active,0.0,871,Vehicle Purchase,Low
4574,BKAILN16894383,5093,15482,10,83,1780964,9.91,62,36819.86,341470.53,2020-08-13,2025-09-16,Active,2946130.64,738,Business Expansion,Medium
4575,BKAILN42781789,5552,15626,11,12,787541,9.53,35,25861.71,750059.57,2019-09-11,2022-07-27,Active,1186675.36,504,Agriculture,High
4576,BKAILN29818517,7682,14839,9,20,150799,13.02,35,5201.34,132093.47,2017-04-04,2020-02-18,Active,244114.49,775,Education,Low
4577,BKAILN73672596,3866,14158,8,15,7390049,12.42,78,138542.19,4248907.42,2024-11-29,2031-04-27,Active,11240725.88,402,Working Capital,High
4578,BKAILN24882319,8476,1652,8,68,1262307,11.62,98,20002.59,863155.39,2023-08-27,2031-09-14,Active,2000599.68,395,Working Capital,High
4579,BKAILN51763847,6925,8064,5,25,2560408,9.89,36,82485.0,2473550.37,2024-03-29,2027-03-14,Active,4059888.14,890,Business Expansion,Low
4580,BKAILN72672154,7655,852,12,49,39380850,13.34,24,1878532.68,36104441.27,2018-11-07,2020-10-27,Active,0.0,403,Home Purchase,High
4581,BKAILN64565080,5558,2059,12,34,912299,15.29,35,32471.37,402547.61,2022-11-08,2025-09-23,Active,0.0,835,Medical,Low
4582,BKAILN89062148,660,19095,7,22,1299083,10.88,59,28527.43,528149.25,2017-06-13,2022-04-18,Active,0.0,376,Business Expansion,High
4583,BKAILN68757852,4046,10808,3,36,1076236,11.88,58,24479.44,599020.02,2024-11-06,2029-08-12,Active,1679048.17,327,Home Purchase,High
4584,BKAILN89761622,2491,10259,12,44,1033201,13.43,20,57944.53,458533.45,2016-12-30,2018-08-22,Default,0.0,564,Medical,High
4585,BKAILN99300571,7263,13826,4,36,1690759,9.51,152,19175.74,359951.98,2025-06-12,2037-12-06,Active,0.0,315,Medical,High
4586,BKAILN45456758,2092,7083,2,30,1283955,15.81,75,27052.09,903785.58,2017-10-21,2023-12-19,Active,0.0,784,Business Expansion,Low
4587,BKAILN78808502,6135,15649,3,46,200755,10.52,39,6099.9,53851.4,2021-09-06,2024-11-19,Active,342731.4,726,Business Expansion,Medium
4588,BKAILN62528051,6501,2890,7,49,3102630,13.04,38,100099.29,966826.07,2022-12-01,2026-01-14,Closed,0.0,795,Vehicle Purchase,Low
4589,BKAILN38027525,2943,10082,9,56,290406,9.97,19,16585.92,154734.81,2021-11-09,2023-06-02,Active,424805.26,657,Agriculture,Medium
4590,BKAILN10308902,9922,8188,4,79,1599686,10.92,51,39345.93,210528.1,2023-07-29,2027-10-06,Active,0.0,700,Agriculture,Medium
4591,BKAILN34276111,3357,16741,1,18,1701082,8.37,244,14530.12,784443.08,2025-06-06,2045-06-21,Active,2925012.57,764,Working Capital,Low
4592,BKAILN35016169,993,4502,2,21,1402717,11.35,50,35338.98,282207.94,2019-04-04,2023-05-13,Active,0.0,549,Business Expansion,High
4593,BKAILN43584015,155,140,8,80,343165,9.78,101,4998.86,78375.57,2024-10-11,2033-01-27,Active,529836.98,800,Vehicle Purchase,Low
4594,BKAILN66287074,824,13508,4,90,646937,10.29,49,16225.92,604430.14,2017-06-14,2021-06-23,Active,0.0,529,Medical,High
4595,BKAILN85864502,1870,16638,5,22,923554,8.12,31,33126.23,562287.73,2022-11-21,2025-06-08,Active,1149119.38,763,Business Expansion,Low
4596,BKAILN84592001,1532,9411,7,38,121831,12.17,119,1767.52,97098.17,2020-04-03,2030-01-11,Active,0.0,615,Medical,High
4597,BKAILN50391582,8123,10048,4,51,399212,9.88,63,8147.04,267643.0,2017-12-22,2023-02-24,Closed,0.0,472,Personal Expenses,High
4598,BKAILN70636867,9822,14980,10,70,94880,7.4,75,1583.91,27303.79,2024-11-22,2031-01-20,Default,127710.37,895,Home Purchase,Low
4599,BKAILN68434428,9767,7215,9,74,38051292,11.72,52,936726.22,24942926.38,2020-03-20,2024-06-27,Active,62701783.44,520,Working Capital,High
4600,BKAILN66022100,8666,2918,8,32,76926,9.65,93,1177.84,74272.62,2019-06-11,2027-01-30,Closed,89799.2,565,Medical,High
4601,BKAILN47417210,9949,6450,4,63,275709,8.79,158,2951.06,107851.73,2016-08-13,2029-08-05,Active,0.0,437,Business Expansion,High
4602,BKAILN19485174,6747,8991,1,6,2781998,10.3,145,33612.96,2466918.75,2024-04-28,2036-03-26,Active,3547016.19,306,Home Purchase,High
4603,BKAILN47120224,4008,16508,4,76,445102,12.44,143,5983.36,52635.67,2019-04-09,2031-01-06,Active,0.0,337,Vehicle Purchase,High
4604,BKAILN12802144,1134,13654,11,100,1708942,11.55,28,69918.38,1604200.42,2022-08-28,2024-12-15,Active,1956066.67,623,Vehicle Purchase,High
4605,BKAILN96900286,3747,8281,11,29,4569025,9.82,76,80977.05,2043519.05,2021-10-19,2028-01-16,Active,7668846.58,375,Medical,High
4606,BKAILN59261995,9989,13156,3,32,6948970,10.7,77,125131.2,4736208.35,2019-09-14,2026-01-10,Active,11432950.51,512,Personal Expenses,High
4607,BKAILN69570111,7245,6528,3,1,3865005,11.26,51,95706.85,2375359.71,2022-11-19,2027-01-27,Active,5389467.28,470,Education,High
4608,BKAILN11235589,7070,8820,11,96,172556,10.51,24,8003.26,42902.93,2017-10-14,2019-10-04,Closed,305222.65,594,Agriculture,High
4609,BKAILN25159016,2160,6658,11,82,4063532,13.2,51,104531.51,1552533.77,2017-07-28,2021-10-05,Active,5094539.35,891,Working Capital,Low
4610,BKAILN85198092,2989,8323,7,2,186537,11.11,39,5720.23,122222.86,2021-05-17,2024-07-30,Active,0.0,523,Education,High
4611,BKAILN60850234,6987,18707,3,41,28242371,11.87,56,659268.22,12577102.58,2021-05-11,2025-12-16,Active,35028094.44,345,Vehicle Purchase,High
4612,BKAILN41117617,825,415,10,18,263166,7.81,62,5172.05,48585.27,2020-04-23,2025-05-27,Active,411632.38,455,Medical,High
4613,BKAILN92940081,8439,4641,5,70,1624812,9.73,27,67248.32,857542.74,2025-01-14,2027-04-04,Active,2744092.95,475,Personal Expenses,High
4614,BKAILN74915069,7768,19569,10,7,5543656,9.05,46,143074.08,2716713.81,2021-10-24,2025-08-04,Active,9946616.87,890,Agriculture,Low
4615,BKAILN91458731,2783,16386,5,56,3264462,10.71,25,146266.87,2745672.24,2024-03-18,2026-04-07,Active,4921652.87,835,Personal Expenses,Low
4616,BKAILN21400802,5176,4151,10,100,8627825,7.7,49,205766.88,1835299.09,2020-03-10,2024-03-19,Default,14352830.56,504,Agriculture,High
4617,BKAILN59518662,5026,10106,1,59,1099225,9.06,237,9977.28,228184.34,2019-07-23,2039-01-09,Active,1227372.69,379,Education,High
4618,BKAILN39895961,2754,16991,5,64,1499809,10.95,21,78805.13,1100245.18,2025-01-28,2026-10-20,Active,1803786.96,304,Home Purchase,High
4619,BKAILN60072772,951,19602,8,91,1306139,12.32,207,15250.59,406386.66,2016-12-22,2033-12-23,Active,1573820.61,436,Working Capital,High
4620,BKAILN22093239,7430,11761,12,37,170276,15.43,20,9709.72,78605.51,2023-12-28,2025-08-19,Active,0.0,337,Medical,High
4621,BKAILN66127131,1289,16937,3,35,1704839,8.95,81,28117.36,647469.69,2023-03-02,2029-10-26,Active,2100132.04,338,Agriculture,High
4622,BKAILN98741292,9697,9534,12,72,279867,14.72,10,29909.39,263894.21,2017-07-28,2018-05-24,Active,0.0,515,Personal Expenses,High
4623,BKAILN15326566,1844,17107,2,28,4704854,12.51,72,93233.35,1498510.7,2024-02-18,2030-01-17,Active,0.0,753,Personal Expenses,Low
4624,BKAILN21530165,8818,17392,5,15,906083,8.03,35,29124.05,480271.41,2017-03-28,2020-02-11,Closed,1166743.44,566,Working Capital,High
4625,BKAILN55727604,9965,18356,11,18,5696495,11.29,51,141142.78,1065728.77,2023-11-28,2028-02-05,Active,7866143.84,566,Vehicle Purchase,High
4626,BKAILN50413889,129,7308,2,8,1016091,13.24,72,20526.05,126397.18,2018-08-29,2024-07-28,Active,0.0,658,Working Capital,Medium
4627,BKAILN65554659,260,102,4,82,359312,9.98,108,5054.75,321645.06,2016-11-15,2025-09-29,Active,0.0,632,Vehicle Purchase,High
4628,BKAILN69826794,1418,1400,3,50,3519960,8.76,35,114329.31,2935766.14,2018-07-28,2021-06-12,Active,5014781.4,348,Home Purchase,High
4629,BKAILN43521997,5814,9988,2,29,418698,16.07,22,22098.96,415138.42,2023-02-19,2024-12-10,Active,0.0,463,Personal Expenses,High
4630,BKAILN23401081,2822,2648,12,51,158927,15.97,16,11093.67,71704.35,2023-12-17,2025-04-10,Active,0.0,619,Education,High
4631,BKAILN86792216,7007,1620,5,77,250671,8.94,35,8162.81,238691.29,2017-10-06,2020-08-21,Closed,419048.1,523,Agriculture,High
4632,BKAILN71703710,1143,1959,12,68,899004,10.83,20,49330.92,375673.8,2024-06-06,2026-01-27,Active,0.0,331,Agriculture,High
4633,BKAILN93935831,2538,2031,6,92,4771311,12.4,55,114161.13,3799618.08,2024-10-17,2029-04-24,Active,0.0,505,Medical,High
4634,BKAILN11954007,866,13660,11,34,3153921,10.99,41,92616.58,3023664.92,2021-12-03,2025-04-16,Active,3845491.95,845,Agriculture,Low
4635,BKAILN93460791,6558,8714,2,78,284288,17.64,52,7858.44,75757.03,2017-12-02,2022-03-11,Active,0.0,712,Agriculture,Medium
4636,BKAILN17270137,556,10494,4,40,352723,11.57,168,4248.29,155011.31,2020-10-11,2034-07-30,Active,0.0,497,Vehicle Purchase,High
4637,BKAILN55269180,5956,2700,3,21,2595316,11.15,63,54608.34,2355579.01,2024-06-27,2029-08-30,Active,4473886.23,458,Business Expansion,High
4638,BKAILN67452587,317,5518,8,17,491393,11.27,106,7340.0,321443.87,2020-08-21,2029-05-06,Active,548170.06,703,Medical,Medium
4639,BKAILN51889341,1587,15729,2,54,1992986,13.58,18,123004.19,217068.95,2018-01-18,2019-07-12,Active,0.0,513,Personal Expenses,High
4640,BKAILN46469057,2482,1420,2,85,1507340,12.0,75,28663.71,505838.76,2025-04-03,2031-06-01,Active,0.0,331,Agriculture,High
4641,BKAILN20193783,2436,4242,7,50,3755670,13.47,138,53655.23,1281661.16,2017-10-22,2029-02-21,Active,0.0,314,Business Expansion,High
4642,BKAILN15402205,9005,5313,6,19,2510519,12.71,53,62144.97,1711262.04,2025-05-11,2029-09-17,Active,0.0,655,Agriculture,Medium
4643,BKAILN95196174,270,16318,3,38,375531,11.1,82,6554.13,337081.67,2016-10-03,2023-06-29,Active,645576.51,601,Medical,High
4644,BKAILN86426271,1841,6445,5,27,1008420,10.66,19,57914.58,380589.0,2022-05-28,2023-12-19,Active,1736978.48,443,Personal Expenses,High
4645,BKAILN15076504,6365,8454,7,28,16942248,14.21,64,379077.69,13890438.25,2020-11-23,2026-02-25,Closed,0.0,812,Working Capital,Low
4646,BKAILN53346548,8332,8020,6,2,4126665,16.18,29,172873.01,2332188.96,2024-03-29,2026-08-16,Active,0.0,330,Agriculture,High
4647,BKAILN55347620,3866,15332,10,59,1287800,7.09,96,17615.23,1239365.33,2022-11-23,2030-10-12,Active,1515111.47,849,Medical,Low
4648,BKAILN35937165,2779,8711,6,87,31146353,15.17,100,550473.65,28454093.95,2018-03-01,2026-05-18,Active,0.0,549,Medical,High
4649,BKAILN93104683,329,5264,4,42,9413985,11.91,107,143212.72,2789133.97,2022-10-10,2031-07-25,Closed,0.0,829,Personal Expenses,Low
4650,BKAILN96190532,6663,15821,12,71,1492662,11.04,35,50075.79,564717.64,2017-01-18,2019-12-04,Active,0.0,673,Agriculture,Medium
4651,BKAILN80793233,3339,13798,9,8,442631,12.19,37,14411.65,395422.05,2016-11-26,2019-12-11,Active,716167.38,405,Medical,High
4652,BKAILN46629419,1463,9120,12,23,1872926,13.48,31,71881.21,755014.55,2017-07-13,2020-01-29,Closed,0.0,642,Agriculture,High
4653,BKAILN79082947,1054,8758,2,92,3278829,17.79,52,90894.91,829926.02,2019-04-12,2023-07-20,Active,0.0,663,Home Purchase,Medium
4654,BKAILN50942877,5198,16517,2,89,4785264,15.53,15,353036.92,2816094.81,2018-01-02,2019-03-28,Active,0.0,729,Home Purchase,Medium
4655,BKAILN49150336,4469,11707,11,41,1827300,12.49,30,71227.56,989857.42,2019-01-04,2021-06-22,Active,2193197.53,494,Education,High
4656,BKAILN26249767,1407,12566,5,3,1947632,9.48,23,92938.78,427886.85,2019-11-28,2021-10-18,Active,2207768.38,344,Education,High
4657,BKAILN87717450,7635,13166,7,32,3922227,12.35,161,49979.27,1016207.55,2018-12-14,2032-03-05,Active,0.0,435,Working Capital,High
4658,BKAILN61281587,7285,3020,6,12,458190,16.83,96,8714.8,291782.51,2017-10-29,2025-09-17,Active,0.0,692,Working Capital,Medium
4659,BKAILN73931965,9583,6585,4,85,8336931,9.84,58,181198.5,5713540.97,2019-01-23,2023-10-29,Active,0.0,849,Personal Expenses,Low
4660,BKAILN79811906,6215,4676,6,3,1452212,15.24,43,44037.89,428392.61,2024-05-24,2027-12-05,Active,0.0,634,Medical,High
4661,BKAILN43032988,3477,8965,9,11,1896957,12.07,28,78073.71,278135.86,2018-05-21,2020-09-07,Active,2863935.46,653,Medical,Medium
4662,BKAILN10823497,6509,8708,7,59,413387,11.15,116,5837.73,189811.27,2019-01-27,2028-08-07,Active,0.0,459,Working Capital,High
4663,BKAILN47261843,7872,16658,6,58,299439,15.96,40,9701.5,161803.51,2021-06-01,2024-09-13,Active,0.0,344,Education,High
4664,BKAILN30339298,6772,11389,4,28,1483334,10.42,69,28667.5,625955.41,2019-09-08,2025-05-09,Active,0.0,559,Home Purchase,High
4665,BKAILN47280369,8610,18518,10,80,8678429,7.94,72,151906.86,4169483.9,2024-06-03,2030-05-03,Active,12112722.08,589,Working Capital,High
4666,BKAILN40609463,5626,3475,2,1,536419,15.43,67,11992.47,229238.16,2023-03-21,2028-09-20,Active,0.0,848,Personal Expenses,Low
4667,BKAILN12609750,517,15011,1,82,5205381,10.03,304,47272.59,1763584.4,2017-10-23,2042-10-12,Active,9202702.99,527,Business Expansion,High
4668,BKAILN91750560,4849,7898,6,68,1892185,12.08,47,50730.07,531194.17,2022-09-30,2026-08-10,Active,0.0,360,Home Purchase,High
4669,BKAILN66853012,7199,8733,9,44,7493803,13.92,57,180423.57,5639745.56,2023-07-21,2028-03-26,Active,8336631.03,465,Agriculture,High
4670,BKAILN77386029,2128,1013,2,21,1883925,16.68,84,38151.93,1097229.64,2022-03-15,2029-02-06,Active,0.0,767,Education,Low
4671,BKAILN48533879,8582,2037,6,30,443724,17.83,111,8185.33,120018.8,2021-12-26,2031-02-07,Active,0.0,851,Working Capital,Low
4672,BKAILN98133528,4731,9960,2,14,631603,13.08,26,28028.31,170945.9,2023-10-21,2025-12-09,Active,0.0,315,Home Purchase,High
4673,BKAILN59337509,8780,9082,8,69,1554715,9.25,79,26349.96,660413.97,2022-09-26,2029-03-23,Active,2796159.34,709,Working Capital,Medium
4674,BKAILN62364252,7937,6945,5,59,38563585,10.31,29,1507988.86,28394246.86,2022-11-28,2025-04-16,Active,67272798.48,822,Education,Low
4675,BKAILN74511927,2618,6072,2,47,255556,15.8,73,5469.95,95333.63,2020-10-12,2026-10-11,Active,0.0,385,Vehicle Purchase,High
4676,BKAILN11328917,1788,1837,6,22,546728,14.87,77,11059.23,543370.6,2019-02-09,2025-06-07,Active,0.0,395,Home Purchase,High
4677,BKAILN43170318,5002,13,1,28,4443333,9.75,339,38585.49,4241679.42,2019-02-20,2046-12-25,Active,6632449.16,870,Agriculture,Low
4678,BKAILN17380428,6103,17868,11,98,4236080,9.5,66,82652.49,2277396.57,2018-10-31,2024-04-02,Active,5221607.08,621,Education,High
4679,BKAILN48991914,2960,4878,11,42,4811055,9.67,40,141180.31,3136868.26,2023-03-06,2026-06-18,Active,7851476.07,782,Medical,Low
4680,BKAILN19200451,9727,7157,1,71,718710,8.95,284,6099.66,227059.36,2023-04-18,2046-08-15,Active,836153.06,337,Education,High
4681,BKAILN53967930,6359,4517,3,76,1220397,10.04,35,40367.26,332938.64,2022-04-11,2025-02-24,Active,1426301.77,802,Education,Low
4682,BKAILN50119013,8431,17221,4,26,7156585,9.93,77,126047.8,5803294.04,2017-08-01,2023-11-28,Active,0.0,343,Medical,High
4683,BKAILN67980701,9734,12859,5,47,275775,9.47,32,9785.66,141170.01,2020-03-17,2022-11-02,Active,314538.73,858,Agriculture,Low
4684,BKAILN70867269,1802,8266,6,19,3551416,17.49,18,225738.4,2793218.16,2022-02-25,2023-08-19,Active,0.0,782,Home Purchase,Low
4685,BKAILN88034506,9389,4894,6,20,680019,13.15,54,16751.13,227707.69,2017-07-18,2021-12-24,Active,0.0,802,Home Purchase,Low
4686,BKAILN91819107,9814,2807,12,87,9545297,15.83,33,358638.3,9102358.69,2019-10-25,2022-07-11,Active,0.0,631,Education,High
4687,BKAILN67773071,2442,13419,2,36,25251971,16.36,71,557381.44,8471448.53,2022-11-10,2028-09-09,Active,0.0,837,Business Expansion,Low
4688,BKAILN14590942,215,16346,12,69,1857785,12.88,16,126987.41,207353.68,2021-09-19,2023-01-12,Active,0.0,634,Business Expansion,High
4689,BKAILN12756067,559,16579,2,17,61361,15.73,44,1844.06,59115.02,2022-02-15,2025-09-27,Active,0.0,775,Medical,Low
4690,BKAILN68437586,2751,3069,8,73,3573454,12.3,232,40422.14,496422.59,2021-08-09,2040-08-29,Active,5050701.88,768,Medical,Low
4691,BKAILN85870334,7259,2010,12,57,439950,13.76,12,39452.18,244756.44,2021-02-05,2022-01-31,Active,0.0,560,Education,High
4692,BKAILN33887632,8793,14951,6,41,7119105,14.38,27,310185.13,6307823.69,2025-03-22,2027-06-10,Active,0.0,592,Agriculture,High
4693,BKAILN27823686,6792,2479,8,45,723182,9.7,237,6864.15,673575.95,2025-06-23,2044-12-10,Active,887779.3,393,Working Capital,High
4694,BKAILN51890982,5575,6885,7,99,980918,12.81,33,35423.96,150179.51,2024-11-08,2027-07-26,Active,0.0,495,Business Expansion,High
4695,BKAILN85780561,1473,6501,11,50,34293655,11.4,70,672966.75,6410735.96,2019-11-19,2025-08-19,Active,46391463.47,788,Personal Expenses,Low
4696,BKAILN99876156,8935,4377,11,34,19757470,13.41,65,429227.57,8913169.55,2024-11-01,2030-03-05,Active,25057413.8,691,Personal Expenses,Medium
4697,BKAILN16694836,8828,9555,11,28,371459,12.88,35,12787.33,285674.85,2021-10-30,2024-09-14,Active,620083.14,635,Education,High
4698,BKAILN44809742,5731,10180,2,60,698681,16.96,27,31307.93,562683.52,2017-02-12,2019-05-03,Active,0.0,396,Working Capital,High
4699,BKAILN47061706,4785,7054,5,95,2645275,10.74,12,233473.1,2195990.91,2018-03-02,2019-02-25,Active,3453108.43,444,Education,High
4700,BKAILN17064228,8858,2708,1,52,2460669,10.48,251,24220.83,2103152.0,2025-03-03,2045-10-14,Active,3712119.58,576,Personal Expenses,High
4701,BKAILN52591562,3577,9459,3,81,162149,9.54,72,2966.47,83936.49,2025-01-04,2030-12-04,Active,236591.76,364,Agriculture,High
4702,BKAILN52834934,6716,6403,8,63,7413725,12.11,211,85037.64,3536454.31,2022-02-13,2039-06-14,Active,10461281.47,676,Home Purchase,Medium
4703,BKAILN22958759,2865,19243,2,74,426689,14.4,24,20567.29,156630.52,2023-05-20,2025-05-09,Active,0.0,728,Education,Medium
4704,BKAILN27685988,3302,15315,11,68,1312204,13.14,38,42398.83,682441.04,2018-11-05,2021-12-19,Active,1816895.01,594,Working Capital,High
4705,BKAILN37973578,5126,655,1,14,561675,9.27,264,4993.78,155789.0,2023-09-30,2045-06-06,Active,925473.84,549,Education,High
4706,BKAILN30279582,2279,2744,10,22,2487992,7.02,18,146030.38,486570.14,2022-05-12,2023-11-03,Active,4410452.15,818,Working Capital,Low
4707,BKAILN90686309,3712,11206,2,51,500576,11.28,82,8783.86,224810.61,2024-12-13,2031-09-08,Active,0.0,681,Vehicle Purchase,Medium
4708,BKAILN21766311,7922,10058,1,34,7938130,8.3,305,62546.91,3597031.43,2019-04-27,2044-05-15,Active,10968267.57,459,Home Purchase,High
4709,BKAILN87784149,7256,13075,8,30,2725592,9.88,231,26414.87,920106.32,2018-07-25,2037-07-15,Active,4154473.26,859,Agriculture,Low
4710,BKAILN26914543,5703,1714,1,97,2345699,8.36,221,20833.58,290488.77,2020-04-17,2038-06-12,Active,4045592.36,656,Medical,Medium
4711,BKAILN50851839,5143,12704,6,60,45283005,13.08,93,777139.28,13598856.24,2021-10-11,2029-06-01,Active,0.0,583,Working Capital,High
4712,BKAILN52769518,144,17578,11,84,4327279,11.81,83,76539.4,1602904.69,2018-04-29,2025-02-21,Default,6940861.81,503,Business Expansion,High
4713,BKAILN59398240,2843,809,2,44,186238,11.45,71,3623.17,149711.27,2017-02-22,2022-12-23,Active,0.0,842,Agriculture,Low
4714,BKAILN37730200,8698,4849,1,48,1697775,9.0,267,14737.8,585896.46,2016-11-22,2038-10-28,Active,2312907.18,703,Home Purchase,Medium
4715,BKAILN12886385,2133,1292,3,70,2385023,11.26,52,58172.6,713398.19,2024-06-14,2028-09-21,Active,3564551.35,419,Vehicle Purchase,High
4716,BKAILN18633868,10000,690,1,69,2974916,8.64,256,25479.83,410579.96,2025-04-20,2046-04-30,Active,4663026.37,555,Education,High
4717,BKAILN80192983,6379,1583,6,24,146593,14.67,30,5866.61,74566.37,2024-11-27,2027-05-16,Active,0.0,599,Agriculture,High
4718,BKAILN42617458,2818,16399,4,48,98640,10.4,154,1162.73,48732.72,2018-09-07,2031-05-02,Active,0.0,752,Personal Expenses,Low
4719,BKAILN90740288,8650,4110,8,57,1665891,11.06,181,18956.2,1398725.95,2017-02-01,2031-12-15,Active,2443542.2,388,Home Purchase,High
4720,BKAILN24034929,7554,16429,7,94,316978,11.36,123,4373.11,265463.56,2023-07-04,2033-08-10,Active,0.0,614,Home Purchase,High
4721,BKAILN49792650,1995,19848,5,46,1571937,8.51,23,74311.89,899856.38,2019-02-09,2020-12-30,Active,2706189.77,458,Business Expansion,High
4722,BKAILN58268051,7957,14027,11,98,1414560,10.95,28,57477.37,1168402.85,2023-07-14,2025-10-31,Active,2539126.9,440,Working Capital,High
4723,BKAILN40711177,2594,3369,2,70,1732462,12.47,58,39920.77,1100511.62,2024-11-12,2029-08-18,Active,0.0,653,Medical,Medium
4724,BKAILN45294322,8912,6840,2,30,2195972,17.04,58,55822.98,1733644.83,2021-03-27,2025-12-31,Active,0.0,677,Home Purchase,Medium
4725,BKAILN93751173,7640,10753,7,86,6454882,12.25,166,80876.88,5631563.55,2019-09-30,2033-05-19,Active,0.0,736,Personal Expenses,Medium
4726,BKAILN24502982,4040,18470,2,30,2525169,16.75,69,57242.52,1049368.92,2017-08-28,2023-04-29,Active,0.0,685,Personal Expenses,Medium
4727,BKAILN67592365,595,6346,5,2,7492141,10.0,24,345724.29,6448573.33,2019-06-15,2021-06-04,Default,11557305.36,309,Vehicle Purchase,High
4728,BKAILN73567329,9867,6326,4,38,1079908,11.52,83,18934.87,418902.55,2020-09-12,2027-07-08,Active,0.0,822,Vehicle Purchase,Low
4729,BKAILN40727436,3114,1692,9,98,180063,11.27,59,3989.1,20673.41,2020-03-06,2025-01-09,Active,263823.71,329,Vehicle Purchase,High
4730,BKAILN73592555,7227,13749,2,35,2236886,11.34,31,83580.21,560171.95,2019-08-03,2022-02-18,Active,0.0,382,Agriculture,High
4731,BKAILN18409742,8657,4983,8,54,310793,9.07,147,3509.14,180186.87,2024-10-25,2036-11-21,Closed,533729.32,337,Agriculture,High
4732,BKAILN88175885,888,10089,3,21,4530406,8.95,31,164229.12,2410375.75,2019-03-31,2021-10-16,Active,4998231.69,341,Agriculture,High
4733,BKAILN14472310,7844,19394,12,88,1976474,14.33,19,116889.28,1326761.85,2025-02-06,2026-08-30,Active,0.0,571,Education,High
4734,BKAILN13484821,7740,13548,11,34,14200799,10.9,62,300574.06,9637512.72,2018-06-30,2023-08-03,Closed,18868894.52,433,Medical,High
4735,BKAILN70947938,7872,10029,6,40,2512883,14.97,31,98240.97,341817.55,2020-03-26,2022-10-12,Active,0.0,650,Agriculture,Medium
4736,BKAILN74404164,1299,13971,7,82,4364482,10.34,85,72636.9,3659421.7,2019-09-14,2026-09-07,Active,0.0,575,Medical,High
4737,BKAILN81784246,1049,8463,7,86,47122645,14.8,37,1593903.21,40480327.16,2017-12-19,2021-01-02,Active,0.0,709,Working Capital,Medium
4738,BKAILN75115794,3107,7448,6,59,382867,15.61,23,19367.85,43917.84,2017-12-09,2019-10-30,Active,0.0,396,Business Expansion,High
4739,BKAILN54203117,7331,1175,2,12,378072,15.28,79,7617.67,213329.48,2019-08-27,2026-02-21,Active,0.0,647,Business Expansion,High
4740,BKAILN28415823,5918,7767,7,58,9809078,9.98,168,108586.65,7101779.94,2021-08-09,2035-05-28,Active,0.0,632,Vehicle Purchase,High
4741,BKAILN83717296,198,19186,3,75,9910960,8.84,69,183739.07,6874066.55,2018-03-13,2023-11-12,Active,17559271.21,303,Education,High
4742,BKAILN35376183,190,16537,11,31,7801673,12.15,32,286648.82,6208345.7,2019-01-03,2021-08-20,Active,12098472.6,736,Personal Expenses,Medium
4743,BKAILN20548965,556,5845,8,50,1636190,9.48,146,18925.06,1032365.25,2018-05-31,2030-05-28,Active,2079106.82,900,Agriculture,Low
4744,BKAILN32859401,2553,7901,5,83,1041183,9.78,17,65835.67,376226.87,2021-12-04,2023-04-28,Active,1284190.69,859,Home Purchase,Low
4745,BKAILN80622391,2363,14026,10,64,9750538,7.36,16,641664.71,9648360.06,2020-01-23,2021-05-17,Active,12809127.63,517,Education,High
4746,BKAILN41009268,1786,10054,8,56,1289314,10.23,192,13670.16,208442.78,2016-12-13,2032-09-20,Active,2174099.57,424,Education,High
4747,BKAILN97752090,6146,4916,10,68,1814820,9.49,40,53102.0,974357.68,2019-11-06,2023-02-18,Active,2281068.78,554,Vehicle Purchase,High
4748,BKAILN64847951,8942,17235,11,4,721820,12.69,58,16713.2,539453.58,2019-07-31,2024-05-05,Active,906888.13,844,Personal Expenses,Low
4749,BKAILN97728343,633,793,5,98,14989171,8.94,9,1728115.88,7428786.8,2017-03-13,2017-12-08,Active,17378502.7,319,Home Purchase,High
4750,BKAILN27296463,4577,10023,4,71,1882066,9.86,58,40924.05,1085839.16,2023-07-26,2028-04-30,Active,0.0,527,Medical,High
4751,BKAILN83063611,3009,16518,7,10,1911591,14.52,21,103629.21,1394541.81,2018-04-13,2020-01-03,Active,0.0,667,Agriculture,Medium
4752,BKAILN25208000,7938,4296,11,88,851265,9.9,79,14708.59,245735.96,2024-03-11,2030-09-06,Active,1268682.99,428,Agriculture,High
4753,BKAILN35966874,3240,4386,1,17,1630073,9.23,217,15471.83,585212.09,2018-12-07,2036-10-03,Active,2069662.66,762,Education,Low
4754,BKAILN27108295,8236,16031,5,96,66156,10.94,23,3201.48,47025.81,2019-10-14,2021-09-03,Closed,90581.57,516,Vehicle Purchase,High
4755,BKAILN57380161,673,18325,12,81,201848,11.97,30,7818.37,168328.56,2024-11-18,2027-05-07,Active,0.0,305,Vehicle Purchase,High
4756,BKAILN33158769,5620,5308,6,55,5103721,11.4,118,72116.79,2274181.92,2018-03-10,2027-11-18,Active,0.0,881,Working Capital,Low
4757,BKAILN29164778,1112,7134,2,55,6140384,13.25,44,176942.62,3109474.86,2019-10-25,2023-06-06,Active,0.0,356,Business Expansion,High
4758,BKAILN96488672,4745,10757,4,13,856895,10.91,169,9945.03,636544.33,2019-11-04,2033-09-21,Closed,0.0,586,Education,High
4759,BKAILN49010115,4729,4161,3,98,1882923,10.27,65,37889.25,1790299.39,2025-06-02,2030-10-04,Active,3295470.07,713,Personal Expenses,Medium
4760,BKAILN77157052,5183,3832,1,12,3554491,9.36,146,40869.52,637053.84,2022-09-26,2034-09-23,Active,5271393.23,897,Agriculture,Low
4761,BKAILN28818953,5791,14747,12,35,23389595,14.57,33,864464.48,16122749.51,2024-05-14,2027-01-29,Default,0.0,686,Vehicle Purchase,Medium
4762,BKAILN45803354,3804,8340,7,17,1310245,11.71,138,17320.57,905603.25,2021-12-27,2033-04-28,Active,0.0,882,Education,Low
4763,BKAILN11133661,4853,13864,11,48,1264346,10.78,24,58799.38,1171011.14,2019-02-05,2021-01-25,Active,1789352.13,682,Education,Medium
4764,BKAILN74415447,4742,18379,6,4,4355492,13.1,31,166370.1,446762.53,2020-10-11,2023-04-29,Active,0.0,883,Personal Expenses,Low
4765,BKAILN62963056,1473,2790,10,7,3885922,8.27,117,48491.86,514098.41,2023-09-04,2033-04-14,Active,5688141.2,765,Personal Expenses,Low
4766,BKAILN83832748,9487,18010,7,46,135737,14.85,21,7379.56,94071.4,2017-08-15,2019-05-07,Active,0.0,378,Personal Expenses,High
4767,BKAILN56285932,1978,11299,10,14,831848,9.69,96,12486.56,206395.62,2019-06-30,2027-05-19,Active,1052111.66,665,Medical,Medium
4768,BKAILN27223752,8073,9098,5,56,602478,9.21,20,32610.26,62376.94,2018-01-21,2019-09-13,Active,701497.95,796,Business Expansion,Low
4769,BKAILN55771354,7477,19904,2,83,491262,11.17,67,9887.81,167414.67,2019-10-15,2025-04-16,Closed,0.0,679,Medical,Medium
4770,BKAILN67878566,1427,10871,9,79,540466,9.96,21,28150.93,530996.08,2018-12-20,2020-09-10,Active,699063.51,570,Business Expansion,High
4771,BKAILN19368961,3112,16526,5,57,4752129,8.96,35,154791.65,509507.37,2017-03-19,2020-02-02,Active,5851494.06,400,Home Purchase,High
4772,BKAILN26475826,7838,15639,10,57,51445,7.57,93,732.91,21127.63,2017-08-17,2025-04-07,Active,89450.56,801,Business Expansion,Low
4773,BKAILN46161545,7452,15504,7,18,665533,11.6,85,11517.92,641025.41,2023-04-22,2030-04-15,Active,0.0,668,Home Purchase,Medium
4774,BKAILN36977215,8130,10348,9,3,1537984,13.27,60,35206.8,301561.62,2020-09-09,2025-08-14,Active,2468336.4,875,Business Expansion,Low
4775,BKAILN63415922,1108,1416,11,47,7004462,9.68,34,236379.35,3255604.39,2017-06-24,2020-04-09,Default,12547515.79,787,Personal Expenses,Low
4776,BKAILN52842529,2820,14126,3,85,1223229,9.37,81,20434.34,733872.58,2020-02-04,2026-09-30,Active,1931225.1,421,Vehicle Purchase,High
4777,BKAILN90409658,1838,13228,9,52,375580,11.23,57,8532.1,280625.16,2020-01-25,2024-09-30,Closed,611772.94,758,Business Expansion,Low
4778,BKAILN25125056,4184,5216,5,63,58920,8.9,17,3701.79,32935.4,2018-05-22,2019-10-14,Active,91320.75,879,Working Capital,Low
4779,BKAILN71576560,3023,768,9,34,1761371,12.04,35,59926.68,1035428.34,2017-11-19,2020-10-04,Active,2929027.37,522,Medical,High
4780,BKAILN62956020,8065,429,10,68,749859,9.08,33,25763.33,659745.15,2018-12-02,2021-08-18,Active,830844.7,320,Agriculture,High
4781,BKAILN53225263,2510,18291,3,77,116818,9.62,56,2597.41,30890.48,2019-01-08,2023-08-15,Active,146373.96,833,Working Capital,Low
4782,BKAILN58310156,7414,16096,8,30,423914,9.09,96,6230.24,176894.46,2023-08-15,2031-07-04,Active,734688.49,377,Personal Expenses,High
4783,BKAILN80660553,4605,7858,6,79,3865577,12.68,63,84342.86,1154063.54,2025-01-08,2030-03-13,Active,0.0,419,Education,High
4784,BKAILN11376744,840,6362,3,4,393372,11.36,56,9082.64,195579.26,2021-09-25,2026-05-02,Active,563769.0,512,Agriculture,High
4785,BKAILN70856093,5199,17570,5,95,9600183,8.75,16,637874.94,8268273.81,2020-01-23,2021-05-17,Active,14062145.42,859,Medical,Low
4786,BKAILN10854364,8756,6851,2,90,1797091,17.99,43,57002.85,567252.09,2019-12-26,2023-07-08,Active,0.0,458,Business Expansion,High
4787,BKAILN89650516,8277,4220,12,8,1555652,12.76,11,150604.71,1517090.42,2024-07-11,2025-06-06,Active,0.0,315,Business Expansion,High
4788,BKAILN96118115,1019,3380,7,48,2723819,10.02,60,57899.91,2301290.34,2017-03-30,2022-03-04,Active,0.0,789,Agriculture,Low
4789,BKAILN92472583,8610,1520,8,27,8630997,9.38,166,93001.84,2149410.18,2025-05-25,2039-01-12,Active,14542573.04,730,Personal Expenses,Medium
4790,BKAILN71278047,4617,2204,12,21,345166,15.46,12,31229.07,213865.59,2025-04-09,2026-04-04,Active,0.0,508,Medical,High
4791,BKAILN81573732,2866,4271,12,89,1877273,14.02,27,81472.69,1821478.07,2017-01-26,2019-04-16,Active,0.0,347,Vehicle Purchase,High
4792,BKAILN78450554,8693,5788,8,36,456131,11.3,236,4823.33,321776.83,2019-01-17,2038-06-06,Active,772620.62,586,Medical,High
4793,BKAILN24679860,4434,15853,11,29,2616974,12.79,46,72268.78,410247.16,2017-11-06,2021-08-17,Active,4060864.55,318,Education,High
4794,BKAILN72244725,4645,17696,8,76,4392269,9.61,104,62393.78,541121.23,2018-08-10,2027-02-24,Active,5155297.02,376,Education,High
4795,BKAILN59976744,2675,8155,3,46,37521778,8.81,50,899300.45,24919394.36,2022-10-29,2026-12-07,Active,56939302.91,365,Education,High
4796,BKAILN58696539,1147,15175,11,34,14704176,13.38,27,633689.7,11581550.05,2017-06-24,2019-09-12,Active,19966231.11,408,Education,High
4797,BKAILN94910225,7066,10998,4,84,1402661,11.18,77,25606.26,969815.78,2019-08-10,2025-12-06,Active,0.0,598,Medical,High
4798,BKAILN56885069,618,12877,6,5,2197002,11.13,61,47323.09,1792267.27,2020-06-23,2025-06-27,Active,0.0,715,Personal Expenses,Medium
4799,BKAILN88938301,2012,19926,6,34,6694990,17.14,76,144960.46,5592130.22,2024-01-08,2030-04-06,Default,0.0,477,Working Capital,High
4800,BKAILN42843397,6782,7223,12,5,1860010,13.41,18,114649.26,1019245.56,2016-10-30,2018-04-23,Active,0.0,478,Medical,High
4801,BKAILN95995569,1319,17988,8,60,433041,11.5,230,4670.8,371635.63,2019-11-03,2038-09-24,Active,740016.83,348,Business Expansion,High
4802,BKAILN45427872,2099,14762,7,36,356939,14.34,179,4843.05,158362.96,2021-09-06,2036-05-20,Active,0.0,468,Personal Expenses,High
4803,BKAILN84776573,6858,14461,9,96,382212,13.56,23,18964.04,341177.12,2021-08-28,2023-07-19,Active,527398.32,612,Vehicle Purchase,High
4804,BKAILN78848148,7823,428,4,8,984775,10.15,160,11253.91,933482.81,2018-10-18,2031-12-09,Active,0.0,812,Working Capital,Low
4805,BKAILN45177097,4775,2264,2,99,139705,17.44,83,2908.53,128628.25,2021-11-06,2028-08-31,Active,0.0,541,Home Purchase,High
4806,BKAILN92072430,3097,15028,3,1,167344,9.32,28,6673.05,156871.36,2019-01-26,2021-05-15,Active,201505.42,840,Personal Expenses,Low
4807,BKAILN32846056,8894,10578,3,21,4368865,11.78,39,135373.31,3982743.21,2024-12-01,2028-02-14,Active,4842985.07,508,Vehicle Purchase,High
4808,BKAILN46084630,9700,16779,1,65,42428188,8.34,334,327253.42,24404182.21,2017-03-06,2044-08-11,Active,47970558.24,710,Vehicle Purchase,Medium
4809,BKAILN12916320,4396,10332,8,6,9965273,11.42,215,109069.35,5154466.59,2023-07-17,2041-03-14,Active,15048691.86,895,Education,Low
4810,BKAILN38703640,9449,17231,1,25,1407288,10.13,353,12524.05,923996.08,2017-11-15,2046-11-13,Active,1706834.02,639,Personal Expenses,High
4811,BKAILN56194456,6823,9585,5,26,609782,8.95,20,32932.94,397422.43,2017-01-20,2018-09-12,Active,1060870.12,849,Home Purchase,Low
4812,BKAILN70295995,9973,1622,7,50,975186,13.84,96,16851.77,771609.36,2016-12-20,2024-11-08,Active,0.0,481,Working Capital,High
4813,BKAILN65947420,3004,12053,5,24,188169,9.01,13,15246.68,58331.47,2023-12-25,2025-01-18,Active,257190.12,373,Business Expansion,High
4814,BKAILN47612891,2386,1945,10,46,903429,9.01,39,26808.0,102574.0,2016-11-03,2020-01-17,Active,1218673.31,451,Personal Expenses,High
4815,BKAILN73794561,6288,7488,4,85,4705280,10.57,154,55939.58,980653.17,2022-09-18,2035-05-13,Active,0.0,861,Working Capital,Low
4816,BKAILN66178408,9585,11790,5,14,5073614,10.15,6,870811.39,4023335.45,2020-08-19,2021-02-15,Active,7566499.18,870,Home Purchase,Low
4817,BKAILN17289517,139,1237,6,28,1512768,14.42,103,25682.77,1490381.94,2023-06-12,2031-11-27,Active,0.0,360,Business Expansion,High
4818,BKAILN81112794,7882,16768,2,14,76502,10.96,18,4628.37,21234.71,2025-06-17,2026-12-09,Active,0.0,856,Vehicle Purchase,Low
4819,BKAILN28723806,9743,11636,2,87,5463353,13.99,32,205534.08,1412635.79,2021-01-31,2023-09-18,Closed,0.0,588,Working Capital,High
4820,BKAILN16881423,5891,17992,4,85,4437496,10.54,36,144313.17,4329525.97,2023-09-21,2026-09-05,Active,0.0,479,Education,High
4821,BKAILN38779982,2975,8703,12,20,1960792,13.62,21,105466.57,1590890.77,2022-08-25,2024-05-16,Default,0.0,714,Agriculture,Medium
4822,BKAILN11952669,1746,9566,7,29,145091,9.82,136,1772.36,123871.25,2025-03-27,2036-05-28,Active,0.0,323,Business Expansion,High
4823,BKAILN11478225,2631,8948,1,14,4531263,10.42,231,45524.92,3101366.41,2020-05-09,2039-04-30,Closed,5791467.03,550,Medical,High
4824,BKAILN20039438,5834,3964,6,71,475791,11.22,102,7257.45,197424.95,2016-10-25,2025-03-12,Active,0.0,590,Business Expansion,High
4825,BKAILN86121597,9425,306,4,42,1936795,12.25,88,33460.27,680620.04,2018-02-14,2025-05-08,Active,0.0,546,Business Expansion,High
4826,BKAILN80037427,1677,13887,12,17,1537005,12.57,34,53966.81,1050612.57,2022-02-11,2024-11-27,Active,0.0,401,Education,High
4827,BKAILN72161704,3263,18808,7,41,2597957,10.13,62,53992.92,536848.28,2018-01-23,2023-02-26,Active,0.0,386,Education,High
4828,BKAILN34446469,7268,679,10,2,3405251,8.08,51,79111.18,1064988.14,2021-03-05,2025-05-13,Active,4079807.62,867,Agriculture,Low
4829,BKAILN73343537,6861,1246,12,82,1661155,15.73,10,178325.62,1325409.63,2016-10-08,2017-08-04,Active,0.0,604,Personal Expenses,High
4830,BKAILN91173444,8531,11236,10,100,1680365,8.53,86,26183.41,498044.99,2022-03-27,2029-04-19,Active,2081305.06,865,Home Purchase,Low
4831,BKAILN25173074,5364,7237,5,78,33792743,9.71,18,2024984.12,30192932.98,2021-11-23,2023-05-17,Active,37866062.65,553,Medical,High
4832,BKAILN55462726,1245,14748,2,35,944800,17.84,36,34081.0,378464.34,2019-10-29,2022-10-13,Active,0.0,795,Business Expansion,Low
4833,BKAILN67374323,6021,9883,10,24,2329488,9.47,92,35710.42,452040.86,2022-09-28,2030-04-19,Active,3154988.56,485,Agriculture,High
4834,BKAILN82263045,1878,603,12,63,7209966,12.86,32,267342.11,1504699.86,2024-05-07,2026-12-23,Active,0.0,300,Working Capital,High
4835,BKAILN94954775,8812,584,3,25,490902,9.9,64,9903.57,208669.74,2019-07-22,2024-10-23,Active,578149.21,350,Business Expansion,High
4836,BKAILN24028994,3371,3636,6,12,41222567,13.07,23,2035832.13,13316002.62,2024-10-27,2026-09-17,Closed,0.0,772,Vehicle Purchase,Low
4837,BKAILN68263144,3438,4979,11,72,413368,10.03,84,6868.81,406013.0,2021-03-07,2028-01-30,Active,720176.44,309,Personal Expenses,High
4838,BKAILN53514460,9698,18619,10,14,1236816,8.57,20,66582.55,192047.71,2017-03-18,2018-11-08,Active,1855803.94,647,Vehicle Purchase,High
4839,BKAILN44400797,4569,7256,3,98,623429,10.29,44,17069.43,120816.69,2018-05-08,2021-12-18,Active,771818.23,700,Education,Medium
4840,BKAILN80698230,2603,6645,4,41,2026828,8.56,30,75287.36,1386868.37,2016-10-19,2019-04-07,Active,0.0,344,Agriculture,High
4841,BKAILN76501815,6682,17755,9,33,318571,11.91,59,7159.84,148242.25,2018-11-10,2023-09-15,Closed,504077.14,721,Vehicle Purchase,Medium
4842,BKAILN77064400,8890,19142,5,40,4496795,8.2,30,166291.56,1047850.4,2021-03-20,2023-09-06,Active,5400239.71,413,Agriculture,High
4843,BKAILN57214192,9969,10204,12,90,57590,10.52,10,6040.31,23093.46,2024-03-25,2025-01-19,Active,0.0,439,Medical,High
4844,BKAILN47669026,2488,6471,10,51,798580,9.09,25,35183.7,726989.41,2025-05-09,2027-05-29,Active,926365.24,567,Education,High
4845,BKAILN90267489,5297,10826,6,40,143967,13.91,42,4349.08,108889.16,2022-09-14,2026-02-25,Active,0.0,353,Medical,High
4846,BKAILN64952812,6098,12994,5,88,1570750,8.69,18,93389.98,935075.61,2022-05-14,2023-11-05,Active,1964135.06,701,Home Purchase,Medium
4847,BKAILN61600829,1316,7677,12,35,580943,10.66,26,25122.22,275172.15,2021-10-14,2023-12-03,Active,0.0,760,Education,Low
4848,BKAILN11539723,5683,2648,4,95,1066547,9.27,94,16001.92,271832.47,2022-01-18,2029-10-08,Active,0.0,436,Working Capital,High
4849,BKAILN96138580,1474,19574,5,51,348462,10.39,15,24872.28,114935.55,2019-08-01,2020-10-24,Active,461003.42,721,Medical,Medium
4850,BKAILN57678673,5923,11713,3,77,2597733,10.81,71,49686.34,1374715.44,2020-04-03,2026-02-01,Active,3719355.7,304,Vehicle Purchase,High
4851,BKAILN97577369,2852,1549,11,78,954010,11.57,30,36772.87,144720.06,2023-02-01,2025-07-20,Active,1350370.27,814,Personal Expenses,Low
4852,BKAILN29725540,6644,18528,11,46,4150049,11.12,28,168957.06,3749847.74,2025-07-01,2027-10-19,Active,4762042.99,483,Home Purchase,High
4853,BKAILN75274748,1674,4752,7,72,8106023,10.43,89,131179.61,1083303.1,2023-04-01,2030-07-23,Active,0.0,645,Medical,High
4854,BKAILN85606194,4828,16233,4,34,315264,12.43,97,5167.35,258555.01,2020-08-06,2028-07-25,Active,0.0,615,Education,High
4855,BKAILN49498335,5235,15015,2,51,187640,12.57,55,4505.6,117986.79,2016-09-26,2021-04-03,Active,0.0,331,Education,High
4856,BKAILN93806621,924,11524,10,29,1967520,8.28,57,41867.08,401646.5,2023-10-02,2028-06-07,Active,3356830.27,672,Vehicle Purchase,Medium
4857,BKAILN93338395,823,15716,4,1,1779501,11.58,46,48087.39,1211107.7,2016-08-04,2020-05-15,Active,0.0,669,Personal Expenses,Medium
4858,BKAILN87908135,3280,6895,5,12,1002330,8.19,34,33132.95,801373.19,2024-03-19,2027-01-03,Active,1649514.89,307,Medical,High
4859,BKAILN41062015,9560,2196,11,87,2276467,11.83,67,46585.87,998723.85,2021-02-05,2026-08-08,Active,3651914.15,698,Home Purchase,Medium
4860,BKAILN26638536,4457,2099,1,79,4000153,9.56,248,37044.88,2528486.67,2019-09-06,2040-01-19,Active,6564422.79,663,Medical,Medium
4861,BKAILN75035517,5951,12961,5,65,3895277,10.7,22,195777.62,1486109.65,2020-01-17,2021-11-07,Active,5282687.38,318,Home Purchase,High
4862,BKAILN58705599,9444,14568,5,87,2223695,10.33,21,116203.49,602694.28,2018-06-09,2020-02-29,Active,3677061.18,845,Business Expansion,Low
4863,BKAILN62242022,6167,19324,10,50,17892392,9.66,23,855286.12,13730533.49,2024-11-19,2026-10-10,Active,26957472.45,600,Vehicle Purchase,High
4864,BKAILN99505543,4053,12252,11,17,1903465,11.4,76,35279.48,1211233.79,2021-02-10,2027-05-10,Active,2792954.04,531,Working Capital,High
4865,BKAILN27998440,1784,9345,12,93,4650775,15.65,14,365603.07,1436472.77,2021-10-19,2022-12-13,Closed,0.0,616,Medical,High
4866,BKAILN13281599,3248,13029,2,85,5959775,15.66,65,136571.93,4743238.26,2018-12-06,2024-04-08,Closed,0.0,560,Vehicle Purchase,High
4867,BKAILN31204182,2006,596,1,3,9245504,8.56,258,78494.2,6238268.91,2019-03-29,2040-06-06,Active,11543487.66,688,Working Capital,Medium
4868,BKAILN64776369,2321,7007,9,91,117911,12.26,42,3466.78,30178.26,2018-01-18,2021-07-01,Active,178272.88,499,Business Expansion,High
4869,BKAILN54659694,6457,17775,11,88,258734,11.35,69,5122.61,255829.69,2024-01-22,2029-09-22,Active,340523.51,377,Home Purchase,High
4870,BKAILN26157348,8456,17086,8,74,1693129,9.54,233,15986.6,593126.61,2018-08-16,2037-10-05,Active,2802727.05,356,Agriculture,High
4871,BKAILN64996674,635,1021,7,22,1979090,10.5,159,23097.82,1363876.77,2019-10-27,2032-11-17,Active,0.0,676,Education,Medium
4872,BKAILN25772379,7783,12742,10,8,7504161,8.03,102,101748.73,3091504.12,2023-05-09,2031-09-24,Active,10224370.29,576,Personal Expenses,High
4873,BKAILN60495863,4010,9322,7,63,177380,12.12,167,2202.81,153042.9,2018-12-06,2032-08-24,Active,0.0,615,Vehicle Purchase,High
4874,BKAILN21789731,2900,18139,2,4,2822285,13.1,50,73545.25,594588.63,2017-06-11,2021-07-20,Default,0.0,337,Business Expansion,High
4875,BKAILN17602882,5688,12612,5,41,805276,8.6,24,36641.21,323737.12,2024-09-26,2026-09-16,Active,1224927.09,469,Personal Expenses,High
4876,BKAILN71393950,70,16807,2,31,34967621,15.03,65,789521.87,5188928.92,2018-03-03,2023-07-05,Closed,0.0,696,Home Purchase,Medium
4877,BKAILN69368264,2473,6463,7,44,915760,12.6,129,12992.23,599661.43,2017-10-18,2028-05-23,Default,0.0,381,Business Expansion,High
4878,BKAILN38206697,9474,15439,6,58,1407886,17.25,24,69778.31,172263.96,2017-08-07,2019-07-28,Active,0.0,483,Vehicle Purchase,High
4879,BKAILN42519062,2923,16515,4,79,236095,8.77,98,3382.4,226745.24,2019-10-02,2027-10-20,Default,0.0,816,Personal Expenses,Low
4880,BKAILN11860151,9153,2957,11,53,3944186,12.64,31,149796.05,3270754.87,2019-05-20,2021-12-05,Active,4657976.03,847,Home Purchase,Low
4881,BKAILN23225402,4361,7788,12,71,338661,15.15,24,16444.68,125173.97,2024-04-02,2026-03-23,Active,0.0,795,Home Purchase,Low
4882,BKAILN88316413,899,1988,2,59,227745,16.38,23,11604.4,148347.12,2021-09-08,2023-07-30,Active,0.0,734,Working Capital,Medium
4883,BKAILN17986826,1823,14565,4,64,1531062,8.57,133,17869.78,718511.06,2019-09-15,2030-08-18,Active,0.0,503,Agriculture,High
4884,BKAILN92950407,6828,18022,1,22,1806115,9.63,184,18817.68,1155575.6,2020-03-26,2035-05-07,Active,2940821.9,711,Home Purchase,Medium
4885,BKAILN15605425,3887,7360,12,44,3287259,12.92,10,348504.59,1973338.16,2021-04-25,2022-02-19,Active,0.0,523,Medical,High
4886,BKAILN20796788,108,13754,8,67,67702,10.34,70,1292.04,59933.31,2019-04-10,2025-01-08,Active,87749.74,749,Personal Expenses,Medium
4887,BKAILN14073475,4741,11579,4,74,3878639,11.61,143,50192.78,3633746.75,2024-11-06,2036-08-05,Active,0.0,423,Business Expansion,High
4888,BKAILN25351934,1357,689,4,98,55269,8.62,66,1054.49,53707.05,2023-04-04,2028-09-04,Active,0.0,812,Education,Low
4889,BKAILN61947527,1842,5318,8,64,389245,11.68,144,5037.28,150408.99,2018-09-21,2030-07-20,Active,621989.2,548,Working Capital,High
4890,BKAILN78388598,5438,14677,9,49,807333,11.11,46,21632.38,184401.35,2023-10-15,2027-07-26,Closed,1407453.4,307,Education,High
4891,BKAILN29163065,5087,17476,11,85,4416197,12.98,48,118431.67,1435238.94,2016-09-25,2020-09-04,Active,7153747.25,302,Working Capital,High
4892,BKAILN56968250,7857,4659,6,75,1319871,16.48,34,48846.82,597485.62,2025-01-19,2027-11-05,Active,0.0,511,Education,High
4893,BKAILN41129238,1812,13184,1,80,99013,10.04,198,1025.39,25659.33,2024-06-02,2040-09-06,Active,114706.57,590,Home Purchase,High
4894,BKAILN32662280,2373,3484,1,97,188945,10.01,253,1795.63,125893.22,2023-08-28,2044-06-08,Active,321868.6,364,Vehicle Purchase,High
4895,BKAILN86554745,8290,509,8,90,1466477,11.69,120,20777.72,1316216.01,2017-09-17,2027-07-27,Active,2395196.17,718,Working Capital,Medium
4896,BKAILN50855822,1288,10379,1,97,245857,9.52,175,2603.61,83733.83,2017-09-09,2032-01-24,Active,409350.46,408,Working Capital,High
4897,BKAILN13275919,4886,9520,3,94,3692426,11.55,27,155948.53,2250297.17,2018-11-06,2021-01-24,Closed,5106779.08,413,Agriculture,High
4898,BKAILN77163014,1654,19764,11,40,107200,12.3,76,2037.41,44226.9,2025-05-10,2031-08-07,Active,123856.84,725,Working Capital,Medium
4899,BKAILN52381395,5981,101,8,45,1958560,11.81,125,27302.19,1099455.27,2017-01-21,2027-04-29,Active,2794662.08,896,Education,Low
4900,BKAILN92875405,3198,9483,5,53,1520616,8.21,6,259539.22,1290439.64,2016-09-02,2017-03-01,Active,2273102.61,476,Personal Expenses,High
4901,BKAILN67915266,3393,9855,3,67,2938741,9.94,84,48695.52,1893562.57,2017-06-21,2024-05-15,Active,3884174.47,491,Working Capital,High
4902,BKAILN82715095,6498,12409,11,11,1934504,9.53,33,66869.22,1384523.01,2021-04-04,2023-12-20,Active,3177842.07,461,Education,High
4903,BKAILN25453259,173,4968,9,30,586856,10.97,13,48084.09,584923.86,2022-01-26,2023-02-20,Active,735500.59,589,Home Purchase,High
4904,BKAILN84124796,6715,16872,2,39,731173,16.37,37,25298.1,235703.27,2022-10-15,2025-10-29,Active,0.0,851,Agriculture,Low
4905,BKAILN34544774,2758,2683,7,77,4148045,12.42,135,57171.23,4133428.01,2019-02-01,2030-03-05,Active,0.0,388,Medical,High
4906,BKAILN44163666,4216,12477,12,97,260102,15.97,27,11530.88,81626.7,2016-12-28,2019-03-18,Active,0.0,610,Vehicle Purchase,High
4907,BKAILN40778193,2803,13430,3,100,3720737,10.86,69,72736.93,521999.3,2018-05-11,2024-01-10,Closed,5030333.35,338,Business Expansion,High
4908,BKAILN45115986,6566,7500,6,69,2138500,11.66,83,37654.64,746998.29,2022-01-28,2028-11-22,Active,0.0,738,Education,Medium
4909,BKAILN96172214,3594,10685,3,65,84406,10.43,26,3641.03,77965.48,2018-04-01,2020-05-20,Active,112854.24,805,Vehicle Purchase,Low
4910,BKAILN31292588,1682,10973,2,25,318083,13.73,25,14701.81,150146.53,2025-06-26,2027-07-16,Active,0.0,879,Home Purchase,Low
4911,BKAILN92413923,8803,18609,11,8,3747290,13.14,44,107779.81,3550189.92,2018-06-20,2022-01-30,Active,4446425.0,756,Medical,Low
4912,BKAILN22039836,7527,755,1,79,360567,10.23,345,3247.47,264092.74,2023-02-03,2051-06-06,Active,570831.04,439,Vehicle Purchase,High
4913,BKAILN25731564,6363,18589,5,13,646775,9.77,34,21853.87,172072.26,2024-10-25,2027-08-11,Active,981245.09,746,Working Capital,Medium
4914,BKAILN34847248,5314,17330,4,80,41453652,10.16,43,1154181.1,18234126.86,2018-11-25,2022-06-07,Active,0.0,306,Education,High
4915,BKAILN19509607,990,11284,8,95,2663088,11.82,180,31653.79,2548458.01,2017-07-04,2032-04-16,Active,4128730.39,847,Vehicle Purchase,Low
4916,BKAILN65715144,7507,12413,2,91,43583704,13.57,82,818282.97,18930814.81,2021-07-07,2028-04-01,Active,0.0,624,Personal Expenses,High
4917,BKAILN37833814,4728,682,10,82,2515022,8.98,12,219919.06,1600936.32,2021-03-26,2022-03-21,Default,2931469.89,666,Working Capital,Medium
4918,BKAILN67341941,9346,333,3,7,4609486,11.24,32,167379.59,4384838.92,2019-02-09,2021-09-26,Default,6509691.64,828,Education,Low
4919,BKAILN48928627,9267,15767,9,6,524744,13.13,19,30738.57,355926.63,2017-07-20,2019-02-10,Active,676712.75,342,Medical,High
4920,BKAILN39841917,202,15476,5,65,711476,8.28,13,57408.68,623533.13,2018-05-09,2019-06-03,Active,809646.29,851,Home Purchase,Low
4921,BKAILN30273444,2104,6447,9,73,7429825,10.31,28,299679.48,1540752.3,2025-03-24,2027-07-12,Active,9196289.36,345,Medical,High
4922,BKAILN75261541,2627,15299,11,71,5686566,10.89,27,238418.5,3434881.31,2016-12-04,2019-02-22,Active,10095143.59,557,Business Expansion,High
4923,BKAILN61011016,789,12630,10,56,4686365,8.17,95,67153.21,1827009.36,2024-07-18,2032-05-07,Active,8236448.41,880,Agriculture,Low
4924,BKAILN53886549,4851,19425,7,59,2877765,10.96,35,96434.38,859150.59,2019-03-15,2022-01-28,Active,0.0,839,Working Capital,Low
4925,BKAILN68268223,3799,1932,8,10,1157865,11.09,70,22537.83,606812.6,2018-12-13,2024-09-12,Active,1466716.39,353,Education,High
4926,BKAILN34115491,8742,10891,12,80,1205917,11.04,7,178671.59,1083520.26,2022-10-09,2023-05-07,Active,0.0,538,Agriculture,High
4927,BKAILN39086877,8441,4912,9,98,2316913,10.53,28,93688.92,952902.03,2021-03-13,2023-07-01,Active,3057244.88,396,Agriculture,High
4928,BKAILN16365429,5432,4925,3,5,4143027,10.75,36,135147.42,3677854.4,2017-06-07,2020-05-22,Active,7239981.41,695,Vehicle Purchase,Medium
4929,BKAILN77503491,6574,18901,9,37,4842884,11.95,32,177478.19,2688341.88,2016-07-05,2019-02-20,Active,6595499.97,663,Vehicle Purchase,Medium
4930,BKAILN62648337,6871,3242,9,47,4227125,13.41,41,129082.11,2198837.18,2018-05-20,2021-10-01,Active,4667407.64,808,Home Purchase,Low
4931,BKAILN11122410,1040,13802,11,26,11828793,13.3,51,304880.7,5583438.12,2023-02-03,2027-04-13,Active,13578463.76,489,Agriculture,High
4932,BKAILN33051807,2128,16779,10,78,1853850,7.32,63,35530.27,822578.2,2021-07-05,2026-09-07,Active,2389654.53,403,Medical,High
4933,BKAILN63135849,7557,7619,6,52,3026890,16.71,116,52756.64,1871915.69,2016-07-07,2026-01-16,Active,0.0,482,Education,High
4934,BKAILN82766760,462,9540,6,42,5764561,17.29,114,103275.71,3933359.9,2022-07-22,2031-12-02,Active,0.0,323,Home Purchase,High
4935,BKAILN39512871,5651,18497,1,42,3881907,8.63,276,32400.8,1912260.29,2020-02-11,2042-10-13,Active,4508644.64,411,Vehicle Purchase,High
4936,BKAILN75650693,2803,9963,7,11,4133164,14.04,38,135357.03,2095131.46,2023-11-21,2027-01-04,Active,0.0,455,Personal Expenses,High
4937,BKAILN63291122,1138,7928,9,46,942779,13.29,27,40589.75,620942.92,2018-02-21,2020-05-11,Active,1567440.69,761,Education,Low
4938,BKAILN33106440,8748,1504,1,71,4602197,9.82,159,51851.07,4398384.83,2020-05-18,2033-06-09,Active,5151275.24,389,Working Capital,High
4939,BKAILN22323588,9231,16734,12,74,3136069,10.91,11,300883.79,1011138.3,2019-05-01,2020-03-26,Active,0.0,417,Medical,High
4940,BKAILN63199218,5035,6825,6,18,122512,13.12,59,2828.66,14904.51,2021-03-03,2026-01-06,Active,0.0,649,Home Purchase,High
4941,BKAILN43218293,6767,5579,1,20,521464,9.4,276,4621.17,286345.1,2023-07-02,2046-03-03,Active,692634.23,741,Education,Medium
4942,BKAILN30647624,1000,18734,3,34,178089,9.82,46,4661.42,68476.9,2023-04-23,2027-02-01,Active,229026.09,571,Vehicle Purchase,High
4943,BKAILN35062571,7339,6298,5,99,828194,8.83,19,46867.12,455153.85,2017-04-09,2018-10-31,Active,1418617.33,779,Medical,Low
4944,BKAILN99134807,9686,7275,11,70,135195,12.91,84,2452.85,130379.71,2016-10-27,2023-09-21,Active,237832.79,463,Vehicle Purchase,High
4945,BKAILN54861270,2005,10400,4,47,451591,10.62,111,6405.31,449229.99,2023-12-24,2033-02-04,Active,0.0,740,Personal Expenses,Medium
4946,BKAILN75056868,6846,10807,4,83,2203343,11.46,136,29005.17,1527454.73,2020-04-03,2031-06-05,Active,0.0,870,Personal Expenses,Low
4947,BKAILN90307604,2241,10846,4,2,1271696,9.11,131,15355.89,919814.72,2023-12-24,2034-09-27,Active,0.0,397,Working Capital,High
4948,BKAILN47536830,5788,12131,9,84,958635,13.22,54,23648.27,491481.11,2024-10-09,2029-03-17,Active,1086839.71,451,Education,High
4949,BKAILN31669961,9025,6291,7,58,29157473,14.36,77,581656.44,7597253.19,2023-05-18,2029-09-13,Active,0.0,434,Business Expansion,High
4950,BKAILN11617872,4480,11643,4,28,891142,8.53,150,9679.89,96621.7,2022-04-08,2034-08-03,Active,0.0,325,Vehicle Purchase,High
4951,BKAILN42523286,3235,8598,7,60,480128,13.97,59,11295.42,257212.97,2023-10-13,2028-08-17,Active,0.0,582,Home Purchase,High
4952,BKAILN95631192,9054,4930,5,44,26082405,10.59,23,1257976.38,25959051.68,2020-01-08,2021-11-28,Active,45300261.66,449,Vehicle Purchase,High
4953,BKAILN43590950,1743,7794,9,4,1540574,10.8,22,77500.93,918435.04,2018-10-29,2020-08-19,Active,2162258.01,891,Personal Expenses,Low
4954,BKAILN45420602,4532,12672,2,87,1204177,10.9,30,46037.19,237556.98,2016-12-04,2019-05-23,Active,0.0,488,Working Capital,High
4955,BKAILN96850386,2320,9166,7,94,402065,14.35,110,6590.53,50363.33,2018-01-20,2027-02-02,Active,0.0,736,Medical,Medium
4956,BKAILN93855290,4891,2450,12,99,3930827,10.86,19,226114.58,3310595.85,2021-10-06,2023-04-29,Active,0.0,616,Vehicle Purchase,High
4957,BKAILN46470860,4848,2699,3,43,1719070,10.17,67,33733.75,741492.71,2025-01-19,2030-07-22,Active,2947044.14,659,Vehicle Purchase,Medium
4958,BKAILN98878887,9211,19583,5,57,2726099,9.79,16,182436.35,437591.55,2021-10-23,2023-02-15,Closed,4038004.47,681,Business Expansion,Medium
4959,BKAILN66643266,9916,18490,2,16,511520,13.35,52,13008.2,440529.34,2024-10-23,2029-01-30,Active,0.0,751,Personal Expenses,Low
4960,BKAILN60584424,8157,16852,5,19,9231615,9.66,36,296406.8,1287617.5,2019-01-13,2021-12-28,Active,14444637.92,458,Home Purchase,High
4961,BKAILN71373341,5259,5593,12,22,9192453,15.27,30,370536.46,9009714.31,2020-06-17,2022-12-04,Active,0.0,602,Business Expansion,High
4962,BKAILN28205180,566,8929,6,27,4673090,13.36,52,118862.45,2958105.22,2023-12-08,2028-03-16,Active,0.0,623,Agriculture,High
4963,BKAILN62409138,8509,11879,1,66,4073385,8.9,333,33031.16,3980048.19,2023-06-14,2050-10-20,Active,7160778.78,613,Working Capital,High
4964,BKAILN93220487,2673,18643,8,87,536365,10.44,67,10597.84,487872.29,2016-12-15,2022-06-17,Default,767033.21,501,Business Expansion,High
4965,BKAILN88549544,3198,11825,10,67,8469887,7.76,56,180766.47,7904432.17,2018-12-29,2023-08-05,Active,13481687.61,847,Medical,Low
4966,BKAILN46990787,2064,3953,1,12,786917,9.25,328,6597.36,360877.66,2023-12-24,2050-12-02,Active,943498.82,585,Medical,High
4967,BKAILN12969973,1092,7852,9,90,1445056,10.77,36,47152.04,545712.05,2017-05-27,2020-05-11,Active,1957215.4,753,Education,Low
4968,BKAILN98661405,7070,4233,4,5,549245,9.8,105,7810.4,405200.79,2017-05-30,2026-01-13,Active,0.0,353,Home Purchase,High
4969,BKAILN15908133,4784,19582,3,84,19671837,8.76,65,381185.93,18659925.06,2019-10-14,2025-02-14,Active,28606278.08,720,Education,Medium
4970,BKAILN21414365,8026,4578,11,67,375999,10.15,26,16170.73,207471.96,2019-06-05,2021-07-24,Active,502040.72,704,Education,Medium
4971,BKAILN43727402,746,5975,8,58,3567534,9.14,156,39161.93,1935389.39,2018-12-29,2031-10-22,Active,4937659.41,304,Medical,High
4972,BKAILN38352528,5972,3676,1,99,4807268,10.03,122,63001.84,1961240.88,2023-11-10,2033-11-17,Active,6165960.34,308,Medical,High
4973,BKAILN99550935,9504,2315,5,11,1095155,10.24,21,57183.98,1014913.95,2018-11-16,2020-08-07,Active,1680640.75,695,Business Expansion,Medium
4974,BKAILN78842093,8895,4445,7,77,1301032,13.32,78,25016.66,910754.02,2022-12-31,2029-05-28,Default,0.0,382,Personal Expenses,High
4975,BKAILN67192123,3653,11252,7,57,4179611,12.49,50,107646.44,1899768.17,2024-07-14,2028-08-22,Active,0.0,486,Vehicle Purchase,High
4976,BKAILN36446166,3266,3939,12,34,33225738,13.56,15,2420537.22,6684316.36,2016-09-10,2017-12-04,Active,0.0,848,Vehicle Purchase,Low
4977,BKAILN75038942,4847,3061,8,98,1585451,9.62,120,20619.66,632392.41,2021-11-05,2031-09-14,Active,2053288.28,473,Medical,High
4978,BKAILN97089036,2455,12612,3,87,437514,11.98,76,8241.6,231366.04,2017-02-15,2023-05-15,Active,738506.37,567,Medical,High
4979,BKAILN91705627,5154,16828,7,1,151567,13.07,118,2288.1,59541.55,2019-06-21,2029-02-28,Active,0.0,449,Business Expansion,High
4980,BKAILN20363133,1439,15606,3,63,853135,8.83,38,25817.8,522742.54,2016-11-09,2019-12-24,Active,1179958.91,460,Home Purchase,High
4981,BKAILN60542425,8183,710,1,22,4363185,8.63,148,47998.75,1919606.67,2024-11-21,2037-01-17,Active,7247915.63,425,Vehicle Purchase,High
4982,BKAILN99853361,2181,11489,10,87,8920568,7.56,92,128058.59,900620.34,2022-05-30,2029-12-19,Active,9935421.66,770,Business Expansion,Low
4983,BKAILN93270859,1486,7987,1,48,2911067,9.57,358,24650.63,1004841.67,2019-10-09,2049-03-05,Closed,4237094.88,451,Vehicle Purchase,High
4984,BKAILN72426117,5642,14169,2,9,318946,15.63,27,14087.43,87514.21,2018-09-16,2020-12-04,Active,0.0,384,Medical,High
4985,BKAILN83832846,988,17907,2,71,8025710,11.35,60,175902.52,1347230.99,2017-11-03,2022-10-08,Active,0.0,769,Working Capital,Low
4986,BKAILN70508243,3808,18805,8,28,114948,10.38,127,1495.04,39005.08,2020-09-17,2031-02-22,Closed,178550.32,514,Home Purchase,High
4987,BKAILN73706294,7868,18535,12,97,3170847,12.1,28,130548.37,1540056.96,2019-04-09,2021-07-27,Active,0.0,554,Working Capital,High
4988,BKAILN99507606,8429,18429,5,84,674088,8.47,31,24286.78,663829.34,2020-01-24,2022-08-11,Closed,787872.42,768,Personal Expenses,Low
4989,BKAILN38033358,6113,9285,12,66,287991,11.43,30,11081.83,81814.22,2018-06-25,2020-12-11,Default,0.0,475,Medical,High
4990,BKAILN88969976,5377,6469,7,1,1795396,11.82,93,29567.73,1732642.47,2023-02-22,2030-10-13,Active,0.0,520,Working Capital,High
4991,BKAILN14708370,5851,3058,6,70,947450,14.99,35,33583.53,919204.28,2017-07-27,2020-06-11,Active,0.0,381,Working Capital,High
4992,BKAILN77758886,7277,271,1,67,6375175,9.72,320,55865.47,4843450.52,2024-12-11,2051-03-25,Active,9596941.16,871,Working Capital,Low
4993,BKAILN12939838,9220,12955,1,4,4294903,8.34,132,49817.91,926353.3,2023-01-08,2033-11-11,Active,4818894.85,708,Personal Expenses,Medium
4994,BKAILN91009426,4082,9397,5,38,853581,9.69,18,51141.83,642186.77,2016-08-18,2018-02-09,Active,974978.06,781,Agriculture,Low
4995,BKAILN18325061,4434,8785,10,52,384854,8.13,12,33500.98,302742.43,2019-01-10,2020-01-05,Active,542592.21,816,Personal Expenses,Low
4996,BKAILN38243455,891,10118,10,74,2715549,9.67,89,42867.62,1885430.7,2017-06-13,2024-10-04,Active,3101364.12,797,Personal Expenses,Low
4997,BKAILN75313792,456,11312,9,14,219353,13.35,33,7978.2,42544.75,2024-05-26,2027-02-10,Active,251581.4,739,Business Expansion,Medium
4998,BKAILN56684724,6104,17448,1,34,3486265,9.32,182,35844.81,1510237.63,2020-09-18,2035-08-31,Active,4348333.03,790,Education,Low
4999,BKAILN25363020,8310,9650,11,52,465680,11.7,48,12194.66,262865.07,2016-09-28,2020-09-07,Active,791321.55,708,Working Capital,Medium
5000,BKAILN73032722,9948,4658,5,39,4313065,10.2,13,351848.9,4179248.48,2024-07-24,2025-08-18,Active,5103378.2,482,Education,High
